사고번호,사고일시,요일,시군구,사고내용,사망자수,중상자수,경상자수,부상신고자수,사고유형,법규위반,노면상태,기상상태,도로형태,가해운전자 차종,가해운전자 성별,가해운전자 연령,가해운전자 상해정도,피해운전자 차종,피해운전자 성별,피해운전자 연령,피해운전자 상해정도
2018011700100218,2018년 1월 17일 10시,수요일,부산광역시 부산진구 부전동,경상사고,0,0,1,0,차대사람 - 차도통행중,안전운전불이행,젖음/습기,비,단일로 - 기타,승용,남,48세,상해없음,보행자,여,74세,경상
2018011700100219,2018년 1월 17일 10시,수요일,부산광역시 부산진구 범천동,중상사고,0,1,1,0,차대차 - 측면충돌,신호위반,젖음/습기,비,단일로 - 기타,화물,남,55세,상해없음,이륜,남,73세,중상
2018011700100240,2018년 1월 17일 11시,수요일,부산광역시 금정구 서동,중상사고,0,1,0,0,차대사람 - 횡단중,안전운전불이행,젖음/습기,흐림,단일로 - 기타,화물,남,40세,상해없음,보행자,여,77세,중상
2018011700100241,2018년 1월 17일 11시,수요일,부산광역시 금정구 부곡동,중상사고,0,2,0,4,차대차 - 측면충돌,교차로운행방법위반,젖음/습기,비,교차로 - 교차로안,화물,여,43세,부상신고,화물,남,65세,중상
2018011700100267,2018년 1월 17일 12시,수요일,부산광역시 중구 신창동4가,경상사고,0,0,1,0,차대사람 - 기타,안전운전불이행,건조,맑음,단일로 - 기타,승용,남,64세,상해없음,보행자,여,66세,경상
2018011700100268,2018년 1월 17일 12시,수요일,부산광역시 북구 덕천동,경상사고,0,0,1,0,차대차 - 기타,과속,건조,맑음,단일로 - 기타,승용,남,66세,상해없음,승용,남,59세,기타불명
2018011700100270,2018년 1월 17일 12시,수요일,부산광역시 사하구 하단동,경상사고,0,0,1,0,차대차 - 기타,안전거리미확보,젖음/습기,비,단일로 - 기타,승용,남,27세,상해없음,이륜,남,25세,경상
2018011700100271,2018년 1월 17일 12시,수요일,부산광역시 사상구 괘법동,부상신고사고,0,0,0,1,차대사람 - 보도통행중,안전운전불이행,건조,맑음,단일로 - 기타,승용,남,50세,상해없음,보행자,여,28세,부상신고
2018011700100296,2018년 1월 17일 13시,수요일,부산광역시 동구 좌천동,중상사고,0,2,3,0,차대차 - 정면충돌,중앙선침범,젖음/습기,흐림,단일로 - 고가도로위,승용,남,68세,상해없음,승용,남,53세,경상
2018011700100297,2018년 1월 17일 13시,수요일,부산광역시 북구 만덕동,경상사고,0,0,3,0,차대차 - 기타,안전거리미확보,건조,맑음,교차로 - 교차로부근,화물,남,57세,경상,승용,여,55세,경상
2018011700100298,2018년 1월 17일 13시,수요일,부산광역시 금정구 노포동,경상사고,0,0,1,0,차대사람 - 횡단중,안전운전불이행,건조,맑음,단일로 - 기타,특수,남,48세,상해없음,보행자,남,88세,경상
2018011700100299,2018년 1월 17일 13시,수요일,부산광역시 사하구 신평동,경상사고,0,0,1,0,차대차 - 측면충돌,안전운전불이행,건조,맑음,단일로 - 지하차도(도로)내,승용,여,59세,경상,화물,남,53세,상해없음
2018011700100326,2018년 1월 17일 14시,수요일,부산광역시 사상구 삼락동,경상사고,0,0,1,0,차대차 - 측면충돌,안전운전불이행,건조,맑음,단일로 - 기타,승용,남,31세,상해없음,자전거,남,18세,경상
2018011700100380,2018년 1월 17일 16시,수요일,부산광역시 수영구 남천동,경상사고,0,0,1,0,차대사람 - 기타,안전운전불이행,건조,맑음,단일로 - 기타,승용,여,63세,상해없음,보행자,남,30세,경상
2018011700100381,2018년 1월 17일 16시,수요일,부산광역시 해운대구 재송동,경상사고,0,0,1,0,차대차 - 측면충돌,안전운전불이행,건조,맑음,단일로 - 기타,승용,여,62세,상해없음,승용,여,39세,경상
2018011700100382,2018년 1월 17일 16시,수요일,부산광역시 사하구 장림동,경상사고,0,0,1,0,차대사람 - 길가장자리구역통행중,안전운전불이행,건조,맑음,단일로 - 기타,승용,여,31세,상해없음,보행자,남,61세,경상
2018011700100413,2018년 1월 17일 17시,수요일,부산광역시 부산진구 부전동,경상사고,0,0,1,1,차대사람 - 횡단중,안전운전불이행,건조,맑음,단일로 - 기타,원동기,남,21세,부상신고,보행자,남,58세,경상
2018011700100455,2018년 1월 17일 18시,수요일,부산광역시 영도구 청학동,중상사고,0,1,0,0,차대차 - 기타,직진우회전진행방해,건조,맑음,교차로 - 교차로안,승용,남,56세,상해없음,이륜,남,44세,중상
2018011700100456,2018년 1월 17일 18시,수요일,부산광역시 기장군 정관읍,경상사고,0,0,1,1,차대차 - 측면충돌,신호위반,건조,맑음,교차로 - 교차로안,승용,여,26세,부상신고,승용,남,47세,경상
2018011700100504,2018년 1월 17일 19시,수요일,부산광역시 수영구 남천동,중상사고,0,2,0,0,차대차 - 기타,기타,건조,기타,기타 - 기타,승용,남,57세,상해없음,승용,남,53세,상해없음
2018011700100505,2018년 1월 17일 19시,수요일,부산광역시 부산진구 당감동,경상사고,0,0,3,0,차대차 - 측면충돌,신호위반,건조,맑음,단일로 - 기타,승용,여,38세,상해없음,승용,남,30세,경상
2018011700100536,2018년 1월 17일 20시,수요일,부산광역시 남구 문현동,경상사고,0,0,1,0,차대사람 - 횡단중,안전운전불이행,건조,맑음,단일로 - 기타,승용,남,71세,상해없음,보행자,여,54세,경상
2018011700100584,2018년 1월 17일 21시,수요일,부산광역시 동구 범일동,부상신고사고,0,0,0,2,차대차 - 추돌,안전운전불이행,건조,맑음,단일로 - 기타,승용,남,65세,상해없음,승용,남,29세,부상신고
2018011700100610,2018년 1월 17일 22시,수요일,부산광역시 남구 대연동,중상사고,0,1,0,0,차대사람 - 기타,보행자보호의무위반,건조,맑음,기타 - 기타,승용,여,51세,상해없음,보행자,여,67세,중상
2018011700100611,2018년 1월 17일 22시,수요일,부산광역시 사하구 다대동,경상사고,0,0,1,0,차대차 - 측면충돌,신호위반,건조,기타,교차로 - 교차로안,승합,남,64세,상해없음,승용,남,24세,경상
2018011700100612,2018년 1월 17일 22시,수요일,부산광역시 연제구 연산동,경상사고,0,0,1,0,차대차 - 추돌,안전운전불이행,건조,맑음,단일로 - 기타,승용,여,46세,상해없음,승용,남,62세,상해없음
2018011700100613,2018년 1월 17일 22시,수요일,부산광역시 사상구 엄궁동,사망사고,1,0,0,0,차대차 - 정면충돌,중앙선침범,젖음/습기,흐림,단일로 - 기타,이륜,남,52세,사망,승용,남,60세,상해없음
2018011800100005,2018년 1월 18일 00시,목요일,부산광역시 남구 용호동,부상신고사고,0,0,0,1,차대차 - 측면충돌,교차로운행방법위반,건조,맑음,교차로 - 교차로안,승용,남,43세,상해없음,승용,남,51세,부상신고
2018011800100006,2018년 1월 18일 00시,목요일,부산광역시 남구 문현동,경상사고,0,0,1,0,차대차 - 기타,불법유턴,건조,맑음,교차로 - 교차로안,승용,남,50세,상해없음,승용,남,68세,경상
2018011800100054,2018년 1월 18일 03시,목요일,부산광역시 동구 초량동,중상사고,0,1,0,0,차대차 - 측면충돌,안전거리미확보,건조,맑음,단일로 - 기타,승용,남,56세,상해없음,승용,남,29세,중상
2018011800100064,2018년 1월 18일 05시,목요일,부산광역시 부산진구 범전동,사망사고,1,0,0,0,차대사람 - 횡단중,과속,건조,맑음,단일로 - 기타,승용,남,59세,상해없음,보행자,남,80세,사망
2018011800100100,2018년 1월 18일 07시,목요일,부산광역시 부산진구 양정동,경상사고,0,0,1,0,차대차 - 추돌,안전운전불이행,건조,맑음,단일로 - 기타,승용,남,49세,상해없음,승용,여,47세,경상
2018011800100127,2018년 1월 18일 08시,목요일,부산광역시 북구 화명동,중상사고,0,1,0,0,차대차 - 측면충돌,신호위반,건조,맑음,교차로 - 교차로안,승용,남,50세,상해없음,승용,남,38세,중상
2018011800100153,2018년 1월 18일 09시,목요일,부산광역시 서구 암남동,경상사고,0,0,1,0,차대차 - 측면충돌,중앙선침범,건조,맑음,단일로 - 기타,승용,남,37세,상해없음,화물,남,43세,경상
2018011800100154,2018년 1월 18일 09시,목요일,부산광역시 동래구 온천동,경상사고,0,0,2,0,차대차 - 측면충돌,교차로운행방법위반,건조,맑음,교차로 - 교차로안,승합,남,68세,상해없음,승용,여,65세,경상
2018011800100155,2018년 1월 18일 09시,목요일,부산광역시 강서구 대저1동,중상사고,0,1,0,0,차대차 - 측면충돌,안전운전불이행,건조,맑음,단일로 - 기타,화물,남,63세,상해없음,이륜,남,21세,중상
2018011800100189,2018년 1월 18일 10시,목요일,부산광역시 북구 구포동,경상사고,0,0,1,0,차대사람 - 기타,안전운전불이행,건조,맑음,단일로 - 기타,승용,남,58세,상해없음,보행자,여,44세,경상
2018011800100217,2018년 1월 18일 11시,목요일,부산광역시 해운대구 재송동,중상사고,0,1,0,0,차대사람 - 기타,보행자보호의무위반,건조,맑음,교차로 - 교차로안,승용,남,44세,상해없음,보행자,남,8세,중상
2018011800100218,2018년 1월 18일 11시,목요일,부산광역시 사하구 괴정동,경상사고,0,0,3,0,차대차 - 측면충돌,안전거리미확보,건조,맑음,단일로 - 지하차도(도로)내,승합,남,57세,상해없음,승용,남,57세,경상
2018011800100242,2018년 1월 18일 12시,목요일,부산광역시 북구 구포동,경상사고,0,0,1,0,차대사람 - 기타,안전운전불이행,건조,맑음,단일로 - 기타,승용,남,63세,상해없음,보행자,여,68세,경상
2018011800100243,2018년 1월 18일 12시,목요일,부산광역시 부산진구 가야동,경상사고,0,0,1,0,차대사람 - 기타,안전운전불이행,건조,맑음,단일로 - 기타,화물,남,51세,상해없음,보행자,여,39세,경상
2018011800100252,2018년 1월 18일 13시,목요일,부산광역시 중구 중앙동3가,경상사고,0,0,3,0,차대차 - 측면충돌,교차로운행방법위반,건조,맑음,교차로 - 교차로안,승용,남,76세,상해없음,승용,남,53세,경상
2018011800100253,2018년 1월 18일 13시,목요일,부산광역시 중구 부평동3가,경상사고,0,0,1,0,차대차 - 기타,교차로운행방법위반,건조,맑음,단일로 - 기타,승용,남,66세,기타불명,이륜,남,65세,경상
2018011800100254,2018년 1월 18일 13시,목요일,부산광역시 사하구 감천동,경상사고,0,0,1,0,차대사람 - 기타,보행자보호의무위반,건조,맑음,기타 - 기타,건설기계,남,58세,상해없음,보행자,여,80세,경상
2018011800100283,2018년 1월 18일 14시,목요일,부산광역시 사하구 괴정동,부상신고사고,0,0,0,1,차대사람 - 보도통행중,안전운전불이행,건조,맑음,교차로 - 교차로부근,기타불명,기타불명,미분류,기타불명,보행자,여,13세,부상신고
2018011800100284,2018년 1월 18일 14시,목요일,부산광역시 사상구 감전동,경상사고,0,0,1,0,차대사람 - 길가장자리구역통행중,안전운전불이행,건조,맑음,단일로 - 지하차도(도로)내,승용,여,59세,상해없음,보행자,여,30세,경상
2018011800100306,2018년 1월 18일 15시,목요일,부산광역시 동래구 온천동,경상사고,0,0,1,0,차대사람 - 횡단중,안전운전불이행,건조,맑음,단일로 - 기타,승용,남,77세,상해없음,보행자,여,62세,경상
2018011800100307,2018년 1월 18일 15시,목요일,부산광역시 동래구 사직동,부상신고사고,0,0,0,1,차대차 - 측면충돌,안전운전불이행,건조,맑음,교차로 - 교차로안,화물,여,55세,상해없음,자전거,남,64세,부상신고
2018011800100308,2018년 1월 18일 15시,목요일,부산광역시 해운대구 반여동,경상사고,0,0,1,0,차대차 - 추돌,안전운전불이행,건조,맑음,단일로 - 기타,승용,남,27세,상해없음,승용,여,39세,경상
2018011800100309,2018년 1월 18일 15시,목요일,부산광역시 해운대구 좌동,경상사고,0,0,1,0,차대차 - 측면충돌,안전거리미확보,건조,맑음,단일로 - 기타,승용,여,60세,상해없음,화물,남,45세,경상
2018011800100332,2018년 1월 18일 16시,목요일,부산광역시 서구 동대신동1가,경상사고,0,0,1,0,차대차 - 추돌,안전거리미확보,건조,맑음,단일로 - 기타,이륜,남,57세,경상,승용,남,55세,상해없음
2018011800100359,2018년 1월 18일 17시,목요일,부산광역시 부산진구 범천동,중상사고,0,1,1,0,차대차 - 추돌,안전운전불이행,건조,맑음,단일로 - 고가도로위,특수,남,68세,상해없음,승용,여,40세,경상
2018011800100360,2018년 1월 18일 17시,목요일,부산광역시 기장군 장안읍,중상사고,0,1,1,0,차대차 - 추돌,안전운전불이행,건조,맑음,기타 - 기타,승용,남,39세,상해없음,승용,여,49세,중상
2018011800100391,2018년 1월 18일 18시,목요일,부산광역시 동구 범일동,경상사고,0,0,1,0,차대사람 - 기타,보행자보호의무위반,건조,맑음,교차로 - 교차로안,승용,여,48세,상해없음,보행자,여,51세,경상
2018011800100392,2018년 1월 18일 18시,목요일,부산광역시 금정구 금사동,중상사고,0,1,0,0,차대사람 - 횡단중,안전운전불이행,건조,맑음,단일로 - 기타,화물,남,73세,상해없음,보행자,남,27세,중상
2018011800100393,2018년 1월 18일 18시,목요일,부산광역시 금정구 장전동,경상사고,0,0,1,0,차대사람 - 횡단중,보행자보호의무위반,건조,맑음,교차로 - 교차로횡단보도내,승용,남,35세,상해없음,보행자,여,26세,경상
2018011800100394,2018년 1월 18일 18시,목요일,부산광역시 사하구 신평동,중상사고,0,1,0,0,차대차 - 추돌,안전운전불이행,건조,맑음,교차로 - 교차로부근,승용,남,59세,상해없음,승용,여,69세,중상
2018011800100395,2018년 1월 18일 18시,목요일,부산광역시 연제구 거제동,경상사고,0,0,1,0,차대차 - 측면충돌,신호위반,건조,맑음,교차로 - 교차로안,승용,여,29세,상해없음,승용,남,32세,경상
2018011800100441,2018년 1월 18일 19시,목요일,부산광역시 기장군 정관읍,중상사고,0,1,0,0,차량단독 - 공작물충돌,안전운전불이행,건조,맑음,단일로 - 기타,승용,남,37세,중상,,,,
2018011800100469,2018년 1월 18일 20시,목요일,부산광역시 기장군 기장읍,경상사고,0,0,2,0,차대차 - 측면충돌,안전거리미확보,건조,맑음,단일로 - 기타,승용,남,58세,경상,승합,남,62세,경상
2018011800100485,2018년 1월 18일 21시,목요일,부산광역시 동래구 명장동,경상사고,0,0,1,0,차대차 - 후진중충돌,안전운전불이행,건조,맑음,교차로 - 교차로안,승용,남,27세,상해없음,승용,남,24세,경상
2018011800100486,2018년 1월 18일 21시,목요일,부산광역시 해운대구 반여동,부상신고사고,0,0,0,1,차량단독 - 기타,안전운전불이행,기타,맑음,단일로 - 기타,승합,남,46세,상해없음,,,,
2018011800100487,2018년 1월 18일 21시,목요일,부산광역시 강서구 대저1동,중상사고,0,1,0,0,차대사람 - 기타,안전운전불이행,건조,맑음,단일로 - 기타,승용,여,50세,상해없음,보행자,여,52세,중상
2018011800100509,2018년 1월 18일 22시,목요일,부산광역시 사상구 괘법동,경상사고,0,0,1,0,차대사람 - 횡단중,안전운전불이행,건조,맑음,단일로 - 기타,승용,남,66세,기타불명,보행자,여,34세,경상
2018011900100009,2018년 1월 19일 00시,금요일,부산광역시 부산진구 부전동,경상사고,0,0,1,0,차대차 - 측면충돌,안전운전불이행,건조,맑음,교차로 - 교차로부근,승용,남,20세,상해없음,승용,남,58세,경상
2018011900100031,2018년 1월 19일 01시,금요일,부산광역시 사하구 장림동,경상사고,0,0,1,0,차대차 - 측면충돌,신호위반,건조,맑음,교차로 - 교차로안,승용,남,66세,상해없음,화물,남,61세,상해없음
2018011900100097,2018년 1월 19일 07시,금요일,부산광역시 동래구 명장동,중상사고,0,1,0,0,차대사람 - 기타,안전운전불이행,건조,맑음,교차로 - 교차로부근,기타불명,기타불명,미분류,기타불명,보행자,남,66세,중상
2018011900100098,2018년 1월 19일 07시,금요일,부산광역시 사상구 괘법동,경상사고,0,0,1,0,차대차 - 측면충돌,안전운전불이행,건조,맑음,교차로 - 교차로안,승용,남,52세,상해없음,승합,남,55세,상해없음
2018011900100139,2018년 1월 19일 09시,금요일,부산광역시 수영구 남천동,경상사고,0,0,2,1,차대차 - 측면충돌,안전거리미확보,건조,맑음,단일로 - 기타,승용,여,38세,부상신고,승용,남,36세,경상
2018011900100208,2018년 1월 19일 12시,금요일,부산광역시 남구 대연동,경상사고,0,0,4,0,차대차 - 측면충돌,교차로운행방법위반,건조,맑음,교차로 - 교차로안,승용,남,28세,상해없음,승용,여,30세,경상
2018011900100209,2018년 1월 19일 12시,금요일,부산광역시 수영구 광안동,중상사고,0,1,0,0,차대차 - 측면충돌,교차로운행방법위반,건조,맑음,교차로 - 교차로안,승용,남,48세,상해없음,승용,남,57세,중상
2018011900100236,2018년 1월 19일 13시,금요일,부산광역시 해운대구 중동,중상사고,0,1,0,0,차대사람 - 횡단중,보행자보호의무위반,건조,맑음,단일로 - 기타,승용,남,69세,상해없음,보행자,여,53세,중상
2018011900100237,2018년 1월 19일 13시,금요일,부산광역시 연제구 연산동,중상사고,0,1,0,0,차대차 - 측면충돌,신호위반,건조,맑음,교차로 - 교차로안,건설기계,남,28세,상해없음,이륜,남,54세,중상
2018011900100238,2018년 1월 19일 13시,금요일,부산광역시 강서구 신호동,중상사고,0,1,1,0,차대차 - 추돌,안전운전불이행,건조,맑음,교차로 - 교차로부근,승용,남,80세,상해없음,승용,남,64세,중상
2018011900100273,2018년 1월 19일 14시,금요일,부산광역시 동래구 명륜동,경상사고,0,0,1,0,차대차 - 측면충돌,안전거리미확보,건조,맑음,단일로 - 기타,건설기계,남,58세,상해없음,승용,남,41세,경상
2018011900100274,2018년 1월 19일 14시,금요일,부산광역시 해운대구 반여동,중상사고,0,1,0,0,차대사람 - 횡단중,보행자보호의무위반,건조,맑음,기타 - 기타,화물,여,54세,상해없음,보행자,여,84세,중상
2018011900100303,2018년 1월 19일 15시,금요일,부산광역시 사상구 삼락동,경상사고,0,0,1,0,차대차 - 측면충돌,안전운전불이행,건조,맑음,기타 - 기타,화물,남,40세,상해없음,이륜,여,39세,경상
2018011900100370,2018년 1월 19일 17시,금요일,부산광역시 동래구 낙민동,경상사고,0,0,1,0,차대사람 - 차도통행중,안전운전불이행,건조,맑음,교차로 - 교차로안,승합,여,53세,상해없음,보행자,여,59세,경상
2018011900100407,2018년 1월 19일 18시,금요일,부산광역시 동구 초량동,중상사고,0,1,0,0,차대차 - 측면충돌,신호위반,건조,맑음,교차로 - 교차로안,승용,남,27세,상해없음,원동기,남,38세,중상
2018011900100408,2018년 1월 19일 18시,금요일,부산광역시 수영구 광안동,부상신고사고,0,0,0,1,차대차 - 추돌,안전운전불이행,건조,맑음,단일로 - 기타,원동기,남,26세,부상신고,승합,남,46세,상해없음
2018011900100409,2018년 1월 19일 18시,금요일,부산광역시 부산진구 부전동,중상사고,0,1,0,0,차대차 - 기타,중앙선침범,건조,맑음,단일로 - 기타,승용,남,52세,상해없음,이륜,남,17세,중상
2018011900100410,2018년 1월 19일 18시,금요일,부산광역시 금정구 부곡동,중상사고,0,1,0,0,차대사람 - 기타,보행자보호의무위반,건조,맑음,교차로 - 교차로안,승용,남,33세,상해없음,보행자,남,38세,중상
2018011900100411,2018년 1월 19일 18시,금요일,부산광역시 사상구 모라동,경상사고,0,0,1,0,차대사람 - 횡단중,신호위반,건조,맑음,단일로 - 기타,승용,남,67세,상해없음,보행자,여,65세,경상
2018011900100412,2018년 1월 19일 18시,금요일,부산광역시 기장군 기장읍,경상사고,0,0,1,0,차대사람 - 횡단중,신호위반,건조,맑음,교차로 - 교차로횡단보도내,승용,남,55세,상해없음,보행자,남,6세,경상
2018011900100463,2018년 1월 19일 19시,금요일,부산광역시 해운대구 반송동,중상사고,0,1,0,0,차대사람 - 기타,안전운전불이행,건조,맑음,교차로 - 교차로안,승용,남,58세,상해없음,보행자,남,75세,중상
2018011900100464,2018년 1월 19일 19시,금요일,부산광역시 해운대구 좌동,경상사고,0,0,2,0,차대차 - 추돌,안전운전불이행,건조,맑음,교차로 - 교차로안,승용,남,59세,상해없음,승용,남,28세,경상
2018011900100465,2018년 1월 19일 19시,금요일,부산광역시 사상구 괘법동,경상사고,0,0,1,0,차대사람 - 길가장자리구역통행중,안전운전불이행,건조,맑음,단일로 - 기타,승용,여,53세,상해없음,보행자,여,82세,경상
2018011900100512,2018년 1월 19일 20시,금요일,부산광역시 동구 범일동,경상사고,0,0,1,0,차대사람 - 횡단중,안전운전불이행,건조,맑음,교차로 - 교차로부근,승용,남,69세,상해없음,보행자,여,54세,경상
2018011900100543,2018년 1월 19일 21시,금요일,부산광역시 해운대구 재송동,중상사고,0,1,1,0,차대차 - 기타,신호위반,건조,맑음,교차로 - 교차로안,이륜,남,59세,상해없음,승합,남,54세,상해없음
2018011900100544,2018년 1월 19일 21시,금요일,부산광역시 부산진구 당감동,경상사고,0,0,1,0,차대사람 - 기타,안전운전불이행,건조,맑음,단일로 - 기타,승용,남,30세,상해없음,보행자,여,52세,경상
2018011900100545,2018년 1월 19일 21시,금요일,부산광역시 기장군 기장읍,경상사고,0,0,2,0,차대차 - 추돌,안전운전불이행,건조,맑음,단일로 - 기타,승용,남,39세,기타불명,승용,남,26세,경상
2018011900100573,2018년 1월 19일 22시,금요일,부산광역시 남구 용호동,경상사고,0,0,1,0,차대사람 - 기타,보행자보호의무위반,건조,맑음,교차로 - 교차로안,승용,남,72세,상해없음,보행자,남,39세,경상
2018011900100574,2018년 1월 19일 22시,금요일,부산광역시 기장군 일광면,경상사고,0,0,2,0,차대차 - 측면충돌,안전운전불이행,건조,맑음,기타 - 기타,승용,여,33세,기타불명,승용,남,52세,경상
2018012000100010,2018년 1월 20일 00시,토요일,부산광역시 동구 수정동,경상사고,0,0,1,0,차대차 - 기타,안전운전불이행,건조,맑음,단일로 - 기타,화물,남,46세,상해없음,화물,남,45세,경상
2018012000100011,2018년 1월 20일 00시,토요일,부산광역시 부산진구 전포동,경상사고,0,0,2,0,차대차 - 측면충돌,신호위반,건조,맑음,단일로 - 기타,승용,남,66세,상해없음,이륜,남,17세,경상
2018012000100012,2018년 1월 20일 00시,토요일,부산광역시 사하구 다대동,중상사고,0,1,0,0,차대차 - 추돌,안전운전불이행,건조,맑음,단일로 - 기타,승용,남,42세,상해없음,승용,남,45세,중상
2018012000100038,2018년 1월 20일 01시,토요일,부산광역시 동래구 수안동,경상사고,0,0,1,0,차대차 - 측면충돌,신호위반,건조,맑음,교차로 - 교차로안,승용,남,66세,상해없음,승용,남,28세,경상
2018012000100039,2018년 1월 20일 01시,토요일,부산광역시 해운대구 재송동,경상사고,0,0,4,0,차대차 - 측면충돌,신호위반,건조,맑음,교차로 - 교차로안,승용,남,66세,상해없음,승용,남,62세,경상
2018012000100074,2018년 1월 20일 03시,토요일,부산광역시 부산진구 부전동,경상사고,0,0,2,0,차대차 - 측면충돌,신호위반,건조,맑음,교차로 - 교차로안,승용,남,64세,상해없음,승용,남,54세,경상
2018012000100089,2018년 1월 20일 04시,토요일,부산광역시 동래구 온천동,중상사고,0,1,0,0,차대사람 - 차도통행중,중앙선침범,건조,맑음,단일로 - 기타,승용,여,53세,상해없음,보행자,남,51세,중상
2018012000100124,2018년 1월 20일 07시,토요일,부산광역시 부산진구 양정동,경상사고,0,0,2,0,차대차 - 정면충돌,안전운전불이행,건조,맑음,단일로 - 기타,승용,남,47세,상해없음,화물,남,56세,경상
2018012000100160,2018년 1월 20일 09시,토요일,부산광역시 금정구 구서동,중상사고,0,1,0,0,차대차 - 추돌,안전운전불이행,건조,맑음,교차로 - 교차로안,승용,남,46세,상해없음,승용,여,32세,중상
2018012000100161,2018년 1월 20일 09시,토요일,부산광역시 사상구 모라동,경상사고,0,0,1,0,차대사람 - 차도통행중,안전운전불이행,건조,맑음,교차로 - 교차로안,화물,남,46세,상해없음,보행자,여,60세,경상
2018012000100205,2018년 1월 20일 11시,토요일,부산광역시 수영구 민락동,중상사고,0,1,0,0,차대차 - 추돌,안전운전불이행,건조,맑음,단일로 - 기타,승용,여,60세,상해없음,이륜,남,43세,중상
2018012000100206,2018년 1월 20일 11시,토요일,부산광역시 수영구 광안동,부상신고사고,0,0,0,1,차대차 - 기타,안전운전불이행,건조,맑음,단일로 - 기타,승용,남,42세,상해없음,이륜,남,64세,부상신고
2018012000100207,2018년 1월 20일 11시,토요일,부산광역시 기장군 장안읍,경상사고,0,0,1,0,차대차 - 후진중충돌,안전운전불이행,건조,맑음,기타 - 기타,승용,남,65세,상해없음,이륜,남,56세,경상
2018012000100221,2018년 1월 20일 12시,토요일,부산광역시 동구 초량동,중상사고,0,1,0,0,차대사람 - 기타,기타,건조,맑음,기타 - 기타,승합,남,57세,상해없음,보행자,여,73세,중상
2018012000100222,2018년 1월 20일 12시,토요일,부산광역시 강서구 죽림동,경상사고,0,0,2,0,차대차 - 측면충돌,안전운전불이행,건조,맑음,주차장 - 주차장,승용,남,38세,상해없음,이륜,남,62세,경상
2018012000100245,2018년 1월 20일 13시,토요일,부산광역시 서구 동대신동1가,중상사고,0,1,1,0,차대차 - 측면충돌,차로위반,건조,맑음,단일로 - 기타,화물,남,38세,상해없음,승합,남,47세,상해없음
2018012000100246,2018년 1월 20일 13시,토요일,부산광역시 사하구 하단동,경상사고,0,0,1,0,차대차 - 추돌,직진우회전진행방해,건조,맑음,단일로 - 기타,승용,남,51세,상해없음,이륜,남,40세,경상
2018012000100276,2018년 1월 20일 14시,토요일,부산광역시 해운대구 좌동,경상사고,0,0,4,0,차대차 - 추돌,안전운전불이행,건조,맑음,교차로 - 교차로부근,승용,여,36세,상해없음,승용,남,59세,경상
2018012000100303,2018년 1월 20일 15시,토요일,부산광역시 동래구 온천동,경상사고,0,0,2,0,차대차 - 추돌,안전운전불이행,건조,맑음,교차로 - 교차로안,승합,남,56세,상해없음,승용,남,35세,경상
2018012000100304,2018년 1월 20일 15시,토요일,부산광역시 사하구 구평동,경상사고,0,0,1,0,차대차 - 기타,안전거리미확보,건조,맑음,교차로 - 교차로안,승용,남,47세,상해없음,승용,여,38세,경상
2018012000100305,2018년 1월 20일 15시,토요일,부산광역시 강서구 대저2동,중상사고,0,1,0,0,차대차 - 기타,신호위반,건조,맑음,교차로 - 교차로안,승용,남,23세,상해없음,화물,남,44세,중상
2018012000100350,2018년 1월 20일 17시,토요일,부산광역시 동래구 수안동,중상사고,0,1,0,0,차대사람 - 횡단중,신호위반,건조,맑음,단일로 - 기타,승용,여,57세,상해없음,보행자,여,66세,중상
2018012000100351,2018년 1월 20일 17시,토요일,부산광역시 사상구 학장동,경상사고,0,0,1,0,차대차 - 측면충돌,신호위반,건조,맑음,단일로 - 기타,승용,남,59세,상해없음,승용,여,40세,경상
2018012000100382,2018년 1월 20일 18시,토요일,부산광역시 수영구 남천동,부상신고사고,0,0,0,1,차대사람 - 기타,안전운전불이행,건조,맑음,단일로 - 기타,기타불명,기타불명,미분류,기타불명,보행자,여,48세,부상신고
2018012000100383,2018년 1월 20일 18시,토요일,부산광역시 동래구 사직동,중상사고,0,1,0,0,차대차 - 측면충돌,신호위반,건조,맑음,교차로 - 교차로횡단보도내,특수,남,27세,상해없음,자전거,남,49세,중상
2018012000100384,2018년 1월 20일 18시,토요일,부산광역시 부산진구 부전동,경상사고,0,0,2,0,차대차 - 측면충돌,차로위반,건조,맑음,단일로 - 기타,화물,남,49세,상해없음,승용,남,26세,경상
2018012000100385,2018년 1월 20일 18시,토요일,부산광역시 사하구 구평동,경상사고,0,0,1,0,차대차 - 측면충돌,차로위반,건조,맑음,기타 - 기타,승용,남,68세,상해없음,승용,남,42세,경상
2018012000100386,2018년 1월 20일 18시,토요일,부산광역시 강서구 대저1동,경상사고,0,0,1,0,차대차 - 추돌,안전운전불이행,건조,맑음,단일로 - 기타,승용,남,70세,상해없음,승용,남,48세,경상
2018012000100427,2018년 1월 20일 19시,토요일,부산광역시 해운대구 반송동,중상사고,0,2,0,0,차대차 - 기타,안전거리미확보,건조,맑음,교차로 - 교차로부근,기타불명,기타불명,미분류,기타불명,승용,여,54세,중상
2018012000100462,2018년 1월 20일 20시,토요일,부산광역시 남구 대연동,중상사고,0,1,0,0,차대사람 - 기타,안전운전불이행,건조,맑음,단일로 - 기타,승용,여,46세,상해없음,보행자,남,78세,중상