사고번호,사고일시,요일,시군구,사고내용,사망자수,중상자수,경상자수,부상신고자수,사고유형,법규위반,노면상태,기상상태,도로형태,가해운전자 차종,가해운전자 성별,가해운전자 연령,가해운전자 상해정도,피해운전자 차종,피해운전자 성별,피해운전자 연령,피해운전자 상해정도
2018012000100486,2018년 1월 20일 21시,토요일,부산광역시 금정구 장전동,경상사고,0,0,1,0,차량단독 - 기타,기타,건조,맑음,단일로 - 기타,승용,남,62세,상해없음,,,,
2018012000100487,2018년 1월 20일 21시,토요일,부산광역시 기장군 기장읍,경상사고,0,0,1,0,차대차 - 기타,안전운전불이행,건조,맑음,교차로 - 교차로부근,승용,남,58세,상해없음,승용,남,63세,경상
2018012000100526,2018년 1월 20일 22시,토요일,부산광역시 금정구 부곡동,경상사고,0,0,1,0,차대사람 - 횡단중,안전운전불이행,건조,맑음,단일로 - 기타,승용,남,61세,상해없음,보행자,여,20세,경상
2018012000100550,2018년 1월 20일 23시,토요일,부산광역시 부산진구 양정동,경상사고,0,0,3,0,차대차 - 측면충돌,안전거리미확보,건조,맑음,교차로 - 교차로부근,승용,남,55세,상해없음,승용,남,62세,상해없음
2018012100100073,2018년 1월 21일 05시,일요일,부산광역시 서구 암남동,부상신고사고,0,0,0,1,차량단독 - 주/정차차량 충돌,중앙선침범,건조,맑음,교차로 - 교차로안,승용,남,67세,상해없음,,,,
2018012100100087,2018년 1월 21일 06시,일요일,부산광역시 동구 초량동,중상사고,0,1,0,0,차대사람 - 횡단중,보행자보호의무위반,건조,맑음,교차로 - 교차로횡단보도내,승용,남,25세,상해없음,보행자,남,71세,중상
2018012100100088,2018년 1월 21일 06시,일요일,부산광역시 수영구 광안동,사망사고,1,0,0,0,차대사람 - 횡단중,안전운전불이행,건조,맑음,교차로 - 교차로안,승용,남,61세,상해없음,보행자,여,62세,사망
2018012100100102,2018년 1월 21일 07시,일요일,부산광역시 중구 중앙동4가,중상사고,0,1,0,0,차대차 - 측면충돌,신호위반,건조,맑음,교차로 - 교차로안,화물,남,61세,상해없음,승용,남,40세,중상
2018012100100138,2018년 1월 21일 10시,일요일,부산광역시 남구 문현동,부상신고사고,0,0,0,1,차대차 - 추돌,안전운전불이행,건조,맑음,교차로 - 교차로안,승용,여,30세,상해없음,승용,남,46세,부상신고
2018012100100166,2018년 1월 21일 12시,일요일,부산광역시 부산진구 부전동,경상사고,0,0,1,0,차대차 - 기타,신호위반,건조,맑음,교차로 - 교차로안,승용,남,61세,상해없음,이륜,남,27세,경상
2018012100100208,2018년 1월 21일 14시,일요일,부산광역시 중구 남포동5가,경상사고,0,0,1,0,차대사람 - 길가장자리구역통행중,안전운전불이행,건조,맑음,단일로 - 기타,승용,남,24세,상해없음,보행자,남,79세,경상
2018012100100209,2018년 1월 21일 14시,일요일,부산광역시 부산진구 가야동,경상사고,0,0,2,0,차대차 - 측면충돌,안전거리미확보,건조,맑음,교차로 - 교차로안,이륜,남,24세,상해없음,승용,남,42세,상해없음
2018012100100231,2018년 1월 21일 15시,일요일,부산광역시 사하구 괴정동,경상사고,0,0,1,0,차대차 - 기타,안전운전불이행,건조,맑음,단일로 - 기타,승용,남,39세,상해없음,이륜,남,48세,경상
2018012100100232,2018년 1월 21일 15시,일요일,부산광역시 강서구 강동동,경상사고,0,0,1,0,차대차 - 추돌,안전운전불이행,건조,맑음,단일로 - 기타,농기계,남,68세,상해없음,승용,여,47세,경상
2018012100100253,2018년 1월 21일 16시,일요일,부산광역시 북구 구포동,경상사고,0,0,1,0,차대사람 - 기타,보행자보호의무위반,건조,맑음,교차로 - 교차로횡단보도내,승용,남,49세,상해없음,보행자,남,85세,경상
2018012100100255,2018년 1월 21일 16시,일요일,부산광역시 부산진구 양정동,사망사고,1,0,0,0,차대차 - 측면충돌,차로위반,건조,맑음,단일로 - 기타,이륜,남,50세,사망,승용,남,25세,상해없음
2018012100100273,2018년 1월 21일 17시,일요일,부산광역시 동래구 온천동,경상사고,0,0,1,0,차대차 - 측면충돌,차로위반,건조,맑음,단일로 - 기타,승용,남,32세,상해없음,승용,남,30세,경상
2018012100100274,2018년 1월 21일 17시,일요일,부산광역시 사상구 주례동,경상사고,0,0,1,0,차대차 - 측면충돌,안전운전불이행,건조,맑음,단일로 - 기타,승용,남,57세,상해없음,이륜,남,23세,경상
2018012100100290,2018년 1월 21일 18시,일요일,부산광역시 남구 문현동,경상사고,0,0,1,0,차대차 - 측면충돌,안전거리미확보,건조,맑음,단일로 - 기타,승용,여,24세,상해없음,승용,여,28세,경상
2018012100100291,2018년 1월 21일 18시,일요일,부산광역시 동래구 명륜동,경상사고,0,0,1,0,차대차 - 측면충돌,안전운전불이행,건조,맑음,단일로 - 기타,원동기,남,37세,경상,승용,남,61세,상해없음
2018012100100312,2018년 1월 21일 19시,일요일,부산광역시 동래구 사직동,경상사고,0,0,1,0,차대차 - 측면충돌,중앙선침범,건조,맑음,단일로 - 기타,승용,여,54세,상해없음,원동기,남,35세,경상
2018012100100313,2018년 1월 21일 19시,일요일,부산광역시 금정구 부곡동,중상사고,0,1,0,0,차대사람 - 횡단중,보행자보호의무위반,건조,맑음,교차로 - 교차로안,승용,여,35세,상해없음,보행자,남,51세,중상
2018012100100354,2018년 1월 21일 21시,일요일,부산광역시 중구 부평동3가,경상사고,0,0,1,0,차대사람 - 횡단중,안전운전불이행,건조,맑음,단일로 - 기타,승용,남,61세,상해없음,보행자,여,54세,경상
2018012100100355,2018년 1월 21일 21시,일요일,부산광역시 사하구 하단동,부상신고사고,0,0,0,1,차대차 - 추돌,안전거리미확보,건조,맑음,단일로 - 기타,이륜,남,17세,상해없음,이륜,남,22세,부상신고
2018012100100376,2018년 1월 21일 22시,일요일,부산광역시 해운대구 반송동,경상사고,0,0,1,0,차대차 - 기타,안전운전불이행,건조,맑음,교차로 - 교차로부근,승용,남,29세,상해없음,승용,남,58세,경상
2018012100100391,2018년 1월 21일 23시,일요일,부산광역시 남구 용당동,중상사고,0,1,0,0,차대차 - 기타,안전운전불이행,건조,맑음,단일로 - 기타,이륜,남,51세,중상,화물,남,61세,상해없음
2018012100100392,2018년 1월 21일 23시,일요일,부산광역시 사하구 하단동,중상사고,0,1,0,0,차대차 - 측면충돌,교차로운행방법위반,건조,맑음,교차로 - 교차로안,승용,여,47세,상해없음,이륜,남,30세,중상
2018012200100002,2018년 1월 22일 00시,월요일,부산광역시 사하구 당리동,중상사고,0,1,0,0,차대차 - 정면충돌,안전운전불이행,건조,기타,교차로 - 교차로안,승용,남,31세,상해없음,이륜,남,49세,중상
2018012200100020,2018년 1월 22일 02시,월요일,부산광역시 북구 금곡동,중상사고,0,1,0,0,차량단독 - 공작물충돌,안전운전불이행,건조,맑음,교차로 - 교차로부근,승용,남,24세,상해없음,,,,
2018012200100029,2018년 1월 22일 04시,월요일,부산광역시 동래구 명륜동,경상사고,0,0,1,0,차대차 - 측면충돌,신호위반,건조,맑음,교차로 - 교차로안,화물,남,57세,상해없음,승용,남,69세,경상
2018012200100030,2018년 1월 22일 04시,월요일,부산광역시 부산진구 전포동,중상사고,0,1,0,0,차대차 - 측면충돌,신호위반,건조,맑음,교차로 - 교차로안,승합,남,45세,상해없음,승용,남,60세,중상
2018012200100057,2018년 1월 22일 07시,월요일,부산광역시 남구 문현동,경상사고,0,0,1,0,차대차 - 기타,신호위반,건조,맑음,단일로 - 기타,승용,여,73세,상해없음,자전거,남,58세,경상
2018012200100058,2018년 1월 22일 07시,월요일,부산광역시 사하구 구평동,경상사고,0,0,1,0,차대차 - 추돌,신호위반,건조,기타,교차로 - 교차로안,승용,남,51세,상해없음,승용,남,57세,경상
2018012200100059,2018년 1월 22일 07시,월요일,부산광역시 강서구 송정동,경상사고,0,0,2,0,차대차 - 측면충돌,신호위반,건조,맑음,교차로 - 교차로안,승용,남,29세,경상,승용,남,64세,경상
2018012200100086,2018년 1월 22일 08시,월요일,부산광역시 북구 덕천동,경상사고,0,0,1,0,차대차 - 기타,안전운전불이행,건조,맑음,교차로 - 교차로안,승용,여,46세,경상,화물,남,52세,상해없음
2018012200100109,2018년 1월 22일 09시,월요일,부산광역시 서구 동대신동1가,중상사고,0,1,0,0,차대차 - 추돌,안전거리미확보,건조,맑음,단일로 - 터널,승용,여,50세,상해없음,승용,여,35세,중상
2018012200100139,2018년 1월 22일 10시,월요일,부산광역시 부산진구 부전동,경상사고,0,0,1,0,차대사람 - 차도통행중,안전운전불이행,건조,맑음,단일로 - 기타,승용,남,38세,상해없음,보행자,남,81세,경상
2018012200100140,2018년 1월 22일 10시,월요일,부산광역시 부산진구 당감동,경상사고,0,0,1,0,차대사람 - 횡단중,보행자보호의무위반,건조,맑음,단일로 - 기타,승용,남,73세,상해없음,보행자,여,62세,경상
2018012200100162,2018년 1월 22일 11시,월요일,부산광역시 강서구 성북동,경상사고,0,0,1,0,차대차 - 추돌,안전거리미확보,건조,맑음,단일로 - 기타,화물,남,68세,상해없음,승용,남,43세,경상
2018012200100195,2018년 1월 22일 12시,월요일,부산광역시 북구 화명동,경상사고,0,0,1,0,차대사람 - 횡단중,신호위반,건조,맑음,단일로 - 기타,승용,남,78세,상해없음,보행자,남,9세,경상
2018012200100196,2018년 1월 22일 12시,월요일,부산광역시 연제구 연산동,중상사고,0,1,0,0,차대사람 - 횡단중,안전운전불이행,건조,맑음,교차로 - 교차로부근,승용,남,30세,상해없음,보행자,남,59세,중상
2018012200100197,2018년 1월 22일 12시,월요일,부산광역시 연제구 연산동,경상사고,0,0,1,0,차대차 - 측면충돌,안전운전불이행,젖음/습기,비,교차로 - 교차로부근,승용,남,27세,상해없음,원동기,남,56세,경상
2018012200100219,2018년 1월 22일 13시,월요일,부산광역시 남구 대연동,경상사고,0,0,1,1,차대차 - 기타,직진우회전진행방해,건조,맑음,교차로 - 교차로안,승용,남,46세,상해없음,승합,남,34세,경상
2018012200100220,2018년 1월 22일 13시,월요일,부산광역시 사상구 학장동,중상사고,0,1,0,0,차대차 - 추돌,안전운전불이행,젖음/습기,흐림,단일로 - 기타,승용,남,27세,상해없음,승합,남,63세,상해없음
2018012200100221,2018년 1월 22일 13시,월요일,부산광역시 사상구 감전동,경상사고,0,0,1,0,차대차 - 측면충돌,안전운전불이행,건조,맑음,단일로 - 기타,화물,남,69세,상해없음,특수,남,47세,경상
2018012200100254,2018년 1월 22일 14시,월요일,부산광역시 동구 초량동,경상사고,0,0,2,0,차대차 - 기타,안전운전불이행,젖음/습기,비,교차로 - 교차로안,승용,여,57세,상해없음,승용,여,34세,경상
2018012200100255,2018년 1월 22일 14시,월요일,부산광역시 동래구 사직동,경상사고,0,0,1,0,차대차 - 측면충돌,안전운전불이행,건조,맑음,교차로 - 교차로안,승용,남,74세,상해없음,승용,남,66세,상해없음
2018012200100256,2018년 1월 22일 14시,월요일,부산광역시 강서구 대저1동,중상사고,0,4,3,0,차대차 - 추돌,안전운전불이행,젖음/습기,흐림,기타 - 기타,승용,남,43세,상해없음,승용,여,41세,중상
2018012200100316,2018년 1월 22일 16시,월요일,부산광역시 부산진구 양정동,중상사고,0,1,0,0,차대차 - 측면충돌,중앙선침범,건조,맑음,단일로 - 기타,승용,여,61세,상해없음,승용,남,57세,중상
2018012200100317,2018년 1월 22일 16시,월요일,부산광역시 부산진구 부전동,부상신고사고,0,0,0,1,차대차 - 기타,안전거리미확보,건조,맑음,단일로 - 기타,원동기,남,71세,부상신고,승용,남,38세,상해없음
2018012200100318,2018년 1월 22일 16시,월요일,부산광역시 부산진구 양정동,중상사고,0,1,0,0,차대사람 - 횡단중,안전운전불이행,건조,맑음,단일로 - 기타,승용,남,57세,상해없음,보행자,남,39세,중상
2018012200100319,2018년 1월 22일 16시,월요일,부산광역시 부산진구 부전동,경상사고,0,0,1,1,차대차 - 기타,안전거리미확보,건조,맑음,교차로 - 교차로안,승용,여,52세,부상신고,이륜,남,19세,경상
2018012200100320,2018년 1월 22일 16시,월요일,부산광역시 사하구 신평동,경상사고,0,0,1,0,차대차 - 기타,차로위반,건조,맑음,단일로 - 기타,화물,남,63세,상해없음,승용,남,60세,경상
2018012200100357,2018년 1월 22일 17시,월요일,부산광역시 수영구 망미동,경상사고,0,0,1,0,차대차 - 측면충돌,안전운전불이행,건조,맑음,교차로 - 교차로부근,승용,여,55세,상해없음,승용,남,57세,상해없음
2018012200100398,2018년 1월 22일 18시,월요일,부산광역시 영도구 동삼동,중상사고,0,1,0,0,차량단독 - 기타,안전운전불이행,건조,맑음,주차장 - 주차장,승용,남,57세,상해없음,,,,
2018012200100399,2018년 1월 22일 18시,월요일,부산광역시 해운대구 우동,중상사고,0,1,0,0,차대사람 - 횡단중,안전운전불이행,건조,맑음,교차로 - 교차로부근,승용,남,56세,상해없음,보행자,남,42세,중상
2018012200100469,2018년 1월 22일 19시,월요일,부산광역시 남구 대연동,경상사고,0,0,1,0,차대차 - 기타,안전운전불이행,건조,맑음,단일로 - 기타,승용,여,26세,경상,특수,남,56세,상해없음
2018012200100470,2018년 1월 22일 19시,월요일,부산광역시 북구 화명동,경상사고,0,0,2,0,차대차 - 측면충돌,교차로운행방법위반,건조,맑음,교차로 - 교차로안,원동기,남,57세,경상,승용,남,39세,경상
2018012200100471,2018년 1월 22일 19시,월요일,부산광역시 부산진구 범전동,중상사고,0,1,0,0,차대사람 - 횡단중,신호위반,건조,맑음,교차로 - 교차로횡단보도내,승용,남,72세,상해없음,보행자,남,44세,중상
2018012200100472,2018년 1월 22일 19시,월요일,부산광역시 기장군 기장읍,중상사고,0,1,1,1,차대차 - 추돌,안전운전불이행,건조,맑음,단일로 - 기타,승용,여,58세,부상신고,승합,남,30세,중상
2018012200100529,2018년 1월 22일 21시,월요일,부산광역시 사상구 학장동,경상사고,0,0,1,0,차대차 - 측면충돌,교차로운행방법위반,건조,맑음,교차로 - 교차로안,화물,남,33세,상해없음,승용,여,28세,경상
2018012200100553,2018년 1월 22일 22시,월요일,부산광역시 동구 범일동,경상사고,0,0,2,0,차대차 - 측면충돌,신호위반,건조,맑음,교차로 - 교차로안,승용,여,31세,상해없음,승용,남,46세,경상
2018012200100554,2018년 1월 22일 22시,월요일,부산광역시 사하구 감천동,경상사고,0,0,1,0,차대사람 - 기타,안전운전불이행,건조,맑음,단일로 - 기타,승용,남,60세,상해없음,보행자,남,38세,경상
2018012300100005,2018년 1월 23일 00시,화요일,부산광역시 북구 구포동,경상사고,0,0,1,0,차대차 - 기타,신호위반,건조,맑음,교차로 - 교차로안,승용,남,68세,상해없음,이륜,남,26세,경상
2018012300100037,2018년 1월 23일 04시,화요일,부산광역시 부산진구 개금동,경상사고,0,0,1,0,차대차 - 측면충돌,안전운전불이행,건조,맑음,단일로 - 고가도로위,화물,남,57세,상해없음,승용,여,34세,경상
2018012300100078,2018년 1월 23일 08시,화요일,부산광역시 북구 덕천동,중상사고,0,1,1,0,차대차 - 정면충돌,중앙선침범,건조,맑음,단일로 - 기타,승용,여,29세,경상,승용,여,42세,중상
2018012300100118,2018년 1월 23일 09시,화요일,부산광역시 남구 문현동,부상신고사고,0,0,0,2,차대차 - 측면충돌,교차로운행방법위반,건조,맑음,교차로 - 교차로안,승용,남,49세,상해없음,승용,남,19세,부상신고
2018012300100119,2018년 1월 23일 09시,화요일,부산광역시 북구 구포동,경상사고,0,0,4,0,차대차 - 추돌,안전운전불이행,젖음/습기,맑음,단일로 - 기타,승용,남,26세,상해없음,화물,남,61세,경상
2018012300100120,2018년 1월 23일 09시,화요일,부산광역시 금정구 남산동,경상사고,0,0,2,0,차대차 - 측면충돌,신호위반,건조,맑음,교차로 - 교차로안,화물,남,64세,상해없음,승용,남,25세,경상
2018012300100121,2018년 1월 23일 09시,화요일,부산광역시 연제구 연산동,중상사고,0,1,0,0,차대사람 - 기타,안전운전불이행,건조,맑음,단일로 - 기타,승용,여,73세,상해없음,보행자,여,74세,중상
2018012300100152,2018년 1월 23일 10시,화요일,부산광역시 북구 덕천동,중상사고,0,2,0,0,차대차 - 추돌,안전거리미확보,건조,맑음,단일로 - 기타,승용,남,35세,상해없음,승용,남,51세,중상
2018012300100153,2018년 1월 23일 10시,화요일,부산광역시 부산진구 당감동,중상사고,0,1,0,0,차대차 - 측면충돌,안전운전불이행,건조,맑음,교차로 - 교차로부근,이륜,남,44세,중상,승용,여,29세,상해없음
2018012300100198,2018년 1월 23일 11시,화요일,부산광역시 부산진구 전포동,경상사고,0,0,1,0,차대사람 - 길가장자리구역통행중,안전운전불이행,건조,맑음,교차로 - 교차로부근,화물,남,47세,상해없음,보행자,여,23세,경상
2018012300100230,2018년 1월 23일 12시,화요일,부산광역시 동래구 사직동,경상사고,0,0,3,0,차대차 - 후진중충돌,안전운전불이행,건조,맑음,교차로 - 교차로안,승용,남,34세,상해없음,승용,남,42세,상해없음
2018012300100259,2018년 1월 23일 13시,화요일,부산광역시 동구 범일동,중상사고,0,1,0,0,차대사람 - 길가장자리구역통행중,안전운전불이행,건조,맑음,단일로 - 기타,승용,남,51세,상해없음,보행자,여,88세,중상
2018012300100260,2018년 1월 23일 13시,화요일,부산광역시 남구 대연동,경상사고,0,0,1,0,차대차 - 측면충돌,안전거리미확보,건조,맑음,단일로 - 기타,승용,여,37세,상해없음,승용,여,48세,경상
2018012300100284,2018년 1월 23일 14시,화요일,부산광역시 남구 감만동,부상신고사고,0,0,0,1,차대차 - 기타,안전운전불이행,건조,맑음,교차로 - 교차로안,특수,남,43세,상해없음,이륜,남,56세,부상신고
2018012300100285,2018년 1월 23일 14시,화요일,부산광역시 영도구 남항동1가,중상사고,0,1,0,0,차대차 - 측면충돌,안전거리미확보,건조,맑음,단일로 - 기타,승용,남,57세,상해없음,이륜,남,30세,중상
2018012300100286,2018년 1월 23일 14시,화요일,부산광역시 해운대구 좌동,중상사고,0,1,0,0,차대사람 - 기타,안전운전불이행,건조,맑음,단일로 - 기타,원동기,남,15세,상해없음,보행자,남,55세,중상
2018012300100287,2018년 1월 23일 14시,화요일,부산광역시 부산진구 양정동,경상사고,0,0,1,0,차대차 - 기타,안전운전불이행,건조,맑음,교차로 - 교차로안,승용,여,47세,상해없음,이륜,남,18세,경상
2018012300100288,2018년 1월 23일 14시,화요일,부산광역시 금정구 노포동,중상사고,0,1,0,0,차대사람 - 횡단중,보행자보호의무위반,건조,맑음,교차로 - 교차로횡단보도내,승용,남,43세,상해없음,보행자,여,57세,중상
2018012300100321,2018년 1월 23일 15시,화요일,부산광역시 부산진구 부전동,중상사고,0,1,0,0,차대사람 - 기타,안전운전불이행,건조,맑음,단일로 - 기타,승용,남,68세,상해없음,보행자,남,67세,중상
2018012300100351,2018년 1월 23일 16시,화요일,부산광역시 동래구 안락동,중상사고,0,1,0,0,차대사람 - 차도통행중,안전운전불이행,건조,맑음,단일로 - 기타,화물,남,42세,상해없음,보행자,여,71세,중상
2018012300100352,2018년 1월 23일 16시,화요일,부산광역시 부산진구 양정동,경상사고,0,0,2,0,차대차 - 기타,신호위반,건조,맑음,교차로 - 교차로부근,승용,여,75세,경상,승용,남,48세,경상
2018012300100353,2018년 1월 23일 16시,화요일,부산광역시 금정구 부곡동,경상사고,0,0,1,0,차대차 - 측면충돌,직진우회전진행방해,건조,맑음,교차로 - 교차로안,승용,남,65세,상해없음,이륜,남,28세,경상
2018012300100354,2018년 1월 23일 16시,화요일,부산광역시 금정구 서동,경상사고,0,0,1,0,차대차 - 측면충돌,신호위반,건조,맑음,교차로 - 교차로안,승용,남,55세,상해없음,이륜,남,37세,경상
2018012300100355,2018년 1월 23일 16시,화요일,부산광역시 사하구 감천동,경상사고,0,0,1,0,차대차 - 기타,중앙선침범,건조,맑음,교차로 - 교차로부근,화물,남,41세,기타불명,이륜,남,21세,경상
2018012300100356,2018년 1월 23일 16시,화요일,부산광역시 사상구 삼락동,경상사고,0,0,2,0,차대차 - 추돌,안전운전불이행,건조,맑음,단일로 - 기타,화물,남,45세,상해없음,승용,여,53세,경상
2018012300100382,2018년 1월 23일 17시,화요일,부산광역시 동구 좌천동,경상사고,0,0,1,0,차대차 - 기타,중앙선침범,건조,맑음,단일로 - 고가도로위,승용,남,28세,상해없음,승용,남,52세,경상
2018012300100383,2018년 1월 23일 17시,화요일,부산광역시 동래구 온천동,중상사고,0,1,1,0,차대차 - 추돌,안전운전불이행,건조,맑음,단일로 - 기타,승용,여,47세,상해없음,승용,남,61세,경상
2018012300100416,2018년 1월 23일 18시,화요일,부산광역시 동구 좌천동,경상사고,0,0,1,0,차대차 - 기타,안전거리미확보,건조,맑음,단일로 - 고가도로위,승용,남,63세,상해없음,승합,남,62세,상해없음
2018012300100417,2018년 1월 23일 18시,화요일,부산광역시 해운대구 중동,경상사고,0,0,2,0,차대사람 - 횡단중,보행자보호의무위반,건조,맑음,교차로 - 교차로횡단보도내,승용,여,57세,상해없음,보행자,남,28세,경상
2018012300100418,2018년 1월 23일 18시,화요일,부산광역시 기장군 정관읍,경상사고,0,0,1,0,차대차 - 측면충돌,안전운전불이행,건조,맑음,교차로 - 교차로안,건설기계,남,61세,상해없음,승용,남,27세,경상
2018012300100452,2018년 1월 23일 19시,화요일,부산광역시 부산진구 부전동,경상사고,0,0,1,0,차대사람 - 기타,안전운전불이행,건조,맑음,단일로 - 기타,승용,남,20세,상해없음,보행자,남,49세,경상
2018012300100513,2018년 1월 23일 21시,화요일,부산광역시 수영구 광안동,경상사고,0,0,1,0,차대사람 - 기타,안전운전불이행,건조,맑음,단일로 - 기타,승용,남,53세,상해없음,보행자,여,26세,경상
2018012300100514,2018년 1월 23일 21시,화요일,부산광역시 동래구 명륜동,부상신고사고,0,0,0,1,차대차 - 측면충돌,안전운전불이행,건조,맑음,교차로 - 교차로안,승용,남,48세,상해없음,이륜,남,22세,부상신고
2018012300100550,2018년 1월 23일 22시,화요일,부산광역시 사상구 감전동,경상사고,0,0,1,0,차대차 - 측면충돌,안전운전불이행,건조,맑음,단일로 - 기타,이륜,남,25세,경상,승용,남,68세,상해없음
2018012400100027,2018년 1월 24일 02시,수요일,부산광역시 사하구 괴정동,중상사고,0,1,1,0,차대차 - 측면충돌,신호위반,건조,맑음,기타 - 기타,원동기,남,22세,중상,승용,여,25세,경상
2018012400100073,2018년 1월 24일 07시,수요일,부산광역시 해운대구 재송동,경상사고,0,0,1,0,차대사람 - 횡단중,안전운전불이행,건조,맑음,단일로 - 기타,화물,남,32세,상해없음,보행자,여,86세,경상
2018012400100092,2018년 1월 24일 08시,수요일,부산광역시 부산진구 부암동,부상신고사고,0,0,0,1,차대차 - 측면충돌,안전운전불이행,건조,맑음,교차로 - 교차로안,승용,남,43세,부상신고,승용,남,58세,상해없음
2018012400100122,2018년 1월 24일 09시,수요일,부산광역시 금정구 서동,중상사고,0,1,0,0,차대사람 - 횡단중,보행자보호의무위반,건조,맑음,교차로 - 교차로횡단보도내,승용,여,39세,상해없음,보행자,남,73세,중상
2018012400100150,2018년 1월 24일 10시,수요일,부산광역시 남구 문현동,경상사고,0,0,1,0,차대차 - 기타,안전운전불이행,건조,맑음,기타 - 기타,승용,여,36세,상해없음,승용,남,40세,경상
2018012400100151,2018년 1월 24일 10시,수요일,부산광역시 부산진구 양정동,중상사고,0,2,0,0,차대차 - 기타,차로위반,건조,맑음,교차로 - 교차로부근,승용,남,58세,상해없음,승용,남,64세,중상
2018012400100208,2018년 1월 24일 12시,수요일,부산광역시 사상구 감전동,경상사고,0,0,1,1,차대차 - 측면충돌,교차로운행방법위반,건조,맑음,단일로 - 기타,승용,남,61세,부상신고,승용,여,51세,경상
2018012400100230,2018년 1월 24일 13시,수요일,부산광역시 강서구 죽동동,경상사고,0,0,1,0,차대차 - 측면충돌,신호위반,건조,맑음,교차로 - 교차로안,승합,남,58세,상해없음,화물,남,63세,경상
2018012400100266,2018년 1월 24일 14시,수요일,부산광역시 금정구 부곡동,경상사고,0,0,4,0,차대차 - 추돌,안전운전불이행,건조,맑음,단일로 - 지하차도(도로)내,승용,여,64세,상해없음,승용,남,61세,경상
2018012400100302,2018년 1월 24일 15시,수요일,부산광역시 사하구 하단동,경상사고,0,0,1,0,차대사람 - 차도통행중,안전운전불이행,건조,맑음,단일로 - 기타,승용,남,63세,상해없음,보행자,여,16세,경상
2018012400100370,2018년 1월 24일 17시,수요일,부산광역시 남구 감만동,중상사고,0,2,0,0,차대차 - 추돌,안전운전불이행,건조,맑음,교차로 - 교차로부근,화물,남,35세,상해없음,승용,남,58세,중상
2018012400100406,2018년 1월 24일 18시,수요일,부산광역시 동래구 안락동,경상사고,0,0,1,0,차대차 - 추돌,안전운전불이행,건조,맑음,단일로 - 기타,승용,남,23세,상해없음,승용,남,32세,경상
2018012400100407,2018년 1월 24일 18시,수요일,부산광역시 기장군 기장읍,경상사고,0,0,1,1,차대차 - 추돌,기타,건조,맑음,교차로 - 교차로부근,승용,여,58세,부상신고,승용,남,60세,경상
2018012400100449,2018년 1월 24일 19시,수요일,부산광역시 동구 초량동,경상사고,0,0,1,0,차대사람 - 기타,보행자보호의무위반,건조,맑음,단일로 - 기타,승용,여,63세,상해없음,보행자,남,38세,경상
2018012400100450,2018년 1월 24일 19시,수요일,부산광역시 동래구 온천동,경상사고,0,0,5,0,차대차 - 측면충돌,안전운전불이행,건조,맑음,단일로 - 기타,승용,남,49세,경상,승용,남,64세,경상
2018012400100451,2018년 1월 24일 19시,수요일,부산광역시 부산진구 부전동,중상사고,0,1,0,0,차대차 - 기타,안전거리미확보,건조,맑음,단일로 - 기타,승합,남,50세,상해없음,이륜,남,24세,중상
2018012400100452,2018년 1월 24일 19시,수요일,부산광역시 연제구 연산동,경상사고,0,0,1,0,차대차 - 측면충돌,신호위반,건조,맑음,교차로 - 교차로안,화물,남,54세,상해없음,이륜,남,37세,경상
2018012400100453,2018년 1월 24일 19시,수요일,부산광역시 사상구 학장동,부상신고사고,0,0,0,1,차대차 - 측면충돌,직진우회전진행방해,건조,맑음,교차로 - 교차로안,이륜,여,30세,부상신고,승용,남,24세,상해없음
2018012400100454,2018년 1월 24일 19시,수요일,부산광역시 사상구 감전동,부상신고사고,0,0,0,1,차대차 - 추돌,안전운전불이행,건조,맑음,단일로 - 기타,화물,남,30세,상해없음,화물,남,32세,부상신고
2018012400100490,2018년 1월 24일 20시,수요일,부산광역시 해운대구 재송동,경상사고,0,0,1,0,차대차 - 측면충돌,신호위반,건조,맑음,교차로 - 교차로안,원동기,남,34세,경상,승합,남,51세,상해없음
2018012400100491,2018년 1월 24일 20시,수요일,부산광역시 연제구 연산동,경상사고,0,0,1,0,차대차 - 기타,안전운전불이행,건조,맑음,단일로 - 기타,승합,남,38세,상해없음,승용,남,52세,상해없음
2018012400100492,2018년 1월 24일 20시,수요일,부산광역시 사상구 감전동,중상사고,0,1,0,0,차대차 - 측면충돌,안전거리미확보,건조,맑음,단일로 - 기타,승용,남,38세,상해없음,이륜,남,23세,중상
2018012400100517,2018년 1월 24일 21시,수요일,부산광역시 사하구 신평동,경상사고,0,0,1,0,차대차 - 측면충돌,신호위반,건조,맑음,교차로 - 교차로안,승용,남,28세,상해없음,이륜,남,36세,경상
2018012400100544,2018년 1월 24일 22시,수요일,부산광역시 동래구 명륜동,중상사고,0,1,0,0,차대차 - 측면충돌,신호위반,건조,맑음,교차로 - 교차로안,이륜,남,30세,상해없음,승용,남,48세,중상
2018012400100564,2018년 1월 24일 23시,수요일,부산광역시 중구 남포동6가,부상신고사고,0,0,0,1,차대차 - 측면충돌,신호위반,건조,맑음,교차로 - 교차로안,이륜,남,45세,부상신고,승용,남,63세,상해없음
2018012400100565,2018년 1월 24일 23시,수요일,부산광역시 중구 부평동2가,경상사고,0,0,1,0,차대사람 - 차도통행중,불법유턴,건조,맑음,단일로 - 기타,승합,남,43세,상해없음,보행자,남,43세,경상
2018012400100566,2018년 1월 24일 23시,수요일,부산광역시 부산진구 당감동,부상신고사고,0,0,0,1,차대차 - 기타,신호위반,건조,맑음,교차로 - 교차로안,이륜,남,24세,부상신고,승용,여,63세,상해없음