사고번호,사고일시,요일,시군구,사고내용,사망자수,중상자수,경상자수,부상신고자수,사고유형,법규위반,노면상태,기상상태,도로형태,가해운전자 차종,가해운전자 성별,가해운전자 연령,가해운전자 상해정도,피해운전자 차종,피해운전자 성별,피해운전자 연령,피해운전자 상해정도
2018020100100460,2018년 2월 1일 18시,목요일,부산광역시 부산진구 범천동,경상사고,0,0,1,0,차대차 - 기타,신호위반,건조,맑음,교차로 - 교차로안,이륜,남,26세,상해없음,승용,여,59세,상해없음
2018020100100461,2018년 2월 1일 18시,목요일,부산광역시 부산진구 초읍동,부상신고사고,0,0,0,1,차대사람 - 횡단중,안전운전불이행,건조,맑음,단일로 - 기타,승용,남,50세,상해없음,보행자,남,72세,부상신고
2018020100100462,2018년 2월 1일 18시,목요일,부산광역시 사상구 괘법동,부상신고사고,0,0,0,1,차대사람 - 길가장자리구역통행중,안전운전불이행,건조,맑음,기타 - 기타,승용,여,30세,상해없음,보행자,남,57세,부상신고
2018020100100463,2018년 2월 1일 18시,목요일,부산광역시 사상구 주례동,중상사고,0,1,0,0,차대사람 - 차도통행중,안전운전불이행,건조,맑음,교차로 - 교차로부근,승용,남,73세,상해없음,보행자,여,88세,중상
2018020100100522,2018년 2월 1일 19시,목요일,부산광역시 남구 용당동,경상사고,0,0,3,1,차대차 - 추돌,차로위반,건조,맑음,교차로 - 교차로부근,승용,남,61세,상해없음,화물,남,47세,부상신고
2018020100100523,2018년 2월 1일 19시,목요일,부산광역시 동래구 온천동,중상사고,0,1,0,0,차대사람 - 차도통행중,안전운전불이행,기타,맑음,단일로 - 기타,이륜,남,42세,상해없음,보행자,여,36세,중상
2018020100100524,2018년 2월 1일 19시,목요일,부산광역시 동래구 온천동,경상사고,0,0,1,0,차대차 - 기타,안전거리미확보,건조,맑음,단일로 - 기타,승용,남,62세,상해없음,원동기,남,25세,경상
2018020100100525,2018년 2월 1일 19시,목요일,부산광역시 강서구 대저2동,경상사고,0,0,2,0,차대차 - 추돌,안전운전불이행,건조,맑음,단일로 - 기타,화물,남,52세,상해없음,승용,남,62세,경상
2018020100100604,2018년 2월 1일 21시,목요일,부산광역시 사하구 하단동,경상사고,0,0,3,0,차대차 - 정면충돌,신호위반,건조,맑음,교차로 - 교차로안,승용,여,39세,상해없음,승용,남,44세,경상
2018020100100605,2018년 2월 1일 21시,목요일,부산광역시 연제구 연산동,중상사고,0,1,0,0,차대사람 - 횡단중,신호위반,건조,맑음,교차로 - 교차로횡단보도내,승용,남,59세,상해없음,보행자,남,46세,중상
2018020100100671,2018년 2월 1일 23시,목요일,부산광역시 수영구 남천동,중상사고,0,1,0,0,차대사람 - 기타,신호위반,건조,맑음,교차로 - 교차로안,승용,남,59세,상해없음,보행자,남,16세,중상
2018020200100006,2018년 2월 2일 00시,금요일,부산광역시 부산진구 전포동,중상사고,0,2,0,0,차대차 - 측면충돌,안전거리미확보,건조,맑음,단일로 - 기타,승용,남,39세,상해없음,승용,남,41세,중상
2018020200100053,2018년 2월 2일 04시,금요일,부산광역시 금정구 금사동,경상사고,0,0,1,0,차대차 - 측면충돌,신호위반,건조,맑음,교차로 - 교차로안,건설기계,남,65세,상해없음,승용,남,37세,경상
2018020200100058,2018년 2월 2일 05시,금요일,부산광역시 북구 구포동,사망사고,1,0,0,0,차대사람 - 횡단중,신호위반,건조,맑음,교차로 - 교차로안,승용,남,57세,상해없음,보행자,남,66세,사망
2018020200100121,2018년 2월 2일 08시,금요일,부산광역시 부산진구 양정동,경상사고,0,0,1,0,차대차 - 측면충돌,안전운전불이행,건조,맑음,교차로 - 교차로부근,화물,남,63세,상해없음,승용,남,55세,경상
2018020200100166,2018년 2월 2일 09시,금요일,부산광역시 강서구 범방동,경상사고,0,0,1,0,차대차 - 기타,안전거리미확보,건조,맑음,단일로 - 기타,화물,남,41세,상해없음,승용,남,64세,경상
2018020200100198,2018년 2월 2일 10시,금요일,부산광역시 동래구 안락동,부상신고사고,0,0,0,1,차량단독 - 공작물충돌,안전운전불이행,건조,맑음,단일로 - 기타,화물,남,52세,상해없음,,,,
2018020200100220,2018년 2월 2일 11시,금요일,부산광역시 동래구 온천동,경상사고,0,0,1,0,차대사람 - 길가장자리구역통행중,안전운전불이행,건조,맑음,단일로 - 기타,승용,남,65세,상해없음,보행자,여,71세,경상
2018020200100244,2018년 2월 2일 12시,금요일,부산광역시 수영구 광안동,경상사고,0,0,1,0,차대사람 - 보도통행중,보행자보호의무위반,건조,맑음,교차로 - 교차로안,승용,남,73세,상해없음,보행자,여,27세,경상
2018020200100245,2018년 2월 2일 12시,금요일,부산광역시 부산진구 부전동,중상사고,0,1,0,0,차대사람 - 횡단중,안전운전불이행,건조,맑음,교차로 - 교차로안,승용,여,54세,상해없음,보행자,남,86세,중상
2018020200100272,2018년 2월 2일 13시,금요일,부산광역시 사상구 감전동,중상사고,0,1,0,0,차대차 - 측면충돌,차로위반,건조,맑음,단일로 - 기타,건설기계,남,53세,상해없음,화물,남,30세,중상
2018020200100304,2018년 2월 2일 14시,금요일,부산광역시 동구 범일동,경상사고,0,0,2,0,차대차 - 추돌,안전운전불이행,건조,맑음,기타 - 기타,승용,여,61세,상해없음,승용,남,60세,경상
2018020200100305,2018년 2월 2일 14시,금요일,부산광역시 연제구 연산동,부상신고사고,0,0,0,1,차대차 - 측면충돌,직진우회전진행방해,건조,맑음,교차로 - 교차로안,승용,남,30세,상해없음,화물,남,46세,부상신고
2018020200100348,2018년 2월 2일 15시,금요일,부산광역시 금정구 부곡동,경상사고,0,0,1,0,차대사람 - 길가장자리구역통행중,안전운전불이행,건조,맑음,단일로 - 기타,자전거,남,68세,상해없음,보행자,여,59세,경상
2018020200100445,2018년 2월 2일 18시,금요일,부산광역시 북구 화명동,경상사고,0,0,1,0,차대차 - 측면충돌,안전거리미확보,건조,맑음,단일로 - 기타,승용,남,58세,상해없음,승용,남,52세,경상
2018020200100446,2018년 2월 2일 18시,금요일,부산광역시 동래구 온천동,중상사고,0,1,0,0,차대사람 - 차도통행중,안전운전불이행,건조,맑음,단일로 - 기타,승용,여,27세,상해없음,보행자,남,45세,중상
2018020200100447,2018년 2월 2일 18시,금요일,부산광역시 연제구 연산동,중상사고,0,1,1,0,차대차 - 측면충돌,중앙선침범,건조,맑음,단일로 - 기타,승용,남,50세,상해없음,승용,남,36세,경상
2018020200100562,2018년 2월 2일 21시,금요일,부산광역시 동래구 사직동,중상사고,0,1,0,0,차대사람 - 횡단중,안전운전불이행,건조,맑음,교차로 - 교차로안,승용,남,58세,상해없음,보행자,여,52세,중상
2018020200100563,2018년 2월 2일 21시,금요일,부산광역시 연제구 연산동,경상사고,0,0,1,0,차대차 - 측면충돌,안전운전불이행,건조,맑음,교차로 - 교차로부근,승용,남,22세,상해없음,승용,남,64세,경상
2018020200100601,2018년 2월 2일 22시,금요일,부산광역시 동래구 안락동,중상사고,0,1,0,0,차대차 - 측면충돌,신호위반,건조,맑음,교차로 - 교차로안,승용,남,42세,상해없음,이륜,남,26세,중상
2018020200100602,2018년 2월 2일 22시,금요일,부산광역시 금정구 구서동,부상신고사고,0,0,0,1,차대사람 - 기타,안전운전불이행,건조,맑음,교차로 - 교차로안,기타불명,기타불명,미분류,기타불명,보행자,여,37세,부상신고
2018020200100603,2018년 2월 2일 22시,금요일,부산광역시 강서구 대저2동,중상사고,0,1,0,0,차량단독 - 전도전복 - 전도,안전운전불이행,건조,맑음,단일로 - 기타,이륜,남,58세,중상,미분류,미분류,미분류,미분류
2018020200100640,2018년 2월 2일 23시,금요일,부산광역시 서구 서대신동3가,중상사고,0,1,2,0,차대차 - 추돌,안전운전불이행,건조,맑음,단일로 - 터널,승용,남,24세,경상,승용,남,24세,상해없음
2018020200100641,2018년 2월 2일 23시,금요일,부산광역시 사상구 감전동,경상사고,0,0,4,0,차대차 - 측면충돌,안전운전불이행,건조,맑음,단일로 - 지하차도(도로)내,승용,남,34세,경상,승용,남,32세,경상
2018020300100012,2018년 2월 3일 00시,토요일,부산광역시 사상구 주례동,경상사고,0,0,1,0,차대차 - 추돌,안전운전불이행,건조,맑음,단일로 - 기타,승용,남,27세,상해없음,승용,남,52세,상해없음
2018020300100038,2018년 2월 3일 01시,토요일,부산광역시 해운대구 우동,경상사고,0,0,3,1,차대차 - 기타,신호위반,건조,맑음,교차로 - 교차로안,승용,남,49세,상해없음,승용,남,45세,경상
2018020300100061,2018년 2월 3일 02시,토요일,부산광역시 해운대구 우동,경상사고,0,0,1,0,차대차 - 측면충돌,안전운전불이행,건조,맑음,교차로 - 교차로안,승용,남,64세,상해없음,승용,남,63세,경상
2018020300100145,2018년 2월 3일 08시,토요일,부산광역시 해운대구 송정동,중상사고,0,1,0,0,차대사람 - 기타,안전운전불이행,건조,맑음,단일로 - 기타,승용,남,24세,상해없음,보행자,남,41세,중상
2018020300100167,2018년 2월 3일 09시,토요일,부산광역시 수영구 남천동,중상사고,0,1,0,0,차대사람 - 길가장자리구역통행중,안전운전불이행,건조,맑음,교차로 - 교차로부근,승용,여,30세,상해없음,보행자,여,63세,중상
2018020300100168,2018년 2월 3일 09시,토요일,부산광역시 사상구 주례동,경상사고,0,0,2,0,차대차 - 추돌,안전운전불이행,건조,맑음,단일로 - 고가도로위,승용,남,22세,상해없음,화물,남,56세,경상
2018020300100196,2018년 2월 3일 10시,토요일,부산광역시 동래구 온천동,경상사고,0,0,1,0,차대사람 - 차도통행중,안전운전불이행,건조,맑음,단일로 - 기타,화물,남,26세,상해없음,보행자,남,35세,경상
2018020300100197,2018년 2월 3일 10시,토요일,부산광역시 부산진구 전포동,경상사고,0,0,1,0,차대차 - 정면충돌,안전거리미확보,건조,맑음,단일로 - 기타,화물,남,55세,상해없음,승용,여,32세,경상
2018020300100198,2018년 2월 3일 10시,토요일,부산광역시 수영구 망미동,경상사고,0,0,1,0,차대차 - 측면충돌,안전거리미확보,건조,맑음,교차로 - 교차로횡단보도내,승용,남,47세,상해없음,승용,여,31세,경상
2018020300100236,2018년 2월 3일 11시,토요일,부산광역시 서구 토성동3가,경상사고,0,0,2,0,차대차 - 측면충돌,교차로운행방법위반,건조,맑음,교차로 - 교차로안,승용,여,34세,경상,승용,남,50세,경상
2018020300100237,2018년 2월 3일 11시,토요일,부산광역시 부산진구 전포동,부상신고사고,0,0,0,1,차대차 - 측면충돌,안전운전불이행,건조,맑음,기타 - 기타,이륜,남,49세,부상신고,승용,남,58세,상해없음
2018020300100238,2018년 2월 3일 11시,토요일,부산광역시 강서구 성북동,부상신고사고,0,0,0,1,차대차 - 기타,안전운전불이행,건조,맑음,교차로 - 교차로안,이륜,남,66세,부상신고,승합,남,61세,상해없음
2018020300100333,2018년 2월 3일 13시,토요일,부산광역시 사하구 신평동,경상사고,0,0,1,0,차대차 - 기타,안전운전불이행,건조,맑음,교차로 - 교차로안,승용,남,67세,상해없음,승용,남,46세,경상
2018020300100334,2018년 2월 3일 13시,토요일,부산광역시 연제구 연산동,경상사고,0,0,1,0,차대차 - 측면충돌,안전거리미확보,건조,맑음,교차로 - 교차로부근,승용,여,43세,상해없음,이륜,남,52세,경상
2018020300100426,2018년 2월 3일 15시,토요일,부산광역시 동래구 명륜동,경상사고,0,0,1,0,차대차 - 측면충돌,교차로운행방법위반,건조,맑음,교차로 - 교차로안,승용,여,55세,상해없음,승용,남,43세,경상
2018020300100427,2018년 2월 3일 15시,토요일,부산광역시 해운대구 석대동,중상사고,0,1,0,0,차대차 - 추돌,안전운전불이행,건조,맑음,단일로 - 기타,승용,남,37세,중상,화물,남,54세,상해없음
2018020300100428,2018년 2월 3일 15시,토요일,부산광역시 부산진구 당감동,경상사고,0,0,1,0,차대차 - 측면충돌,신호위반,건조,맑음,교차로 - 교차로부근,승용,여,42세,상해없음,승용,남,37세,경상
2018020300100453,2018년 2월 3일 16시,토요일,부산광역시 해운대구 송정동,경상사고,0,0,2,0,차대차 - 추돌,안전운전불이행,건조,맑음,교차로 - 교차로안,화물,남,60세,상해없음,승용,여,55세,경상
2018020300100454,2018년 2월 3일 16시,토요일,부산광역시 부산진구 부전동,경상사고,0,0,1,0,차대사람 - 기타,안전운전불이행,건조,맑음,단일로 - 기타,승용,여,23세,상해없음,보행자,여,18세,경상
2018020300100482,2018년 2월 3일 17시,토요일,부산광역시 부산진구 부암동,경상사고,0,0,1,2,차대차 - 추돌,안전운전불이행,건조,맑음,단일로 - 고가도로위,화물,남,57세,상해없음,승용,여,61세,경상
2018020300100519,2018년 2월 3일 18시,토요일,부산광역시 강서구 명지동,경상사고,0,0,1,0,차대차 - 추돌,안전운전불이행,건조,맑음,단일로 - 기타,승용,여,55세,상해없음,승용,남,57세,경상
2018020300100568,2018년 2월 3일 19시,토요일,부산광역시 부산진구 개금동,경상사고,0,0,1,0,차대차 - 기타,중앙선침범,건조,맑음,교차로 - 교차로부근,승용,남,64세,상해없음,이륜,남,26세,경상
2018020300100651,2018년 2월 3일 21시,토요일,부산광역시 남구 대연동,경상사고,0,0,2,0,차대차 - 측면충돌,안전운전불이행,건조,맑음,교차로 - 교차로부근,승용,남,51세,경상,승용,남,45세,경상
2018020300100694,2018년 2월 3일 22시,토요일,부산광역시 해운대구 반여동,중상사고,0,1,0,1,차대차 - 추돌,안전운전불이행,건조,맑음,교차로 - 교차로부근,승용,남,41세,상해없음,승용,남,49세,중상
2018020300100695,2018년 2월 3일 22시,토요일,부산광역시 부산진구 가야동,경상사고,0,0,1,0,차대차 - 추돌,안전거리미확보,건조,맑음,단일로 - 기타,승용,남,37세,상해없음,이륜,남,22세,경상
2018020300100696,2018년 2월 3일 22시,토요일,부산광역시 수영구 망미동,중상사고,0,1,0,0,차대차 - 기타,안전운전불이행,건조,맑음,단일로 - 기타,승용,남,55세,상해없음,승용,여,56세,중상
2018020300100728,2018년 2월 3일 23시,토요일,부산광역시 해운대구 중동,중상사고,0,1,0,0,차대사람 - 횡단중,안전운전불이행,건조,맑음,교차로 - 교차로안,승용,남,46세,상해없음,보행자,여,58세,중상
2018020400100030,2018년 2월 4일 01시,일요일,부산광역시 수영구 광안동,경상사고,0,0,1,0,차대차 - 측면충돌,신호위반,건조,맑음,교차로 - 교차로안,승용,남,59세,상해없음,승용,남,25세,경상
2018020400100031,2018년 2월 4일 01시,일요일,부산광역시 해운대구 석대동,경상사고,0,0,1,0,차대차 - 추돌,안전운전불이행,건조,맑음,교차로 - 교차로부근,승용,남,53세,상해없음,승합,남,65세,경상
2018020400100049,2018년 2월 4일 02시,일요일,부산광역시 부산진구 개금동,경상사고,0,0,3,0,차대차 - 측면충돌,신호위반,건조,맑음,교차로 - 교차로안,승용,여,22세,상해없음,승용,남,56세,경상
2018020400100093,2018년 2월 4일 05시,일요일,부산광역시 동구 좌천동,경상사고,0,0,2,0,차대차 - 추돌,과속,건조,맑음,단일로 - 터널,승용,여,30세,상해없음,승용,남,34세,경상
2018020400100094,2018년 2월 4일 05시,일요일,부산광역시 남구 우암동,경상사고,0,0,1,0,차대사람 - 횡단중,안전운전불이행,건조,맑음,단일로 - 기타,승용,남,24세,상해없음,보행자,남,68세,경상
2018020400100118,2018년 2월 4일 07시,일요일,부산광역시 남구 문현동,경상사고,0,0,1,0,차대차 - 측면충돌,안전운전불이행,건조,맑음,교차로 - 교차로안,승용,남,52세,상해없음,승용,여,59세,경상
2018020400100190,2018년 2월 4일 11시,일요일,부산광역시 중구 중앙동5가,경상사고,0,0,1,0,차대차 - 측면충돌,신호위반,건조,맑음,교차로 - 교차로부근,승용,남,59세,상해없음,승용,남,61세,경상
2018020400100191,2018년 2월 4일 11시,일요일,부산광역시 부산진구 전포동,경상사고,0,0,4,0,차대차 - 측면충돌,안전거리미확보,건조,맑음,교차로 - 교차로부근,승용,남,57세,상해없음,승용,남,40세,경상
2018020400100214,2018년 2월 4일 12시,일요일,부산광역시 기장군 정관읍,경상사고,0,0,4,0,차대차 - 기타,안전운전불이행,건조,맑음,교차로 - 교차로부근,승용,남,26세,상해없음,승용,남,54세,상해없음
2018020400100257,2018년 2월 4일 14시,일요일,부산광역시 서구 충무동1가,중상사고,0,1,0,0,차대사람 - 횡단중,보행자보호의무위반,건조,맑음,단일로 - 기타,이륜,남,63세,상해없음,보행자,여,82세,중상
2018020400100314,2018년 2월 4일 16시,일요일,부산광역시 부산진구 전포동,중상사고,0,1,0,0,차대차 - 측면충돌,중앙선침범,건조,맑음,단일로 - 기타,화물,남,68세,상해없음,이륜,남,55세,중상
2018020400100315,2018년 2월 4일 16시,일요일,부산광역시 부산진구 당감동,경상사고,0,0,2,0,차대차 - 기타,교차로운행방법위반,건조,맑음,교차로 - 교차로안,승용,남,57세,상해없음,승용,여,26세,경상
2018020400100316,2018년 2월 4일 16시,일요일,부산광역시 사하구 다대동,부상신고사고,0,0,0,1,차대차 - 측면충돌,신호위반,건조,맑음,교차로 - 교차로부근,이륜,남,17세,부상신고,승용,남,45세,상해없음
2018020400100412,2018년 2월 4일 19시,일요일,부산광역시 영도구 신선동1가,중상사고,0,1,0,0,차대차 - 기타,직진우회전진행방해,건조,맑음,교차로 - 교차로안,기타불명,기타불명,미분류,기타불명,이륜,남,45세,중상
2018020400100413,2018년 2월 4일 19시,일요일,부산광역시 사하구 장림동,중상사고,0,1,0,1,차대사람 - 횡단중,안전운전불이행,건조,맑음,기타 - 기타,이륜,남,20세,부상신고,보행자,여,54세,중상
2018020400100439,2018년 2월 4일 20시,일요일,부산광역시 동래구 사직동,중상사고,0,1,0,0,차대차 - 측면충돌,안전운전불이행,건조,맑음,교차로 - 교차로안,승용,남,31세,상해없음,자전거,여,68세,중상
2018020400100440,2018년 2월 4일 20시,일요일,부산광역시 사상구 학장동,경상사고,0,0,1,0,차대차 - 측면충돌,안전운전불이행,건조,맑음,단일로 - 기타,이륜,남,19세,경상,이륜,남,25세,상해없음
2018020400100465,2018년 2월 4일 21시,일요일,부산광역시 남구 문현동,중상사고,0,1,2,0,차대차 - 추돌,안전운전불이행,건조,맑음,단일로 - 기타,승용,남,55세,상해없음,승용,남,51세,경상
2018020400100466,2018년 2월 4일 21시,일요일,부산광역시 동래구 낙민동,중상사고,0,1,0,0,차대사람 - 횡단중,안전운전불이행,건조,맑음,단일로 - 기타,이륜,기타불명,미분류,기타불명,보행자,남,73세,중상
2018020400100467,2018년 2월 4일 21시,일요일,부산광역시 해운대구 중동,경상사고,0,0,1,0,차대차 - 측면충돌,신호위반,건조,맑음,교차로 - 교차로안,승용,여,55세,상해없음,승합,남,48세,경상
2018020400100468,2018년 2월 4일 21시,일요일,부산광역시 사하구 장림동,경상사고,0,0,3,1,차대차 - 추돌,안전운전불이행,건조,맑음,교차로 - 교차로부근,이륜,남,17세,부상신고,승용,남,59세,경상
2018020400100469,2018년 2월 4일 21시,일요일,부산광역시 사하구 괴정동,중상사고,0,1,0,0,차대사람 - 차도통행중,안전운전불이행,건조,맑음,단일로 - 기타,이륜,남,56세,상해없음,보행자,여,55세,중상
2018020400100521,2018년 2월 4일 23시,일요일,부산광역시 동구 초량동,중상사고,0,1,0,0,차대사람 - 차도통행중,안전운전불이행,건조,맑음,교차로 - 교차로안,승용,남,42세,상해없음,보행자,남,37세,중상
2018020400100522,2018년 2월 4일 23시,일요일,부산광역시 수영구 수영동,경상사고,0,0,1,0,차대차 - 측면충돌,안전운전불이행,건조,맑음,단일로 - 기타,승용,남,26세,상해없음,이륜,남,28세,경상
2018020500100009,2018년 2월 5일 00시,월요일,부산광역시 부산진구 전포동,중상사고,0,1,0,0,차대차 - 측면충돌,교차로운행방법위반,건조,맑음,교차로 - 교차로안,이륜,남,18세,중상,승용,여,25세,상해없음
2018020500100010,2018년 2월 5일 00시,월요일,부산광역시 금정구 남산동,중상사고,0,1,0,0,차대사람 - 기타,안전운전불이행,건조,맑음,단일로 - 기타,승용,남,55세,상해없음,보행자,남,73세,중상
2018020500100048,2018년 2월 5일 05시,월요일,부산광역시 영도구 동삼동,경상사고,0,0,1,0,차대차 - 정면충돌,교차로운행방법위반,건조,맑음,교차로 - 교차로안,화물,남,33세,상해없음,화물,남,61세,경상
2018020500100081,2018년 2월 5일 07시,월요일,부산광역시 수영구 광안동,경상사고,0,0,1,0,차대사람 - 횡단중,보행자보호의무위반,건조,맑음,교차로 - 교차로횡단보도내,승합,남,59세,상해없음,보행자,남,24세,경상
2018020500100082,2018년 2월 5일 07시,월요일,부산광역시 남구 우암동,중상사고,0,1,1,0,차대차 - 측면충돌,신호위반,건조,맑음,교차로 - 교차로안,승용,남,46세,중상,특수,남,57세,경상
2018020500100083,2018년 2월 5일 07시,월요일,부산광역시 사하구 하단동,경상사고,0,0,1,0,차대사람 - 횡단중,안전운전불이행,건조,맑음,단일로 - 기타,승용,남,68세,상해없음,보행자,남,52세,경상
2018020500100107,2018년 2월 5일 08시,월요일,부산광역시 동래구 사직동,경상사고,0,0,1,0,차대사람 - 횡단중,보행자보호의무위반,건조,맑음,교차로 - 교차로안,승용,여,43세,상해없음,보행자,남,13세,경상
2018020500100108,2018년 2월 5일 08시,월요일,부산광역시 동래구 안락동,경상사고,0,0,1,0,차대차 - 측면충돌,차로위반,건조,맑음,단일로 - 기타,승용,여,43세,상해없음,승합,남,48세,경상
2018020500100109,2018년 2월 5일 08시,월요일,부산광역시 연제구 거제동,경상사고,0,0,2,1,차대차 - 후진중충돌,안전운전불이행,건조,맑음,단일로 - 기타,승용,남,46세,상해없음,승용,여,28세,경상
2018020500100167,2018년 2월 5일 09시,월요일,부산광역시 남구 용호동,경상사고,0,0,1,0,차대사람 - 기타,직진우회전진행방해,건조,맑음,교차로 - 교차로안,승용,남,42세,상해없음,보행자,여,54세,경상
2018020500100168,2018년 2월 5일 09시,월요일,부산광역시 수영구 광안동,경상사고,0,0,1,0,차대사람 - 기타,안전운전불이행,건조,기타,기타 - 기타,승용,남,62세,상해없음,보행자,여,31세,경상
2018020500100169,2018년 2월 5일 09시,월요일,부산광역시 강서구 송정동,경상사고,0,0,1,0,차대차 - 측면충돌,교차로운행방법위반,건조,맑음,교차로 - 교차로부근,화물,남,62세,상해없음,승용,남,62세,경상
2018020500100208,2018년 2월 5일 10시,월요일,부산광역시 남구 용호동,경상사고,0,0,1,0,차대차 - 기타,안전운전불이행,건조,맑음,교차로 - 교차로안,승용,여,48세,상해없음,승용,여,40세,경상
2018020500100209,2018년 2월 5일 10시,월요일,부산광역시 영도구 대교동1가,중상사고,0,1,1,0,차대차 - 정면충돌,안전운전불이행,건조,맑음,교차로 - 교차로안,승용,여,49세,중상,승용,남,59세,상해없음
2018020500100210,2018년 2월 5일 10시,월요일,부산광역시 기장군 정관읍,경상사고,0,0,1,0,차대차 - 측면충돌,교차로운행방법위반,건조,맑음,교차로 - 교차로안,승용,여,39세,상해없음,승용,여,37세,경상
2018020500100246,2018년 2월 5일 11시,월요일,부산광역시 금정구 서동,중상사고,0,1,0,0,차대사람 - 길가장자리구역통행중,안전운전불이행,건조,맑음,단일로 - 기타,화물,남,55세,상해없음,보행자,여,70세,중상
2018020500100274,2018년 2월 5일 12시,월요일,부산광역시 북구 덕천동,중상사고,0,1,0,0,차대사람 - 횡단중,안전운전불이행,건조,맑음,교차로 - 교차로횡단보도내,화물,남,33세,상해없음,보행자,여,75세,중상
2018020500100308,2018년 2월 5일 13시,월요일,부산광역시 사상구 감전동,경상사고,0,0,1,0,차대차 - 측면충돌,교차로운행방법위반,건조,맑음,단일로 - 기타,승용,남,58세,상해없음,화물,남,55세,경상
2018020500100335,2018년 2월 5일 14시,월요일,부산광역시 동래구 온천동,경상사고,0,0,5,2,차대차 - 측면충돌,안전운전불이행,건조,맑음,단일로 - 기타,승용,여,47세,경상,승용,남,19세,부상신고
2018020500100336,2018년 2월 5일 14시,월요일,부산광역시 부산진구 개금동,부상신고사고,0,0,0,1,차대차 - 기타,차로위반,건조,맑음,단일로 - 고가도로위,건설기계,남,59세,상해없음,승용,남,37세,부상신고
2018020500100337,2018년 2월 5일 14시,월요일,부산광역시 사하구 하단동,부상신고사고,0,0,0,1,차대사람 - 기타,보행자보호의무위반,건조,맑음,교차로 - 교차로횡단보도내,기타불명,기타불명,미분류,기타불명,보행자,여,14세,부상신고
2018020500100338,2018년 2월 5일 14시,월요일,부산광역시 사하구 괴정동,경상사고,0,0,1,0,차대차 - 측면충돌,안전운전불이행,건조,맑음,단일로 - 기타,승용,남,63세,상해없음,승용,남,69세,상해없음
2018020500100407,2018년 2월 5일 16시,월요일,부산광역시 수영구 광안동,중상사고,0,1,0,0,차대차 - 측면충돌,안전운전불이행,건조,맑음,단일로 - 기타,승합,남,42세,상해없음,자전거,남,35세,중상
2018020500100408,2018년 2월 5일 16시,월요일,부산광역시 해운대구 반여동,중상사고,0,1,0,0,차대사람 - 횡단중,신호위반,건조,맑음,교차로 - 교차로횡단보도내,승용,여,60세,상해없음,보행자,여,7세,중상
2018020500100409,2018년 2월 5일 16시,월요일,부산광역시 해운대구 좌동,중상사고,0,1,0,0,차대사람 - 횡단중,보행자보호의무위반,건조,맑음,교차로 - 교차로횡단보도내,승용,남,78세,상해없음,보행자,남,10세,중상
2018020500100410,2018년 2월 5일 16시,월요일,부산광역시 금정구 장전동,중상사고,0,1,0,0,차대사람 - 기타,안전운전불이행,건조,맑음,단일로 - 기타,승용,남,34세,상해없음,보행자,남,25세,중상
2018020500100411,2018년 2월 5일 16시,월요일,부산광역시 사하구 당리동,경상사고,0,0,1,0,차대차 - 측면충돌,신호위반,건조,맑음,교차로 - 교차로부근,승용,남,36세,상해없음,이륜,여,51세,경상
2018020500100412,2018년 2월 5일 16시,월요일,부산광역시 사하구 다대동,경상사고,0,0,1,0,차대차 - 측면충돌,기타,건조,맑음,교차로 - 교차로안,승용,남,63세,상해없음,이륜,남,59세,경상
2018020500100442,2018년 2월 5일 17시,월요일,부산광역시 수영구 남천동,중상사고,0,1,0,0,차대차 - 측면충돌,교차로운행방법위반,건조,맑음,교차로 - 교차로안,특수,남,54세,상해없음,승용,남,23세,중상
2018020500100443,2018년 2월 5일 17시,월요일,부산광역시 영도구 청학동,경상사고,0,0,1,0,차대차 - 측면충돌,안전운전불이행,건조,맑음,교차로 - 교차로안,이륜,남,37세,경상,승용,남,65세,상해없음
2018020500100444,2018년 2월 5일 17시,월요일,부산광역시 사하구 장림동,경상사고,0,0,1,0,차대사람 - 기타,중앙선침범,건조,맑음,단일로 - 기타,이륜,남,58세,상해없음,보행자,여,63세,경상
2018020500100480,2018년 2월 5일 18시,월요일,부산광역시 해운대구 우동,경상사고,0,0,1,0,차대차 - 측면충돌,안전거리미확보,건조,맑음,단일로 - 기타,승용,남,34세,상해없음,승용,남,31세,경상
2018020500100481,2018년 2월 5일 18시,월요일,부산광역시 연제구 연산동,경상사고,0,0,2,1,차대차 - 측면충돌,교차로운행방법위반,건조,맑음,교차로 - 교차로안,승용,남,35세,상해없음,승용,남,61세,경상
2018020500100519,2018년 2월 5일 19시,월요일,부산광역시 동래구 온천동,경상사고,0,0,2,0,차대차 - 추돌,안전거리미확보,건조,맑음,단일로 - 기타,승용,남,41세,상해없음,승용,남,38세,경상
2018020500100520,2018년 2월 5일 19시,월요일,부산광역시 부산진구 연지동,부상신고사고,0,0,0,1,차대차 - 측면충돌,안전운전불이행,건조,맑음,단일로 - 기타,이륜,남,27세,부상신고,승합,남,29세,상해없음
2018020500100521,2018년 2월 5일 19시,월요일,부산광역시 수영구 수영동,경상사고,0,0,1,0,차대차 - 기타,기타,건조,맑음,단일로 - 기타,승용,남,55세,상해없음,이륜,남,22세,경상
2018020500100555,2018년 2월 5일 20시,월요일,부산광역시 해운대구 우동,경상사고,0,0,1,0,차대사람 - 횡단중,신호위반,건조,맑음,교차로 - 교차로안,승용,남,25세,상해없음,보행자,남,49세,경상
2018020500100608,2018년 2월 5일 22시,월요일,부산광역시 해운대구 반여동,경상사고,0,0,2,0,차대차 - 추돌,안전운전불이행,건조,맑음,단일로 - 기타,승용,남,44세,상해없음,승용,여,37세,경상