사고번호,사고일시,요일,시군구,사고내용,사망자수,중상자수,경상자수,부상신고자수,사고유형,법규위반,노면상태,기상상태,도로형태,가해운전자 차종,가해운전자 성별,가해운전자 연령,가해운전자 상해정도,피해운전자 차종,피해운전자 성별,피해운전자 연령,피해운전자 상해정도
2018020500100609,2018년 2월 5일 22시,월요일,부산광역시 사하구 하단동,경상사고,0,0,1,0,차대사람 - 길가장자리구역통행중,안전운전불이행,건조,맑음,기타 - 기타,승용,남,33세,상해없음,보행자,남,45세,경상
2018020500100626,2018년 2월 5일 23시,월요일,부산광역시 동래구 명륜동,경상사고,0,0,2,0,차대차 - 측면충돌,신호위반,건조,맑음,교차로 - 교차로안,승용,남,55세,상해없음,승용,여,28세,경상
2018020500100627,2018년 2월 5일 23시,월요일,부산광역시 해운대구 좌동,경상사고,0,0,2,0,차대차 - 추돌,안전운전불이행,건조,맑음,단일로 - 기타,승용,남,41세,상해없음,승용,남,46세,경상
2018020600100007,2018년 2월 6일 00시,화요일,부산광역시 북구 구포동,경상사고,0,0,2,0,차대차 - 측면충돌,신호위반,건조,맑음,교차로 - 교차로안,승용,남,51세,상해없음,승용,남,25세,경상
2018020600100023,2018년 2월 6일 01시,화요일,부산광역시 서구 충무동3가,부상신고사고,0,0,0,1,차대차 - 추돌,안전거리미확보,건조,맑음,단일로 - 기타,이륜,남,25세,부상신고,승용,남,50세,상해없음
2018020600100028,2018년 2월 6일 02시,화요일,부산광역시 사상구 주례동,경상사고,0,0,1,1,차대차 - 후진중충돌,안전운전불이행,건조,맑음,교차로 - 교차로안,승용,여,37세,상해없음,승용,남,24세,경상
2018020600100051,2018년 2월 6일 05시,화요일,부산광역시 동래구 안락동,경상사고,0,0,1,0,차대차 - 추돌,안전운전불이행,건조,맑음,교차로 - 교차로부근,승용,남,36세,상해없음,승합,남,44세,경상
2018020600100061,2018년 2월 6일 06시,화요일,부산광역시 부산진구 개금동,부상신고사고,0,0,0,1,차대차 - 기타,안전운전불이행,건조,맑음,단일로 - 기타,이륜,남,19세,부상신고,승용,남,62세,상해없음
2018020600100062,2018년 2월 6일 06시,화요일,부산광역시 사하구 당리동,중상사고,0,1,0,0,차대사람 - 횡단중,보행자보호의무위반,건조,맑음,교차로 - 교차로안,승용,남,60세,상해없음,보행자,여,65세,중상
2018020600100076,2018년 2월 6일 07시,화요일,부산광역시 해운대구 재송동,경상사고,0,0,1,0,차대차 - 추돌,안전운전불이행,건조,맑음,단일로 - 기타,승용,남,51세,상해없음,승용,여,58세,경상
2018020600100078,2018년 2월 6일 07시,화요일,부산광역시 연제구 거제동,중상사고,0,1,0,0,차대사람 - 횡단중,보행자보호의무위반,건조,맑음,교차로 - 교차로횡단보도내,승용,남,35세,상해없음,보행자,여,59세,중상
2018020600100115,2018년 2월 6일 08시,화요일,부산광역시 서구 서대신동2가,경상사고,0,0,1,0,차대차 - 추돌,안전운전불이행,건조,맑음,단일로 - 기타,승합,남,62세,상해없음,승용,남,41세,경상
2018020600100116,2018년 2월 6일 08시,화요일,부산광역시 부산진구 전포동,경상사고,0,0,2,0,차대차 - 기타,기타,건조,맑음,단일로 - 기타,화물,남,29세,경상,승합,남,57세,경상
2018020600100117,2018년 2월 6일 08시,화요일,부산광역시 부산진구 부암동,경상사고,0,0,1,0,차대사람 - 보도통행중,보행자보호의무위반,건조,맑음,단일로 - 기타,승용,여,37세,상해없음,보행자,여,35세,경상
2018020600100163,2018년 2월 6일 09시,화요일,부산광역시 중구 남포동6가,중상사고,0,1,0,0,차대사람 - 횡단중,안전운전불이행,건조,맑음,단일로 - 기타,화물,여,59세,상해없음,보행자,여,66세,중상
2018020600100221,2018년 2월 6일 11시,화요일,부산광역시 부산진구 부전동,부상신고사고,0,0,0,1,차대차 - 측면충돌,안전거리미확보,건조,맑음,교차로 - 교차로안,이륜,남,53세,부상신고,승용,남,63세,상해없음
2018020600100222,2018년 2월 6일 11시,화요일,부산광역시 사하구 하단동,경상사고,0,0,3,0,차대차 - 기타,안전거리미확보,건조,맑음,단일로 - 기타,화물,남,60세,상해없음,승용,여,62세,경상
2018020600100259,2018년 2월 6일 12시,화요일,부산광역시 부산진구 전포동,경상사고,0,0,2,0,차대차 - 추돌,안전운전불이행,건조,맑음,단일로 - 기타,승용,여,59세,상해없음,승용,여,33세,경상
2018020600100293,2018년 2월 6일 13시,화요일,부산광역시 사하구 감천동,경상사고,0,0,2,0,차대차 - 추돌,안전운전불이행,건조,맑음,단일로 - 기타,승용,남,53세,상해없음,승용,남,51세,경상
2018020600100323,2018년 2월 6일 14시,화요일,부산광역시 수영구 남천동,경상사고,0,0,1,0,차량단독 - 기타,안전운전불이행,서리/결빙,맑음,교차로 - 교차로부근,이륜,남,37세,경상,,,,
2018020600100324,2018년 2월 6일 14시,화요일,부산광역시 부산진구 개금동,경상사고,0,0,2,0,차대차 - 기타,안전거리미확보,건조,맑음,교차로 - 교차로부근,승용,여,29세,상해없음,승용,남,45세,경상
2018020600100325,2018년 2월 6일 14시,화요일,부산광역시 부산진구 부전동,경상사고,0,0,1,0,차대차 - 측면충돌,안전거리미확보,건조,맑음,단일로 - 기타,승용,남,36세,상해없음,화물,남,44세,경상
2018020600100359,2018년 2월 6일 15시,화요일,부산광역시 해운대구 송정동,부상신고사고,0,0,0,1,차대차 - 추돌,안전운전불이행,기타,맑음,단일로 - 기타,승용,남,23세,상해없음,승용,여,57세,부상신고
2018020600100360,2018년 2월 6일 15시,화요일,부산광역시 부산진구 전포동,부상신고사고,0,0,0,1,차대차 - 측면충돌,안전운전불이행,건조,맑음,교차로 - 교차로부근,화물,남,61세,상해없음,승용,남,56세,부상신고
2018020600100361,2018년 2월 6일 15시,화요일,부산광역시 연제구 연산동,중상사고,0,1,2,0,차대차 - 기타,교차로운행방법위반,건조,맑음,교차로 - 교차로부근,이륜,남,57세,중상,화물,남,29세,경상
2018020600100362,2018년 2월 6일 15시,화요일,부산광역시 사상구 삼락동,부상신고사고,0,0,0,1,차대차 - 측면충돌,직진우회전진행방해,건조,맑음,교차로 - 교차로안,승용,남,32세,부상신고,화물,남,35세,상해없음
2018020600100386,2018년 2월 6일 16시,화요일,부산광역시 사하구 장림동,중상사고,0,2,1,0,차대차 - 기타,신호위반,건조,맑음,교차로 - 교차로안,승용,남,57세,경상,승용,남,30세,중상
2018020600100387,2018년 2월 6일 16시,화요일,부산광역시 강서구 대저2동,중상사고,0,1,0,0,차대차 - 추돌,안전거리미확보,건조,맑음,교차로 - 교차로부근,건설기계,남,47세,상해없음,승합,여,56세,중상
2018020600100426,2018년 2월 6일 17시,화요일,부산광역시 해운대구 우동,경상사고,0,0,1,0,차대차 - 측면충돌,기타,건조,맑음,단일로 - 기타,승용,남,64세,상해없음,승용,남,63세,경상
2018020600100465,2018년 2월 6일 18시,화요일,부산광역시 동래구 온천동,중상사고,0,1,0,0,차대사람 - 횡단중,안전운전불이행,건조,맑음,단일로 - 기타,승용,여,41세,상해없음,보행자,남,67세,중상
2018020600100466,2018년 2월 6일 18시,화요일,부산광역시 금정구 구서동,경상사고,0,0,2,0,차대차 - 측면충돌,안전운전불이행,건조,맑음,교차로 - 교차로안,승용,남,66세,상해없음,승용,여,44세,경상
2018020600100506,2018년 2월 6일 19시,화요일,부산광역시 동래구 온천동,경상사고,0,0,1,0,차대차 - 측면충돌,안전거리미확보,건조,맑음,단일로 - 기타,승용,남,34세,상해없음,원동기,남,22세,경상
2018020600100507,2018년 2월 6일 19시,화요일,부산광역시 해운대구 좌동,중상사고,0,1,0,0,차대사람 - 기타,안전운전불이행,건조,맑음,단일로 - 기타,승용,남,56세,상해없음,보행자,여,38세,중상
2018020600100543,2018년 2월 6일 20시,화요일,부산광역시 북구 덕천동,경상사고,0,0,1,0,차대사람 - 기타,안전운전불이행,건조,맑음,단일로 - 기타,승용,여,25세,상해없음,보행자,여,17세,경상
2018020600100544,2018년 2월 6일 20시,화요일,부산광역시 연제구 연산동,중상사고,0,1,0,0,차량단독 - 기타,안전운전불이행,서리/결빙,맑음,단일로 - 기타,이륜,남,50세,중상,,,,
2018020600100545,2018년 2월 6일 20시,화요일,부산광역시 연제구 연산동,부상신고사고,0,0,0,1,차량단독 - 기타,안전운전불이행,서리/결빙,맑음,단일로 - 기타,이륜,남,57세,부상신고,,,,
2018020600100570,2018년 2월 6일 21시,화요일,부산광역시 강서구 대저1동,중상사고,0,1,1,0,차대차 - 추돌,안전운전불이행,건조,맑음,단일로 - 기타,승용,남,68세,상해없음,화물,남,43세,상해없음
2018020600100631,2018년 2월 6일 23시,화요일,부산광역시 부산진구 양정동,경상사고,0,0,1,0,차대차 - 측면충돌,안전거리미확보,건조,맑음,단일로 - 기타,승용,남,58세,상해없음,승용,남,52세,경상
2018020700100022,2018년 2월 7일 01시,수요일,부산광역시 동래구 명륜동,중상사고,0,1,0,0,차대차 - 측면충돌,중앙선침범,건조,맑음,단일로 - 기타,승용,남,64세,상해없음,승용,남,30세,중상
2018020700100033,2018년 2월 7일 02시,수요일,부산광역시 사상구 괘법동,중상사고,0,1,0,0,차대사람 - 기타,안전운전불이행,건조,맑음,교차로 - 교차로횡단보도내,승용,남,33세,상해없음,보행자,남,57세,중상
2018020700100041,2018년 2월 7일 03시,수요일,부산광역시 부산진구 부전동,경상사고,0,0,2,0,차대차 - 추돌,안전운전불이행,건조,맑음,교차로 - 교차로부근,승용,남,19세,상해없음,승용,남,68세,경상
2018020700100047,2018년 2월 7일 04시,수요일,부산광역시 부산진구 개금동,중상사고,0,1,0,0,차대차 - 기타,안전운전불이행,건조,맑음,단일로 - 기타,승용,남,38세,상해없음,화물,남,35세,상해없음
2018020700100062,2018년 2월 7일 05시,수요일,부산광역시 사하구 하단동,중상사고,0,1,0,0,차대사람 - 횡단중,신호위반,건조,맑음,단일로 - 기타,이륜,남,26세,상해없음,보행자,여,63세,중상
2018020700100063,2018년 2월 7일 05시,수요일,부산광역시 사하구 장림동,중상사고,0,1,0,0,차대차 - 기타,안전운전불이행,건조,기타,단일로 - 기타,승용,남,61세,중상,화물,남,48세,상해없음
2018020700100065,2018년 2월 7일 05시,수요일,부산광역시 연제구 연산동,중상사고,0,1,0,0,차대차 - 측면충돌,신호위반,건조,맑음,교차로 - 교차로안,승용,남,57세,상해없음,이륜,남,58세,중상
2018020700100076,2018년 2월 7일 06시,수요일,부산광역시 기장군 정관읍,중상사고,0,2,0,0,차대차 - 정면충돌,신호위반,건조,맑음,교차로 - 교차로안,화물,남,55세,중상,승용,남,41세,중상
2018020700100100,2018년 2월 7일 07시,수요일,부산광역시 금정구 구서동,경상사고,0,0,1,0,차대차 - 측면충돌,교차로운행방법위반,건조,맑음,교차로 - 교차로안,특수,남,53세,상해없음,승용,남,45세,경상
2018020700100136,2018년 2월 7일 08시,수요일,부산광역시 부산진구 부전동,중상사고,0,1,0,0,차대사람 - 기타,안전운전불이행,건조,맑음,교차로 - 교차로부근,승용,여,60세,상해없음,보행자,여,49세,중상
2018020700100207,2018년 2월 7일 10시,수요일,부산광역시 동래구 온천동,경상사고,0,0,1,0,차대차 - 측면충돌,안전운전불이행,건조,맑음,교차로 - 교차로안,승용,여,58세,상해없음,승용,남,46세,경상
2018020700100239,2018년 2월 7일 11시,수요일,부산광역시 수영구 망미동,중상사고,0,1,0,0,차대사람 - 기타,안전운전불이행,건조,맑음,교차로 - 교차로부근,화물,남,39세,상해없음,보행자,여,45세,중상
2018020700100326,2018년 2월 7일 14시,수요일,부산광역시 동구 범일동,경상사고,0,0,3,0,차대차 - 측면충돌,교차로운행방법위반,건조,맑음,교차로 - 교차로안,승용,여,60세,경상,승용,여,49세,경상
2018020700100327,2018년 2월 7일 14시,수요일,부산광역시 사상구 주례동,중상사고,0,1,0,0,차대차 - 추돌,안전운전불이행,건조,맑음,단일로 - 기타,승용,여,29세,상해없음,이륜,남,65세,중상
2018020700100360,2018년 2월 7일 15시,수요일,부산광역시 해운대구 좌동,중상사고,0,1,0,1,차대차 - 측면충돌,안전운전불이행,건조,맑음,교차로 - 교차로안,승용,여,71세,부상신고,승용,남,29세,중상
2018020700100361,2018년 2월 7일 15시,수요일,부산광역시 부산진구 가야동,경상사고,0,0,2,0,차대차 - 기타,안전거리미확보,건조,맑음,단일로 - 기타,승용,남,25세,상해없음,승용,남,59세,경상
2018020700100362,2018년 2월 7일 15시,수요일,부산광역시 금정구 금사동,경상사고,0,0,1,0,차대차 - 측면충돌,안전운전불이행,건조,맑음,교차로 - 교차로부근,이륜,남,33세,경상,승용,남,57세,상해없음
2018020700100363,2018년 2월 7일 15시,수요일,부산광역시 금정구 서동,중상사고,0,1,0,0,차대사람 - 기타,보행자보호의무위반,건조,맑음,단일로 - 기타,승용,여,30세,상해없음,보행자,여,60세,중상
2018020700100398,2018년 2월 7일 16시,수요일,부산광역시 북구 만덕동,경상사고,0,0,1,0,차대차 - 추돌,안전거리미확보,건조,맑음,단일로 - 기타,승용,남,26세,상해없음,승용,남,54세,상해없음
2018020700100430,2018년 2월 7일 17시,수요일,부산광역시 동래구 온천동,경상사고,0,0,2,1,차대차 - 측면충돌,신호위반,건조,맑음,교차로 - 교차로안,승용,여,43세,부상신고,승용,남,67세,경상
2018020700100431,2018년 2월 7일 17시,수요일,부산광역시 사상구 주례동,경상사고,0,0,1,0,차대차 - 기타,안전운전불이행,건조,맑음,단일로 - 기타,이륜,남,35세,경상,승합,남,60세,상해없음
2018020700100474,2018년 2월 7일 18시,수요일,부산광역시 남구 문현동,경상사고,0,0,3,0,차대차 - 기타,교차로운행방법위반,건조,맑음,교차로 - 교차로부근,승용,남,71세,상해없음,승용,여,40세,경상
2018020700100475,2018년 2월 7일 18시,수요일,부산광역시 사상구 모라동,경상사고,0,0,1,0,차대사람 - 횡단중,안전운전불이행,건조,맑음,교차로 - 교차로횡단보도내,승용,남,50세,상해없음,보행자,여,47세,경상
2018020700100536,2018년 2월 7일 19시,수요일,부산광역시 남구 대연동,중상사고,0,1,0,0,차대사람 - 횡단중,안전운전불이행,건조,맑음,단일로 - 기타,승용,남,43세,상해없음,보행자,여,72세,중상
2018020700100537,2018년 2월 7일 19시,수요일,부산광역시 기장군 정관읍,경상사고,0,0,4,0,차대차 - 추돌,안전운전불이행,건조,맑음,단일로 - 터널,승용,남,36세,경상,승용,남,42세,경상
2018020700100590,2018년 2월 7일 20시,수요일,부산광역시 부산진구 개금동,경상사고,0,0,1,0,차대사람 - 기타,보행자보호의무위반,건조,맑음,교차로 - 교차로횡단보도내,이륜,남,41세,상해없음,보행자,남,54세,경상
2018020700100591,2018년 2월 7일 20시,수요일,부산광역시 사상구 엄궁동,경상사고,0,0,5,0,차대차 - 추돌,안전운전불이행,건조,맑음,단일로 - 기타,승용,남,55세,상해없음,승용,남,35세,경상
2018020700100622,2018년 2월 7일 21시,수요일,부산광역시 영도구 남항동1가,경상사고,0,0,1,0,차대사람 - 기타,안전운전불이행,건조,맑음,단일로 - 기타,승용,여,47세,상해없음,보행자,남,70세,경상
2018020700100684,2018년 2월 7일 23시,수요일,부산광역시 금정구 서동,경상사고,0,0,1,0,차대차 - 측면충돌,직진우회전진행방해,건조,맑음,교차로 - 교차로안,승용,남,24세,상해없음,승용,남,70세,경상
2018020800100004,2018년 2월 8일 00시,목요일,부산광역시 부산진구 양정동,중상사고,0,1,0,0,차대사람 - 횡단중,안전운전불이행,건조,맑음,단일로 - 기타,승용,남,50세,상해없음,보행자,남,40세,중상
2018020800100005,2018년 2월 8일 00시,목요일,부산광역시 부산진구 부전동,경상사고,0,0,1,0,차대차 - 측면충돌,교차로운행방법위반,건조,맑음,교차로 - 교차로안,승용,남,20세,상해없음,승용,남,36세,경상
2018020800100025,2018년 2월 8일 01시,목요일,부산광역시 동래구 안락동,중상사고,0,2,0,0,차대사람 - 횡단중,안전운전불이행,건조,맑음,교차로 - 교차로부근,승용,남,70세,상해없음,보행자,여,54세,중상
2018020800100026,2018년 2월 8일 01시,목요일,부산광역시 금정구 남산동,부상신고사고,0,0,0,1,차대사람 - 길가장자리구역통행중,안전운전불이행,건조,맑음,교차로 - 교차로부근,기타불명,기타불명,미분류,기타불명,보행자,남,51세,부상신고
2018020800100064,2018년 2월 8일 05시,목요일,부산광역시 부산진구 범천동,경상사고,0,0,1,0,차대차 - 추돌,안전운전불이행,건조,맑음,교차로 - 교차로부근,승용,남,24세,상해없음,승용,여,53세,경상
2018020800100076,2018년 2월 8일 06시,목요일,부산광역시 사상구 감전동,경상사고,0,0,1,0,차대차 - 추돌,안전운전불이행,건조,맑음,교차로 - 교차로부근,승용,남,21세,상해없음,승용,남,44세,경상
2018020800100097,2018년 2월 8일 07시,목요일,부산광역시 동래구 명장동,경상사고,0,0,1,0,차대차 - 측면충돌,안전운전불이행,건조,맑음,교차로 - 교차로안,승용,여,55세,상해없음,승용,남,74세,경상
2018020800100098,2018년 2월 8일 07시,목요일,부산광역시 기장군 장안읍,경상사고,0,0,1,0,차대차 - 측면충돌,안전운전불이행,건조,맑음,단일로 - 기타,건설기계,남,57세,상해없음,승용,남,54세,경상
2018020800100099,2018년 2월 8일 07시,목요일,부산광역시 기장군 장안읍,경상사고,0,0,3,0,차대차 - 추돌,안전운전불이행,건조,맑음,단일로 - 기타,승합,남,67세,상해없음,승용,여,61세,경상
2018020800100133,2018년 2월 8일 08시,목요일,부산광역시 동래구 온천동,중상사고,0,1,1,0,차대차 - 추돌,안전거리미확보,건조,맑음,단일로 - 기타,승용,남,52세,상해없음,승용,여,30세,중상
2018020800100134,2018년 2월 8일 08시,목요일,부산광역시 해운대구 반여동,경상사고,0,0,1,3,차대차 - 기타,안전거리미확보,건조,맑음,단일로 - 기타,승용,남,51세,상해없음,승용,남,18세,부상신고
2018020800100182,2018년 2월 8일 09시,목요일,부산광역시 남구 대연동,경상사고,0,0,1,0,차대차 - 측면충돌,안전운전불이행,건조,맑음,단일로 - 기타,승용,남,60세,상해없음,승용,여,44세,경상
2018020800100256,2018년 2월 8일 11시,목요일,부산광역시 서구 서대신동1가,중상사고,0,1,0,0,차대차 - 측면충돌,안전운전불이행,건조,맑음,교차로 - 교차로부근,건설기계,남,68세,상해없음,원동기,남,54세,중상
2018020800100290,2018년 2월 8일 12시,목요일,부산광역시 동구 범일동,중상사고,0,1,3,0,차대차 - 추돌,안전운전불이행,건조,맑음,교차로 - 교차로부근,승용,남,58세,상해없음,승용,남,48세,경상
2018020800100322,2018년 2월 8일 13시,목요일,부산광역시 남구 대연동,경상사고,0,0,1,0,차대차 - 추돌,안전운전불이행,건조,맑음,단일로 - 기타,화물,남,47세,상해없음,승용,여,47세,경상
2018020800100323,2018년 2월 8일 13시,목요일,부산광역시 사상구 괘법동,중상사고,0,1,0,0,차대사람 - 기타,안전운전불이행,건조,맑음,단일로 - 기타,승용,여,65세,상해없음,보행자,여,72세,중상
2018020800100353,2018년 2월 8일 14시,목요일,부산광역시 동래구 안락동,중상사고,0,1,0,0,차대차 - 기타,안전운전불이행,건조,맑음,교차로 - 교차로안,승용,남,56세,상해없음,자전거,남,18세,중상
2018020800100354,2018년 2월 8일 14시,목요일,부산광역시 해운대구 재송동,경상사고,0,0,1,0,차대차 - 추돌,안전운전불이행,건조,맑음,교차로 - 교차로부근,승용,여,26세,상해없음,승용,여,38세,경상
2018020800100355,2018년 2월 8일 14시,목요일,부산광역시 부산진구 부전동,중상사고,0,1,0,0,차대차 - 측면충돌,신호위반,건조,맑음,교차로 - 교차로안,승용,남,22세,기타불명,원동기,남,36세,중상
2018020800100396,2018년 2월 8일 15시,목요일,부산광역시 부산진구 범천동,중상사고,0,1,0,0,차대사람 - 횡단중,안전운전불이행,건조,맑음,교차로 - 교차로부근,화물,남,48세,상해없음,보행자,여,59세,중상
2018020800100397,2018년 2월 8일 15시,목요일,부산광역시 연제구 연산동,중상사고,0,1,0,0,차대사람 - 횡단중,보행자보호의무위반,건조,맑음,교차로 - 교차로횡단보도내,승합,남,71세,상해없음,보행자,여,73세,중상
2018020800100398,2018년 2월 8일 15시,목요일,부산광역시 사상구 엄궁동,경상사고,0,0,1,0,차대차 - 측면충돌,안전운전불이행,건조,맑음,교차로 - 교차로안,화물,남,49세,상해없음,화물,남,71세,상해없음
2018020800100399,2018년 2월 8일 15시,목요일,부산광역시 금정구 두구동,경상사고,0,0,1,0,차대차 - 측면충돌,안전운전불이행,건조,맑음,단일로 - 기타,화물,남,53세,상해없음,승용,여,64세,경상
2018020800100439,2018년 2월 8일 16시,목요일,부산광역시 서구 초장동,경상사고,0,0,1,0,차대차 - 측면충돌,안전거리미확보,건조,맑음,교차로 - 교차로안,승용,남,62세,상해없음,승용,남,58세,경상
2018020800100440,2018년 2월 8일 16시,목요일,부산광역시 부산진구 범전동,경상사고,0,0,1,0,차대차 - 측면충돌,안전운전불이행,건조,맑음,단일로 - 기타,화물,남,27세,상해없음,승용,여,60세,경상
2018020800100517,2018년 2월 8일 18시,목요일,부산광역시 해운대구 우동,경상사고,0,0,1,0,차대차 - 기타,안전운전불이행,건조,맑음,교차로 - 교차로안,승용,여,46세,상해없음,승용,남,62세,상해없음
2018020800100518,2018년 2월 8일 18시,목요일,부산광역시 금정구 노포동,경상사고,0,0,1,0,차대차 - 측면충돌,안전운전불이행,건조,맑음,단일로 - 기타,승용,남,76세,상해없음,승용,남,44세,경상
2018020800100519,2018년 2월 8일 18시,목요일,부산광역시 사하구 장림동,경상사고,0,0,1,0,차대차 - 측면충돌,차로위반,건조,맑음,단일로 - 기타,이륜,남,52세,경상,승용,여,54세,상해없음
2018020800100570,2018년 2월 8일 19시,목요일,부산광역시 북구 구포동,경상사고,0,0,1,0,차대차 - 정면충돌,신호위반,건조,맑음,교차로 - 교차로부근,승용,여,55세,상해없음,승용,남,57세,경상
2018020800100571,2018년 2월 8일 19시,목요일,부산광역시 연제구 연산동,중상사고,0,1,0,0,차대사람 - 차도통행중,안전운전불이행,건조,맑음,교차로 - 교차로안,화물,남,64세,상해없음,보행자,여,75세,중상
2018020800100572,2018년 2월 8일 19시,목요일,부산광역시 연제구 거제동,경상사고,0,0,2,0,차대차 - 측면충돌,안전운전불이행,건조,맑음,교차로 - 교차로부근,승용,여,42세,상해없음,이륜,남,16세,경상
2018020800100617,2018년 2월 8일 20시,목요일,부산광역시 동구 범일동,중상사고,0,1,0,0,차량단독 - 기타,기타,건조,맑음,단일로 - 기타,승합,남,53세,상해없음,,,,
2018020800100618,2018년 2월 8일 20시,목요일,부산광역시 수영구 남천동,경상사고,0,0,1,0,차대차 - 측면충돌,안전운전불이행,건조,맑음,교차로 - 교차로안,승용,여,39세,상해없음,이륜,남,29세,경상
2018020800100619,2018년 2월 8일 20시,목요일,부산광역시 남구 감만동,경상사고,0,0,2,0,차대차 - 추돌,안전운전불이행,건조,맑음,단일로 - 기타,승용,남,56세,상해없음,승용,남,25세,경상
2018020800100620,2018년 2월 8일 20시,목요일,부산광역시 부산진구 연지동,중상사고,0,1,1,0,차대차 - 측면충돌,신호위반,건조,맑음,단일로 - 기타,승용,남,60세,상해없음,이륜,남,42세,중상
2018020800100621,2018년 2월 8일 20시,목요일,부산광역시 연제구 연산동,경상사고,0,0,1,0,차대사람 - 차도통행중,안전운전불이행,건조,맑음,교차로 - 교차로부근,승용,남,61세,상해없음,보행자,남,53세,경상
2018020800100652,2018년 2월 8일 21시,목요일,부산광역시 수영구 광안동,경상사고,0,0,3,0,차대차 - 추돌,안전운전불이행,건조,맑음,교차로 - 교차로부근,승용,남,37세,상해없음,승용,남,41세,경상
2018020800100653,2018년 2월 8일 21시,목요일,부산광역시 북구 덕천동,사망사고,1,0,0,0,차대사람 - 기타,안전운전불이행,건조,맑음,단일로 - 기타,승합,남,38세,상해없음,보행자,남,71세,사망
2018020800100687,2018년 2월 8일 22시,목요일,부산광역시 수영구 광안동,중상사고,0,3,2,1,차대차 - 추돌,안전운전불이행,건조,맑음,단일로 - 기타,승용,남,51세,상해없음,승용,여,54세,중상
2018020800100689,2018년 2월 8일 22시,목요일,부산광역시 북구 덕천동,경상사고,0,0,1,0,차대차 - 기타,안전운전불이행,건조,맑음,교차로 - 교차로안,승용,남,62세,상해없음,화물,남,51세,경상
2018020800100690,2018년 2월 8일 22시,목요일,부산광역시 동래구 안락동,경상사고,0,0,1,1,차대차 - 측면충돌,안전거리미확보,건조,맑음,교차로 - 교차로횡단보도내,화물,남,45세,상해없음,이륜,남,17세,부상신고
2018020800100691,2018년 2월 8일 22시,목요일,부산광역시 연제구 거제동,경상사고,0,0,1,0,차대차 - 정면충돌,신호위반,건조,맑음,교차로 - 교차로안,승용,남,40세,상해없음,승용,남,62세,경상
2018020800100730,2018년 2월 8일 23시,목요일,부산광역시 서구 서대신동3가,경상사고,0,0,1,0,차대차 - 후진중충돌,안전운전불이행,건조,맑음,단일로 - 기타,승용,남,40세,상해없음,승용,남,56세,경상
2018020800100731,2018년 2월 8일 23시,목요일,부산광역시 남구 용호동,중상사고,0,1,2,0,차대차 - 추돌,안전운전불이행,건조,맑음,교차로 - 교차로부근,승용,남,62세,상해없음,승용,남,28세,경상
2018020800100732,2018년 2월 8일 23시,목요일,부산광역시 부산진구 전포동,사망사고,1,0,0,0,차대사람 - 기타,안전운전불이행,건조,맑음,단일로 - 기타,승용,남,50세,상해없음,보행자,남,50세,사망
2018020900100008,2018년 2월 9일 00시,금요일,부산광역시 부산진구 전포동,경상사고,0,0,1,0,차대사람 - 횡단중,안전운전불이행,건조,맑음,교차로 - 교차로안,승용,남,66세,상해없음,보행자,남,23세,경상
2018020900100067,2018년 2월 9일 05시,금요일,부산광역시 부산진구 전포동,경상사고,0,0,1,1,차대차 - 측면충돌,안전운전불이행,건조,맑음,단일로 - 기타,이륜,남,23세,부상신고,승용,남,50세,경상
2018020900100091,2018년 2월 9일 07시,금요일,부산광역시 해운대구 중동,중상사고,0,1,0,0,차대사람 - 차도통행중,안전운전불이행,건조,흐림,단일로 - 기타,이륜,남,45세,상해없음,보행자,남,46세,중상
2018020900100092,2018년 2월 9일 07시,금요일,부산광역시 기장군 철마면,경상사고,0,0,3,0,차대차 - 정면충돌,중앙선침범,서리/결빙,비,기타 - 기타,승용,남,70세,경상,화물,남,47세,상해없음
2018020900100120,2018년 2월 9일 08시,금요일,부산광역시 북구 구포동,경상사고,0,0,1,0,차대차 - 기타,안전운전불이행,적설,맑음,교차로 - 교차로안,화물,남,50세,상해없음,승용,남,58세,상해없음
2018020900100121,2018년 2월 9일 08시,금요일,부산광역시 동래구 사직동,경상사고,0,0,1,1,차대차 - 측면충돌,안전운전불이행,건조,맑음,단일로 - 기타,승용,여,43세,부상신고,승용,남,56세,경상
2018020900100122,2018년 2월 9일 08시,금요일,부산광역시 해운대구 반송동,경상사고,0,0,1,0,차대차 - 기타,안전운전불이행,서리/결빙,눈,단일로 - 기타,승용,남,30세,상해없음,승용,여,50세,상해없음
2018020900100123,2018년 2월 9일 08시,금요일,부산광역시 부산진구 가야동,부상신고사고,0,0,0,5,차대차 - 정면충돌,안전운전불이행,건조,맑음,단일로 - 기타,승용,남,45세,상해없음,승용,남,18세,부상신고
2018020900100124,2018년 2월 9일 08시,금요일,부산광역시 연제구 연산동,경상사고,0,0,1,0,차대차 - 측면충돌,안전거리미확보,건조,맑음,교차로 - 교차로부근,화물,남,52세,상해없음,승용,여,56세,경상
2018020900100125,2018년 2월 9일 08시,금요일,부산광역시 사상구 엄궁동,경상사고,0,0,1,2,차대차 - 추돌,안전운전불이행,서리/결빙,흐림,단일로 - 기타,승용,여,39세,상해없음,승용,여,38세,경상
2018020900100163,2018년 2월 9일 09시,금요일,부산광역시 해운대구 송정동,경상사고,0,0,1,0,차대차 - 추돌,안전거리미확보,젖음/습기,비,교차로 - 교차로안,승용,남,59세,상해없음,승용,여,43세,경상
2018020900100164,2018년 2월 9일 09시,금요일,부산광역시 금정구 구서동,중상사고,0,1,0,0,차대사람 - 횡단중,안전운전불이행,서리/결빙,흐림,단일로 - 기타,승용,남,54세,상해없음,보행자,여,44세,중상