사고번호,사고일시,요일,시군구,사고내용,사망자수,중상자수,경상자수,부상신고자수,사고유형,법규위반,노면상태,기상상태,도로형태,가해운전자 차종,가해운전자 성별,가해운전자 연령,가해운전자 상해정도,피해운전자 차종,피해운전자 성별,피해운전자 연령,피해운전자 상해정도
2018021200100593,2018년 2월 12일 19시,월요일,부산광역시 동래구 안락동,경상사고,0,0,1,0,차대차 - 측면충돌,신호위반,건조,맑음,교차로 - 교차로안,승합,남,36세,상해없음,이륜,남,18세,경상
2018021200100594,2018년 2월 12일 19시,월요일,부산광역시 부산진구 범천동,경상사고,0,0,1,1,차대차 - 측면충돌,차로위반,건조,맑음,단일로 - 기타,승용,남,44세,상해없음,승용,남,47세,부상신고
2018021200100595,2018년 2월 12일 19시,월요일,부산광역시 연제구 연산동,경상사고,0,0,1,0,차대차 - 추돌,안전운전불이행,건조,맑음,단일로 - 기타,승용,여,32세,상해없음,승용,여,42세,경상
2018021200100596,2018년 2월 12일 19시,월요일,부산광역시 기장군 철마면,경상사고,0,0,1,0,차대사람 - 기타,안전운전불이행,건조,맑음,교차로 - 교차로부근,기타불명,기타불명,미분류,기타불명,보행자,여,84세,경상
2018021200100637,2018년 2월 12일 20시,월요일,부산광역시 남구 용호동,부상신고사고,0,0,0,1,차대사람 - 기타,기타,건조,맑음,단일로 - 기타,승용,남,45세,상해없음,보행자,남,44세,부상신고
2018021200100638,2018년 2월 12일 20시,월요일,부산광역시 사상구 학장동,경상사고,0,0,1,0,차대사람 - 길가장자리구역통행중,안전운전불이행,건조,맑음,단일로 - 기타,승용,남,57세,상해없음,보행자,여,48세,경상
2018021200100686,2018년 2월 12일 21시,월요일,부산광역시 북구 덕천동,경상사고,0,0,3,1,차대차 - 기타,교차로운행방법위반,건조,맑음,교차로 - 교차로안,화물,남,70세,부상신고,승용,남,54세,경상
2018021200100687,2018년 2월 12일 21시,월요일,부산광역시 영도구 동삼동,중상사고,0,1,0,0,차대차 - 측면충돌,안전운전불이행,건조,맑음,단일로 - 기타,승용,남,26세,상해없음,승용,남,57세,기타불명
2018021200100717,2018년 2월 12일 22시,월요일,부산광역시 사상구 학장동,경상사고,0,0,4,0,차대차 - 정면충돌,중앙선침범,건조,맑음,교차로 - 교차로부근,승용,남,44세,상해없음,승용,남,50세,경상
2018021200100744,2018년 2월 12일 23시,월요일,부산광역시 강서구 명지동,경상사고,0,0,1,0,차대차 - 측면충돌,차로위반,건조,맑음,단일로 - 기타,승용,남,24세,상해없음,승용,남,57세,경상
2018021300100035,2018년 2월 13일 01시,화요일,부산광역시 부산진구 범천동,경상사고,0,0,1,0,차대차 - 정면충돌,안전운전불이행,건조,맑음,단일로 - 기타,승용,남,36세,상해없음,승용,남,46세,상해없음
2018021300100049,2018년 2월 13일 02시,화요일,부산광역시 수영구 수영동,경상사고,0,0,1,0,차대차 - 추돌,안전운전불이행,건조,맑음,단일로 - 기타,화물,남,66세,상해없음,승용,남,63세,경상
2018021300100072,2018년 2월 13일 04시,화요일,부산광역시 남구 문현동,경상사고,0,0,1,0,차대차 - 측면충돌,안전운전불이행,건조,맑음,단일로 - 기타,승용,남,30세,상해없음,승용,남,63세,경상
2018021300100096,2018년 2월 13일 06시,화요일,부산광역시 금정구 노포동,중상사고,0,1,0,0,차대차 - 측면충돌,안전거리미확보,건조,맑음,교차로 - 교차로부근,승용,여,44세,중상,화물,남,58세,상해없음
2018021300100097,2018년 2월 13일 06시,화요일,부산광역시 금정구 부곡동,중상사고,0,1,0,0,차대사람 - 기타,안전운전불이행,건조,맑음,교차로 - 교차로안,승용,남,63세,상해없음,보행자,남,68세,중상
2018021300100139,2018년 2월 13일 08시,화요일,부산광역시 수영구 민락동,경상사고,0,0,1,0,차대차 - 추돌,안전운전불이행,건조,맑음,단일로 - 기타,승용,남,61세,상해없음,승용,남,26세,경상
2018021300100186,2018년 2월 13일 09시,화요일,부산광역시 동래구 사직동,중상사고,0,1,2,0,차대차 - 후진중충돌,안전운전불이행,건조,맑음,교차로 - 교차로부근,건설기계,남,72세,상해없음,화물,남,48세,경상
2018021300100187,2018년 2월 13일 09시,화요일,부산광역시 부산진구 부전동,경상사고,0,0,1,0,차대차 - 측면충돌,안전운전불이행,건조,맑음,단일로 - 기타,승용,남,68세,상해없음,화물,남,44세,상해없음
2018021300100188,2018년 2월 13일 09시,화요일,부산광역시 부산진구 연지동,경상사고,0,0,1,0,차대차 - 측면충돌,안전거리미확보,건조,맑음,단일로 - 기타,승합,남,56세,상해없음,승용,남,48세,경상
2018021300100189,2018년 2월 13일 09시,화요일,부산광역시 금정구 구서동,중상사고,0,1,2,0,차대차 - 측면충돌,안전운전불이행,건조,맑음,교차로 - 교차로안,승용,여,36세,상해없음,승용,남,59세,중상
2018021300100190,2018년 2월 13일 09시,화요일,부산광역시 수영구 망미동,경상사고,0,0,3,1,차대차 - 측면충돌,안전운전불이행,건조,맑음,교차로 - 교차로안,승용,여,67세,상해없음,승용,남,42세,부상신고
2018021300100235,2018년 2월 13일 10시,화요일,부산광역시 북구 구포동,경상사고,0,0,1,0,차대사람 - 차도통행중,안전운전불이행,건조,맑음,교차로 - 교차로부근,화물,남,64세,상해없음,보행자,남,75세,경상
2018021300100236,2018년 2월 13일 10시,화요일,부산광역시 부산진구 개금동,중상사고,0,1,0,0,차대사람 - 횡단중,보행자보호의무위반,건조,맑음,교차로 - 교차로횡단보도내,건설기계,남,35세,상해없음,보행자,남,61세,중상
2018021300100237,2018년 2월 13일 10시,화요일,부산광역시 강서구 강동동,중상사고,0,1,0,0,차대사람 - 차도통행중,안전운전불이행,건조,맑음,단일로 - 기타,화물,남,70세,상해없음,보행자,여,52세,중상
2018021300100281,2018년 2월 13일 11시,화요일,부산광역시 수영구 광안동,경상사고,0,0,1,0,차대사람 - 기타,안전운전불이행,건조,맑음,단일로 - 기타,화물,남,71세,상해없음,보행자,남,48세,경상
2018021300100282,2018년 2월 13일 11시,화요일,부산광역시 동래구 온천동,경상사고,0,0,1,0,차대차 - 측면충돌,안전거리미확보,건조,맑음,단일로 - 기타,승용,남,60세,상해없음,승용,남,27세,경상
2018021300100283,2018년 2월 13일 11시,화요일,부산광역시 해운대구 중동,중상사고,0,1,0,0,차량단독 - 기타,안전운전불이행,건조,맑음,단일로 - 기타,승합,남,75세,상해없음,,,,
2018021300100284,2018년 2월 13일 11시,화요일,부산광역시 부산진구 부암동,중상사고,0,1,1,0,차대사람 - 기타,안전운전불이행,건조,맑음,단일로 - 기타,승용,여,21세,상해없음,보행자,여,41세,경상
2018021300100285,2018년 2월 13일 11시,화요일,부산광역시 부산진구 부암동,경상사고,0,0,1,0,차대차 - 기타,안전운전불이행,건조,맑음,교차로 - 교차로부근,승용,남,35세,상해없음,이륜,남,20세,경상
2018021300100286,2018년 2월 13일 11시,화요일,부산광역시 부산진구 당감동,경상사고,0,0,1,0,차대차 - 측면충돌,차로위반,건조,맑음,단일로 - 기타,승용,남,27세,상해없음,승용,여,46세,경상
2018021300100287,2018년 2월 13일 11시,화요일,부산광역시 부산진구 부전동,중상사고,0,1,0,0,차대사람 - 기타,안전운전불이행,건조,맑음,교차로 - 교차로부근,승합,남,51세,상해없음,보행자,여,76세,중상
2018021300100321,2018년 2월 13일 12시,화요일,부산광역시 북구 덕천동,경상사고,0,0,1,0,차대차 - 측면충돌,안전운전불이행,건조,맑음,교차로 - 교차로안,승용,여,69세,상해없음,승합,남,53세,상해없음
2018021300100322,2018년 2월 13일 12시,화요일,부산광역시 사상구 주례동,경상사고,0,0,1,0,차대사람 - 횡단중,안전운전불이행,건조,맑음,교차로 - 교차로부근,승용,남,47세,상해없음,보행자,여,68세,경상
2018021300100388,2018년 2월 13일 14시,화요일,부산광역시 남구 대연동,경상사고,0,0,3,0,차대차 - 추돌,안전운전불이행,건조,맑음,단일로 - 기타,승용,여,23세,상해없음,화물,남,22세,경상
2018021300100431,2018년 2월 13일 15시,화요일,부산광역시 북구 구포동,경상사고,0,0,2,0,차대차 - 후진중충돌,안전운전불이행,건조,맑음,단일로 - 기타,승용,여,59세,상해없음,이륜,남,28세,경상
2018021300100432,2018년 2월 13일 15시,화요일,부산광역시 영도구 봉래동2가,경상사고,0,0,1,0,차대차 - 기타,안전운전불이행,건조,맑음,단일로 - 기타,원동기,기타불명,미분류,기타불명,승합,남,44세,상해없음
2018021300100433,2018년 2월 13일 15시,화요일,부산광역시 해운대구 좌동,중상사고,0,1,0,0,차대사람 - 기타,안전운전불이행,건조,맑음,기타 - 기타,원동기,남,38세,상해없음,보행자,여,56세,중상
2018021300100434,2018년 2월 13일 15시,화요일,부산광역시 부산진구 가야동,경상사고,0,0,1,0,차대사람 - 길가장자리구역통행중,안전운전불이행,건조,맑음,단일로 - 기타,승용,여,19세,상해없음,보행자,여,37세,경상
2018021300100435,2018년 2월 13일 15시,화요일,부산광역시 강서구 봉림동,경상사고,0,0,2,0,차대차 - 추돌,안전거리미확보,건조,맑음,단일로 - 기타,화물,남,49세,경상,화물,남,40세,경상
2018021300100533,2018년 2월 13일 17시,화요일,부산광역시 수영구 민락동,경상사고,0,0,1,0,차대차 - 측면충돌,안전운전불이행,건조,맑음,교차로 - 교차로부근,승합,남,71세,상해없음,자전거,남,62세,경상
2018021300100534,2018년 2월 13일 17시,화요일,부산광역시 남구 문현동,경상사고,0,0,1,0,차대사람 - 차도통행중,안전운전불이행,건조,맑음,단일로 - 기타,승용,여,44세,상해없음,보행자,여,75세,경상
2018021300100535,2018년 2월 13일 17시,화요일,부산광역시 부산진구 개금동,경상사고,0,0,1,0,차대차 - 측면충돌,안전운전불이행,건조,맑음,기타 - 기타,화물,남,45세,경상,승용,남,61세,기타불명
2018021300100536,2018년 2월 13일 17시,화요일,부산광역시 기장군 장안읍,중상사고,0,1,1,0,차대차 - 측면충돌,안전운전불이행,건조,맑음,교차로 - 교차로안,승용,남,54세,상해없음,사륜오토바이(ATV),남,79세,경상
2018021300100656,2018년 2월 13일 19시,화요일,부산광역시 동래구 안락동,경상사고,0,0,1,0,차대차 - 측면충돌,안전거리미확보,건조,맑음,단일로 - 기타,화물,남,39세,상해없음,승용,남,34세,경상
2018021300100657,2018년 2월 13일 19시,화요일,부산광역시 금정구 금사동,경상사고,0,0,1,0,차대차 - 기타,교차로운행방법위반,건조,맑음,교차로 - 교차로안,승용,남,58세,상해없음,이륜,남,26세,경상
2018021300100701,2018년 2월 13일 20시,화요일,부산광역시 북구 구포동,중상사고,0,1,0,0,차대사람 - 횡단중,신호위반,건조,맑음,교차로 - 교차로부근,승합,남,71세,상해없음,보행자,여,76세,중상
2018021300100702,2018년 2월 13일 20시,화요일,부산광역시 부산진구 전포동,중상사고,0,1,0,0,차대사람 - 기타,안전운전불이행,건조,맑음,단일로 - 기타,승용,남,54세,상해없음,보행자,남,66세,중상
2018021300100773,2018년 2월 13일 22시,화요일,부산광역시 해운대구 반송동,경상사고,0,0,1,0,차대차 - 측면충돌,교차로운행방법위반,건조,맑음,교차로 - 교차로안,승용,남,54세,상해없음,원동기,남,22세,경상
2018021300100796,2018년 2월 13일 23시,화요일,부산광역시 해운대구 반송동,경상사고,0,0,1,0,차대사람 - 횡단중,신호위반,건조,맑음,교차로 - 교차로횡단보도내,승용,여,45세,상해없음,보행자,남,17세,경상
2018021400100014,2018년 2월 14일 00시,수요일,부산광역시 연제구 연산동,경상사고,0,0,1,0,차대사람 - 횡단중,안전운전불이행,건조,맑음,단일로 - 기타,승용,남,74세,상해없음,보행자,남,30세,경상
2018021400100015,2018년 2월 14일 00시,수요일,부산광역시 강서구 대저1동,경상사고,0,0,4,0,차대차 - 추돌,안전운전불이행,건조,맑음,단일로 - 기타,승용,남,40세,상해없음,특수,남,41세,경상
2018021400100068,2018년 2월 14일 02시,수요일,부산광역시 수영구 남천동,중상사고,0,1,2,0,차대차 - 추돌,안전운전불이행,건조,맑음,단일로 - 기타,승용,남,38세,상해없음,승용,남,51세,경상
2018021400100069,2018년 2월 14일 02시,수요일,부산광역시 수영구 남천동,중상사고,0,1,0,0,차대차 - 측면충돌,차로위반,건조,맑음,교차로 - 교차로부근,승용,남,57세,상해없음,승용,남,34세,상해없음
2018021400100082,2018년 2월 14일 03시,수요일,부산광역시 해운대구 반송동,중상사고,0,1,0,0,차대차 - 기타,안전운전불이행,건조,맑음,단일로 - 기타,승용,남,62세,상해없음,이륜,남,15세,중상
2018021400100149,2018년 2월 14일 08시,수요일,부산광역시 중구 부평동3가,경상사고,0,0,1,0,차대사람 - 횡단중,안전운전불이행,건조,맑음,단일로 - 기타,승합,남,48세,상해없음,보행자,남,28세,경상
2018021400100175,2018년 2월 14일 09시,수요일,부산광역시 부산진구 양정동,경상사고,0,0,1,0,차대차 - 기타,안전운전불이행,건조,맑음,단일로 - 기타,승용,남,39세,상해없음,화물,남,30세,경상
2018021400100176,2018년 2월 14일 09시,수요일,부산광역시 금정구 부곡동,중상사고,0,1,1,0,차대차 - 측면충돌,직진우회전진행방해,건조,맑음,교차로 - 교차로안,화물,남,70세,상해없음,승용,남,27세,경상
2018021400100206,2018년 2월 14일 10시,수요일,부산광역시 북구 금곡동,중상사고,0,1,0,0,차대차 - 측면충돌,안전운전불이행,건조,맑음,교차로 - 교차로안,화물,남,56세,상해없음,자전거,남,54세,중상
2018021400100239,2018년 2월 14일 11시,수요일,부산광역시 서구 남부민동,부상신고사고,0,0,0,1,차대차 - 측면충돌,안전거리미확보,건조,맑음,단일로 - 기타,승용,남,51세,상해없음,승용,남,55세,상해없음
2018021400100240,2018년 2월 14일 11시,수요일,부산광역시 부산진구 가야동,중상사고,0,1,2,0,차대차 - 측면충돌,신호위반,건조,맑음,교차로 - 교차로안,승용,남,63세,상해없음,승용,남,61세,경상
2018021400100241,2018년 2월 14일 11시,수요일,부산광역시 부산진구 개금동,중상사고,0,1,0,0,차대사람 - 횡단중,보행자보호의무위반,건조,맑음,교차로 - 교차로부근,승용,남,43세,상해없음,보행자,여,76세,중상
2018021400100242,2018년 2월 14일 11시,수요일,부산광역시 금정구 노포동,중상사고,0,2,0,0,차대차 - 측면충돌,차로위반,건조,맑음,교차로 - 교차로부근,승용,남,38세,상해없음,승용,남,36세,중상
2018021400100243,2018년 2월 14일 11시,수요일,부산광역시 기장군 기장읍,경상사고,0,0,1,0,차대사람 - 기타,안전운전불이행,건조,맑음,기타 - 기타,승합,남,49세,상해없음,보행자,남,64세,경상
2018021400100310,2018년 2월 14일 13시,수요일,부산광역시 강서구 송정동,경상사고,0,0,1,0,차대차 - 추돌,안전운전불이행,건조,맑음,교차로 - 교차로부근,승용,남,74세,상해없음,승용,남,39세,경상
2018021400100333,2018년 2월 14일 14시,수요일,부산광역시 연제구 거제동,경상사고,0,0,1,0,차대차 - 측면충돌,안전거리미확보,건조,맑음,단일로 - 기타,승용,남,64세,상해없음,승용,남,26세,경상
2018021400100374,2018년 2월 14일 15시,수요일,부산광역시 남구 문현동,경상사고,0,0,1,0,차대사람 - 차도통행중,안전운전불이행,건조,맑음,단일로 - 기타,승용,남,36세,상해없음,보행자,남,39세,경상
2018021400100417,2018년 2월 14일 16시,수요일,부산광역시 해운대구 우동,경상사고,0,0,1,0,차대차 - 측면충돌,안전운전불이행,건조,맑음,단일로 - 기타,승용,여,31세,경상,승용,남,76세,상해없음
2018021400100460,2018년 2월 14일 17시,수요일,부산광역시 남구 우암동,경상사고,0,0,1,0,차대사람 - 기타,안전운전불이행,건조,맑음,단일로 - 기타,화물,남,45세,상해없음,보행자,남,58세,경상
2018021400100461,2018년 2월 14일 17시,수요일,부산광역시 수영구 수영동,중상사고,0,1,0,0,차대사람 - 횡단중,보행자보호의무위반,건조,맑음,단일로 - 기타,승합,남,62세,상해없음,보행자,여,54세,중상
2018021400100462,2018년 2월 14일 17시,수요일,부산광역시 기장군 기장읍,경상사고,0,0,1,0,차대차 - 후진중충돌,안전운전불이행,건조,맑음,교차로 - 교차로부근,승용,남,33세,상해없음,이륜,남,40세,경상
2018021400100503,2018년 2월 14일 18시,수요일,부산광역시 수영구 남천동,중상사고,0,1,0,0,차대사람 - 기타,안전운전불이행,건조,맑음,교차로 - 교차로안,승용,남,22세,상해없음,보행자,남,63세,중상
2018021400100552,2018년 2월 14일 19시,수요일,부산광역시 서구 토성동1가,경상사고,0,0,3,0,차대차 - 기타,신호위반,건조,맑음,교차로 - 교차로안,승용,남,61세,상해없음,승용,남,60세,상해없음
2018021400100553,2018년 2월 14일 19시,수요일,부산광역시 동래구 온천동,경상사고,0,0,2,0,차대차 - 측면충돌,중앙선침범,건조,맑음,단일로 - 기타,자전거,남,63세,경상,이륜,남,27세,경상
2018021400100554,2018년 2월 14일 19시,수요일,부산광역시 동래구 온천동,경상사고,0,0,1,0,차량단독 - 기타,기타,건조,맑음,단일로 - 기타,승합,남,57세,상해없음,,,,
2018021400100555,2018년 2월 14일 19시,수요일,부산광역시 해운대구 좌동,경상사고,0,0,1,0,차대사람 - 횡단중,교차로운행방법위반,기타,맑음,교차로 - 교차로안,승용,남,64세,상해없음,보행자,남,48세,경상
2018021400100556,2018년 2월 14일 19시,수요일,부산광역시 연제구 거제동,중상사고,0,1,0,0,차대차 - 측면충돌,기타,건조,맑음,교차로 - 교차로부근,승용,남,57세,상해없음,자전거,남,17세,중상
2018021400100612,2018년 2월 14일 20시,수요일,부산광역시 동구 좌천동,경상사고,0,0,1,0,차대차 - 추돌,안전거리미확보,건조,맑음,단일로 - 기타,승용,남,52세,상해없음,승용,여,58세,경상
2018021400100613,2018년 2월 14일 20시,수요일,부산광역시 북구 만덕동,중상사고,0,1,0,0,차대차 - 기타,안전운전불이행,건조,맑음,단일로 - 기타,승용,남,58세,상해없음,이륜,남,54세,중상
2018021400100614,2018년 2월 14일 20시,수요일,부산광역시 사하구 괴정동,중상사고,0,1,0,0,차대사람 - 횡단중,안전운전불이행,건조,맑음,기타 - 기타,화물,남,55세,상해없음,보행자,여,17세,중상
2018021400100615,2018년 2월 14일 20시,수요일,부산광역시 사상구 덕포동,중상사고,0,1,0,0,차대사람 - 횡단중,안전운전불이행,건조,맑음,교차로 - 교차로횡단보도내,승용,남,62세,상해없음,보행자,여,53세,중상
2018021400100691,2018년 2월 14일 22시,수요일,부산광역시 금정구 부곡동,경상사고,0,0,1,0,차대사람 - 기타,안전운전불이행,건조,맑음,기타 - 기타,자전거,남,14세,상해없음,보행자,여,56세,경상
2018021400100692,2018년 2월 14일 22시,수요일,부산광역시 강서구 신호동,경상사고,0,0,1,0,차대차 - 기타,안전운전불이행,건조,맑음,단일로 - 기타,승용,남,38세,상해없음,승용,남,50세,상해없음
2018021400100730,2018년 2월 14일 23시,수요일,부산광역시 해운대구 반여동,경상사고,0,0,1,0,차대차 - 측면충돌,교차로운행방법위반,건조,맑음,교차로 - 교차로안,승용,남,68세,상해없음,이륜,남,17세,경상
2018021500100006,2018년 2월 15일 00시,목요일,부산광역시 중구 창선동2가,경상사고,0,0,1,0,차대사람 - 기타,안전운전불이행,건조,맑음,단일로 - 기타,승용,남,52세,상해없음,보행자,남,34세,경상
2018021500100007,2018년 2월 15일 00시,목요일,부산광역시 동래구 명륜동,경상사고,0,0,1,0,차대차 - 측면충돌,신호위반,건조,맑음,교차로 - 교차로안,화물,남,25세,상해없음,승용,남,59세,경상
2018021500100028,2018년 2월 15일 01시,목요일,부산광역시 부산진구 부전동,경상사고,0,0,2,0,차대차 - 측면충돌,안전거리미확보,건조,맑음,단일로 - 기타,승용,남,65세,상해없음,승용,남,59세,상해없음
2018021500100049,2018년 2월 15일 02시,목요일,부산광역시 북구 만덕동,경상사고,0,0,1,0,차대차 - 측면충돌,교차로운행방법위반,건조,맑음,교차로 - 교차로안,승용,남,28세,상해없음,승용,남,58세,상해없음
2018021500100084,2018년 2월 15일 04시,목요일,부산광역시 부산진구 당감동,중상사고,0,1,0,0,차대사람 - 기타,안전운전불이행,건조,맑음,단일로 - 기타,승용,남,21세,상해없음,보행자,남,44세,중상
2018021500100098,2018년 2월 15일 05시,목요일,부산광역시 금정구 구서동,사망사고,1,0,1,0,차대차 - 정면충돌,중앙선침범,건조,맑음,단일로 - 기타,승용,남,28세,사망,화물,남,49세,경상
2018021500100114,2018년 2월 15일 06시,목요일,부산광역시 부산진구 부전동,경상사고,0,0,1,0,차대사람 - 횡단중,안전운전불이행,건조,맑음,단일로 - 기타,승용,남,33세,상해없음,보행자,남,30세,경상
2018021500100152,2018년 2월 15일 10시,목요일,부산광역시 사상구 모라동,경상사고,0,0,1,0,차대차 - 정면충돌,안전운전불이행,건조,맑음,단일로 - 지하차도(도로)내,자전거,남,83세,경상,승용,남,61세,상해없음
2018021500100153,2018년 2월 15일 10시,목요일,부산광역시 사상구 괘법동,중상사고,0,1,0,0,차대사람 - 차도통행중,안전운전불이행,건조,맑음,단일로 - 기타,승용,남,61세,상해없음,보행자,남,63세,중상
2018021500100177,2018년 2월 15일 11시,목요일,부산광역시 북구 덕천동,경상사고,0,0,1,0,차대사람 - 기타,안전운전불이행,건조,맑음,단일로 - 기타,승용,남,35세,상해없음,보행자,여,43세,경상
2018021500100178,2018년 2월 15일 11시,목요일,부산광역시 영도구 영선동2가,경상사고,0,0,1,0,차대차 - 측면충돌,안전운전불이행,건조,맑음,기타 - 기타,승용,남,34세,상해없음,이륜,남,90세 이상,경상
2018021500100179,2018년 2월 15일 11시,목요일,부산광역시 연제구 거제동,경상사고,0,0,2,0,차대차 - 측면충돌,안전운전불이행,건조,맑음,단일로 - 기타,화물,남,57세,상해없음,승용,남,40세,경상
2018021500100231,2018년 2월 15일 13시,목요일,부산광역시 강서구 대저2동,경상사고,0,0,1,0,차대차 - 기타,안전거리미확보,건조,맑음,교차로 - 교차로부근,승용,남,65세,상해없음,승용,남,46세,상해없음
2018021500100269,2018년 2월 15일 15시,목요일,부산광역시 남구 용호동,경상사고,0,0,1,0,차대차 - 기타,안전거리미확보,건조,맑음,단일로 - 기타,승용,남,45세,상해없음,승용,여,42세,경상
2018021500100300,2018년 2월 15일 17시,목요일,부산광역시 서구 아미동2가,중상사고,0,1,0,0,차대사람 - 횡단중,보행자보호의무위반,건조,맑음,교차로 - 교차로횡단보도내,승합,남,59세,상해없음,보행자,여,85세,중상
2018021500100301,2018년 2월 15일 17시,목요일,부산광역시 동래구 온천동,중상사고,0,1,0,0,차대차 - 측면충돌,안전운전불이행,건조,맑음,교차로 - 교차로안,승용,남,54세,상해없음,승용,남,39세,중상
2018021500100319,2018년 2월 15일 18시,목요일,부산광역시 부산진구 부전동,경상사고,0,0,1,0,차대차 - 기타,안전운전불이행,건조,맑음,단일로 - 기타,자전거,남,66세,상해없음,이륜,남,22세,경상
2018021500100320,2018년 2월 15일 18시,목요일,부산광역시 부산진구 부전동,경상사고,0,0,1,0,차대사람 - 기타,안전운전불이행,건조,맑음,단일로 - 기타,승용,여,22세,상해없음,보행자,여,21세,경상
2018021500100362,2018년 2월 15일 20시,목요일,부산광역시 남구 대연동,경상사고,0,0,2,0,차대차 - 추돌,안전운전불이행,건조,맑음,교차로 - 교차로부근,승용,남,38세,상해없음,승용,남,37세,경상
2018021500100389,2018년 2월 15일 21시,목요일,부산광역시 부산진구 부전동,경상사고,0,0,1,0,차대사람 - 기타,안전운전불이행,건조,맑음,단일로 - 기타,승용,남,26세,상해없음,보행자,남,37세,경상
2018021500100390,2018년 2월 15일 21시,목요일,부산광역시 연제구 연산동,경상사고,0,0,1,0,차대차 - 측면충돌,중앙선침범,건조,맑음,교차로 - 교차로부근,승용,남,64세,상해없음,승용,남,62세,경상
2018021500100412,2018년 2월 15일 22시,목요일,부산광역시 남구 대연동,경상사고,0,0,1,0,차대사람 - 횡단중,신호위반,건조,맑음,단일로 - 기타,승용,여,58세,상해없음,보행자,여,25세,경상
2018021500100413,2018년 2월 15일 22시,목요일,부산광역시 동래구 온천동,중상사고,0,1,0,0,차대차 - 측면충돌,신호위반,건조,맑음,교차로 - 교차로안,승용,남,66세,상해없음,이륜,남,25세,중상
2018021500100434,2018년 2월 15일 23시,목요일,부산광역시 해운대구 중동,경상사고,0,0,1,0,차대사람 - 기타,안전운전불이행,건조,맑음,단일로 - 기타,승용,남,51세,상해없음,보행자,남,20세,경상
2018021600100040,2018년 2월 16일 07시,금요일,부산광역시 동구 초량동,경상사고,0,0,2,0,차대차 - 추돌,기타,건조,맑음,교차로 - 교차로안,승용,남,71세,상해없음,승용,여,22세,경상
2018021600100058,2018년 2월 16일 09시,금요일,부산광역시 영도구 봉래동3가,중상사고,0,1,0,0,차대사람 - 횡단중,신호위반,건조,맑음,단일로 - 기타,승용,남,28세,상해없음,보행자,남,66세,중상
2018021600100059,2018년 2월 16일 09시,금요일,부산광역시 사하구 괴정동,중상사고,0,1,1,0,차대사람 - 횡단중,보행자보호의무위반,건조,맑음,교차로 - 교차로횡단보도내,승용,남,42세,상해없음,보행자,여,27세,경상
2018021600100068,2018년 2월 16일 10시,금요일,부산광역시 서구 동대신동1가,경상사고,0,0,1,1,차대차 - 추돌,안전거리미확보,건조,맑음,단일로 - 기타,승용,남,60세,상해없음,이륜,남,32세,경상
2018021600100086,2018년 2월 16일 11시,금요일,부산광역시 서구 암남동,경상사고,0,0,1,0,차대차 - 측면충돌,안전운전불이행,건조,맑음,단일로 - 기타,승용,남,73세,상해없음,승용,남,35세,상해없음
2018021600100132,2018년 2월 16일 13시,금요일,부산광역시 동구 초량동,경상사고,0,0,1,0,차대차 - 측면충돌,안전거리미확보,건조,맑음,단일로 - 기타,승용,남,38세,상해없음,승용,남,57세,경상
2018021600100133,2018년 2월 16일 13시,금요일,부산광역시 동래구 수안동,경상사고,0,0,3,0,차대차 - 측면충돌,안전거리미확보,건조,맑음,단일로 - 기타,화물,남,52세,상해없음,승용,남,37세,경상
2018021600100179,2018년 2월 16일 15시,금요일,부산광역시 동래구 온천동,경상사고,0,0,1,0,차대차 - 측면충돌,안전운전불이행,건조,맑음,단일로 - 기타,승용,남,62세,상해없음,승용,남,31세,상해없음
2018021600100197,2018년 2월 16일 16시,금요일,부산광역시 서구 부민동1가,중상사고,0,2,0,0,차대차 - 측면충돌,안전거리미확보,건조,맑음,단일로 - 기타,승용,남,59세,상해없음,이륜,남,17세,중상
2018021600100198,2018년 2월 16일 16시,금요일,부산광역시 수영구 망미동,부상신고사고,0,0,0,2,차대차 - 기타,안전거리미확보,건조,맑음,교차로 - 교차로부근,승용,여,37세,상해없음,승용,남,39세,상해없음
2018021600100199,2018년 2월 16일 16시,금요일,부산광역시 강서구 녹산동,경상사고,0,0,3,0,차대차 - 추돌,과속,건조,맑음,단일로 - 기타,승용,남,51세,상해없음,승용,남,63세,경상
2018021600100243,2018년 2월 16일 18시,금요일,부산광역시 서구 암남동,부상신고사고,0,0,0,1,차대차 - 추돌,안전운전불이행,건조,맑음,단일로 - 기타,이륜,남,51세,부상신고,승용,남,33세,상해없음
2018021600100244,2018년 2월 16일 18시,금요일,부산광역시 해운대구 우동,경상사고,0,0,1,0,차대차 - 측면충돌,중앙선침범,건조,맑음,단일로 - 기타,승용,남,29세,상해없음,이륜,남,28세,경상
2018021600100245,2018년 2월 16일 18시,금요일,부산광역시 연제구 연산동,경상사고,0,0,1,0,차대차 - 추돌,안전거리미확보,건조,맑음,교차로 - 교차로안,승용,여,58세,상해없음,승용,남,45세,경상
2018021600100278,2018년 2월 16일 20시,금요일,부산광역시 부산진구 당감동,경상사고,0,0,1,0,차대차 - 측면충돌,안전운전불이행,건조,맑음,단일로 - 기타,승용,남,42세,상해없음,이륜,남,20세,경상
2018021600100305,2018년 2월 16일 21시,금요일,부산광역시 남구 대연동,경상사고,0,0,3,0,차대차 - 기타,신호위반,건조,맑음,교차로 - 교차로안,승용,남,58세,상해없음,승용,남,60세,경상