사고번호,사고일시,요일,시군구,사고내용,사망자수,중상자수,경상자수,부상신고자수,사고유형,법규위반,노면상태,기상상태,도로형태,가해운전자 차종,가해운전자 성별,가해운전자 연령,가해운전자 상해정도,피해운전자 차종,피해운전자 성별,피해운전자 연령,피해운전자 상해정도
2018021600100306,2018년 2월 16일 21시,금요일,부산광역시 해운대구 우동,경상사고,0,0,2,0,차대사람 - 횡단중,보행자보호의무위반,건조,맑음,단일로 - 기타,이륜,남,19세,경상,보행자,남,36세,경상
2018021600100332,2018년 2월 16일 23시,금요일,부산광역시 중구 보수동1가,경상사고,0,0,1,0,차대사람 - 횡단중,안전운전불이행,건조,맑음,단일로 - 기타,승용,남,71세,상해없음,보행자,남,24세,경상
2018021600100333,2018년 2월 16일 23시,금요일,부산광역시 연제구 연산동,중상사고,0,1,0,0,차대차 - 측면충돌,안전운전불이행,건조,맑음,교차로 - 교차로횡단보도내,승용,남,44세,상해없음,승용,여,52세,중상
2018021700100016,2018년 2월 17일 01시,토요일,부산광역시 기장군 일광면,중상사고,0,1,2,0,차대차 - 측면충돌,안전운전불이행,건조,맑음,단일로 - 기타,승용,남,45세,경상,승용,남,52세,경상
2018021700100025,2018년 2월 17일 02시,토요일,부산광역시 서구 토성동5가,경상사고,0,0,1,0,차량단독 - 공작물충돌,안전운전불이행,건조,맑음,교차로 - 교차로부근,승용,남,66세,상해없음,,,,
2018021700100026,2018년 2월 17일 02시,토요일,부산광역시 부산진구 연지동,중상사고,0,1,0,1,차량단독 - 기타,신호위반,건조,맑음,교차로 - 교차로안,이륜,남,21세,상해없음,,,,
2018021700100037,2018년 2월 17일 03시,토요일,부산광역시 금정구 장전동,중상사고,0,2,0,0,차대차 - 측면충돌,신호위반,건조,맑음,교차로 - 교차로안,승용,남,24세,상해없음,승용,남,69세,중상
2018021700100063,2018년 2월 17일 06시,토요일,부산광역시 부산진구 부전동,경상사고,0,0,3,0,차대차 - 기타,기타,건조,맑음,단일로 - 기타,승용,남,23세,상해없음,승용,남,62세,경상
2018021700100120,2018년 2월 17일 12시,토요일,부산광역시 사상구 엄궁동,경상사고,0,0,2,0,차대차 - 추돌,안전운전불이행,건조,맑음,단일로 - 기타,승용,남,59세,상해없음,승용,남,23세,경상
2018021700100152,2018년 2월 17일 14시,토요일,부산광역시 중구 신창동4가,중상사고,0,1,0,0,차대사람 - 기타,안전운전불이행,건조,맑음,단일로 - 기타,이륜,남,27세,상해없음,보행자,여,59세,중상
2018021700100153,2018년 2월 17일 14시,토요일,부산광역시 동래구 온천동,중상사고,0,1,0,0,차대차 - 측면충돌,안전거리미확보,건조,맑음,단일로 - 기타,승용,여,61세,상해없음,승용,남,62세,상해없음
2018021700100154,2018년 2월 17일 14시,토요일,부산광역시 영도구 동삼동,중상사고,0,1,1,0,차대사람 - 길가장자리구역통행중,안전운전불이행,건조,맑음,교차로 - 교차로안,승용,여,47세,상해없음,보행자,남,47세,경상
2018021700100155,2018년 2월 17일 14시,토요일,부산광역시 부산진구 초읍동,경상사고,0,0,1,1,차대차 - 기타,안전운전불이행,건조,맑음,단일로 - 기타,승용,남,47세,부상신고,승용,여,58세,경상
2018021700100218,2018년 2월 17일 17시,토요일,부산광역시 북구 구포동,경상사고,0,0,2,0,차대차 - 추돌,안전거리미확보,건조,맑음,교차로 - 교차로부근,승용,남,32세,상해없음,승용,남,78세,상해없음
2018021700100241,2018년 2월 17일 18시,토요일,부산광역시 부산진구 전포동,중상사고,0,1,2,0,차대차 - 기타,차로위반,건조,맑음,단일로 - 기타,승용,남,33세,상해없음,승합,남,54세,상해없음
2018021700100260,2018년 2월 17일 19시,토요일,부산광역시 남구 대연동,경상사고,0,0,2,0,차대차 - 기타,안전운전불이행,건조,맑음,단일로 - 기타,승용,남,70세,상해없음,승용,남,59세,경상
2018021700100261,2018년 2월 17일 19시,토요일,부산광역시 수영구 민락동,경상사고,0,0,2,0,차대차 - 측면충돌,안전거리미확보,건조,맑음,단일로 - 기타,승용,남,57세,상해없음,승용,남,39세,경상
2018021700100262,2018년 2월 17일 19시,토요일,부산광역시 부산진구 가야동,중상사고,0,1,0,0,차대차 - 정면충돌,중앙선침범,건조,맑음,단일로 - 교량,승용,남,54세,상해없음,이륜,남,28세,중상
2018021700100298,2018년 2월 17일 20시,토요일,부산광역시 북구 금곡동,중상사고,0,1,0,0,차대차 - 기타,안전운전불이행,건조,맑음,교차로 - 교차로부근,이륜,남,18세,상해없음,이륜,남,23세,중상
2018021700100299,2018년 2월 17일 20시,토요일,부산광역시 부산진구 부전동,중상사고,0,2,0,0,차대차 - 기타,중앙선침범,건조,맑음,기타 - 기타,승용,남,37세,상해없음,승용,남,40세,중상
2018021700100300,2018년 2월 17일 20시,토요일,부산광역시 사하구 괴정동,경상사고,0,0,1,0,차대차 - 기타,안전운전불이행,건조,맑음,기타 - 기타,승용,남,38세,상해없음,원동기,남,33세,경상
2018021700100326,2018년 2월 17일 21시,토요일,부산광역시 동래구 온천동,중상사고,0,2,0,0,차대차 - 추돌,안전운전불이행,건조,맑음,단일로 - 기타,승용,남,58세,상해없음,승용,남,42세,중상
2018021700100327,2018년 2월 17일 21시,토요일,부산광역시 해운대구 우동,중상사고,0,1,2,0,차대차 - 측면충돌,안전운전불이행,건조,맑음,교차로 - 교차로부근,승용,남,33세,상해없음,승용,남,37세,경상
2018021700100328,2018년 2월 17일 21시,토요일,부산광역시 부산진구 연지동,중상사고,0,1,0,1,차대차 - 기타,불법유턴,건조,맑음,교차로 - 교차로안,이륜,남,40세,부상신고,승용,여,53세,중상
2018021700100329,2018년 2월 17일 21시,토요일,부산광역시 사하구 다대동,부상신고사고,0,0,0,1,차대차 - 측면충돌,안전운전불이행,건조,맑음,교차로 - 교차로안,이륜,남,21세,부상신고,승용,여,55세,상해없음
2018021700100349,2018년 2월 17일 22시,토요일,부산광역시 중구 창선동2가,경상사고,0,0,1,0,차대사람 - 차도통행중,안전운전불이행,건조,맑음,단일로 - 기타,승용,남,25세,상해없음,보행자,남,21세,경상
2018021700100350,2018년 2월 17일 22시,토요일,부산광역시 사하구 괴정동,중상사고,0,1,0,0,차대사람 - 기타,안전운전불이행,건조,맑음,단일로 - 기타,승용,남,36세,상해없음,보행자,남,66세,중상
2018021800100003,2018년 2월 18일 00시,일요일,부산광역시 북구 화명동,경상사고,0,0,1,2,차대차 - 기타,안전거리미확보,건조,맑음,단일로 - 기타,승용,남,48세,상해없음,승용,남,44세,부상신고
2018021800100004,2018년 2월 18일 00시,일요일,부산광역시 해운대구 우동,경상사고,0,0,6,2,차대차 - 기타,안전운전불이행,건조,맑음,교차로 - 교차로안,승용,남,28세,상해없음,승합,여,42세,경상
2018021800100005,2018년 2월 18일 00시,일요일,부산광역시 부산진구 범천동,중상사고,0,1,0,0,차량단독 - 기타,안전운전불이행,건조,맑음,교차로 - 교차로안,이륜,남,37세,중상,,,,
2018021800100016,2018년 2월 18일 01시,일요일,부산광역시 동구 초량동,경상사고,0,0,1,0,차대차 - 기타,안전운전불이행,건조,맑음,단일로 - 기타,승용,남,62세,상해없음,승용,남,61세,상해없음
2018021800100034,2018년 2월 18일 02시,일요일,부산광역시 북구 화명동,경상사고,0,0,1,0,차대차 - 기타,신호위반,건조,맑음,교차로 - 교차로안,승용,남,19세,상해없음,승용,남,26세,경상
2018021800100045,2018년 2월 18일 03시,일요일,부산광역시 기장군 기장읍,중상사고,0,2,1,1,차대차 - 측면충돌,직진우회전진행방해,건조,맑음,교차로 - 교차로안,이륜,남,17세,중상,승용,남,63세,상해없음
2018021800100058,2018년 2월 18일 04시,일요일,부산광역시 동구 범일동,경상사고,0,0,1,0,차대차 - 추돌,안전운전불이행,건조,맑음,단일로 - 기타,승용,남,21세,상해없음,승용,남,48세,경상
2018021800100059,2018년 2월 18일 04시,일요일,부산광역시 동래구 온천동,중상사고,0,2,0,0,차대차 - 측면충돌,안전거리미확보,건조,맑음,단일로 - 기타,승용,남,65세,상해없음,승용,남,65세,중상
2018021800100065,2018년 2월 18일 05시,일요일,부산광역시 북구 금곡동,경상사고,0,0,1,0,차대차 - 측면충돌,안전운전불이행,건조,맑음,교차로 - 교차로안,승용,남,34세,상해없음,승용,남,53세,경상
2018021800100066,2018년 2월 18일 05시,일요일,부산광역시 동래구 온천동,중상사고,0,1,0,0,차대사람 - 횡단중,안전운전불이행,건조,맑음,단일로 - 기타,승용,남,70세,상해없음,보행자,남,55세,중상
2018021800100082,2018년 2월 18일 07시,일요일,부산광역시 기장군 장안읍,중상사고,0,1,0,0,차량단독 - 전도전복 - 전도,안전운전불이행,건조,맑음,기타 - 기타,화물,남,72세,상해없음,미분류,미분류,미분류,미분류
2018021800100087,2018년 2월 18일 08시,일요일,부산광역시 강서구 명지동,중상사고,0,1,1,0,차대차 - 추돌,안전운전불이행,건조,맑음,단일로 - 기타,승용,남,31세,경상,승용,남,59세,중상
2018021800100184,2018년 2월 18일 15시,일요일,부산광역시 부산진구 부전동,경상사고,0,0,2,0,차대사람 - 횡단중,보행자보호의무위반,건조,맑음,단일로 - 기타,승용,남,52세,상해없음,보행자,남,25세,경상
2018021800100185,2018년 2월 18일 15시,일요일,부산광역시 사하구 하단동,중상사고,0,1,0,0,차대차 - 기타,안전거리미확보,건조,맑음,단일로 - 기타,승용,남,28세,기타불명,승용,여,56세,중상
2018021800100203,2018년 2월 18일 16시,일요일,부산광역시 동래구 사직동,경상사고,0,0,1,0,차대차 - 측면충돌,교차로운행방법위반,건조,맑음,교차로 - 교차로안,원동기,남,28세,경상,승용,남,56세,상해없음
2018021800100204,2018년 2월 18일 16시,일요일,부산광역시 부산진구 전포동,중상사고,0,1,0,2,차대사람 - 기타,안전운전불이행,건조,맑음,단일로 - 기타,이륜,남,24세,부상신고,보행자,여,80세,중상
2018021800100205,2018년 2월 18일 16시,일요일,부산광역시 금정구 청룡동,중상사고,0,1,0,0,차대사람 - 횡단중,보행자보호의무위반,건조,맑음,단일로 - 기타,승용,여,44세,상해없음,보행자,남,73세,중상
2018021800100223,2018년 2월 18일 17시,일요일,부산광역시 부산진구 양정동,부상신고사고,0,0,0,1,차량단독 - 공작물충돌,안전운전불이행,건조,맑음,기타 - 기타,이륜,남,71세,부상신고,,,,
2018021800100254,2018년 2월 18일 19시,일요일,부산광역시 동래구 온천동,경상사고,0,0,1,0,차대차 - 측면충돌,교차로운행방법위반,건조,맑음,단일로 - 기타,승합,남,48세,상해없음,이륜,남,18세,경상
2018021800100279,2018년 2월 18일 20시,일요일,부산광역시 동래구 명장동,경상사고,0,0,1,0,차대차 - 후진중충돌,안전운전불이행,건조,맑음,단일로 - 기타,승용,남,31세,상해없음,승용,여,56세,경상
2018021800100280,2018년 2월 18일 20시,일요일,부산광역시 부산진구 전포동,경상사고,0,0,2,0,차대차 - 추돌,안전거리미확보,건조,맑음,단일로 - 기타,승용,여,26세,상해없음,승용,여,26세,경상
2018021800100281,2018년 2월 18일 20시,일요일,부산광역시 사상구 감전동,중상사고,0,1,0,0,차량단독 - 공작물충돌,안전운전불이행,건조,맑음,기타 - 기타,이륜,남,50세,중상,,,,
2018021800100307,2018년 2월 18일 21시,일요일,부산광역시 중구 영주동,중상사고,0,1,0,0,차대차 - 측면충돌,안전운전불이행,건조,맑음,교차로 - 교차로안,승용,여,63세,중상,승용,남,30세,상해없음
2018021800100308,2018년 2월 18일 21시,일요일,부산광역시 남구 대연동,경상사고,0,0,1,0,차대사람 - 횡단중,보행자보호의무위반,건조,맑음,단일로 - 기타,기타불명,기타불명,미분류,기타불명,보행자,남,17세,경상
2018021800100309,2018년 2월 18일 21시,일요일,부산광역시 부산진구 전포동,경상사고,0,0,1,0,차대차 - 측면충돌,안전거리미확보,건조,맑음,단일로 - 기타,승용,남,24세,상해없음,승용,남,53세,경상
2018021800100337,2018년 2월 18일 23시,일요일,부산광역시 부산진구 부암동,경상사고,0,0,1,0,차대차 - 측면충돌,신호위반,건조,맑음,교차로 - 교차로안,승용,남,58세,상해없음,승용,남,53세,경상
2018021900100019,2018년 2월 19일 02시,월요일,부산광역시 해운대구 좌동,중상사고,0,2,0,0,차대차 - 측면충돌,신호위반,건조,맑음,교차로 - 교차로안,승용,남,28세,상해없음,승용,남,55세,중상
2018021900100030,2018년 2월 19일 04시,월요일,부산광역시 해운대구 중동,중상사고,0,1,2,0,차대차 - 측면충돌,신호위반,건조,맑음,교차로 - 교차로안,승용,여,30세,상해없음,승용,남,60세,경상
2018021900100039,2018년 2월 19일 05시,월요일,부산광역시 사상구 학장동,중상사고,0,1,0,0,차대차 - 기타,신호위반,건조,맑음,교차로 - 교차로부근,승합,남,59세,상해없음,승용,남,48세,중상
2018021900100048,2018년 2월 19일 06시,월요일,부산광역시 서구 남부민동,중상사고,0,1,0,0,차대사람 - 횡단중,보행자보호의무위반,건조,맑음,교차로 - 교차로횡단보도내,승용,남,36세,상해없음,보행자,남,52세,중상
2018021900100049,2018년 2월 19일 06시,월요일,부산광역시 부산진구 전포동,경상사고,0,0,1,0,차대사람 - 횡단중,안전운전불이행,건조,맑음,단일로 - 기타,승용,남,63세,상해없음,보행자,남,83세,경상
2018021900100080,2018년 2월 19일 08시,월요일,부산광역시 부산진구 부전동,경상사고,0,0,1,0,차대차 - 측면충돌,신호위반,건조,맑음,단일로 - 기타,승용,남,58세,상해없음,승용,남,37세,경상
2018021900100101,2018년 2월 19일 09시,월요일,부산광역시 남구 문현동,중상사고,0,1,0,0,차대차 - 측면충돌,안전거리미확보,건조,맑음,단일로 - 기타,승용,여,61세,상해없음,원동기,남,26세,중상
2018021900100102,2018년 2월 19일 09시,월요일,부산광역시 영도구 대교동1가,경상사고,0,0,2,0,차대차 - 측면충돌,교차로운행방법위반,건조,맑음,교차로 - 교차로안,승용,남,56세,상해없음,화물,남,35세,경상
2018021900100118,2018년 2월 19일 10시,월요일,부산광역시 금정구 서동,경상사고,0,0,1,0,차대차 - 측면충돌,기타,건조,맑음,교차로 - 교차로안,승용,남,57세,상해없음,승용,남,38세,경상
2018021900100144,2018년 2월 19일 11시,월요일,부산광역시 강서구 생곡동,중상사고,0,1,1,0,차대차 - 추돌,안전운전불이행,건조,맑음,단일로 - 기타,화물,남,55세,상해없음,화물,남,51세,중상
2018021900100166,2018년 2월 19일 12시,월요일,부산광역시 해운대구 좌동,중상사고,0,1,1,0,차대차 - 측면충돌,신호위반,건조,맑음,교차로 - 교차로안,승합,남,61세,상해없음,승용,남,41세,경상
2018021900100191,2018년 2월 19일 13시,월요일,부산광역시 남구 용호동,경상사고,0,0,2,0,차대차 - 측면충돌,신호위반,건조,맑음,단일로 - 기타,승용,여,70세,상해없음,승용,남,29세,경상
2018021900100192,2018년 2월 19일 13시,월요일,부산광역시 해운대구 우동,경상사고,0,0,1,0,차대차 - 추돌,안전거리미확보,건조,맑음,단일로 - 기타,승용,남,29세,상해없음,승용,남,69세,상해없음
2018021900100211,2018년 2월 19일 14시,월요일,부산광역시 남구 용당동,중상사고,0,1,2,0,차대차 - 측면충돌,중앙선침범,건조,맑음,교차로 - 교차로부근,화물,남,58세,상해없음,승합,남,59세,경상
2018021900100212,2018년 2월 19일 14시,월요일,부산광역시 사상구 주례동,경상사고,0,0,1,0,차대차 - 측면충돌,차로위반,건조,맑음,단일로 - 지하차도(도로)내,승용,남,75세,상해없음,승용,남,34세,경상
2018021900100238,2018년 2월 19일 15시,월요일,부산광역시 해운대구 재송동,경상사고,0,0,2,0,차대차 - 기타,안전운전불이행,건조,맑음,단일로 - 기타,승용,남,61세,상해없음,이륜,남,36세,경상
2018021900100239,2018년 2월 19일 15시,월요일,부산광역시 사상구 모라동,경상사고,0,0,1,0,차대차 - 측면충돌,신호위반,건조,맑음,단일로 - 지하차도(도로)내,승용,남,21세,상해없음,이륜,남,60세,경상
2018021900100270,2018년 2월 19일 16시,월요일,부산광역시 동구 초량동,중상사고,0,1,0,0,차대차 - 기타,안전운전불이행,건조,맑음,단일로 - 기타,승용,남,32세,상해없음,승합,남,55세,상해없음
2018021900100271,2018년 2월 19일 16시,월요일,부산광역시 동래구 온천동,경상사고,0,0,1,0,차대차 - 정면충돌,교차로운행방법위반,건조,맑음,교차로 - 교차로부근,승합,남,65세,상해없음,승용,남,35세,경상
2018021900100298,2018년 2월 19일 17시,월요일,부산광역시 연제구 연산동,경상사고,0,0,1,0,차대차 - 측면충돌,안전운전불이행,건조,맑음,교차로 - 교차로안,화물,남,56세,상해없음,화물,남,40세,경상
2018021900100334,2018년 2월 19일 18시,월요일,부산광역시 영도구 동삼동,경상사고,0,0,1,0,차대차 - 측면충돌,교차로운행방법위반,건조,맑음,교차로 - 교차로안,승용,남,50세,상해없음,이륜,남,47세,경상
2018021900100335,2018년 2월 19일 18시,월요일,부산광역시 부산진구 전포동,경상사고,0,0,1,0,차대차 - 측면충돌,교차로운행방법위반,건조,맑음,교차로 - 교차로안,승용,여,56세,기타불명,승용,남,46세,경상
2018021900100336,2018년 2월 19일 18시,월요일,부산광역시 연제구 연산동,경상사고,0,0,2,0,차대차 - 측면충돌,기타,건조,맑음,교차로 - 교차로안,승용,여,37세,경상,승용,남,34세,경상
2018021900100378,2018년 2월 19일 19시,월요일,부산광역시 부산진구 부암동,중상사고,0,1,1,0,차대차 - 기타,중앙선침범,건조,맑음,단일로 - 기타,이륜,남,29세,중상,이륜,남,26세,경상
2018021900100379,2018년 2월 19일 19시,월요일,부산광역시 기장군 정관읍,중상사고,0,2,0,0,차대차 - 측면충돌,교차로운행방법위반,건조,맑음,교차로 - 교차로안,이륜,남,25세,중상,이륜,남,30세,중상
2018021900100450,2018년 2월 19일 21시,월요일,부산광역시 수영구 남천동,경상사고,0,0,3,0,차대차 - 추돌,안전운전불이행,건조,맑음,단일로 - 기타,승용,여,54세,상해없음,승용,남,45세,경상
2018021900100502,2018년 2월 19일 23시,월요일,부산광역시 남구 감만동,경상사고,0,0,1,0,차대차 - 기타,안전운전불이행,건조,맑음,교차로 - 교차로안,승용,여,51세,기타불명,이륜,남,27세,경상
2018022000100023,2018년 2월 20일 01시,화요일,부산광역시 사하구 장림동,경상사고,0,0,1,1,차대차 - 측면충돌,안전운전불이행,건조,기타,단일로 - 기타,승용,남,64세,부상신고,화물,남,32세,상해없음
2018022000100051,2018년 2월 20일 04시,화요일,부산광역시 영도구 동삼동,경상사고,0,0,1,0,차대차 - 측면충돌,안전운전불이행,건조,맑음,단일로 - 기타,승용,남,57세,상해없음,이륜,남,16세,경상
2018022000100052,2018년 2월 20일 04시,화요일,부산광역시 사하구 신평동,중상사고,0,2,0,0,차대차 - 측면충돌,신호위반,건조,맑음,교차로 - 교차로안,승용,남,61세,상해없음,승용,남,57세,중상
2018022000100060,2018년 2월 20일 05시,화요일,부산광역시 부산진구 개금동,중상사고,0,1,0,0,차대사람 - 횡단중,신호위반,건조,맑음,단일로 - 기타,승용,남,84세,상해없음,보행자,남,64세,중상
2018022000100076,2018년 2월 20일 06시,화요일,부산광역시 부산진구 개금동,사망사고,1,0,0,0,차대사람 - 보도통행중,보행자보호의무위반,건조,맑음,단일로 - 기타,승용,남,38세,상해없음,보행자,남,74세,사망
2018022000100077,2018년 2월 20일 06시,화요일,부산광역시 금정구 서동,경상사고,0,0,1,0,차대사람 - 횡단중,안전운전불이행,건조,맑음,단일로 - 기타,승합,남,75세,상해없음,보행자,여,67세,경상
2018022000100122,2018년 2월 20일 08시,화요일,부산광역시 동구 범일동,경상사고,0,0,1,0,차대차 - 측면충돌,신호위반,건조,맑음,단일로 - 기타,이륜,기타불명,미분류,기타불명,승용,여,54세,경상
2018022000100171,2018년 2월 20일 10시,화요일,부산광역시 남구 대연동,경상사고,0,0,1,0,차대사람 - 길가장자리구역통행중,안전운전불이행,건조,맑음,기타 - 기타,화물,남,39세,상해없음,보행자,남,36세,경상
2018022000100172,2018년 2월 20일 10시,화요일,부산광역시 부산진구 가야동,중상사고,0,1,0,0,차대사람 - 기타,보행자보호의무위반,건조,맑음,단일로 - 기타,승용,남,54세,상해없음,보행자,여,76세,중상
2018022000100173,2018년 2월 20일 10시,화요일,부산광역시 사하구 장림동,경상사고,0,0,1,0,차대차 - 측면충돌,안전운전불이행,건조,맑음,기타 - 기타,화물,남,57세,기타불명,자전거,남,39세,경상
2018022000100197,2018년 2월 20일 11시,화요일,부산광역시 북구 만덕동,중상사고,0,1,0,0,차대사람 - 횡단중,안전운전불이행,건조,맑음,단일로 - 기타,화물,남,41세,상해없음,보행자,여,81세,중상
2018022000100250,2018년 2월 20일 13시,화요일,부산광역시 강서구 대저2동,경상사고,0,0,1,0,차대차 - 측면충돌,신호위반,건조,맑음,교차로 - 교차로안,승용,남,33세,상해없음,승용,남,39세,경상
2018022000100273,2018년 2월 20일 14시,화요일,부산광역시 남구 대연동,중상사고,0,1,0,0,차대차 - 기타,안전운전불이행,건조,맑음,단일로 - 기타,승용,여,47세,상해없음,이륜,남,34세,중상
2018022000100306,2018년 2월 20일 15시,화요일,부산광역시 동구 좌천동,경상사고,0,0,1,0,차대사람 - 기타,안전운전불이행,건조,맑음,단일로 - 기타,승용,남,56세,상해없음,보행자,여,14세,경상
2018022000100331,2018년 2월 20일 16시,화요일,부산광역시 북구 구포동,경상사고,0,0,1,0,차대차 - 추돌,안전거리미확보,건조,맑음,교차로 - 교차로부근,이륜,남,27세,상해없음,승용,여,51세,경상
2018022000100405,2018년 2월 20일 19시,화요일,부산광역시 수영구 민락동,경상사고,0,0,1,0,차대차 - 측면충돌,안전운전불이행,건조,맑음,단일로 - 기타,이륜,남,46세,경상,승용,남,60세,상해없음
2018022000100406,2018년 2월 20일 19시,화요일,부산광역시 부산진구 양정동,중상사고,0,1,0,0,차대사람 - 기타,안전운전불이행,건조,맑음,교차로 - 교차로부근,승용,여,49세,상해없음,보행자,여,68세,중상
2018022000100431,2018년 2월 20일 20시,화요일,부산광역시 사하구 하단동,경상사고,0,0,1,0,차대사람 - 길가장자리구역통행중,안전운전불이행,건조,맑음,단일로 - 기타,화물,여,56세,상해없음,보행자,남,46세,경상
2018022000100456,2018년 2월 20일 21시,화요일,부산광역시 서구 암남동,경상사고,0,0,1,0,차대차 - 추돌,안전운전불이행,건조,맑음,교차로 - 교차로안,승용,남,19세,상해없음,승용,남,58세,경상
2018022000100471,2018년 2월 20일 22시,화요일,부산광역시 서구 암남동,경상사고,0,0,3,0,차대차 - 추돌,안전운전불이행,건조,맑음,단일로 - 기타,화물,남,62세,상해없음,승용,남,54세,경상
2018022000100472,2018년 2월 20일 22시,화요일,부산광역시 기장군 일광면,중상사고,0,1,0,0,차대차 - 추돌,안전운전불이행,건조,맑음,단일로 - 기타,승용,남,37세,상해없음,승용,여,57세,중상
2018022000100487,2018년 2월 20일 23시,화요일,부산광역시 사하구 하단동,중상사고,0,1,1,0,차대차 - 측면충돌,신호위반,건조,맑음,교차로 - 교차로안,승용,남,55세,상해없음,승용,남,66세,경상
2018022100100080,2018년 2월 21일 08시,수요일,부산광역시 서구 서대신동2가,경상사고,0,0,1,0,차대차 - 측면충돌,안전거리미확보,건조,맑음,단일로 - 기타,건설기계,남,49세,상해없음,승용,남,66세,경상
2018022100100081,2018년 2월 21일 08시,수요일,부산광역시 영도구 대교동1가,경상사고,0,0,1,0,차대사람 - 보도통행중,보행자보호의무위반,건조,맑음,교차로 - 교차로횡단보도내,승용,남,48세,상해없음,보행자,남,23세,경상
2018022100100101,2018년 2월 21일 09시,수요일,부산광역시 동래구 수안동,경상사고,0,0,1,0,차대차 - 추돌,안전운전불이행,건조,맑음,단일로 - 기타,승용,남,59세,상해없음,승용,남,46세,경상
2018022100100102,2018년 2월 21일 09시,수요일,부산광역시 사하구 신평동,경상사고,0,0,1,0,차대차 - 측면충돌,안전운전불이행,건조,맑음,단일로 - 기타,이륜,남,21세,경상,승용,남,65세,상해없음
2018022100100123,2018년 2월 21일 10시,수요일,부산광역시 북구 화명동,경상사고,0,0,1,0,차량단독 - 기타,안전운전불이행,건조,맑음,단일로 - 기타,승합,남,61세,상해없음,,,,
2018022100100147,2018년 2월 21일 11시,수요일,부산광역시 금정구 남산동,경상사고,0,0,2,0,차대차 - 기타,안전운전불이행,건조,맑음,교차로 - 교차로부근,승용,여,57세,상해없음,승용,남,77세,경상
2018022100100172,2018년 2월 21일 12시,수요일,부산광역시 동래구 수안동,부상신고사고,0,0,0,1,차대차 - 추돌,안전운전불이행,건조,맑음,단일로 - 기타,자전거,남,68세,부상신고,원동기,남,34세,상해없음
2018022100100173,2018년 2월 21일 12시,수요일,부산광역시 수영구 망미동,경상사고,0,0,1,0,차대차 - 측면충돌,중앙선침범,건조,맑음,단일로 - 기타,승용,여,65세,상해없음,이륜,남,22세,경상
2018022100100193,2018년 2월 21일 13시,수요일,부산광역시 수영구 망미동,경상사고,0,0,3,3,차대차 - 측면충돌,안전운전불이행,건조,맑음,단일로 - 기타,승용,남,70세,상해없음,승용,여,42세,상해없음
2018022100100300,2018년 2월 21일 17시,수요일,부산광역시 연제구 연산동,중상사고,0,1,0,0,차대차 - 측면충돌,신호위반,건조,맑음,교차로 - 교차로안,승용,남,63세,상해없음,승용,남,63세,중상
2018022100100323,2018년 2월 21일 18시,수요일,부산광역시 동래구 온천동,경상사고,0,0,1,0,차대차 - 추돌,안전거리미확보,건조,맑음,교차로 - 교차로안,승용,남,62세,상해없음,승합,남,54세,상해없음
2018022100100324,2018년 2월 21일 18시,수요일,부산광역시 부산진구 범천동,경상사고,0,0,2,0,차대사람 - 기타,신호위반,건조,맑음,교차로 - 교차로안,승용,남,73세,상해없음,보행자,여,50세,경상
2018022100100373,2018년 2월 21일 19시,수요일,부산광역시 사상구 덕포동,경상사고,0,0,1,0,차대사람 - 횡단중,보행자보호의무위반,건조,맑음,교차로 - 교차로부근,화물,남,43세,상해없음,보행자,남,78세,경상
2018022100100408,2018년 2월 21일 20시,수요일,부산광역시 동래구 안락동,경상사고,0,0,1,0,차대사람 - 횡단중,안전운전불이행,건조,맑음,단일로 - 기타,승용,여,45세,상해없음,보행자,여,35세,경상
2018022100100409,2018년 2월 21일 20시,수요일,부산광역시 기장군 정관읍,경상사고,0,0,1,0,차대차 - 측면충돌,안전운전불이행,건조,맑음,교차로 - 교차로안,승용,여,38세,상해없음,승용,남,35세,경상
2018022100100446,2018년 2월 21일 22시,수요일,부산광역시 부산진구 가야동,경상사고,0,0,2,0,차대차 - 기타,신호위반,건조,맑음,교차로 - 교차로안,승용,남,37세,상해없음,이륜,남,17세,경상
2018022200100005,2018년 2월 22일 00시,목요일,부산광역시 해운대구 우동,경상사고,0,0,1,0,차대차 - 기타,신호위반,건조,맑음,교차로 - 교차로안,승용,여,55세,상해없음,승용,남,58세,상해없음
2018022200100037,2018년 2월 22일 02시,목요일,부산광역시 부산진구 연지동,경상사고,0,0,1,0,차대차 - 기타,중앙선침범,건조,맑음,단일로 - 기타,화물,남,56세,상해없음,승용,남,57세,경상
2018022200100073,2018년 2월 22일 06시,목요일,부산광역시 동래구 수안동,경상사고,0,0,1,0,차대차 - 기타,신호위반,건조,맑음,교차로 - 교차로안,승용,남,63세,상해없음,승합,남,55세,상해없음
2018022200100105,2018년 2월 22일 08시,목요일,부산광역시 동구 초량동,중상사고,0,1,1,0,차대차 - 추돌,신호위반,건조,맑음,단일로 - 기타,승용,남,55세,경상,이륜,남,32세,중상
2018022200100106,2018년 2월 22일 08시,목요일,부산광역시 해운대구 반여동,부상신고사고,0,0,0,1,차대차 - 추돌,안전운전불이행,건조,맑음,교차로 - 교차로안,원동기,남,19세,부상신고,승용,남,69세,상해없음
2018022200100138,2018년 2월 22일 09시,목요일,부산광역시 해운대구 우동,경상사고,0,0,1,0,차대차 - 추돌,안전운전불이행,건조,맑음,교차로 - 교차로부근,이륜,남,74세,경상,화물,남,47세,상해없음