사고번호,사고일시,요일,시군구,사고내용,사망자수,중상자수,경상자수,부상신고자수,사고유형,법규위반,노면상태,기상상태,도로형태,가해운전자 차종,가해운전자 성별,가해운전자 연령,가해운전자 상해정도,피해운전자 차종,피해운전자 성별,피해운전자 연령,피해운전자 상해정도
2018022600100121,2018년 2월 26일 09시,월요일,부산광역시 남구 대연동,부상신고사고,0,0,0,1,차대사람 - 보도통행중,기타,건조,맑음,단일로 - 기타,자전거,남,81세,상해없음,보행자,남,21세,부상신고
2018022600100147,2018년 2월 26일 10시,월요일,부산광역시 동구 초량동,중상사고,0,1,0,0,차대차 - 측면충돌,교차로운행방법위반,건조,맑음,교차로 - 교차로안,건설기계,남,52세,상해없음,원동기,남,36세,중상
2018022600100148,2018년 2월 26일 10시,월요일,부산광역시 동구 수정동,경상사고,0,0,1,0,차대차 - 추돌,안전운전불이행,건조,맑음,교차로 - 교차로횡단보도내,승용,여,29세,상해없음,승용,남,32세,경상
2018022600100149,2018년 2월 26일 10시,월요일,부산광역시 남구 문현동,경상사고,0,0,1,0,차대사람 - 횡단중,안전운전불이행,건조,맑음,단일로 - 기타,승용,남,67세,상해없음,보행자,여,80세,경상
2018022600100150,2018년 2월 26일 10시,월요일,부산광역시 남구 대연동,중상사고,0,1,0,0,차대차 - 측면충돌,안전운전불이행,건조,맑음,교차로 - 교차로안,승용,여,69세,상해없음,자전거,남,76세,중상
2018022600100151,2018년 2월 26일 10시,월요일,부산광역시 동래구 안락동,중상사고,0,1,0,0,차대사람 - 보도통행중,기타,건조,맑음,단일로 - 기타,승용,남,64세,상해없음,보행자,남,63세,중상
2018022600100190,2018년 2월 26일 11시,월요일,부산광역시 기장군 정관읍,경상사고,0,0,1,0,차대사람 - 기타,안전운전불이행,건조,맑음,단일로 - 기타,이륜,남,33세,상해없음,보행자,여,73세,경상
2018022600100253,2018년 2월 26일 13시,월요일,부산광역시 중구 동광동3가,경상사고,0,0,2,0,차대차 - 추돌,안전거리미확보,건조,맑음,교차로 - 교차로부근,화물,남,52세,상해없음,이륜,남,37세,경상
2018022600100254,2018년 2월 26일 13시,월요일,부산광역시 수영구 민락동,경상사고,0,0,1,0,차대사람 - 횡단중,신호위반,건조,맑음,단일로 - 기타,승용,남,51세,상해없음,보행자,여,24세,경상
2018022600100255,2018년 2월 26일 13시,월요일,부산광역시 부산진구 양정동,부상신고사고,0,0,0,1,차대차 - 기타,안전거리미확보,건조,맑음,교차로 - 교차로안,이륜,남,22세,부상신고,화물,남,46세,상해없음
2018022600100256,2018년 2월 26일 13시,월요일,부산광역시 연제구 연산동,경상사고,0,0,2,0,차대차 - 추돌,안전운전불이행,건조,맑음,교차로 - 교차로부근,승용,남,30세,상해없음,승용,남,47세,경상
2018022600100295,2018년 2월 26일 14시,월요일,부산광역시 남구 용호동,경상사고,0,0,1,1,차대차 - 측면충돌,교차로운행방법위반,건조,맑음,교차로 - 교차로안,화물,여,29세,상해없음,승합,남,46세,경상
2018022600100296,2018년 2월 26일 14시,월요일,부산광역시 금정구 남산동,부상신고사고,0,0,0,1,차대차 - 측면충돌,안전운전불이행,건조,맑음,교차로 - 교차로안,원동기,남,19세,부상신고,승용,남,74세,상해없음
2018022600100297,2018년 2월 26일 14시,월요일,부산광역시 수영구 수영동,경상사고,0,0,2,0,차대차 - 측면충돌,안전거리미확보,건조,맑음,교차로 - 교차로안,승용,남,64세,상해없음,승용,여,40세,경상
2018022600100331,2018년 2월 26일 15시,월요일,부산광역시 중구 남포동5가,경상사고,0,0,2,0,차대차 - 기타,안전운전불이행,건조,맑음,단일로 - 기타,승용,남,68세,상해없음,승용,남,26세,경상
2018022600100332,2018년 2월 26일 15시,월요일,부산광역시 수영구 광안동,경상사고,0,0,1,0,차대사람 - 보도통행중,기타,건조,맑음,단일로 - 기타,승용,여,62세,상해없음,보행자,남,66세,경상
2018022600100333,2018년 2월 26일 15시,월요일,부산광역시 사하구 신평동,경상사고,0,0,1,0,차대사람 - 횡단중,안전운전불이행,건조,맑음,교차로 - 교차로횡단보도내,승용,남,76세,상해없음,보행자,여,62세,경상
2018022600100366,2018년 2월 26일 16시,월요일,부산광역시 남구 대연동,경상사고,0,0,2,0,차대차 - 기타,신호위반,건조,맑음,교차로 - 교차로안,승용,남,23세,상해없음,승합,남,57세,상해없음
2018022600100367,2018년 2월 26일 16시,월요일,부산광역시 동래구 온천동,부상신고사고,0,0,0,1,차대차 - 측면충돌,안전거리미확보,건조,맑음,단일로 - 기타,승용,여,55세,상해없음,승용,여,61세,부상신고
2018022600100368,2018년 2월 26일 16시,월요일,부산광역시 해운대구 반여동,경상사고,0,0,2,0,차대차 - 기타,차로위반,건조,맑음,단일로 - 기타,화물,남,44세,상해없음,승용,남,19세,경상
2018022600100406,2018년 2월 26일 17시,월요일,부산광역시 강서구 대저1동,중상사고,0,1,0,0,차대차 - 측면충돌,안전거리미확보,건조,맑음,교차로 - 교차로부근,승용,남,61세,상해없음,이륜,남,58세,중상
2018022600100445,2018년 2월 26일 18시,월요일,부산광역시 동구 수정동,중상사고,0,1,0,0,차대사람 - 횡단중,안전운전불이행,건조,맑음,교차로 - 교차로안,승용,남,65세,상해없음,보행자,여,77세,중상
2018022600100446,2018년 2월 26일 18시,월요일,부산광역시 북구 덕천동,경상사고,0,0,1,0,차대차 - 기타,안전거리미확보,건조,맑음,단일로 - 기타,승용,남,57세,상해없음,승합,남,61세,상해없음
2018022600100447,2018년 2월 26일 18시,월요일,부산광역시 기장군 기장읍,중상사고,0,1,0,0,차대차 - 측면충돌,직진우회전진행방해,건조,맑음,교차로 - 교차로안,승용,여,62세,상해없음,이륜,남,56세,중상
2018022600100476,2018년 2월 26일 19시,월요일,부산광역시 해운대구 반송동,중상사고,0,1,0,0,차대차 - 추돌,안전운전불이행,건조,맑음,교차로 - 교차로부근,승합,남,48세,상해없음,승용,남,49세,중상
2018022600100504,2018년 2월 26일 20시,월요일,부산광역시 연제구 거제동,경상사고,0,0,2,0,차대차 - 측면충돌,신호위반,건조,맑음,교차로 - 교차로안,승용,남,69세,상해없음,승용,남,48세,경상
2018022600100525,2018년 2월 26일 21시,월요일,부산광역시 서구 암남동,경상사고,0,0,1,0,차대차 - 정면충돌,신호위반,건조,맑음,교차로 - 교차로부근,승용,남,58세,상해없음,승용,남,61세,경상
2018022600100526,2018년 2월 26일 21시,월요일,부산광역시 서구 동대신동1가,경상사고,0,0,1,0,차대차 - 추돌,안전거리미확보,건조,맑음,교차로 - 교차로부근,승합,여,53세,경상,승용,남,27세,상해없음
2018022600100550,2018년 2월 26일 22시,월요일,부산광역시 수영구 민락동,중상사고,0,1,2,0,차대차 - 측면충돌,안전운전불이행,건조,맑음,교차로 - 교차로안,승용,남,61세,상해없음,승용,남,57세,경상
2018022600100551,2018년 2월 26일 22시,월요일,부산광역시 금정구 구서동,중상사고,0,1,2,0,차대차 - 기타,중앙선침범,건조,맑음,단일로 - 기타,이륜,남,20세,상해없음,승용,남,47세,경상
2018022700100037,2018년 2월 27일 03시,화요일,부산광역시 사하구 당리동,중상사고,0,1,0,0,차량단독 - 공작물충돌,안전운전불이행,건조,맑음,교차로 - 교차로부근,이륜,남,19세,상해없음,,,,
2018022700100050,2018년 2월 27일 06시,화요일,부산광역시 사하구 감천동,중상사고,0,1,0,0,차대사람 - 기타,안전운전불이행,건조,맑음,단일로 - 기타,화물,남,57세,상해없음,보행자,여,69세,중상
2018022700100051,2018년 2월 27일 06시,화요일,부산광역시 기장군 기장읍,경상사고,0,0,2,0,차대차 - 측면충돌,직진우회전진행방해,건조,맑음,교차로 - 교차로안,승용,여,57세,경상,승용,남,31세,경상
2018022700100083,2018년 2월 27일 08시,화요일,부산광역시 서구 충무동1가,중상사고,0,1,0,0,차대사람 - 횡단중,신호위반,건조,맑음,단일로 - 기타,이륜,남,55세,상해없음,보행자,여,72세,중상
2018022700100084,2018년 2월 27일 08시,화요일,부산광역시 사하구 하단동,중상사고,0,1,0,0,차대차 - 측면충돌,안전운전불이행,건조,맑음,교차로 - 교차로안,자전거,남,84세,상해없음,이륜,남,29세,중상
2018022700100107,2018년 2월 27일 09시,화요일,부산광역시 남구 대연동,중상사고,0,1,0,0,차대차 - 추돌,교차로운행방법위반,건조,맑음,교차로 - 교차로안,이륜,남,77세,중상,승용,남,53세,상해없음
2018022700100108,2018년 2월 27일 09시,화요일,부산광역시 북구 덕천동,경상사고,0,0,1,0,차대차 - 기타,안전거리미확보,건조,맑음,단일로 - 기타,이륜,남,16세,경상,승용,남,39세,상해없음
2018022700100109,2018년 2월 27일 09시,화요일,부산광역시 연제구 연산동,경상사고,0,0,1,0,차대차 - 기타,안전운전불이행,건조,맑음,교차로 - 교차로안,승용,남,66세,상해없음,승용,남,37세,경상
2018022700100135,2018년 2월 27일 10시,화요일,부산광역시 동래구 사직동,중상사고,0,1,0,0,차대사람 - 횡단중,안전운전불이행,건조,맑음,단일로 - 기타,승용,남,66세,상해없음,보행자,여,72세,중상
2018022700100136,2018년 2월 27일 10시,화요일,부산광역시 사상구 덕포동,경상사고,0,0,1,0,차대사람 - 횡단중,안전운전불이행,건조,맑음,교차로 - 교차로횡단보도내,화물,남,73세,상해없음,보행자,여,62세,경상
2018022700100163,2018년 2월 27일 11시,화요일,부산광역시 북구 만덕동,중상사고,0,1,0,0,차대차 - 측면충돌,안전운전불이행,건조,맑음,단일로 - 지하차도(도로)내,승용,남,52세,상해없음,원동기,남,77세,중상
2018022700100164,2018년 2월 27일 11시,화요일,부산광역시 영도구 남항동1가,경상사고,0,0,1,0,차대차 - 측면충돌,중앙선침범,건조,맑음,단일로 - 기타,이륜,남,67세,상해없음,자전거,여,58세,경상
2018022700100165,2018년 2월 27일 11시,화요일,부산광역시 해운대구 석대동,경상사고,0,0,1,0,차대차 - 기타,안전운전불이행,건조,맑음,단일로 - 기타,화물,남,27세,상해없음,승합,남,36세,경상
2018022700100183,2018년 2월 27일 12시,화요일,부산광역시 동구 좌천동,중상사고,0,1,0,0,차대사람 - 차도통행중,안전운전불이행,건조,맑음,단일로 - 기타,화물,남,25세,상해없음,보행자,여,64세,중상
2018022700100184,2018년 2월 27일 12시,화요일,부산광역시 기장군 기장읍,중상사고,0,1,0,0,차대사람 - 횡단중,보행자보호의무위반,건조,맑음,기타 - 기타,승용,여,49세,상해없음,보행자,남,76세,중상
2018022700100210,2018년 2월 27일 13시,화요일,부산광역시 동래구 명륜동,중상사고,0,1,0,0,차대차 - 추돌,안전운전불이행,건조,맑음,교차로 - 교차로부근,건설기계,남,64세,상해없음,자전거,여,47세,중상
2018022700100211,2018년 2월 27일 13시,화요일,부산광역시 기장군 일광면,경상사고,0,0,1,0,차대차 - 측면충돌,안전운전불이행,건조,맑음,기타 - 기타,건설기계,남,52세,상해없음,승용,남,65세,경상
2018022700100238,2018년 2월 27일 14시,화요일,부산광역시 기장군 기장읍,경상사고,0,0,1,0,차대사람 - 기타,보행자보호의무위반,건조,맑음,단일로 - 기타,승용,남,27세,상해없음,보행자,남,5세,경상
2018022700100304,2018년 2월 27일 16시,화요일,부산광역시 동래구 사직동,부상신고사고,0,0,0,1,차대차 - 기타,신호위반,건조,맑음,교차로 - 교차로안,자전거,남,59세,부상신고,화물,남,50세,상해없음
2018022700100328,2018년 2월 27일 17시,화요일,부산광역시 북구 구포동,중상사고,0,1,0,0,차대차 - 측면충돌,안전거리미확보,건조,맑음,단일로 - 지하차도(도로)내,승합,남,53세,상해없음,이륜,남,40세,중상
2018022700100329,2018년 2월 27일 17시,화요일,부산광역시 기장군 기장읍,중상사고,0,4,0,0,차량단독 - 공작물충돌,안전운전불이행,젖음/습기,비,교차로 - 교차로안,화물,남,73세,상해없음,,,,
2018022700100355,2018년 2월 27일 18시,화요일,부산광역시 해운대구 송정동,중상사고,0,2,0,0,차대차 - 측면충돌,안전거리미확보,건조,맑음,단일로 - 기타,승용,남,62세,상해없음,승용,여,34세,중상
2018022700100396,2018년 2월 27일 19시,화요일,부산광역시 남구 감만동,중상사고,0,1,0,0,차대차 - 측면충돌,안전운전불이행,건조,맑음,단일로 - 교량,승용,여,63세,상해없음,승용,남,32세,상해없음
2018022700100397,2018년 2월 27일 19시,화요일,부산광역시 남구 문현동,경상사고,0,0,1,0,차대차 - 측면충돌,안전운전불이행,건조,맑음,교차로 - 교차로안,승용,남,37세,상해없음,승용,여,58세,경상
2018022700100398,2018년 2월 27일 19시,화요일,부산광역시 북구 덕천동,중상사고,0,1,0,0,차대차 - 정면충돌,안전운전불이행,건조,맑음,교차로 - 교차로안,승용,남,67세,상해없음,원동기,남,23세,중상
2018022700100399,2018년 2월 27일 19시,화요일,부산광역시 북구 구포동,경상사고,0,0,1,0,차대차 - 측면충돌,안전운전불이행,건조,맑음,단일로 - 기타,승용,남,57세,상해없음,승용,여,30세,경상
2018022700100400,2018년 2월 27일 19시,화요일,부산광역시 동래구 명장동,중상사고,0,1,1,0,차대차 - 기타,안전운전불이행,건조,맑음,교차로 - 교차로부근,승합,남,74세,경상,이륜,남,19세,중상
2018022700100401,2018년 2월 27일 19시,화요일,부산광역시 부산진구 양정동,중상사고,0,1,0,0,차대차 - 기타,안전운전불이행,건조,맑음,단일로 - 기타,화물,남,63세,상해없음,승용,남,66세,중상
2018022700100402,2018년 2월 27일 19시,화요일,부산광역시 강서구 대저2동,경상사고,0,0,1,0,차대차 - 추돌,안전운전불이행,건조,맑음,교차로 - 교차로부근,화물,남,59세,상해없음,화물,남,46세,경상
2018022700100485,2018년 2월 27일 21시,화요일,부산광역시 남구 용당동,경상사고,0,0,1,0,차대차 - 측면충돌,안전거리미확보,건조,맑음,단일로 - 기타,승용,남,54세,상해없음,승용,남,66세,상해없음
2018022700100486,2018년 2월 27일 21시,화요일,부산광역시 해운대구 우동,중상사고,0,1,0,0,차대차 - 기타,안전거리미확보,건조,맑음,교차로 - 교차로안,승용,남,57세,상해없음,승용,남,46세,중상
2018022700100487,2018년 2월 27일 21시,화요일,부산광역시 부산진구 범전동,경상사고,0,0,1,0,차대사람 - 횡단중,기타,건조,맑음,교차로 - 교차로부근,기타불명,기타불명,미분류,기타불명,보행자,남,10세,경상
2018022800100002,2018년 2월 28일 00시,수요일,부산광역시 동래구 온천동,경상사고,0,0,1,0,차대차 - 측면충돌,신호위반,건조,맑음,교차로 - 교차로횡단보도내,승용,여,47세,상해없음,개인형이동수단(PM),남,20세,경상
2018022800100051,2018년 2월 28일 06시,수요일,부산광역시 영도구 영선동3가,경상사고,0,0,1,0,차대차 - 정면충돌,신호위반,건조,맑음,교차로 - 교차로안,이륜,남,18세,경상,승용,남,46세,상해없음
2018022800100079,2018년 2월 28일 08시,수요일,부산광역시 해운대구 재송동,경상사고,0,0,1,0,차대차 - 추돌,안전운전불이행,건조,맑음,교차로 - 교차로부근,승용,남,46세,상해없음,승용,여,51세,경상
2018022800100080,2018년 2월 28일 08시,수요일,부산광역시 부산진구 전포동,중상사고,0,1,0,0,차대차 - 기타,기타,건조,맑음,단일로 - 기타,승용,남,73세,상해없음,자전거,남,60세,중상
2018022800100110,2018년 2월 28일 09시,수요일,부산광역시 북구 덕천동,중상사고,0,1,0,0,차대차 - 기타,안전운전불이행,건조,흐림,단일로 - 기타,승용,남,34세,상해없음,자전거,남,45세,중상
2018022800100128,2018년 2월 28일 10시,수요일,부산광역시 사하구 하단동,경상사고,0,0,1,0,차대사람 - 차도통행중,안전운전불이행,건조,맑음,단일로 - 지하차도(도로)내,화물,남,40세,상해없음,보행자,여,25세,경상
2018022800100129,2018년 2월 28일 10시,수요일,부산광역시 연제구 거제동,중상사고,0,1,0,0,차대사람 - 기타,안전운전불이행,건조,흐림,단일로 - 기타,승용,남,65세,상해없음,보행자,남,29세,중상
2018022800100152,2018년 2월 28일 11시,수요일,부산광역시 동구 범일동,중상사고,0,1,0,0,차대차 - 추돌,안전운전불이행,건조,맑음,단일로 - 고가도로위,승용,여,71세,상해없음,승용,남,61세,중상
2018022800100153,2018년 2월 28일 11시,수요일,부산광역시 남구 대연동,중상사고,0,1,0,0,차대사람 - 횡단중,신호위반,건조,맑음,단일로 - 기타,승용,여,53세,상해없음,보행자,남,39세,중상
2018022800100154,2018년 2월 28일 11시,수요일,부산광역시 동래구 명륜동,경상사고,0,0,1,0,차대차 - 기타,안전운전불이행,건조,맑음,교차로 - 교차로부근,이륜,남,62세,경상,승용,남,31세,상해없음
2018022800100253,2018년 2월 28일 14시,수요일,부산광역시 북구 화명동,경상사고,0,0,1,0,차대차 - 기타,안전운전불이행,젖음/습기,비,단일로 - 기타,기타불명,기타불명,미분류,기타불명,승용,남,44세,경상
2018022800100254,2018년 2월 28일 14시,수요일,부산광역시 사하구 하단동,경상사고,0,0,1,0,차대차 - 추돌,안전거리미확보,젖음/습기,비,단일로 - 기타,승용,남,62세,상해없음,특수,남,23세,경상
2018022800100291,2018년 2월 28일 15시,수요일,부산광역시 연제구 연산동,경상사고,0,0,1,0,차대차 - 추돌,안전운전불이행,젖음/습기,비,단일로 - 기타,승용,여,40세,상해없음,승용,여,50세,경상
2018022800100332,2018년 2월 28일 16시,수요일,부산광역시 동래구 명륜동,경상사고,0,0,1,0,차대차 - 측면충돌,안전거리미확보,젖음/습기,비,단일로 - 기타,승용,남,60세,상해없음,승용,남,41세,경상
2018022800100333,2018년 2월 28일 16시,수요일,부산광역시 사상구 괘법동,경상사고,0,0,1,0,차대차 - 측면충돌,안전운전불이행,젖음/습기,비,교차로 - 교차로부근,승용,남,72세,상해없음,승용,남,34세,경상
2018022800100374,2018년 2월 28일 17시,수요일,부산광역시 중구 보수동1가,경상사고,0,0,1,0,차대차 - 추돌,안전운전불이행,젖음/습기,비,단일로 - 기타,화물,남,65세,상해없음,화물,남,60세,경상
2018022800100375,2018년 2월 28일 17시,수요일,부산광역시 북구 구포동,중상사고,0,1,0,0,차대사람 - 횡단중,보행자보호의무위반,젖음/습기,비,단일로 - 지하차도(도로)내,화물,남,64세,상해없음,보행자,남,63세,중상
2018022800100376,2018년 2월 28일 17시,수요일,부산광역시 강서구 명지동,중상사고,0,1,0,0,차대차 - 정면충돌,안전운전불이행,건조,맑음,교차로 - 교차로안,승용,여,52세,상해없음,이륜,남,28세,중상
2018022800100377,2018년 2월 28일 17시,수요일,부산광역시 사상구 모라동,경상사고,0,0,1,0,차대차 - 측면충돌,안전운전불이행,젖음/습기,비,단일로 - 기타,승용,남,53세,상해없음,승용,남,57세,경상
2018022800100378,2018년 2월 28일 17시,수요일,부산광역시 사상구 주례동,중상사고,0,1,0,0,차대사람 - 기타,안전운전불이행,젖음/습기,비,교차로 - 교차로안,승용,남,49세,상해없음,보행자,여,77세,중상
2018022800100425,2018년 2월 28일 18시,수요일,부산광역시 영도구 동삼동,경상사고,0,0,1,0,차대차 - 기타,직진우회전진행방해,젖음/습기,비,교차로 - 교차로안,승용,남,79세,기타불명,승용,남,60세,상해없음
2018022800100486,2018년 2월 28일 19시,수요일,부산광역시 서구 암남동,부상신고사고,0,0,0,1,차대차 - 측면충돌,신호위반,젖음/습기,흐림,단일로 - 기타,원동기,남,57세,부상신고,승용,남,30세,상해없음
2018022800100487,2018년 2월 28일 19시,수요일,부산광역시 부산진구 당감동,경상사고,0,0,4,1,차대차 - 측면충돌,안전운전불이행,건조,맑음,단일로 - 기타,승용,남,68세,상해없음,승합,남,49세,경상
2018022800100488,2018년 2월 28일 19시,수요일,부산광역시 금정구 장전동,부상신고사고,0,0,0,1,차대차 - 정면충돌,중앙선침범,건조,맑음,단일로 - 기타,이륜,남,69세,부상신고,승용,남,28세,상해없음
2018022800100489,2018년 2월 28일 19시,수요일,부산광역시 사상구 덕포동,중상사고,0,1,0,0,차대차 - 측면충돌,중앙선침범,젖음/습기,비,단일로 - 기타,승용,남,58세,상해없음,이륜,남,34세,중상
2018022800100561,2018년 2월 28일 20시,수요일,부산광역시 서구 충무동1가,경상사고,0,0,1,0,차대사람 - 횡단중,안전운전불이행,건조,흐림,단일로 - 기타,승용,남,54세,상해없음,보행자,남,48세,경상
2018022800100562,2018년 2월 28일 20시,수요일,부산광역시 사하구 하단동,부상신고사고,0,0,0,2,차대차 - 추돌,안전운전불이행,젖음/습기,비,단일로 - 기타,승용,남,30세,상해없음,승용,남,52세,부상신고
2018022800100563,2018년 2월 28일 20시,수요일,부산광역시 사하구 하단동,경상사고,0,0,1,0,차대사람 - 기타,기타,건조,흐림,기타 - 기타,승용,남,47세,상해없음,보행자,여,23세,경상
2018022800100564,2018년 2월 28일 20시,수요일,부산광역시 연제구 연산동,중상사고,0,1,0,0,차대차 - 측면충돌,신호위반,젖음/습기,비,교차로 - 교차로안,화물,여,56세,상해없음,승용,남,47세,중상
2018022800100622,2018년 2월 28일 21시,수요일,부산광역시 금정구 부곡동,부상신고사고,0,0,0,1,차대사람 - 차도통행중,안전운전불이행,젖음/습기,흐림,단일로 - 기타,승용,남,51세,상해없음,보행자,남,62세,부상신고
2018022800100623,2018년 2월 28일 21시,수요일,부산광역시 연제구 연산동,경상사고,0,0,1,0,차량단독 - 기타,기타,건조,맑음,단일로 - 기타,승용,남,68세,상해없음,,,,
2018022800100728,2018년 2월 28일 23시,수요일,부산광역시 동래구 낙민동,중상사고,0,2,1,0,차대차 - 측면충돌,신호위반,젖음/습기,비,교차로 - 교차로안,승용,남,60세,상해없음,승합,남,45세,중상
2018022800100729,2018년 2월 28일 23시,수요일,부산광역시 동래구 명장동,경상사고,0,0,1,0,차대차 - 추돌,교차로운행방법위반,젖음/습기,비,교차로 - 교차로안,승용,남,66세,상해없음,이륜,남,18세,경상
2018022800100730,2018년 2월 28일 23시,수요일,부산광역시 사상구 삼락동,중상사고,0,1,0,0,차대사람 - 횡단중,안전운전불이행,젖음/습기,비,단일로 - 지하차도(도로)내,승용,여,56세,상해없음,보행자,남,39세,중상
2018030100100150,2018년 3월 1일 09시,목요일,부산광역시 동래구 안락동,중상사고,0,1,0,0,차대차 - 추돌,안전운전불이행,건조,맑음,교차로 - 교차로부근,승합,남,57세,상해없음,화물,남,67세,상해없음
2018030100100176,2018년 3월 1일 11시,목요일,부산광역시 중구 중앙동5가,경상사고,0,0,1,0,차대차 - 측면충돌,신호위반,건조,맑음,교차로 - 교차로안,승용,남,55세,상해없음,승용,남,60세,경상
2018030100100177,2018년 3월 1일 11시,목요일,부산광역시 동구 수정동,중상사고,0,1,0,0,차대사람 - 횡단중,안전운전불이행,건조,맑음,교차로 - 교차로부근,승용,남,62세,상해없음,보행자,여,62세,중상
2018030100100230,2018년 3월 1일 13시,목요일,부산광역시 사상구 괘법동,경상사고,0,0,2,0,차대차 - 측면충돌,교차로운행방법위반,건조,맑음,교차로 - 교차로안,승용,여,59세,상해없음,승용,남,31세,경상
2018030100100257,2018년 3월 1일 14시,목요일,부산광역시 중구 부평동3가,경상사고,0,0,1,0,차대사람 - 기타,안전운전불이행,건조,맑음,단일로 - 기타,화물,남,70세,상해없음,보행자,여,61세,경상
2018030100100258,2018년 3월 1일 14시,목요일,부산광역시 동구 초량동,경상사고,0,0,2,0,차대차 - 추돌,안전운전불이행,건조,맑음,단일로 - 기타,승용,남,58세,상해없음,승용,여,26세,경상
2018030100100259,2018년 3월 1일 14시,목요일,부산광역시 연제구 연산동,중상사고,0,1,0,0,차대사람 - 보도통행중,기타,건조,맑음,단일로 - 기타,승용,남,31세,상해없음,보행자,여,70세,중상
2018030100100260,2018년 3월 1일 14시,목요일,부산광역시 사상구 삼락동,경상사고,0,0,1,0,차대차 - 측면충돌,교차로운행방법위반,건조,맑음,교차로 - 교차로안,이륜,남,34세,경상,승용,남,28세,상해없음
2018030100100289,2018년 3월 1일 15시,목요일,부산광역시 부산진구 양정동,경상사고,0,0,1,0,차대사람 - 기타,신호위반,건조,맑음,교차로 - 교차로안,승용,남,55세,상해없음,보행자,남,65세,경상
2018030100100290,2018년 3월 1일 15시,목요일,부산광역시 기장군 일광면,중상사고,0,1,1,0,차대차 - 추돌,안전거리미확보,건조,맑음,단일로 - 기타,승용,남,44세,상해없음,승용,남,63세,중상
2018030100100314,2018년 3월 1일 16시,목요일,부산광역시 북구 금곡동,경상사고,0,0,1,0,차대차 - 측면충돌,안전운전불이행,건조,맑음,단일로 - 기타,승용,여,46세,상해없음,승용,여,59세,경상
2018030100100315,2018년 3월 1일 16시,목요일,부산광역시 사상구 괘법동,경상사고,0,0,1,0,차대차 - 측면충돌,교차로운행방법위반,건조,맑음,교차로 - 교차로안,이륜,남,49세,경상,화물,남,66세,상해없음
2018030100100346,2018년 3월 1일 17시,목요일,부산광역시 연제구 연산동,중상사고,0,1,0,0,차대차 - 측면충돌,안전거리미확보,건조,맑음,단일로 - 기타,승용,남,68세,상해없음,원동기,남,29세,중상
2018030100100376,2018년 3월 1일 18시,목요일,부산광역시 금정구 장전동,중상사고,0,1,0,0,차대사람 - 횡단중,안전운전불이행,건조,맑음,교차로 - 교차로부근,승용,남,58세,상해없음,보행자,여,56세,중상
2018030100100407,2018년 3월 1일 19시,목요일,부산광역시 사하구 하단동,중상사고,0,1,0,0,차대차 - 추돌,안전거리미확보,건조,맑음,단일로 - 기타,승용,남,53세,상해없음,원동기,남,20세,중상
2018030100100478,2018년 3월 1일 22시,목요일,부산광역시 부산진구 부전동,경상사고,0,0,3,0,차대차 - 측면충돌,교차로운행방법위반,건조,맑음,교차로 - 교차로안,승용,남,48세,상해없음,승용,남,54세,상해없음
2018030100100486,2018년 3월 1일 23시,목요일,부산광역시 연제구 연산동,경상사고,0,0,3,0,차대차 - 측면충돌,신호위반,건조,맑음,교차로 - 교차로안,승용,남,25세,상해없음,승용,남,62세,경상
2018030200100024,2018년 3월 2일 03시,금요일,부산광역시 수영구 광안동,경상사고,0,0,1,0,차대사람 - 횡단중,안전운전불이행,건조,맑음,단일로 - 기타,승용,남,65세,상해없음,보행자,남,66세,경상
2018030200100046,2018년 3월 2일 06시,금요일,부산광역시 사상구 학장동,경상사고,0,0,2,0,차대차 - 측면충돌,신호위반,건조,맑음,교차로 - 교차로안,승용,남,45세,경상,화물,남,66세,경상
2018030200100056,2018년 3월 2일 07시,금요일,부산광역시 북구 구포동,경상사고,0,0,1,0,차대차 - 기타,안전운전불이행,건조,맑음,단일로 - 기타,승용,여,25세,상해없음,원동기,남,58세,경상
2018030200100081,2018년 3월 2일 08시,금요일,부산광역시 기장군 정관읍,중상사고,0,1,0,0,차대차 - 측면충돌,안전운전불이행,건조,맑음,단일로 - 기타,건설기계,남,38세,기타불명,승용,남,45세,중상
2018030200100150,2018년 3월 2일 10시,금요일,부산광역시 서구 아미동1가,경상사고,0,0,1,0,차대차 - 측면충돌,안전운전불이행,건조,맑음,단일로 - 기타,승용,남,53세,상해없음,화물,남,44세,경상
2018030200100151,2018년 3월 2일 10시,금요일,부산광역시 수영구 남천동,경상사고,0,0,1,0,차대차 - 측면충돌,교차로운행방법위반,건조,맑음,교차로 - 교차로안,승용,남,32세,상해없음,승용,여,42세,경상
2018030200100152,2018년 3월 2일 10시,금요일,부산광역시 금정구 구서동,경상사고,0,0,1,0,차대사람 - 기타,기타,건조,맑음,교차로 - 교차로부근,화물,남,65세,상해없음,보행자,여,28세,경상
2018030200100153,2018년 3월 2일 10시,금요일,부산광역시 연제구 거제동,중상사고,0,1,0,0,차대차 - 기타,차로위반,건조,맑음,단일로 - 기타,이륜,남,70세,중상,승용,남,82세,상해없음
2018030200100175,2018년 3월 2일 11시,금요일,부산광역시 기장군 정관읍,경상사고,0,0,2,0,차대차 - 추돌,안전거리미확보,건조,맑음,기타 - 기타,승용,남,79세,상해없음,승용,여,42세,경상
2018030200100265,2018년 3월 2일 14시,금요일,부산광역시 남구 감만동,경상사고,0,0,1,0,차대차 - 기타,안전운전불이행,건조,맑음,단일로 - 기타,승용,남,42세,상해없음,이륜,남,65세,경상