사고번호,사고일시,요일,시군구,사고내용,사망자수,중상자수,경상자수,부상신고자수,사고유형,법규위반,노면상태,기상상태,도로형태,가해운전자 차종,가해운전자 성별,가해운전자 연령,가해운전자 상해정도,피해운전자 차종,피해운전자 성별,피해운전자 연령,피해운전자 상해정도
2018030200100309,2018년 3월 2일 15시,금요일,부산광역시 사하구 하단동,중상사고,0,1,0,0,차대사람 - 횡단중,안전운전불이행,건조,맑음,단일로 - 기타,이륜,남,22세,상해없음,보행자,남,7세,중상
2018030200100310,2018년 3월 2일 15시,금요일,부산광역시 사하구 당리동,중상사고,0,1,3,0,차대차 - 추돌,안전운전불이행,건조,맑음,단일로 - 기타,화물,남,34세,상해없음,승용,남,28세,경상
2018030200100311,2018년 3월 2일 15시,금요일,부산광역시 사하구 다대동,경상사고,0,0,2,0,차대차 - 기타,안전운전불이행,건조,맑음,단일로 - 기타,승용,남,65세,상해없음,승용,남,52세,경상
2018030200100351,2018년 3월 2일 16시,금요일,부산광역시 동구 초량동,중상사고,0,1,0,0,차대사람 - 횡단중,안전운전불이행,건조,맑음,기타 - 기타,승용,남,53세,상해없음,보행자,남,65세,중상
2018030200100352,2018년 3월 2일 16시,금요일,부산광역시 수영구 광안동,중상사고,0,1,0,0,차대사람 - 횡단중,중앙선침범,건조,맑음,단일로 - 기타,승용,남,45세,상해없음,보행자,남,71세,중상
2018030200100353,2018년 3월 2일 16시,금요일,부산광역시 해운대구 좌동,중상사고,0,1,2,0,차대차 - 기타,신호위반,건조,맑음,교차로 - 교차로안,승합,남,54세,상해없음,승용,여,49세,상해없음
2018030200100354,2018년 3월 2일 16시,금요일,부산광역시 해운대구 우동,경상사고,0,0,1,0,차대사람 - 기타,안전운전불이행,건조,맑음,단일로 - 기타,승용,남,52세,기타불명,보행자,남,60세,경상
2018030200100355,2018년 3월 2일 16시,금요일,부산광역시 부산진구 전포동,경상사고,0,0,1,1,차대차 - 기타,안전운전불이행,건조,맑음,교차로 - 교차로부근,승용,여,22세,부상신고,승용,여,51세,경상
2018030200100356,2018년 3월 2일 16시,금요일,부산광역시 사하구 하단동,경상사고,0,0,1,0,차대차 - 기타,안전운전불이행,건조,맑음,단일로 - 기타,자전거,남,63세,경상,승용,여,67세,상해없음
2018030200100398,2018년 3월 2일 17시,금요일,부산광역시 남구 대연동,중상사고,0,1,0,0,차대차 - 기타,교차로운행방법위반,건조,맑음,교차로 - 교차로안,승용,남,43세,상해없음,승합,남,56세,상해없음
2018030200100399,2018년 3월 2일 17시,금요일,부산광역시 사하구 다대동,중상사고,0,1,0,0,차대사람 - 횡단중,안전운전불이행,건조,맑음,단일로 - 기타,승용,여,51세,상해없음,보행자,여,65세,중상
2018030200100443,2018년 3월 2일 18시,금요일,부산광역시 서구 서대신동3가,중상사고,0,1,0,0,차대사람 - 기타,안전운전불이행,건조,맑음,교차로 - 교차로안,승용,남,51세,상해없음,보행자,여,81세,중상
2018030200100444,2018년 3월 2일 18시,금요일,부산광역시 금정구 장전동,부상신고사고,0,0,0,1,차대차 - 기타,안전운전불이행,건조,맑음,단일로 - 기타,승합,남,60세,상해없음,이륜,남,25세,부상신고
2018030200100445,2018년 3월 2일 18시,금요일,부산광역시 수영구 수영동,경상사고,0,0,2,0,차대차 - 측면충돌,안전거리미확보,건조,맑음,단일로 - 기타,승용,남,45세,상해없음,승용,여,30세,경상
2018030200100481,2018년 3월 2일 19시,금요일,부산광역시 동래구 온천동,경상사고,0,0,1,0,차대차 - 기타,안전운전불이행,건조,맑음,단일로 - 기타,승용,남,35세,상해없음,이륜,남,33세,경상
2018030200100482,2018년 3월 2일 19시,금요일,부산광역시 영도구 대교동1가,경상사고,0,0,3,0,차대차 - 추돌,안전운전불이행,건조,맑음,단일로 - 기타,승용,남,46세,상해없음,승용,남,39세,경상
2018030200100483,2018년 3월 2일 19시,금요일,부산광역시 금정구 부곡동,중상사고,0,1,0,0,차대사람 - 기타,안전운전불이행,건조,맑음,교차로 - 교차로안,승용,남,29세,상해없음,보행자,여,31세,중상
2018030200100522,2018년 3월 2일 20시,금요일,부산광역시 동래구 안락동,경상사고,0,0,1,0,차대사람 - 횡단중,안전운전불이행,건조,맑음,교차로 - 교차로횡단보도내,승용,여,61세,상해없음,보행자,여,42세,경상
2018030200100523,2018년 3월 2일 20시,금요일,부산광역시 사상구 주례동,경상사고,0,0,1,0,차대차 - 측면충돌,안전운전불이행,건조,맑음,단일로 - 지하차도(도로)내,승용,남,43세,상해없음,승용,남,37세,경상
2018030200100552,2018년 3월 2일 21시,금요일,부산광역시 부산진구 연지동,경상사고,0,0,1,0,차대사람 - 기타,안전운전불이행,건조,맑음,단일로 - 기타,기타불명,기타불명,미분류,기타불명,보행자,여,53세,경상
2018030200100553,2018년 3월 2일 21시,금요일,부산광역시 사하구 당리동,중상사고,0,1,1,0,차대사람 - 횡단중,안전운전불이행,건조,맑음,교차로 - 교차로안,승용,여,56세,상해없음,보행자,여,64세,중상
2018030200100578,2018년 3월 2일 22시,금요일,부산광역시 동구 좌천동,경상사고,0,0,1,0,차대차 - 기타,안전운전불이행,건조,맑음,단일로 - 기타,자전거,남,19세,경상,승용,남,46세,상해없음
2018030200100579,2018년 3월 2일 22시,금요일,부산광역시 사하구 장림동,부상신고사고,0,0,0,1,차대차 - 측면충돌,신호위반,건조,맑음,교차로 - 교차로안,승용,남,54세,상해없음,이륜,남,16세,부상신고
2018030200100601,2018년 3월 2일 23시,금요일,부산광역시 동구 범일동,중상사고,0,1,0,0,차대사람 - 기타,안전운전불이행,건조,맑음,단일로 - 기타,승용,남,51세,상해없음,보행자,남,62세,중상
2018030200100602,2018년 3월 2일 23시,금요일,부산광역시 동래구 명륜동,경상사고,0,0,1,0,차대사람 - 횡단중,안전운전불이행,건조,맑음,교차로 - 교차로안,승용,남,26세,상해없음,보행자,남,33세,경상
2018030300100020,2018년 3월 3일 01시,토요일,부산광역시 강서구 대저1동,중상사고,0,1,1,0,차대차 - 측면충돌,교차로운행방법위반,건조,맑음,교차로 - 교차로안,승용,남,54세,상해없음,화물,남,41세,경상
2018030300100034,2018년 3월 3일 02시,토요일,부산광역시 금정구 오륜동,사망사고,1,2,2,0,차대차 - 정면충돌,중앙선침범,건조,맑음,단일로 - 기타,승용,남,57세,사망,승용,남,60세,중상
2018030300100051,2018년 3월 3일 04시,토요일,부산광역시 부산진구 부전동,중상사고,0,1,0,0,차대차 - 측면충돌,안전운전불이행,건조,맑음,단일로 - 기타,승합,남,24세,상해없음,이륜,남,55세,중상
2018030300100061,2018년 3월 3일 05시,토요일,부산광역시 해운대구 석대동,경상사고,0,0,1,0,차대차 - 기타,안전운전불이행,건조,맑음,교차로 - 교차로부근,승용,남,34세,상해없음,승용,남,57세,경상
2018030300100062,2018년 3월 3일 05시,토요일,부산광역시 연제구 연산동,부상신고사고,0,0,0,1,차대차 - 측면충돌,안전운전불이행,건조,맑음,교차로 - 교차로횡단보도내,자전거,남,73세,부상신고,승용,남,52세,상해없음
2018030300100070,2018년 3월 3일 06시,토요일,부산광역시 동래구 안락동,중상사고,0,1,0,0,차대차 - 측면충돌,중앙선침범,건조,맑음,단일로 - 기타,자전거,남,68세,중상,승용,남,57세,상해없음
2018030300100078,2018년 3월 3일 07시,토요일,부산광역시 부산진구 부전동,경상사고,0,0,3,0,차대차 - 측면충돌,신호위반,건조,맑음,교차로 - 교차로안,승용,여,33세,상해없음,승용,남,66세,경상
2018030300100080,2018년 3월 3일 07시,토요일,부산광역시 강서구 구랑동,경상사고,0,0,1,0,차대차 - 추돌,안전운전불이행,건조,맑음,단일로 - 기타,승용,남,36세,상해없음,승용,남,59세,경상
2018030300100123,2018년 3월 3일 10시,토요일,부산광역시 영도구 청학동,경상사고,0,0,2,0,차대차 - 측면충돌,안전운전불이행,건조,맑음,단일로 - 기타,승용,남,55세,상해없음,승용,여,60세,경상
2018030300100151,2018년 3월 3일 11시,토요일,부산광역시 연제구 거제동,중상사고,0,1,0,0,차대차 - 측면충돌,안전운전불이행,건조,맑음,단일로 - 기타,승용,남,37세,상해없음,자전거,남,76세,중상
2018030300100152,2018년 3월 3일 11시,토요일,부산광역시 사상구 삼락동,경상사고,0,0,1,0,차대차 - 측면충돌,교차로운행방법위반,건조,맑음,교차로 - 교차로안,화물,남,25세,상해없음,승용,남,49세,경상
2018030300100178,2018년 3월 3일 12시,토요일,부산광역시 해운대구 재송동,경상사고,0,0,1,0,차대사람 - 기타,안전운전불이행,건조,맑음,단일로 - 기타,기타불명,기타불명,미분류,기타불명,보행자,여,74세,경상
2018030300100201,2018년 3월 3일 13시,토요일,부산광역시 영도구 동삼동,중상사고,0,1,1,0,차대차 - 측면충돌,안전거리미확보,건조,맑음,단일로 - 기타,승용,남,31세,상해없음,원동기,남,19세,중상
2018030300100202,2018년 3월 3일 13시,토요일,부산광역시 해운대구 좌동,중상사고,0,1,0,0,차대차 - 측면충돌,신호위반,건조,맑음,교차로 - 교차로안,승합,남,44세,상해없음,자전거,남,13세,중상
2018030300100203,2018년 3월 3일 13시,토요일,부산광역시 금정구 청룡동,중상사고,0,2,0,0,차대사람 - 횡단중,보행자보호의무위반,건조,맑음,단일로 - 기타,화물,남,44세,상해없음,보행자,여,51세,중상
2018030300100204,2018년 3월 3일 13시,토요일,부산광역시 금정구 장전동,경상사고,0,0,1,0,차대차 - 기타,안전운전불이행,건조,맑음,교차로 - 교차로부근,승용,여,50세,상해없음,화물,남,59세,경상
2018030300100205,2018년 3월 3일 13시,토요일,부산광역시 연제구 연산동,경상사고,0,0,1,0,차대차 - 추돌,안전거리미확보,건조,맑음,단일로 - 기타,승용,남,64세,상해없음,승용,여,61세,경상
2018030300100206,2018년 3월 3일 13시,토요일,부산광역시 강서구 명지동,경상사고,0,0,3,0,차대차 - 측면충돌,신호위반,건조,맑음,교차로 - 교차로안,화물,남,60세,상해없음,승용,남,38세,경상
2018030300100261,2018년 3월 3일 15시,토요일,부산광역시 부산진구 부전동,경상사고,0,0,1,0,차대사람 - 횡단중,보행자보호의무위반,건조,맑음,교차로 - 교차로안,승용,여,36세,상해없음,보행자,남,34세,경상
2018030300100293,2018년 3월 3일 16시,토요일,부산광역시 해운대구 재송동,중상사고,0,1,0,0,차대차 - 정면충돌,신호위반,건조,맑음,교차로 - 교차로안,승용,여,53세,상해없음,이륜,남,18세,중상
2018030300100294,2018년 3월 3일 16시,토요일,부산광역시 부산진구 전포동,중상사고,0,1,0,0,차대차 - 기타,신호위반,건조,맑음,교차로 - 교차로안,승용,남,27세,상해없음,이륜,남,28세,중상
2018030300100318,2018년 3월 3일 17시,토요일,부산광역시 동구 범일동,경상사고,0,0,1,0,차대사람 - 차도통행중,안전운전불이행,건조,맑음,단일로 - 기타,화물,남,37세,상해없음,보행자,남,69세,경상
2018030300100319,2018년 3월 3일 17시,토요일,부산광역시 북구 화명동,경상사고,0,0,1,0,차대차 - 후진중충돌,안전운전불이행,건조,맑음,단일로 - 지하차도(도로)내,승용,여,72세,상해없음,승용,남,28세,경상
2018030300100320,2018년 3월 3일 17시,토요일,부산광역시 해운대구 송정동,중상사고,0,2,0,0,차대차 - 측면충돌,안전거리미확보,건조,맑음,단일로 - 기타,승용,남,30세,상해없음,승용,남,27세,중상
2018030300100321,2018년 3월 3일 17시,토요일,부산광역시 기장군 기장읍,중상사고,0,1,0,0,차대차 - 측면충돌,안전운전불이행,건조,맑음,단일로 - 기타,화물,남,67세,상해없음,이륜,남,88세,중상
2018030300100354,2018년 3월 3일 18시,토요일,부산광역시 부산진구 전포동,경상사고,0,0,1,0,차대차 - 기타,신호위반,건조,맑음,교차로 - 교차로부근,기타불명,기타불명,미분류,기타불명,자전거,남,10세,경상
2018030300100355,2018년 3월 3일 18시,토요일,부산광역시 사상구 덕포동,경상사고,0,0,1,0,차대차 - 측면충돌,안전운전불이행,건조,맑음,교차로 - 교차로안,승용,남,61세,상해없음,이륜,남,40세,경상
2018030300100384,2018년 3월 3일 19시,토요일,부산광역시 해운대구 좌동,경상사고,0,0,1,0,차대차 - 기타,안전운전불이행,건조,맑음,교차로 - 교차로부근,자전거,남,67세,경상,승용,남,57세,상해없음
2018030300100385,2018년 3월 3일 19시,토요일,부산광역시 수영구 수영동,경상사고,0,0,1,0,차대차 - 측면충돌,안전운전불이행,건조,맑음,단일로 - 기타,승용,남,68세,상해없음,승용,남,62세,경상
2018030300100386,2018년 3월 3일 19시,토요일,부산광역시 기장군 일광면,중상사고,0,1,0,0,차대차 - 측면충돌,불법유턴,건조,맑음,단일로 - 기타,농기계,남,49세,중상,승용,남,39세,상해없음
2018030300100418,2018년 3월 3일 20시,토요일,부산광역시 서구 토성동1가,경상사고,0,0,1,0,차대사람 - 횡단중,보행자보호의무위반,건조,맑음,단일로 - 기타,이륜,남,16세,상해없음,보행자,여,26세,경상
2018030300100419,2018년 3월 3일 20시,토요일,부산광역시 부산진구 전포동,경상사고,0,0,1,1,차대차 - 추돌,안전운전불이행,건조,맑음,단일로 - 기타,승용,남,51세,상해없음,승용,남,61세,경상
2018030300100420,2018년 3월 3일 20시,토요일,부산광역시 부산진구 부전동,경상사고,0,0,1,0,차대사람 - 기타,기타,건조,맑음,단일로 - 기타,승합,남,38세,상해없음,보행자,남,49세,경상
2018030300100421,2018년 3월 3일 20시,토요일,부산광역시 강서구 송정동,경상사고,0,0,4,0,차대차 - 추돌,안전운전불이행,건조,맑음,단일로 - 기타,화물,남,51세,상해없음,승용,남,30세,경상
2018030300100422,2018년 3월 3일 20시,토요일,부산광역시 사상구 괘법동,경상사고,0,0,1,0,차대차 - 추돌,안전운전불이행,건조,맑음,단일로 - 기타,승용,남,53세,상해없음,이륜,남,54세,경상
2018030300100423,2018년 3월 3일 20시,토요일,부산광역시 사상구 엄궁동,중상사고,0,1,4,1,차대차 - 추돌,안전운전불이행,건조,맑음,교차로 - 교차로부근,승용,남,29세,부상신고,승용,남,49세,중상
2018030300100447,2018년 3월 3일 21시,토요일,부산광역시 서구 암남동,경상사고,0,0,1,0,차대차 - 측면충돌,안전운전불이행,건조,맑음,교차로 - 교차로안,승용,남,61세,상해없음,승용,남,46세,상해없음
2018030300100448,2018년 3월 3일 21시,토요일,부산광역시 부산진구 개금동,경상사고,0,0,1,0,차대사람 - 기타,안전운전불이행,건조,맑음,단일로 - 기타,승용,남,63세,상해없음,보행자,여,42세,경상
2018030300100466,2018년 3월 3일 22시,토요일,부산광역시 금정구 구서동,사망사고,1,0,0,0,차대사람 - 횡단중,안전운전불이행,건조,맑음,교차로 - 교차로안,승용,남,58세,상해없음,보행자,남,64세,사망
2018030300100486,2018년 3월 3일 23시,토요일,부산광역시 부산진구 전포동,경상사고,0,0,1,0,차대사람 - 횡단중,보행자보호의무위반,건조,맑음,교차로 - 교차로안,승용,남,38세,상해없음,보행자,남,63세,경상
2018030300100487,2018년 3월 3일 23시,토요일,부산광역시 수영구 망미동,중상사고,0,1,0,0,차대차 - 추돌,안전운전불이행,건조,맑음,단일로 - 기타,승용,남,26세,상해없음,승용,여,44세,중상
2018030400100006,2018년 3월 4일 00시,일요일,부산광역시 부산진구 개금동,중상사고,0,2,2,1,차대차 - 측면충돌,신호위반,건조,맑음,교차로 - 교차로안,승용,남,23세,부상신고,승용,남,38세,중상
2018030400100007,2018년 3월 4일 00시,일요일,부산광역시 강서구 대저1동,중상사고,0,1,0,0,차대차 - 기타,안전거리미확보,건조,맑음,단일로 - 기타,승용,남,26세,상해없음,승용,남,27세,중상
2018030400100020,2018년 3월 4일 01시,일요일,부산광역시 금정구 부곡동,경상사고,0,0,3,0,차대차 - 기타,안전운전불이행,건조,맑음,단일로 - 기타,승용,남,57세,상해없음,승용,남,62세,경상
2018030400100021,2018년 3월 4일 01시,일요일,부산광역시 사상구 학장동,경상사고,0,0,3,0,차대차 - 추돌,신호위반,건조,맑음,교차로 - 교차로안,승용,남,55세,상해없음,승용,남,67세,경상
2018030400100038,2018년 3월 4일 02시,일요일,부산광역시 연제구 거제동,경상사고,0,0,2,0,차대차 - 기타,신호위반,건조,맑음,교차로 - 교차로부근,승용,남,50세,상해없음,승용,남,22세,경상
2018030400100050,2018년 3월 4일 03시,일요일,부산광역시 부산진구 부전동,중상사고,0,1,1,0,차대차 - 기타,안전운전불이행,건조,맑음,단일로 - 기타,승용,남,19세,상해없음,이륜,남,25세,중상
2018030400100058,2018년 3월 4일 04시,일요일,부산광역시 사상구 모라동,중상사고,0,1,0,0,차대차 - 추돌,안전운전불이행,건조,맑음,기타 - 기타,승용,남,32세,상해없음,자전거,남,64세,중상
2018030400100068,2018년 3월 4일 05시,일요일,부산광역시 수영구 남천동,경상사고,0,0,1,0,차대차 - 기타,안전거리미확보,건조,맑음,기타 - 기타,승용,남,64세,상해없음,화물,남,59세,경상
2018030400100069,2018년 3월 4일 05시,일요일,부산광역시 북구 덕천동,중상사고,0,3,3,0,차대차 - 측면충돌,신호위반,건조,맑음,교차로 - 교차로안,승용,남,47세,상해없음,승용,남,42세,경상
2018030400100070,2018년 3월 4일 05시,일요일,부산광역시 동래구 온천동,중상사고,0,1,0,0,차대차 - 기타,안전운전불이행,건조,맑음,교차로 - 교차로안,승용,남,76세,상해없음,이륜,남,29세,중상
2018030400100071,2018년 3월 4일 05시,일요일,부산광역시 해운대구 우동,중상사고,0,1,1,0,차대차 - 측면충돌,기타,건조,맑음,교차로 - 교차로안,승용,남,49세,중상,승용,남,64세,경상
2018030400100087,2018년 3월 4일 07시,일요일,부산광역시 부산진구 연지동,경상사고,0,0,2,0,차대차 - 측면충돌,안전운전불이행,건조,맑음,단일로 - 기타,승용,남,37세,상해없음,승용,여,54세,경상
2018030400100098,2018년 3월 4일 08시,일요일,부산광역시 수영구 광안동,중상사고,0,2,1,0,차대차 - 측면충돌,차로위반,건조,맑음,단일로 - 기타,승용,남,27세,상해없음,승용,여,53세,중상
2018030400100099,2018년 3월 4일 08시,일요일,부산광역시 남구 대연동,경상사고,0,0,1,0,차대사람 - 기타,안전운전불이행,건조,맑음,단일로 - 기타,이륜,남,24세,상해없음,보행자,남,39세,경상
2018030400100131,2018년 3월 4일 10시,일요일,부산광역시 해운대구 중동,경상사고,0,0,2,0,차대차 - 측면충돌,안전운전불이행,건조,맑음,단일로 - 기타,승용,여,39세,상해없음,승용,여,50세,경상
2018030400100132,2018년 3월 4일 10시,일요일,부산광역시 해운대구 좌동,경상사고,0,0,3,0,차대차 - 추돌,안전운전불이행,건조,맑음,교차로 - 교차로부근,승용,여,33세,상해없음,승용,여,38세,경상
2018030400100175,2018년 3월 4일 13시,일요일,부산광역시 사상구 모라동,중상사고,0,1,0,0,차대사람 - 보도통행중,신호위반,건조,맑음,단일로 - 기타,승합,남,44세,상해없음,보행자,남,51세,중상
2018030400100195,2018년 3월 4일 14시,일요일,부산광역시 남구 대연동,경상사고,0,0,1,0,차대차 - 추돌,안전거리미확보,건조,맑음,단일로 - 기타,승용,남,27세,상해없음,이륜,남,50세,경상
2018030400100196,2018년 3월 4일 14시,일요일,부산광역시 부산진구 초읍동,경상사고,0,0,1,0,차대사람 - 횡단중,안전운전불이행,건조,맑음,교차로 - 교차로안,승용,남,45세,상해없음,보행자,여,76세,경상
2018030400100197,2018년 3월 4일 14시,일요일,부산광역시 기장군 기장읍,중상사고,0,1,1,0,차대차 - 측면충돌,안전운전불이행,건조,맑음,단일로 - 기타,승용,남,44세,상해없음,승용,남,32세,경상
2018030400100215,2018년 3월 4일 15시,일요일,부산광역시 동래구 온천동,경상사고,0,0,1,0,차대차 - 측면충돌,안전운전불이행,건조,맑음,단일로 - 기타,승용,여,56세,상해없음,승용,남,33세,경상
2018030400100216,2018년 3월 4일 15시,일요일,부산광역시 해운대구 우동,중상사고,0,1,0,0,차대사람 - 횡단중,안전운전불이행,건조,맑음,단일로 - 기타,승용,남,70세,상해없음,보행자,여,68세,중상
2018030400100217,2018년 3월 4일 15시,일요일,부산광역시 부산진구 당감동,경상사고,0,0,1,0,차대사람 - 길가장자리구역통행중,안전운전불이행,건조,맑음,단일로 - 기타,이륜,남,62세,상해없음,보행자,남,6세,경상
2018030400100259,2018년 3월 4일 17시,일요일,부산광역시 남구 대연동,경상사고,0,0,3,0,차대차 - 측면충돌,안전거리미확보,건조,맑음,단일로 - 기타,승용,남,67세,상해없음,승용,남,42세,경상
2018030400100260,2018년 3월 4일 17시,일요일,부산광역시 사하구 장림동,경상사고,0,0,1,0,차대차 - 측면충돌,안전운전불이행,건조,맑음,단일로 - 기타,승용,남,52세,상해없음,이륜,남,21세,경상
2018030400100261,2018년 3월 4일 17시,일요일,부산광역시 연제구 연산동,경상사고,0,0,1,0,차대차 - 측면충돌,안전운전불이행,건조,맑음,교차로 - 교차로안,승용,여,44세,상해없음,이륜,남,19세,경상
2018030400100276,2018년 3월 4일 18시,일요일,부산광역시 부산진구 가야동,부상신고사고,0,0,0,2,차대차 - 추돌,안전거리미확보,건조,맑음,단일로 - 기타,승용,남,49세,상해없음,승용,남,46세,부상신고
2018030400100366,2018년 3월 4일 21시,일요일,부산광역시 서구 암남동,부상신고사고,0,0,0,1,차대사람 - 차도통행중,신호위반,젖음/습기,비,단일로 - 기타,이륜,남,72세,상해없음,보행자,남,23세,부상신고
2018030400100367,2018년 3월 4일 21시,일요일,부산광역시 수영구 민락동,부상신고사고,0,0,0,1,차대사람 - 횡단중,안전운전불이행,젖음/습기,비,교차로 - 교차로안,승용,남,30세,상해없음,보행자,여,21세,부상신고
2018030400100368,2018년 3월 4일 21시,일요일,부산광역시 부산진구 초읍동,경상사고,0,0,1,0,차대차 - 추돌,안전운전불이행,젖음/습기,비,단일로 - 기타,승용,남,37세,상해없음,승용,남,30세,경상
2018030400100369,2018년 3월 4일 21시,일요일,부산광역시 사하구 신평동,중상사고,0,1,0,0,차대차 - 추돌,안전운전불이행,젖음/습기,비,단일로 - 기타,승용,여,40세,상해없음,이륜,남,31세,중상
2018030400100406,2018년 3월 4일 22시,일요일,부산광역시 금정구 부곡동,경상사고,0,0,1,0,차대차 - 측면충돌,기타,젖음/습기,비,교차로 - 교차로안,이륜,남,19세,경상,승합,남,65세,상해없음
2018030400100407,2018년 3월 4일 22시,일요일,부산광역시 금정구 금사동,중상사고,0,1,0,0,차대차 - 측면충돌,과속,젖음/습기,비,단일로 - 기타,승용,남,45세,상해없음,자전거,남,66세,중상
2018030400100446,2018년 3월 4일 23시,일요일,부산광역시 부산진구 부전동,중상사고,0,1,0,0,차대사람 - 기타,안전운전불이행,젖음/습기,비,단일로 - 기타,승용,남,30세,상해없음,보행자,남,70세,중상
2018030400100447,2018년 3월 4일 23시,일요일,부산광역시 사하구 하단동,중상사고,0,1,0,0,차대차 - 측면충돌,안전운전불이행,젖음/습기,비,단일로 - 기타,승용,남,63세,상해없음,승용,남,32세,중상
2018030500100004,2018년 3월 5일 00시,월요일,부산광역시 해운대구 재송동,경상사고,0,0,3,0,차대차 - 측면충돌,안전거리미확보,젖음/습기,비,교차로 - 교차로부근,승용,남,59세,상해없음,승합,남,42세,경상
2018030500100016,2018년 3월 5일 01시,월요일,부산광역시 중구 보수동3가,중상사고,0,1,0,0,차대차 - 측면충돌,신호위반,젖음/습기,비,교차로 - 교차로안,승용,남,61세,상해없음,이륜,남,58세,중상
2018030500100050,2018년 3월 5일 05시,월요일,부산광역시 해운대구 우동,중상사고,0,1,0,0,차대사람 - 횡단중,중앙선침범,젖음/습기,비,교차로 - 교차로횡단보도내,승용,남,65세,상해없음,보행자,여,45세,중상
2018030500100051,2018년 3월 5일 05시,월요일,부산광역시 기장군 기장읍,경상사고,0,0,2,0,차대차 - 추돌,안전운전불이행,젖음/습기,비,기타 - 기타,승용,남,70세,상해없음,승용,남,44세,경상
2018030500100070,2018년 3월 5일 06시,월요일,부산광역시 강서구 대저1동,중상사고,0,1,0,0,차대차 - 추돌,신호위반,젖음/습기,비,교차로 - 교차로부근,화물,남,68세,상해없음,화물,남,35세,중상
2018030500100071,2018년 3월 5일 06시,월요일,부산광역시 사상구 학장동,중상사고,0,1,0,0,차대사람 - 차도통행중,안전운전불이행,젖음/습기,비,단일로 - 기타,승용,남,57세,상해없음,보행자,여,61세,중상
2018030500100089,2018년 3월 5일 07시,월요일,부산광역시 강서구 신호동,경상사고,0,0,2,0,차대차 - 측면충돌,안전운전불이행,젖음/습기,맑음,교차로 - 교차로부근,승용,남,47세,상해없음,승용,남,55세,경상
2018030500100114,2018년 3월 5일 08시,월요일,부산광역시 사하구 괴정동,경상사고,0,0,1,0,차대차 - 추돌,안전거리미확보,젖음/습기,비,단일로 - 기타,승용,여,40세,상해없음,승용,남,73세,경상
2018030500100147,2018년 3월 5일 09시,월요일,부산광역시 서구 서대신동3가,중상사고,0,1,0,0,차대사람 - 횡단중,보행자보호의무위반,젖음/습기,비,교차로 - 교차로횡단보도내,승합,남,63세,상해없음,보행자,남,74세,중상
2018030500100148,2018년 3월 5일 09시,월요일,부산광역시 해운대구 반여동,경상사고,0,0,2,1,차대차 - 기타,안전운전불이행,건조,흐림,교차로 - 교차로부근,승용,남,51세,상해없음,승용,남,62세,경상
2018030500100172,2018년 3월 5일 10시,월요일,부산광역시 남구 대연동,중상사고,0,1,0,0,차대사람 - 횡단중,안전운전불이행,젖음/습기,비,교차로 - 교차로부근,승용,남,51세,상해없음,보행자,여,75세,중상
2018030500100223,2018년 3월 5일 12시,월요일,부산광역시 수영구 광안동,중상사고,0,1,1,0,차대차 - 기타,교차로운행방법위반,건조,맑음,교차로 - 교차로안,승용,남,50세,중상,승용,여,24세,경상
2018030500100252,2018년 3월 5일 13시,월요일,부산광역시 북구 화명동,경상사고,0,0,1,0,차대차 - 기타,안전거리미확보,건조,맑음,교차로 - 교차로안,승용,여,51세,상해없음,이륜,남,26세,경상
2018030500100253,2018년 3월 5일 13시,월요일,부산광역시 해운대구 좌동,중상사고,0,1,0,0,차대사람 - 보도통행중,기타,젖음/습기,비,기타 - 기타,화물,남,57세,상해없음,보행자,남,66세,중상
2018030500100254,2018년 3월 5일 13시,월요일,부산광역시 해운대구 반여동,중상사고,0,1,0,0,차대사람 - 기타,교차로운행방법위반,건조,맑음,교차로 - 교차로부근,승용,남,52세,상해없음,보행자,여,76세,중상
2018030500100255,2018년 3월 5일 13시,월요일,부산광역시 금정구 장전동,경상사고,0,0,1,0,차대차 - 기타,교차로운행방법위반,젖음/습기,비,교차로 - 교차로안,이륜,남,37세,상해없음,이륜,남,30세,경상
2018030500100288,2018년 3월 5일 14시,월요일,부산광역시 기장군 기장읍,경상사고,0,0,2,0,차량단독 - 공작물충돌,안전운전불이행,젖음/습기,맑음,단일로 - 기타,화물,남,61세,경상,,,,
2018030500100315,2018년 3월 5일 15시,월요일,부산광역시 남구 대연동,중상사고,0,1,0,0,차대사람 - 횡단중,안전운전불이행,건조,맑음,단일로 - 기타,승용,남,74세,상해없음,보행자,남,16세,중상
2018030500100342,2018년 3월 5일 16시,월요일,부산광역시 수영구 광안동,경상사고,0,0,1,0,차대차 - 기타,안전운전불이행,건조,맑음,단일로 - 기타,승용,남,57세,상해없음,이륜,남,33세,경상
2018030500100367,2018년 3월 5일 17시,월요일,부산광역시 중구 남포동6가,경상사고,0,0,1,0,차대차 - 추돌,안전거리미확보,젖음/습기,흐림,교차로 - 교차로안,승용,남,26세,상해없음,승용,남,32세,경상
2018030500100400,2018년 3월 5일 18시,월요일,부산광역시 사상구 괘법동,부상신고사고,0,0,0,1,차대사람 - 길가장자리구역통행중,안전운전불이행,건조,맑음,교차로 - 교차로안,승용,남,65세,상해없음,보행자,여,64세,부상신고
2018030500100429,2018년 3월 5일 19시,월요일,부산광역시 남구 용호동,중상사고,0,1,0,0,차대차 - 추돌,안전거리미확보,건조,맑음,단일로 - 기타,승용,남,59세,상해없음,이륜,남,43세,중상
2018030500100430,2018년 3월 5일 19시,월요일,부산광역시 부산진구 부전동,경상사고,0,0,1,0,차대사람 - 기타,안전운전불이행,건조,맑음,단일로 - 기타,승용,남,65세,상해없음,보행자,여,67세,경상