사고번호,사고일시,요일,시군구,사고내용,사망자수,중상자수,경상자수,부상신고자수,사고유형,법규위반,노면상태,기상상태,도로형태,가해운전자 차종,가해운전자 성별,가해운전자 연령,가해운전자 상해정도,피해운전자 차종,피해운전자 성별,피해운전자 연령,피해운전자 상해정도
2018030500100431,2018년 3월 5일 19시,월요일,부산광역시 사상구 주례동,경상사고,0,0,1,0,차대차 - 측면충돌,안전거리미확보,건조,맑음,교차로 - 교차로안,승합,남,42세,상해없음,이륜,남,20세,경상
2018030500100461,2018년 3월 5일 20시,월요일,부산광역시 부산진구 당감동,경상사고,0,0,1,0,차대차 - 측면충돌,안전운전불이행,건조,맑음,단일로 - 기타,승용,남,53세,상해없음,승용,여,44세,경상
2018030500100483,2018년 3월 5일 21시,월요일,부산광역시 사하구 다대동,중상사고,0,1,0,0,차대차 - 추돌,안전운전불이행,건조,맑음,기타 - 기타,승용,남,31세,상해없음,승용,여,36세,중상
2018030500100515,2018년 3월 5일 22시,월요일,부산광역시 부산진구 전포동,경상사고,0,0,1,0,차대차 - 측면충돌,신호위반,건조,맑음,교차로 - 교차로안,승용,남,29세,상해없음,이륜,남,25세,경상
2018030500100531,2018년 3월 5일 23시,월요일,부산광역시 금정구 서동,경상사고,0,0,2,0,차대차 - 측면충돌,교차로운행방법위반,건조,맑음,교차로 - 교차로안,승용,여,58세,상해없음,승용,여,46세,경상
2018030600100006,2018년 3월 6일 00시,화요일,부산광역시 영도구 동삼동,경상사고,0,0,1,0,차대차 - 측면충돌,안전거리미확보,건조,맑음,단일로 - 기타,화물,남,54세,상해없음,이륜,남,27세,경상
2018030600100019,2018년 3월 6일 01시,화요일,부산광역시 해운대구 반송동,경상사고,0,0,2,0,차대차 - 측면충돌,안전운전불이행,건조,맑음,교차로 - 교차로안,승합,남,57세,상해없음,승용,남,36세,경상
2018030600100059,2018년 3월 6일 06시,화요일,부산광역시 기장군 기장읍,경상사고,0,0,2,0,차대차 - 추돌,안전운전불이행,건조,맑음,교차로 - 교차로부근,승용,남,73세,상해없음,승용,남,53세,경상
2018030600100080,2018년 3월 6일 07시,화요일,부산광역시 해운대구 우동,중상사고,0,1,0,0,차대차 - 측면충돌,신호위반,건조,맑음,교차로 - 교차로부근,승합,남,67세,상해없음,이륜,남,31세,중상
2018030600100104,2018년 3월 6일 08시,화요일,부산광역시 동래구 명장동,중상사고,0,1,0,0,차대사람 - 횡단중,보행자보호의무위반,건조,맑음,교차로 - 교차로안,승합,남,45세,상해없음,보행자,여,61세,중상
2018030600100140,2018년 3월 6일 09시,화요일,부산광역시 사하구 신평동,중상사고,0,1,0,0,차대사람 - 횡단중,안전운전불이행,건조,맑음,교차로 - 교차로안,승용,남,62세,상해없음,보행자,여,75세,중상
2018030600100141,2018년 3월 6일 09시,화요일,부산광역시 강서구 명지동,경상사고,0,0,2,0,차대차 - 후진중충돌,안전운전불이행,건조,맑음,단일로 - 기타,승용,남,59세,상해없음,승용,여,62세,경상
2018030600100163,2018년 3월 6일 10시,화요일,부산광역시 남구 감만동,경상사고,0,0,2,0,차대차 - 기타,안전거리미확보,건조,맑음,단일로 - 기타,특수,남,40세,상해없음,승용,여,34세,경상
2018030600100184,2018년 3월 6일 11시,화요일,부산광역시 동구 초량동,경상사고,0,0,1,0,차량단독 - 기타,기타,건조,맑음,단일로 - 기타,승합,남,60세,상해없음,,,,
2018030600100202,2018년 3월 6일 12시,화요일,부산광역시 남구 대연동,부상신고사고,0,0,0,3,차대사람 - 길가장자리구역통행중,안전운전불이행,젖음/습기,맑음,단일로 - 기타,승용,남,25세,상해없음,보행자,남,31세,부상신고
2018030600100228,2018년 3월 6일 13시,화요일,부산광역시 동구 초량동,경상사고,0,0,1,0,차대사람 - 횡단중,보행자보호의무위반,건조,맑음,교차로 - 교차로횡단보도내,원동기,남,69세,상해없음,보행자,남,36세,경상
2018030600100277,2018년 3월 6일 15시,화요일,부산광역시 부산진구 전포동,중상사고,0,1,0,0,차대차 - 측면충돌,안전운전불이행,건조,맑음,단일로 - 기타,화물,남,29세,상해없음,이륜,남,71세,중상
2018030600100309,2018년 3월 6일 16시,화요일,부산광역시 부산진구 초읍동,부상신고사고,0,0,0,1,차대사람 - 기타,안전운전불이행,건조,맑음,단일로 - 기타,승용,여,37세,기타불명,보행자,남,59세,부상신고
2018030600100310,2018년 3월 6일 16시,화요일,부산광역시 부산진구 전포동,중상사고,0,1,0,0,차대차 - 기타,직진우회전진행방해,건조,맑음,교차로 - 교차로안,승용,여,25세,상해없음,이륜,남,74세,중상
2018030600100311,2018년 3월 6일 16시,화요일,부산광역시 사하구 장림동,중상사고,0,1,0,0,차대차 - 측면충돌,중앙선침범,건조,맑음,교차로 - 교차로부근,승용,남,67세,상해없음,이륜,남,26세,중상
2018030600100336,2018년 3월 6일 17시,화요일,부산광역시 중구 중앙동4가,중상사고,0,1,1,0,차대차 - 추돌,안전운전불이행,건조,맑음,단일로 - 기타,승용,남,51세,상해없음,승용,여,29세,중상
2018030600100337,2018년 3월 6일 17시,화요일,부산광역시 부산진구 부전동,중상사고,0,1,0,0,차대사람 - 횡단중,안전운전불이행,건조,맑음,교차로 - 교차로안,승용,여,22세,상해없음,보행자,여,56세,중상
2018030600100378,2018년 3월 6일 18시,화요일,부산광역시 동래구 안락동,경상사고,0,0,1,0,차대사람 - 횡단중,보행자보호의무위반,건조,맑음,단일로 - 기타,화물,남,56세,상해없음,보행자,남,52세,경상
2018030600100379,2018년 3월 6일 18시,화요일,부산광역시 동래구 명장동,중상사고,0,1,0,0,차대차 - 측면충돌,교차로운행방법위반,건조,맑음,교차로 - 교차로안,승용,여,27세,상해없음,원동기,남,49세,중상
2018030600100380,2018년 3월 6일 18시,화요일,부산광역시 금정구 금사동,경상사고,0,0,1,0,차대차 - 추돌,안전거리미확보,건조,맑음,단일로 - 기타,승용,남,34세,상해없음,승용,남,38세,경상
2018030600100419,2018년 3월 6일 19시,화요일,부산광역시 남구 감만동,경상사고,0,0,1,0,차대차 - 추돌,안전운전불이행,건조,맑음,단일로 - 교량,화물,남,64세,상해없음,승용,남,35세,경상
2018030600100452,2018년 3월 6일 20시,화요일,부산광역시 사하구 다대동,경상사고,0,0,1,0,차대사람 - 기타,안전운전불이행,건조,맑음,단일로 - 기타,원동기,남,30세,상해없음,보행자,여,61세,경상
2018030600100469,2018년 3월 6일 21시,화요일,부산광역시 사하구 다대동,중상사고,0,1,0,0,차대차 - 측면충돌,중앙선침범,건조,기타,단일로 - 기타,승용,남,45세,상해없음,이륜,남,47세,중상
2018030600100494,2018년 3월 6일 22시,화요일,부산광역시 부산진구 범천동,중상사고,0,1,1,0,차대차 - 기타,안전운전불이행,건조,맑음,교차로 - 교차로안,승용,남,28세,경상,이륜,남,27세,중상
2018030600100510,2018년 3월 6일 23시,화요일,부산광역시 연제구 연산동,중상사고,0,1,1,0,차대차 - 측면충돌,안전운전불이행,건조,맑음,교차로 - 교차로안,승용,남,36세,상해없음,승용,남,36세,중상
2018030700100007,2018년 3월 7일 00시,수요일,부산광역시 남구 용호동,중상사고,0,1,1,0,차대차 - 측면충돌,교차로운행방법위반,건조,맑음,교차로 - 교차로안,이륜,남,16세,경상,화물,남,37세,상해없음
2018030700100022,2018년 3월 7일 01시,수요일,부산광역시 동래구 명륜동,경상사고,0,0,5,0,차대차 - 측면충돌,안전운전불이행,건조,맑음,단일로 - 기타,승용,남,18세,상해없음,승용,남,35세,경상
2018030700100033,2018년 3월 7일 02시,수요일,부산광역시 사하구 하단동,중상사고,0,1,0,1,차량단독 - 전도전복 - 전도,안전운전불이행,건조,기타,단일로 - 기타,이륜,남,22세,부상신고,미분류,미분류,미분류,미분류
2018030700100040,2018년 3월 7일 03시,수요일,부산광역시 부산진구 부암동,경상사고,0,0,2,1,차대차 - 기타,차로위반,건조,맑음,교차로 - 교차로부근,승용,남,20세,상해없음,승용,남,43세,경상
2018030700100054,2018년 3월 7일 06시,수요일,부산광역시 중구 영주동,경상사고,0,0,1,0,차대차 - 측면충돌,안전운전불이행,건조,맑음,단일로 - 터널,이륜,남,75세,경상,승용,남,50세,상해없음
2018030700100071,2018년 3월 7일 07시,수요일,부산광역시 남구 문현동,경상사고,0,0,2,0,차대차 - 측면충돌,신호위반,건조,맑음,교차로 - 교차로안,승용,남,75세,경상,이륜,남,26세,경상
2018030700100072,2018년 3월 7일 07시,수요일,부산광역시 수영구 수영동,중상사고,0,1,1,0,차대차 - 측면충돌,안전운전불이행,건조,맑음,단일로 - 기타,승용,남,50세,상해없음,이륜,남,42세,경상
2018030700100147,2018년 3월 7일 10시,수요일,부산광역시 수영구 수영동,부상신고사고,0,0,0,2,차대차 - 측면충돌,교차로운행방법위반,건조,맑음,교차로 - 교차로안,승용,여,25세,상해없음,승용,남,69세,부상신고
2018030700100196,2018년 3월 7일 12시,수요일,부산광역시 강서구 명지동,중상사고,0,1,0,0,차대차 - 측면충돌,차로위반,건조,맑음,단일로 - 기타,건설기계,남,48세,상해없음,이륜,여,69세,중상
2018030700100229,2018년 3월 7일 14시,수요일,부산광역시 강서구 지사동,중상사고,0,1,1,0,차대차 - 측면충돌,안전운전불이행,건조,맑음,교차로 - 교차로안,승용,여,38세,상해없음,승용,남,69세,경상
2018030700100257,2018년 3월 7일 15시,수요일,부산광역시 남구 대연동,경상사고,0,0,1,0,차대차 - 추돌,안전운전불이행,건조,맑음,교차로 - 교차로부근,승용,남,25세,상해없음,승합,남,55세,상해없음
2018030700100258,2018년 3월 7일 15시,수요일,부산광역시 해운대구 우동,중상사고,0,1,0,0,차대사람 - 횡단중,보행자보호의무위반,건조,맑음,교차로 - 교차로부근,화물,남,38세,상해없음,보행자,남,68세,중상
2018030700100279,2018년 3월 7일 16시,수요일,부산광역시 남구 용호동,경상사고,0,0,1,0,차대차 - 기타,안전운전불이행,건조,맑음,단일로 - 기타,승용,여,54세,상해없음,이륜,남,50세,경상
2018030700100280,2018년 3월 7일 16시,수요일,부산광역시 해운대구 반송동,중상사고,0,1,0,0,차대차 - 측면충돌,안전운전불이행,건조,맑음,교차로 - 교차로안,승용,여,66세,상해없음,이륜,남,50세,중상
2018030700100281,2018년 3월 7일 16시,수요일,부산광역시 금정구 구서동,경상사고,0,0,1,0,차대사람 - 길가장자리구역통행중,안전운전불이행,건조,맑음,단일로 - 기타,승합,여,36세,상해없음,보행자,여,14세,경상
2018030700100282,2018년 3월 7일 16시,수요일,부산광역시 사상구 주례동,경상사고,0,0,1,1,차대차 - 측면충돌,안전운전불이행,건조,맑음,교차로 - 교차로횡단보도내,승용,여,51세,부상신고,승용,남,24세,경상
2018030700100311,2018년 3월 7일 17시,수요일,부산광역시 영도구 동삼동,경상사고,0,0,1,0,차대차 - 측면충돌,안전운전불이행,건조,맑음,기타 - 기타,이륜,여,47세,경상,승합,남,55세,상해없음
2018030700100312,2018년 3월 7일 17시,수요일,부산광역시 부산진구 양정동,중상사고,0,1,0,0,차대사람 - 횡단중,보행자보호의무위반,건조,맑음,교차로 - 교차로횡단보도내,승용,남,35세,상해없음,보행자,남,70세,중상
2018030700100313,2018년 3월 7일 17시,수요일,부산광역시 사하구 장림동,중상사고,0,1,3,1,차대차 - 측면충돌,안전거리미확보,건조,맑음,교차로 - 교차로안,화물,남,42세,부상신고,승합,남,61세,중상
2018030700100340,2018년 3월 7일 18시,수요일,부산광역시 사하구 하단동,경상사고,0,0,2,0,차대차 - 기타,안전운전불이행,건조,맑음,교차로 - 교차로안,승용,남,56세,경상,승용,여,31세,경상
2018030700100380,2018년 3월 7일 19시,수요일,부산광역시 사하구 하단동,중상사고,0,1,0,0,차대사람 - 기타,안전운전불이행,젖음/습기,비,단일로 - 기타,승용,남,29세,상해없음,보행자,남,56세,중상
2018030700100414,2018년 3월 7일 20시,수요일,부산광역시 서구 충무동2가,중상사고,0,1,0,0,차대사람 - 횡단중,안전운전불이행,젖음/습기,비,기타 - 기타,이륜,남,35세,상해없음,보행자,여,71세,중상
2018030700100415,2018년 3월 7일 20시,수요일,부산광역시 남구 대연동,경상사고,0,0,1,0,차대차 - 추돌,안전거리미확보,젖음/습기,비,단일로 - 기타,승용,남,57세,상해없음,승용,여,33세,경상
2018030700100416,2018년 3월 7일 20시,수요일,부산광역시 남구 용호동,중상사고,0,1,1,0,차대차 - 추돌,안전거리미확보,젖음/습기,비,단일로 - 기타,승용,남,62세,기타불명,승용,여,41세,중상
2018030700100417,2018년 3월 7일 20시,수요일,부산광역시 북구 구포동,중상사고,0,1,0,0,차대사람 - 횡단중,신호위반,젖음/습기,비,단일로 - 기타,승용,남,56세,상해없음,보행자,남,37세,중상
2018030700100418,2018년 3월 7일 20시,수요일,부산광역시 부산진구 범천동,중상사고,0,1,0,0,차대차 - 측면충돌,차로위반,젖음/습기,비,교차로 - 교차로안,승용,남,37세,상해없음,이륜,남,26세,중상
2018030700100419,2018년 3월 7일 20시,수요일,부산광역시 부산진구 양정동,중상사고,0,1,0,0,차대사람 - 길가장자리구역통행중,안전운전불이행,젖음/습기,비,교차로 - 교차로부근,화물,남,63세,상해없음,보행자,남,89세,중상
2018030700100448,2018년 3월 7일 21시,수요일,부산광역시 부산진구 부전동,부상신고사고,0,0,0,1,차대차 - 측면충돌,안전운전불이행,젖음/습기,비,단일로 - 기타,이륜,남,32세,부상신고,승용,남,57세,상해없음
2018030700100449,2018년 3월 7일 21시,수요일,부산광역시 금정구 장전동,중상사고,0,1,0,0,차대차 - 측면충돌,안전운전불이행,젖음/습기,비,단일로 - 기타,승용,여,37세,상해없음,이륜,남,60세,중상
2018030700100450,2018년 3월 7일 21시,수요일,부산광역시 금정구 구서동,중상사고,0,1,0,0,차대차 - 기타,안전운전불이행,건조,맑음,교차로 - 교차로안,승용,여,51세,상해없음,원동기,남,18세,중상
2018030700100451,2018년 3월 7일 21시,수요일,부산광역시 사하구 감천동,경상사고,0,0,1,0,차대차 - 추돌,안전운전불이행,젖음/습기,비,단일로 - 기타,승용,남,23세,상해없음,승용,여,50세,경상
2018030700100501,2018년 3월 7일 22시,수요일,부산광역시 북구 만덕동,경상사고,0,0,1,0,차대사람 - 횡단중,보행자보호의무위반,건조,맑음,교차로 - 교차로횡단보도내,승용,남,25세,상해없음,보행자,여,30세,경상
2018030700100502,2018년 3월 7일 22시,수요일,부산광역시 동래구 온천동,중상사고,0,1,0,0,차대사람 - 횡단중,안전운전불이행,젖음/습기,맑음,단일로 - 기타,승용,여,56세,상해없음,보행자,여,47세,중상
2018030800100007,2018년 3월 8일 00시,목요일,부산광역시 사하구 신평동,중상사고,0,1,0,1,차대차 - 추돌,안전운전불이행,젖음/습기,비,교차로 - 교차로부근,화물,남,55세,부상신고,화물,남,57세,상해없음
2018030800100066,2018년 3월 8일 04시,목요일,부산광역시 동구 좌천동,경상사고,0,0,1,0,차량단독 - 공작물충돌,안전운전불이행,젖음/습기,비,단일로 - 고가도로위,승용,남,53세,상해없음,,,,
2018030800100067,2018년 3월 8일 04시,목요일,부산광역시 동래구 안락동,경상사고,0,0,1,0,차대차 - 추돌,안전거리미확보,젖음/습기,비,단일로 - 기타,승용,남,30세,상해없음,승용,남,51세,경상
2018030800100068,2018년 3월 8일 04시,목요일,부산광역시 영도구 동삼동,경상사고,0,0,1,0,차대차 - 측면충돌,안전운전불이행,젖음/습기,맑음,단일로 - 기타,승용,남,48세,상해없음,승용,남,53세,경상
2018030800100079,2018년 3월 8일 05시,목요일,부산광역시 동래구 수안동,경상사고,0,0,1,0,차량단독 - 공작물충돌,안전운전불이행,젖음/습기,비,단일로 - 기타,승용,남,63세,경상,,,,
2018030800100089,2018년 3월 8일 06시,목요일,부산광역시 연제구 연산동,사망사고,1,0,0,0,차대사람 - 차도통행중,안전운전불이행,젖음/습기,비,단일로 - 기타,승용,남,26세,상해없음,보행자,남,65세,사망
2018030800100112,2018년 3월 8일 07시,목요일,부산광역시 연제구 연산동,중상사고,0,1,0,0,차대차 - 기타,교차로운행방법위반,젖음/습기,비,교차로 - 교차로안,승용,남,59세,상해없음,자전거,남,76세,중상
2018030800100113,2018년 3월 8일 07시,목요일,부산광역시 강서구 명지동,중상사고,0,1,1,0,차대차 - 측면충돌,신호위반,젖음/습기,비,교차로 - 교차로안,승용,남,36세,상해없음,승용,남,41세,중상
2018030800100145,2018년 3월 8일 08시,목요일,부산광역시 남구 대연동,경상사고,0,0,1,0,차대차 - 추돌,안전운전불이행,젖음/습기,비,단일로 - 교량,승용,남,36세,경상,화물,남,50세,상해없음
2018030800100146,2018년 3월 8일 08시,목요일,부산광역시 동래구 명장동,경상사고,0,0,1,0,차대사람 - 기타,안전운전불이행,젖음/습기,비,단일로 - 기타,승용,여,49세,상해없음,보행자,남,14세,경상
2018030800100184,2018년 3월 8일 09시,목요일,부산광역시 연제구 연산동,중상사고,0,1,2,0,차대차 - 추돌,안전거리미확보,젖음/습기,비,교차로 - 교차로부근,승용,남,66세,상해없음,승용,남,59세,경상
2018030800100224,2018년 3월 8일 11시,목요일,부산광역시 북구 화명동,경상사고,0,0,1,0,차대사람 - 기타,안전운전불이행,젖음/습기,비,교차로 - 교차로횡단보도내,화물,남,40세,상해없음,보행자,남,74세,경상
2018030800100225,2018년 3월 8일 11시,목요일,부산광역시 해운대구 우동,경상사고,0,0,1,0,차대차 - 측면충돌,안전거리미확보,건조,맑음,단일로 - 기타,승용,남,37세,상해없음,승용,남,26세,경상
2018030800100226,2018년 3월 8일 11시,목요일,부산광역시 부산진구 부전동,중상사고,0,1,0,0,차대차 - 측면충돌,신호위반,젖음/습기,비,교차로 - 교차로안,승용,여,49세,상해없음,승용,남,66세,중상
2018030800100227,2018년 3월 8일 11시,목요일,부산광역시 기장군 기장읍,중상사고,0,2,3,0,차대차 - 추돌,안전운전불이행,젖음/습기,비,교차로 - 교차로부근,승용,여,59세,상해없음,승용,여,38세,경상
2018030800100246,2018년 3월 8일 12시,목요일,부산광역시 연제구 거제동,경상사고,0,0,1,0,차대차 - 기타,안전거리미확보,젖음/습기,안개,교차로 - 교차로부근,화물,남,52세,상해없음,이륜,남,48세,경상
2018030800100247,2018년 3월 8일 12시,목요일,부산광역시 사상구 감전동,경상사고,0,0,1,0,차대차 - 후진중충돌,안전운전불이행,젖음/습기,비,기타 - 기타,승용,남,60세,상해없음,승용,남,28세,경상
2018030800100271,2018년 3월 8일 13시,목요일,부산광역시 부산진구 개금동,중상사고,0,1,0,0,차대차 - 추돌,안전운전불이행,젖음/습기,맑음,교차로 - 교차로부근,화물,남,27세,상해없음,승용,남,56세,중상
2018030800100272,2018년 3월 8일 13시,목요일,부산광역시 사하구 하단동,중상사고,0,4,2,0,차대차 - 기타,과속,젖음/습기,비,기타 - 기타,승용,남,40세,경상,승용,남,67세,중상
2018030800100273,2018년 3월 8일 13시,목요일,부산광역시 연제구 거제동,경상사고,0,0,1,0,차대차 - 측면충돌,안전거리미확보,젖음/습기,비,단일로 - 기타,승용,남,35세,상해없음,승용,남,37세,경상
2018030800100300,2018년 3월 8일 14시,목요일,부산광역시 동래구 수안동,중상사고,0,1,0,0,차대사람 - 횡단중,안전운전불이행,젖음/습기,비,단일로 - 기타,승용,여,62세,상해없음,보행자,여,63세,중상
2018030800100301,2018년 3월 8일 14시,목요일,부산광역시 부산진구 양정동,중상사고,0,1,0,0,차대차 - 기타,안전운전불이행,젖음/습기,비,교차로 - 교차로안,이륜,남,40세,중상,승용,남,71세,상해없음
2018030800100343,2018년 3월 8일 16시,목요일,부산광역시 남구 용호동,중상사고,0,1,0,0,차대사람 - 길가장자리구역통행중,안전운전불이행,건조,맑음,교차로 - 교차로안,승용,남,58세,상해없음,보행자,여,56세,중상
2018030800100344,2018년 3월 8일 16시,목요일,부산광역시 수영구 광안동,경상사고,0,0,2,0,차대차 - 측면충돌,신호위반,건조,맑음,교차로 - 교차로부근,승용,남,63세,상해없음,승용,남,30세,경상
2018030800100345,2018년 3월 8일 16시,목요일,부산광역시 부산진구 당감동,중상사고,0,1,0,0,차대차 - 측면충돌,신호위반,건조,맑음,교차로 - 교차로안,승용,여,58세,상해없음,승용,여,61세,중상
2018030800100363,2018년 3월 8일 17시,목요일,부산광역시 중구 남포동6가,경상사고,0,0,1,0,차대사람 - 기타,안전운전불이행,건조,맑음,단일로 - 기타,기타불명,기타불명,미분류,기타불명,보행자,여,15세,경상
2018030800100364,2018년 3월 8일 17시,목요일,부산광역시 북구 화명동,경상사고,0,0,1,0,차대차 - 기타,안전운전불이행,건조,맑음,기타 - 기타,승용,여,57세,상해없음,승합,여,69세,경상
2018030800100365,2018년 3월 8일 17시,목요일,부산광역시 부산진구 개금동,중상사고,0,1,2,0,차대차 - 기타,안전운전불이행,건조,맑음,단일로 - 기타,승용,여,44세,상해없음,승용,남,73세,경상
2018030800100366,2018년 3월 8일 17시,목요일,부산광역시 사하구 하단동,경상사고,0,0,1,0,차대사람 - 횡단중,보행자보호의무위반,건조,맑음,단일로 - 기타,화물,남,53세,상해없음,보행자,남,15세,경상
2018030800100390,2018년 3월 8일 18시,목요일,부산광역시 부산진구 부전동,경상사고,0,0,1,0,차대차 - 측면충돌,신호위반,건조,맑음,교차로 - 교차로안,승합,남,53세,상해없음,이륜,남,24세,경상
2018030800100415,2018년 3월 8일 19시,목요일,부산광역시 동래구 낙민동,중상사고,0,1,0,0,차대사람 - 횡단중,보행자보호의무위반,젖음/습기,흐림,단일로 - 기타,승용,남,66세,상해없음,보행자,남,8세,중상
2018030800100448,2018년 3월 8일 20시,목요일,부산광역시 부산진구 개금동,중상사고,0,1,0,0,차대차 - 측면충돌,신호위반,건조,맑음,교차로 - 교차로안,승용,남,26세,상해없음,이륜,남,26세,중상
2018030800100449,2018년 3월 8일 20시,목요일,부산광역시 부산진구 양정동,부상신고사고,0,0,0,1,차대차 - 측면충돌,안전거리미확보,건조,맑음,단일로 - 기타,이륜,남,40세,부상신고,승용,남,39세,상해없음
2018030800100450,2018년 3월 8일 20시,목요일,부산광역시 사상구 감전동,경상사고,0,0,2,0,차대차 - 측면충돌,신호위반,젖음/습기,맑음,교차로 - 교차로안,화물,남,50세,상해없음,승용,남,29세,경상
2018030800100475,2018년 3월 8일 21시,목요일,부산광역시 남구 용호동,경상사고,0,0,1,0,차대차 - 기타,교차로운행방법위반,건조,맑음,교차로 - 교차로안,승용,남,46세,상해없음,화물,남,57세,경상
2018030800100476,2018년 3월 8일 21시,목요일,부산광역시 부산진구 양정동,중상사고,0,1,2,0,차대차 - 측면충돌,안전운전불이행,건조,맑음,단일로 - 기타,승용,남,25세,상해없음,승합,남,51세,상해없음
2018030800100498,2018년 3월 8일 22시,목요일,부산광역시 남구 대연동,경상사고,0,0,1,0,차대사람 - 횡단중,신호위반,젖음/습기,흐림,교차로 - 교차로횡단보도내,이륜,남,44세,상해없음,보행자,남,69세,경상
2018030800100499,2018년 3월 8일 22시,목요일,부산광역시 동래구 온천동,경상사고,0,0,1,0,차대차 - 측면충돌,중앙선침범,건조,맑음,단일로 - 터널,화물,남,28세,상해없음,승용,여,50세,경상
2018030900100004,2018년 3월 9일 00시,금요일,부산광역시 부산진구 부전동,중상사고,0,1,0,0,차대사람 - 횡단중,보행자보호의무위반,건조,맑음,단일로 - 기타,승합,남,32세,상해없음,보행자,남,51세,중상
2018030900100021,2018년 3월 9일 01시,금요일,부산광역시 수영구 광안동,중상사고,0,1,0,0,차대사람 - 차도통행중,안전운전불이행,건조,맑음,교차로 - 교차로안,승용,남,57세,상해없음,보행자,남,46세,중상
2018030900100038,2018년 3월 9일 04시,금요일,부산광역시 연제구 연산동,경상사고,0,0,1,0,차대사람 - 기타,안전운전불이행,건조,맑음,교차로 - 교차로부근,승용,남,18세,상해없음,보행자,여,19세,경상
2018030900100042,2018년 3월 9일 05시,금요일,부산광역시 남구 대연동,중상사고,0,1,2,0,차대차 - 기타,안전운전불이행,건조,맑음,교차로 - 교차로부근,특수,남,55세,상해없음,승용,남,64세,중상
2018030900100053,2018년 3월 9일 06시,금요일,부산광역시 부산진구 범천동,경상사고,0,0,1,0,차대차 - 기타,안전거리미확보,건조,맑음,단일로 - 기타,승용,남,67세,상해없음,승용,남,24세,경상
2018030900100070,2018년 3월 9일 07시,금요일,부산광역시 동구 수정동,경상사고,0,0,1,0,차대사람 - 횡단중,안전운전불이행,건조,맑음,교차로 - 교차로안,승합,남,54세,상해없음,보행자,남,24세,경상
2018030900100071,2018년 3월 9일 07시,금요일,부산광역시 동래구 온천동,경상사고,0,0,1,0,차대차 - 측면충돌,교차로운행방법위반,건조,맑음,교차로 - 교차로안,화물,남,53세,상해없음,승합,남,69세,상해없음
2018030900100072,2018년 3월 9일 07시,금요일,부산광역시 부산진구 개금동,경상사고,0,0,2,0,차대차 - 측면충돌,교차로운행방법위반,건조,맑음,교차로 - 교차로부근,승용,여,71세,상해없음,승용,남,23세,경상
2018030900100073,2018년 3월 9일 07시,금요일,부산광역시 강서구 신호동,사망사고,1,0,0,0,차대사람 - 횡단중,안전운전불이행,건조,맑음,단일로 - 기타,승용,남,55세,상해없음,보행자,남,61세,사망
2018030900100074,2018년 3월 9일 07시,금요일,부산광역시 기장군 장안읍,경상사고,0,0,1,0,차대차 - 기타,신호위반,건조,맑음,단일로 - 교량,기타불명,기타불명,미분류,기타불명,승용,남,33세,경상
2018030900100109,2018년 3월 9일 08시,금요일,부산광역시 남구 대연동,중상사고,0,1,0,0,차대사람 - 기타,안전운전불이행,건조,맑음,단일로 - 기타,승용,여,42세,상해없음,보행자,남,66세,중상
2018030900100110,2018년 3월 9일 08시,금요일,부산광역시 부산진구 당감동,경상사고,0,0,1,0,차대사람 - 기타,안전운전불이행,건조,맑음,단일로 - 기타,승용,남,68세,상해없음,보행자,남,30세,경상
2018030900100133,2018년 3월 9일 09시,금요일,부산광역시 부산진구 가야동,경상사고,0,0,1,0,차대차 - 측면충돌,신호위반,건조,맑음,교차로 - 교차로안,화물,남,44세,상해없음,승용,남,22세,경상
2018030900100147,2018년 3월 9일 10시,금요일,부산광역시 동구 초량동,경상사고,0,0,1,0,차대차 - 추돌,안전운전불이행,건조,맑음,교차로 - 교차로부근,승용,남,46세,상해없음,승용,남,42세,경상
2018030900100164,2018년 3월 9일 11시,금요일,부산광역시 중구 남포동6가,중상사고,0,1,0,0,차대사람 - 기타,안전운전불이행,건조,맑음,기타 - 기타,승용,남,76세,상해없음,보행자,남,86세,중상
2018030900100202,2018년 3월 9일 13시,금요일,부산광역시 부산진구 전포동,경상사고,0,0,1,0,차대차 - 추돌,안전거리미확보,건조,맑음,교차로 - 교차로안,이륜,남,17세,상해없음,이륜,남,19세,경상
2018030900100219,2018년 3월 9일 14시,금요일,부산광역시 금정구 장전동,경상사고,0,0,1,0,차대사람 - 길가장자리구역통행중,안전운전불이행,건조,맑음,단일로 - 기타,승용,남,25세,상해없음,보행자,여,25세,경상
2018030900100220,2018년 3월 9일 14시,금요일,부산광역시 연제구 연산동,경상사고,0,0,1,0,차대차 - 측면충돌,직진우회전진행방해,건조,맑음,교차로 - 교차로안,승용,여,43세,상해없음,이륜,남,38세,경상
2018030900100221,2018년 3월 9일 14시,금요일,부산광역시 사상구 감전동,중상사고,0,1,0,0,차대사람 - 길가장자리구역통행중,안전운전불이행,건조,맑음,단일로 - 기타,화물,남,47세,상해없음,보행자,남,63세,중상
2018030900100248,2018년 3월 9일 15시,금요일,부산광역시 동구 범일동,경상사고,0,0,2,0,차대차 - 추돌,신호위반,건조,맑음,교차로 - 교차로안,승용,남,54세,상해없음,승용,남,66세,경상
2018030900100249,2018년 3월 9일 15시,금요일,부산광역시 서구 부용동1가,경상사고,0,0,1,0,차대사람 - 횡단중,신호위반,건조,맑음,기타 - 기타,승용,여,40세,상해없음,보행자,남,10세,경상
2018030900100250,2018년 3월 9일 15시,금요일,부산광역시 남구 우암동,부상신고사고,0,0,0,1,차대사람 - 차도통행중,교차로운행방법위반,건조,맑음,교차로 - 교차로부근,승용,여,51세,상해없음,보행자,여,21세,부상신고