사고번호,사고일시,요일,시군구,사고내용,사망자수,중상자수,경상자수,부상신고자수,사고유형,법규위반,노면상태,기상상태,도로형태,가해운전자 차종,가해운전자 성별,가해운전자 연령,가해운전자 상해정도,피해운전자 차종,피해운전자 성별,피해운전자 연령,피해운전자 상해정도
2018030900100251,2018년 3월 9일 15시,금요일,부산광역시 해운대구 우동,경상사고,0,0,1,0,차대차 - 측면충돌,안전거리미확보,건조,맑음,단일로 - 기타,승용,남,27세,상해없음,승용,남,51세,경상
2018030900100252,2018년 3월 9일 15시,금요일,부산광역시 사하구 감천동,중상사고,0,1,1,1,차대차 - 기타,안전거리미확보,건조,맑음,교차로 - 교차로부근,승용,남,72세,부상신고,특수,남,54세,상해없음
2018030900100253,2018년 3월 9일 15시,금요일,부산광역시 사상구 덕포동,경상사고,0,0,1,1,차량단독 - 전도전복 - 전도,안전운전불이행,건조,맑음,단일로 - 기타,이륜,남,19세,부상신고,미분류,미분류,미분류,미분류
2018030900100369,2018년 3월 9일 19시,금요일,부산광역시 동구 좌천동,경상사고,0,0,1,0,차대차 - 기타,중앙선침범,건조,맑음,단일로 - 기타,승용,남,62세,상해없음,이륜,여,51세,경상
2018030900100370,2018년 3월 9일 19시,금요일,부산광역시 부산진구 가야동,중상사고,0,1,1,0,차대차 - 측면충돌,교차로운행방법위반,건조,맑음,교차로 - 교차로안,승합,남,63세,상해없음,이륜,남,23세,중상
2018030900100371,2018년 3월 9일 19시,금요일,부산광역시 연제구 연산동,중상사고,0,1,0,0,차대차 - 측면충돌,안전운전불이행,건조,맑음,교차로 - 교차로횡단보도내,승용,남,38세,상해없음,자전거,남,65세,중상
2018030900100414,2018년 3월 9일 20시,금요일,부산광역시 영도구 봉래동4가,중상사고,0,1,0,0,차대사람 - 길가장자리구역통행중,안전운전불이행,건조,맑음,단일로 - 기타,승용,남,67세,상해없음,보행자,남,63세,중상
2018030900100478,2018년 3월 9일 22시,금요일,부산광역시 남구 대연동,중상사고,0,1,0,0,차대차 - 측면충돌,교차로운행방법위반,건조,맑음,교차로 - 교차로안,승용,남,52세,상해없음,이륜,남,44세,중상
2018030900100479,2018년 3월 9일 22시,금요일,부산광역시 해운대구 중동,경상사고,0,0,1,0,차대차 - 측면충돌,안전운전불이행,건조,맑음,교차로 - 교차로안,승용,남,63세,상해없음,승용,여,50세,경상
2018030900100480,2018년 3월 9일 22시,금요일,부산광역시 부산진구 전포동,중상사고,0,2,0,1,차대차 - 측면충돌,중앙선침범,건조,맑음,단일로 - 기타,승용,남,54세,상해없음,승용,남,59세,중상
2018030900100512,2018년 3월 9일 23시,금요일,부산광역시 해운대구 우동,경상사고,0,0,1,0,차대사람 - 길가장자리구역통행중,안전운전불이행,건조,맑음,단일로 - 기타,승용,남,27세,상해없음,보행자,남,59세,경상
2018031000100028,2018년 3월 10일 01시,토요일,부산광역시 해운대구 반여동,경상사고,0,0,1,0,차대사람 - 기타,안전운전불이행,건조,맑음,교차로 - 교차로안,승용,남,55세,상해없음,보행자,여,25세,경상
2018031000100050,2018년 3월 10일 02시,토요일,부산광역시 중구 대청동3가,경상사고,0,0,1,0,차대차 - 추돌,기타,건조,맑음,교차로 - 교차로부근,승용,여,49세,상해없음,승용,남,61세,경상
2018031000100052,2018년 3월 10일 02시,토요일,부산광역시 해운대구 좌동,중상사고,0,1,0,0,차대사람 - 차도통행중,안전운전불이행,건조,맑음,단일로 - 기타,기타불명,기타불명,미분류,기타불명,보행자,남,51세,중상
2018031000100066,2018년 3월 10일 03시,토요일,부산광역시 해운대구 반여동,경상사고,0,0,2,1,차대차 - 측면충돌,신호위반,건조,맑음,교차로 - 교차로안,승용,남,53세,상해없음,승용,남,57세,경상
2018031000100077,2018년 3월 10일 04시,토요일,부산광역시 동래구 온천동,중상사고,0,1,0,0,차대차 - 추돌,안전운전불이행,건조,맑음,교차로 - 교차로부근,승용,남,43세,상해없음,승용,남,46세,중상
2018031000100090,2018년 3월 10일 05시,토요일,부산광역시 서구 암남동,경상사고,0,0,2,2,차대차 - 추돌,안전운전불이행,건조,맑음,단일로 - 기타,승용,남,30세,상해없음,승용,남,73세,경상
2018031000100099,2018년 3월 10일 06시,토요일,부산광역시 부산진구 부전동,경상사고,0,0,3,0,차대차 - 측면충돌,안전거리미확보,건조,맑음,단일로 - 기타,승합,남,53세,상해없음,승용,남,55세,상해없음
2018031000100140,2018년 3월 10일 09시,토요일,부산광역시 해운대구 반송동,중상사고,0,1,0,0,차대사람 - 횡단중,보행자보호의무위반,건조,맑음,교차로 - 교차로부근,화물,남,62세,상해없음,보행자,여,76세,중상
2018031000100141,2018년 3월 10일 09시,토요일,부산광역시 강서구 대저1동,중상사고,0,1,0,0,차대차 - 측면충돌,차로위반,건조,맑음,단일로 - 기타,승합,남,71세,상해없음,승용,남,28세,중상
2018031000100171,2018년 3월 10일 10시,토요일,부산광역시 중구 대청동2가,중상사고,0,1,0,0,차대차 - 기타,안전운전불이행,건조,맑음,단일로 - 기타,이륜,남,30세,상해없음,이륜,여,40세,중상
2018031000100188,2018년 3월 10일 11시,토요일,부산광역시 동래구 명륜동,경상사고,0,0,2,0,차량단독 - 기타,안전운전불이행,건조,맑음,교차로 - 교차로부근,승합,남,55세,상해없음,,,,
2018031000100212,2018년 3월 10일 12시,토요일,부산광역시 금정구 청룡동,중상사고,0,1,0,0,차대사람 - 횡단중,보행자보호의무위반,건조,맑음,교차로 - 교차로횡단보도내,승용,남,58세,상해없음,보행자,여,72세,중상
2018031000100213,2018년 3월 10일 12시,토요일,부산광역시 사상구 괘법동,중상사고,0,2,1,0,차대차 - 측면충돌,직진우회전진행방해,건조,맑음,교차로 - 교차로안,승용,여,35세,경상,승용,남,31세,중상
2018031000100241,2018년 3월 10일 13시,토요일,부산광역시 북구 구포동,중상사고,0,1,1,0,차대사람 - 기타,안전운전불이행,건조,맑음,단일로 - 기타,승용,남,66세,상해없음,보행자,여,65세,중상
2018031000100242,2018년 3월 10일 13시,토요일,부산광역시 해운대구 좌동,경상사고,0,0,1,0,차대차 - 측면충돌,안전거리미확보,건조,맑음,단일로 - 기타,승용,여,52세,기타불명,화물,남,30세,경상
2018031000100277,2018년 3월 10일 14시,토요일,부산광역시 수영구 남천동,경상사고,0,0,2,0,차대차 - 추돌,안전운전불이행,건조,맑음,단일로 - 기타,승용,남,59세,상해없음,승용,남,45세,경상
2018031000100278,2018년 3월 10일 14시,토요일,부산광역시 해운대구 우동,경상사고,0,0,1,0,차대차 - 추돌,안전운전불이행,건조,맑음,단일로 - 기타,승용,남,69세,상해없음,승용,여,52세,경상
2018031000100311,2018년 3월 10일 15시,토요일,부산광역시 수영구 광안동,중상사고,0,1,0,0,차대차 - 기타,안전거리미확보,건조,맑음,단일로 - 기타,승용,남,44세,상해없음,이륜,남,46세,중상
2018031000100339,2018년 3월 10일 16시,토요일,부산광역시 동래구 온천동,경상사고,0,0,1,0,차대차 - 측면충돌,안전거리미확보,건조,맑음,단일로 - 기타,승용,남,58세,기타불명,승용,남,31세,경상
2018031000100340,2018년 3월 10일 16시,토요일,부산광역시 동래구 온천동,경상사고,0,0,2,0,차대차 - 측면충돌,교차로운행방법위반,건조,맑음,교차로 - 교차로안,승용,여,67세,경상,승용,여,34세,경상
2018031000100341,2018년 3월 10일 16시,토요일,부산광역시 해운대구 우동,경상사고,0,0,1,0,차대차 - 측면충돌,안전운전불이행,건조,맑음,단일로 - 기타,승용,여,38세,상해없음,승용,남,46세,경상
2018031000100342,2018년 3월 10일 16시,토요일,부산광역시 강서구 강동동,경상사고,0,0,2,0,차대차 - 측면충돌,기타,건조,맑음,교차로 - 교차로안,승용,여,37세,상해없음,승용,남,27세,경상
2018031000100374,2018년 3월 10일 17시,토요일,부산광역시 사하구 구평동,중상사고,0,3,0,0,차대차 - 측면충돌,안전운전불이행,건조,맑음,단일로 - 기타,승용,여,45세,중상,화물,남,34세,중상
2018031000100394,2018년 3월 10일 18시,토요일,부산광역시 북구 덕천동,경상사고,0,0,1,0,차대사람 - 기타,안전운전불이행,건조,맑음,단일로 - 기타,승용,남,66세,상해없음,보행자,여,63세,경상
2018031000100428,2018년 3월 10일 19시,토요일,부산광역시 사하구 감천동,중상사고,0,1,0,0,차대차 - 추돌,안전운전불이행,건조,기타,단일로 - 기타,승용,남,65세,상해없음,화물,남,70세,상해없음
2018031000100471,2018년 3월 10일 20시,토요일,부산광역시 해운대구 재송동,부상신고사고,0,0,0,1,차대사람 - 기타,안전운전불이행,건조,맑음,단일로 - 기타,승용,여,38세,상해없음,보행자,남,53세,부상신고
2018031000100498,2018년 3월 10일 21시,토요일,부산광역시 남구 감만동,경상사고,0,0,2,0,차대차 - 추돌,안전거리미확보,건조,맑음,교차로 - 교차로부근,특수,남,50세,상해없음,승용,여,44세,경상
2018031000100499,2018년 3월 10일 21시,토요일,부산광역시 영도구 봉래동5가,중상사고,0,1,0,0,차대사람 - 횡단중,안전운전불이행,건조,맑음,단일로 - 기타,승용,남,68세,상해없음,보행자,남,51세,중상
2018031000100548,2018년 3월 10일 23시,토요일,부산광역시 부산진구 부전동,경상사고,0,0,1,0,차대차 - 정면충돌,안전운전불이행,건조,맑음,단일로 - 기타,이륜,남,25세,상해없음,승용,남,29세,경상
2018031000100549,2018년 3월 10일 23시,토요일,부산광역시 연제구 연산동,경상사고,0,0,1,0,차량단독 - 공작물충돌,안전운전불이행,건조,맑음,단일로 - 터널,이륜,남,18세,상해없음,,,,
2018031100100017,2018년 3월 11일 01시,일요일,부산광역시 부산진구 부전동,경상사고,0,0,1,0,차대사람 - 기타,안전운전불이행,건조,맑음,단일로 - 기타,승용,남,26세,상해없음,보행자,여,28세,경상
2018031100100018,2018년 3월 11일 01시,일요일,부산광역시 부산진구 전포동,경상사고,0,0,2,0,차대차 - 측면충돌,신호위반,건조,맑음,교차로 - 교차로안,승용,남,36세,상해없음,승용,여,40세,경상
2018031100100019,2018년 3월 11일 01시,일요일,부산광역시 연제구 연산동,중상사고,0,1,0,0,차대차 - 측면충돌,중앙선침범,건조,맑음,교차로 - 교차로부근,승용,남,35세,상해없음,이륜,남,43세,중상
2018031100100048,2018년 3월 11일 03시,일요일,부산광역시 동구 초량동,중상사고,0,1,0,1,차대차 - 기타,교차로운행방법위반,건조,맑음,교차로 - 교차로안,이륜,남,20세,부상신고,승용,남,64세,상해없음
2018031100100049,2018년 3월 11일 03시,일요일,부산광역시 남구 감만동,중상사고,0,1,1,0,차대차 - 추돌,안전운전불이행,건조,맑음,단일로 - 기타,승용,남,54세,상해없음,승용,남,57세,중상
2018031100100088,2018년 3월 11일 08시,일요일,부산광역시 기장군 일광면,경상사고,0,0,2,0,차대차 - 추돌,안전운전불이행,건조,맑음,단일로 - 기타,승용,여,47세,상해없음,승용,남,73세,경상
2018031100100107,2018년 3월 11일 09시,일요일,부산광역시 해운대구 반송동,중상사고,0,1,0,0,차대사람 - 길가장자리구역통행중,기타,건조,맑음,단일로 - 기타,화물,남,65세,상해없음,보행자,여,41세,중상
2018031100100152,2018년 3월 11일 12시,일요일,부산광역시 사상구 학장동,경상사고,0,0,1,0,차대차 - 측면충돌,안전운전불이행,건조,맑음,단일로 - 지하차도(도로)내,이륜,남,19세,경상,승용,여,50세,기타불명
2018031100100217,2018년 3월 11일 15시,일요일,부산광역시 금정구 부곡동,부상신고사고,0,0,0,1,차대차 - 기타,안전운전불이행,건조,맑음,기타 - 기타,자전거,남,50세,부상신고,자전거,여,12세,상해없음
2018031100100256,2018년 3월 11일 16시,일요일,부산광역시 북구 덕천동,경상사고,0,0,1,0,차대차 - 추돌,안전거리미확보,건조,맑음,단일로 - 기타,화물,남,27세,상해없음,승용,남,61세,경상
2018031100100257,2018년 3월 11일 16시,일요일,부산광역시 북구 화명동,경상사고,0,0,5,0,차대차 - 후진중충돌,안전운전불이행,건조,맑음,단일로 - 기타,승용,남,69세,상해없음,승용,여,31세,경상
2018031100100258,2018년 3월 11일 16시,일요일,부산광역시 부산진구 부전동,중상사고,0,5,0,0,차대차 - 측면충돌,신호위반,건조,맑음,교차로 - 교차로안,승합,남,71세,중상,승용,여,53세,중상
2018031100100259,2018년 3월 11일 16시,일요일,부산광역시 부산진구 당감동,중상사고,0,1,0,0,차대차 - 측면충돌,안전운전불이행,건조,맑음,교차로 - 교차로안,승용,여,76세,상해없음,승용,여,24세,중상
2018031100100260,2018년 3월 11일 16시,일요일,부산광역시 사상구 모라동,경상사고,0,0,1,0,차대사람 - 기타,안전운전불이행,건조,맑음,단일로 - 기타,승용,여,50세,상해없음,보행자,여,46세,경상
2018031100100285,2018년 3월 11일 17시,일요일,부산광역시 북구 덕천동,경상사고,0,0,1,0,차대차 - 기타,안전거리미확보,건조,맑음,단일로 - 기타,화물,남,46세,상해없음,승합,남,53세,상해없음
2018031100100286,2018년 3월 11일 17시,일요일,부산광역시 금정구 회동동,경상사고,0,0,1,0,차대차 - 추돌,안전거리미확보,건조,맑음,단일로 - 기타,화물,남,54세,상해없음,승용,여,45세,경상
2018031100100287,2018년 3월 11일 17시,일요일,부산광역시 사하구 장림동,경상사고,0,0,1,0,차대차 - 기타,차로위반,건조,맑음,단일로 - 기타,승용,여,55세,상해없음,승용,남,35세,경상
2018031100100368,2018년 3월 11일 20시,일요일,부산광역시 해운대구 송정동,경상사고,0,0,2,0,차대차 - 기타,안전거리미확보,건조,맑음,단일로 - 기타,화물,남,58세,상해없음,승용,남,23세,경상
2018031100100395,2018년 3월 11일 21시,일요일,부산광역시 동래구 온천동,중상사고,0,1,0,0,차대차 - 측면충돌,안전거리미확보,건조,맑음,단일로 - 기타,승용,여,54세,상해없음,승용,남,65세,중상
2018031200100020,2018년 3월 12일 04시,월요일,부산광역시 사상구 모라동,부상신고사고,0,0,0,1,차대사람 - 횡단중,안전운전불이행,건조,맑음,단일로 - 기타,승용,남,66세,상해없음,보행자,남,54세,부상신고
2018031200100045,2018년 3월 12일 06시,월요일,부산광역시 동래구 사직동,경상사고,0,0,1,0,차대사람 - 길가장자리구역통행중,안전운전불이행,건조,맑음,단일로 - 기타,이륜,남,31세,상해없음,보행자,남,60세,경상
2018031200100056,2018년 3월 12일 07시,월요일,부산광역시 사상구 덕포동,경상사고,0,0,1,0,차대사람 - 기타,안전운전불이행,건조,맑음,단일로 - 기타,승용,남,54세,상해없음,보행자,남,16세,경상
2018031200100078,2018년 3월 12일 08시,월요일,부산광역시 금정구 금사동,경상사고,0,0,1,0,차대사람 - 횡단중,보행자보호의무위반,건조,맑음,교차로 - 교차로횡단보도내,화물,남,49세,상해없음,보행자,남,74세,경상
2018031200100120,2018년 3월 12일 09시,월요일,부산광역시 서구 남부민동,경상사고,0,0,1,0,차대차 - 측면충돌,안전운전불이행,건조,맑음,교차로 - 교차로횡단보도내,화물,남,58세,상해없음,이륜,남,70세,경상
2018031200100121,2018년 3월 12일 09시,월요일,부산광역시 수영구 수영동,중상사고,0,1,0,0,차대차 - 측면충돌,교차로운행방법위반,건조,맑음,교차로 - 교차로안,화물,남,36세,상해없음,이륜,남,26세,중상
2018031200100154,2018년 3월 12일 10시,월요일,부산광역시 연제구 연산동,경상사고,0,0,1,0,차대차 - 측면충돌,신호위반,건조,맑음,교차로 - 교차로안,승용,여,37세,상해없음,승용,여,44세,경상
2018031200100173,2018년 3월 12일 11시,월요일,부산광역시 사상구 감전동,중상사고,0,2,2,0,차대차 - 추돌,안전운전불이행,건조,맑음,단일로 - 기타,특수,남,56세,상해없음,승용,여,48세,경상
2018031200100203,2018년 3월 12일 12시,월요일,부산광역시 남구 대연동,경상사고,0,0,1,0,차대차 - 측면충돌,안전운전불이행,건조,맑음,교차로 - 교차로부근,승용,남,89세,상해없음,화물,남,25세,경상
2018031200100204,2018년 3월 12일 12시,월요일,부산광역시 연제구 연산동,경상사고,0,0,1,0,차대차 - 후진중충돌,안전운전불이행,건조,맑음,단일로 - 기타,화물,남,57세,상해없음,자전거,여,58세,경상
2018031200100239,2018년 3월 12일 13시,월요일,부산광역시 남구 용호동,중상사고,0,1,0,0,차대사람 - 기타,안전운전불이행,건조,맑음,단일로 - 기타,승용,남,73세,상해없음,보행자,여,36세,중상
2018031200100270,2018년 3월 12일 14시,월요일,부산광역시 수영구 광안동,부상신고사고,0,0,0,4,차대차 - 기타,차로위반,건조,맑음,단일로 - 기타,특수,남,62세,상해없음,승용,남,19세,부상신고
2018031200100271,2018년 3월 12일 14시,월요일,부산광역시 사상구 엄궁동,경상사고,0,0,1,0,차대차 - 기타,안전운전불이행,건조,맑음,주차장 - 주차장,승용,여,63세,상해없음,이륜,남,38세,경상
2018031200100295,2018년 3월 12일 15시,월요일,부산광역시 남구 용호동,중상사고,0,1,0,0,차량단독 - 기타,안전운전불이행,건조,맑음,단일로 - 기타,승합,남,54세,상해없음,,,,
2018031200100326,2018년 3월 12일 16시,월요일,부산광역시 금정구 부곡동,경상사고,0,0,1,0,차대사람 - 횡단중,보행자보호의무위반,건조,맑음,단일로 - 기타,승합,남,57세,상해없음,보행자,여,42세,경상
2018031200100367,2018년 3월 12일 17시,월요일,부산광역시 서구 서대신동3가,경상사고,0,0,2,0,차대차 - 기타,안전거리미확보,건조,맑음,교차로 - 교차로부근,승합,남,61세,상해없음,승용,남,37세,경상
2018031200100368,2018년 3월 12일 17시,월요일,부산광역시 강서구 범방동,경상사고,0,0,1,0,차량단독 - 전도전복 - 전도,안전운전불이행,건조,맑음,교차로 - 교차로부근,화물,남,57세,경상,미분류,미분류,미분류,미분류
2018031200100409,2018년 3월 12일 18시,월요일,부산광역시 수영구 수영동,중상사고,0,1,0,0,차대차 - 기타,안전운전불이행,건조,맑음,교차로 - 교차로안,승용,남,62세,상해없음,이륜,남,37세,중상
2018031200100410,2018년 3월 12일 18시,월요일,부산광역시 기장군 기장읍,부상신고사고,0,0,0,1,차대사람 - 기타,안전운전불이행,건조,맑음,교차로 - 교차로부근,기타불명,기타불명,미분류,기타불명,보행자,남,22세,부상신고
2018031200100411,2018년 3월 12일 18시,월요일,부산광역시 사상구 감전동,중상사고,0,1,1,0,차대차 - 기타,안전거리미확보,건조,맑음,단일로 - 교량,승합,남,41세,상해없음,특수,남,59세,상해없음
2018031200100448,2018년 3월 12일 19시,월요일,부산광역시 남구 대연동,경상사고,0,0,3,0,차대차 - 추돌,차로위반,건조,맑음,단일로 - 기타,승용,남,64세,경상,승용,남,42세,상해없음
2018031200100477,2018년 3월 12일 20시,월요일,부산광역시 부산진구 당감동,사망사고,1,0,0,0,차대사람 - 횡단중,안전운전불이행,건조,맑음,단일로 - 기타,승합,남,65세,상해없음,보행자,여,75세,사망
2018031200100500,2018년 3월 12일 21시,월요일,부산광역시 동래구 수안동,중상사고,0,1,1,0,차대차 - 측면충돌,신호위반,건조,맑음,교차로 - 교차로안,승용,여,42세,상해없음,승용,남,22세,경상
2018031200100501,2018년 3월 12일 21시,월요일,부산광역시 강서구 대저1동,경상사고,0,0,3,0,차대차 - 측면충돌,안전운전불이행,건조,맑음,교차로 - 교차로안,승용,남,58세,상해없음,승용,남,35세,경상
2018031200100502,2018년 3월 12일 21시,월요일,부산광역시 사상구 감전동,중상사고,0,1,0,0,차대차 - 추돌,안전거리미확보,건조,맑음,단일로 - 기타,원동기,남,20세,상해없음,이륜,남,41세,중상
2018031200100503,2018년 3월 12일 21시,월요일,부산광역시 기장군 기장읍,경상사고,0,0,1,0,차대사람 - 길가장자리구역통행중,안전운전불이행,건조,맑음,교차로 - 교차로안,화물,여,53세,상해없음,보행자,여,45세,경상
2018031200100547,2018년 3월 12일 23시,월요일,부산광역시 해운대구 우동,부상신고사고,0,0,0,1,차대차 - 추돌,안전거리미확보,건조,맑음,단일로 - 기타,승용,여,51세,상해없음,승합,남,58세,부상신고
2018031200100548,2018년 3월 12일 23시,월요일,부산광역시 사상구 학장동,중상사고,0,2,0,0,차대차 - 측면충돌,중앙선침범,건조,맑음,단일로 - 지하차도(도로)내,이륜,남,19세,중상,화물,남,61세,상해없음
2018031300100013,2018년 3월 13일 01시,화요일,부산광역시 남구 대연동,부상신고사고,0,0,0,1,차대차 - 측면충돌,교차로운행방법위반,건조,맑음,교차로 - 교차로안,원동기,남,30세,부상신고,승용,남,58세,상해없음
2018031300100014,2018년 3월 13일 01시,화요일,부산광역시 사상구 주례동,경상사고,0,0,1,0,차대차 - 후진중충돌,안전운전불이행,건조,맑음,단일로 - 기타,승용,남,22세,상해없음,화물,남,45세,상해없음
2018031300100021,2018년 3월 13일 02시,화요일,부산광역시 수영구 광안동,중상사고,0,1,0,0,차대사람 - 횡단중,안전운전불이행,건조,맑음,교차로 - 교차로횡단보도내,승용,남,28세,상해없음,보행자,남,58세,중상
2018031300100042,2018년 3월 13일 06시,화요일,부산광역시 중구 부평동2가,경상사고,0,0,1,0,차대차 - 추돌,안전운전불이행,건조,맑음,교차로 - 교차로부근,승합,남,60세,상해없음,승합,남,67세,상해없음
2018031300100078,2018년 3월 13일 08시,화요일,부산광역시 북구 화명동,중상사고,0,1,0,0,차대차 - 측면충돌,신호위반,건조,맑음,단일로 - 기타,승용,여,35세,상해없음,이륜,남,26세,중상
2018031300100079,2018년 3월 13일 08시,화요일,부산광역시 사하구 당리동,중상사고,0,1,0,0,차대차 - 측면충돌,신호위반,건조,맑음,교차로 - 교차로부근,승용,남,43세,상해없음,자전거,남,34세,중상
2018031300100122,2018년 3월 13일 09시,화요일,부산광역시 북구 만덕동,중상사고,0,1,0,0,차대사람 - 기타,안전운전불이행,건조,맑음,교차로 - 교차로부근,승용,여,32세,상해없음,보행자,여,65세,중상
2018031300100173,2018년 3월 13일 11시,화요일,부산광역시 수영구 민락동,경상사고,0,0,1,0,차대차 - 추돌,안전운전불이행,건조,맑음,교차로 - 교차로안,승용,여,33세,상해없음,이륜,남,24세,경상
2018031300100174,2018년 3월 13일 11시,화요일,부산광역시 연제구 연산동,중상사고,0,1,0,0,차대차 - 측면충돌,안전운전불이행,건조,맑음,교차로 - 교차로안,화물,남,42세,상해없음,이륜,남,53세,중상
2018031300100202,2018년 3월 13일 12시,화요일,부산광역시 동구 수정동,중상사고,0,1,0,0,차대차 - 기타,교차로운행방법위반,건조,맑음,교차로 - 교차로안,이륜,남,40세,중상,승용,남,34세,상해없음
2018031300100251,2018년 3월 13일 14시,화요일,부산광역시 영도구 신선동1가,부상신고사고,0,0,0,1,차대차 - 측면충돌,직진우회전진행방해,건조,맑음,교차로 - 교차로안,이륜,남,70세,부상신고,승용,남,60세,상해없음
2018031300100252,2018년 3월 13일 14시,화요일,부산광역시 해운대구 반여동,경상사고,0,0,1,0,차대사람 - 보도통행중,보행자보호의무위반,건조,맑음,단일로 - 기타,승용,남,35세,상해없음,보행자,남,64세,경상
2018031300100277,2018년 3월 13일 15시,화요일,부산광역시 남구 대연동,중상사고,0,1,0,0,차대차 - 추돌,안전운전불이행,건조,맑음,단일로 - 터널,승용,남,56세,상해없음,승용,남,39세,중상
2018031300100278,2018년 3월 13일 15시,화요일,부산광역시 해운대구 좌동,경상사고,0,0,2,0,차대차 - 측면충돌,신호위반,건조,맑음,교차로 - 교차로안,승용,남,26세,상해없음,승용,남,65세,상해없음
2018031300100279,2018년 3월 13일 15시,화요일,부산광역시 해운대구 반여동,중상사고,0,1,0,0,차대사람 - 횡단중,안전운전불이행,건조,맑음,교차로 - 교차로횡단보도내,승용,남,57세,상해없음,보행자,여,78세,중상
2018031300100280,2018년 3월 13일 15시,화요일,부산광역시 연제구 연산동,부상신고사고,0,0,0,1,차대차 - 추돌,안전운전불이행,건조,맑음,단일로 - 기타,승용,남,53세,상해없음,승용,남,36세,부상신고
2018031300100281,2018년 3월 13일 15시,화요일,부산광역시 강서구 대저1동,부상신고사고,0,0,0,1,차대차 - 측면충돌,안전운전불이행,건조,맑음,교차로 - 교차로안,이륜,남,18세,상해없음,승용,여,65세,상해없음
2018031300100316,2018년 3월 13일 16시,화요일,부산광역시 동구 좌천동,경상사고,0,0,1,0,차대차 - 기타,차로위반,건조,맑음,단일로 - 기타,승용,남,45세,상해없음,이륜,남,30세,경상
2018031300100317,2018년 3월 13일 16시,화요일,부산광역시 북구 구포동,경상사고,0,0,2,0,차대차 - 추돌,안전운전불이행,건조,맑음,단일로 - 기타,화물,남,54세,상해없음,화물,남,64세,경상
2018031300100318,2018년 3월 13일 16시,화요일,부산광역시 북구 화명동,중상사고,0,1,0,0,차대사람 - 기타,안전운전불이행,건조,맑음,단일로 - 기타,승용,남,82세,상해없음,보행자,여,60세,중상
2018031300100319,2018년 3월 13일 16시,화요일,부산광역시 동래구 명장동,경상사고,0,0,1,0,차대사람 - 기타,기타,건조,맑음,단일로 - 기타,승합,남,27세,상해없음,보행자,여,10세,경상
2018031300100320,2018년 3월 13일 16시,화요일,부산광역시 사상구 주례동,중상사고,0,1,2,0,차대차 - 측면충돌,안전거리미확보,건조,맑음,단일로 - 기타,승용,여,65세,중상,승용,남,63세,경상
2018031300100364,2018년 3월 13일 17시,화요일,부산광역시 동구 초량동,경상사고,0,0,2,0,차대차 - 기타,교차로운행방법위반,건조,맑음,교차로 - 교차로안,이륜,남,16세,경상,승용,여,26세,경상
2018031300100365,2018년 3월 13일 17시,화요일,부산광역시 연제구 거제동,중상사고,0,1,0,0,차대차 - 측면충돌,직진우회전진행방해,건조,맑음,교차로 - 교차로안,승용,남,64세,상해없음,이륜,남,26세,중상
2018031300100401,2018년 3월 13일 18시,화요일,부산광역시 부산진구 부전동,경상사고,0,0,1,0,차대차 - 측면충돌,안전운전불이행,건조,맑음,교차로 - 교차로안,이륜,남,42세,경상,승용,남,55세,상해없음
2018031300100402,2018년 3월 13일 18시,화요일,부산광역시 금정구 구서동,중상사고,0,1,1,0,차대차 - 기타,안전운전불이행,건조,맑음,교차로 - 교차로안,승용,남,31세,상해없음,이륜,남,53세,경상
2018031300100403,2018년 3월 13일 18시,화요일,부산광역시 사상구 주례동,중상사고,0,1,0,1,차대차 - 추돌,차로위반,건조,맑음,단일로 - 기타,승용,남,66세,부상신고,화물,남,29세,중상
2018031300100440,2018년 3월 13일 19시,화요일,부산광역시 동래구 온천동,경상사고,0,0,1,0,차대차 - 후진중충돌,안전운전불이행,건조,맑음,단일로 - 기타,승용,여,58세,상해없음,승용,여,40세,경상
2018031300100441,2018년 3월 13일 19시,화요일,부산광역시 영도구 대교동1가,경상사고,0,0,1,0,차대차 - 추돌,안전운전불이행,건조,맑음,단일로 - 교량,승용,남,71세,상해없음,승용,여,50세,경상
2018031300100442,2018년 3월 13일 19시,화요일,부산광역시 사상구 학장동,경상사고,0,0,1,0,차대차 - 측면충돌,신호위반,건조,맑음,교차로 - 교차로안,승용,남,65세,상해없음,승용,여,33세,경상
2018031300100486,2018년 3월 13일 20시,화요일,부산광역시 강서구 명지동,중상사고,0,1,0,0,차량단독 - 기타,안전운전불이행,건조,맑음,교차로 - 교차로부근,승합,남,47세,상해없음,,,,
2018031300100487,2018년 3월 13일 20시,화요일,부산광역시 강서구 명지동,경상사고,0,0,2,0,차대차 - 측면충돌,직진우회전진행방해,건조,맑음,교차로 - 교차로안,승용,남,76세,상해없음,승용,여,30세,경상
2018031300100488,2018년 3월 13일 20시,화요일,부산광역시 사상구 덕포동,중상사고,0,1,0,0,차대사람 - 기타,안전운전불이행,건조,맑음,기타 - 기타,화물,남,28세,상해없음,보행자,여,60세,중상
2018031300100510,2018년 3월 13일 21시,화요일,부산광역시 남구 문현동,경상사고,0,0,1,0,차대차 - 추돌,안전운전불이행,건조,맑음,단일로 - 기타,승용,남,68세,상해없음,승합,남,71세,경상
2018031300100563,2018년 3월 13일 23시,화요일,부산광역시 부산진구 가야동,중상사고,0,1,0,0,차대차 - 기타,안전운전불이행,건조,맑음,교차로 - 교차로부근,승용,남,28세,상해없음,이륜,남,28세,중상