사고번호,사고일시,요일,시군구,사고내용,사망자수,중상자수,경상자수,부상신고자수,사고유형,법규위반,노면상태,기상상태,도로형태,가해운전자 차종,가해운전자 성별,가해운전자 연령,가해운전자 상해정도,피해운전자 차종,피해운전자 성별,피해운전자 연령,피해운전자 상해정도
2018031400100004,2018년 3월 14일 00시,수요일,부산광역시 사상구 괘법동,중상사고,0,1,0,0,차대차 - 측면충돌,안전운전불이행,건조,맑음,단일로 - 기타,이륜,남,27세,중상,화물,남,46세,상해없음
2018031400100017,2018년 3월 14일 01시,수요일,부산광역시 해운대구 석대동,중상사고,0,1,0,0,차대차 - 측면충돌,안전운전불이행,건조,맑음,단일로 - 기타,화물,남,58세,상해없음,화물,남,67세,중상
2018031400100037,2018년 3월 14일 05시,수요일,부산광역시 동구 초량동,경상사고,0,0,1,0,차대사람 - 차도통행중,안전운전불이행,건조,맑음,단일로 - 기타,승용,남,61세,상해없음,보행자,남,75세,경상
2018031400100038,2018년 3월 14일 05시,수요일,부산광역시 수영구 남천동,중상사고,0,1,0,0,차대차 - 기타,안전운전불이행,건조,맑음,교차로 - 교차로부근,화물,남,57세,상해없음,승용,남,35세,중상
2018031400100047,2018년 3월 14일 06시,수요일,부산광역시 사하구 괴정동,경상사고,0,0,1,0,차대차 - 기타,안전운전불이행,건조,맑음,기타 - 기타,자전거,남,62세,경상,승용,남,70세,상해없음
2018031400100048,2018년 3월 14일 06시,수요일,부산광역시 강서구 강동동,중상사고,0,1,0,0,차대사람 - 기타,안전운전불이행,건조,맑음,교차로 - 교차로부근,승용,남,68세,상해없음,보행자,남,51세,중상
2018031400100065,2018년 3월 14일 07시,수요일,부산광역시 부산진구 부전동,중상사고,0,1,0,0,차대차 - 기타,안전운전불이행,건조,맑음,단일로 - 기타,승용,여,30세,상해없음,이륜,남,23세,중상
2018031400100086,2018년 3월 14일 08시,수요일,부산광역시 남구 대연동,중상사고,0,1,0,0,차대사람 - 횡단중,안전운전불이행,건조,맑음,단일로 - 기타,승용,남,27세,상해없음,보행자,남,9세,중상
2018031400100087,2018년 3월 14일 08시,수요일,부산광역시 사하구 괴정동,중상사고,0,1,0,0,차대차 - 측면충돌,교차로운행방법위반,건조,맑음,교차로 - 교차로안,승용,남,41세,상해없음,원동기,남,66세,중상
2018031400100088,2018년 3월 14일 08시,수요일,부산광역시 사하구 신평동,경상사고,0,0,1,0,차대차 - 기타,차로위반,건조,맑음,교차로 - 교차로부근,화물,남,62세,상해없음,승용,남,26세,경상
2018031400100089,2018년 3월 14일 08시,수요일,부산광역시 강서구 봉림동,경상사고,0,0,3,0,차대차 - 추돌,안전운전불이행,건조,맑음,기타 - 기타,화물,여,23세,상해없음,승용,남,50세,경상
2018031400100137,2018년 3월 14일 09시,수요일,부산광역시 중구 중앙동5가,중상사고,0,1,0,0,차대차 - 추돌,안전운전불이행,건조,맑음,교차로 - 교차로부근,승용,남,52세,상해없음,이륜,남,64세,중상
2018031400100138,2018년 3월 14일 09시,수요일,부산광역시 부산진구 전포동,경상사고,0,0,1,0,차대차 - 측면충돌,신호위반,건조,맑음,교차로 - 교차로안,승용,여,59세,상해없음,승용,여,51세,경상
2018031400100201,2018년 3월 14일 11시,수요일,부산광역시 부산진구 전포동,경상사고,0,0,2,0,차대차 - 측면충돌,차로위반,건조,맑음,교차로 - 교차로부근,승용,남,38세,상해없음,승용,여,52세,경상
2018031400100202,2018년 3월 14일 11시,수요일,부산광역시 사하구 하단동,경상사고,0,0,3,0,차대차 - 기타,안전운전불이행,건조,맑음,단일로 - 기타,승용,남,66세,경상,승용,남,30세,경상
2018031400100226,2018년 3월 14일 12시,수요일,부산광역시 부산진구 양정동,경상사고,0,0,1,0,차대차 - 기타,안전운전불이행,건조,맑음,단일로 - 기타,이륜,남,77세,경상,승용,남,56세,상해없음
2018031400100251,2018년 3월 14일 13시,수요일,부산광역시 중구 대청동2가,경상사고,0,0,1,0,차대차 - 측면충돌,차로위반,건조,맑음,단일로 - 기타,이륜,남,22세,상해없음,승용,남,65세,상해없음
2018031400100252,2018년 3월 14일 13시,수요일,부산광역시 해운대구 재송동,경상사고,0,0,3,0,차대차 - 기타,안전거리미확보,건조,맑음,단일로 - 기타,승용,여,51세,경상,화물,남,39세,경상
2018031400100253,2018년 3월 14일 13시,수요일,부산광역시 연제구 거제동,경상사고,0,0,1,0,차대차 - 기타,안전운전불이행,건조,맑음,단일로 - 기타,승용,남,33세,상해없음,승합,남,62세,상해없음
2018031400100285,2018년 3월 14일 14시,수요일,부산광역시 서구 아미동2가,경상사고,0,0,1,0,차대사람 - 기타,안전운전불이행,건조,맑음,기타 - 기타,승용,남,66세,상해없음,보행자,여,26세,경상
2018031400100286,2018년 3월 14일 14시,수요일,부산광역시 남구 대연동,중상사고,0,1,0,0,차대사람 - 횡단중,안전운전불이행,건조,맑음,단일로 - 기타,화물,남,29세,상해없음,보행자,남,50세,중상
2018031400100321,2018년 3월 14일 15시,수요일,부산광역시 동구 범일동,중상사고,0,1,0,0,차대사람 - 횡단중,안전운전불이행,건조,맑음,단일로 - 기타,승용,남,60세,상해없음,보행자,여,64세,중상
2018031400100322,2018년 3월 14일 15시,수요일,부산광역시 남구 용호동,중상사고,0,1,0,0,차대사람 - 횡단중,교차로운행방법위반,건조,맑음,교차로 - 교차로안,승용,여,70세,상해없음,보행자,여,65세,중상
2018031400100323,2018년 3월 14일 15시,수요일,부산광역시 수영구 광안동,중상사고,0,1,0,0,차량단독 - 기타,안전운전불이행,건조,맑음,단일로 - 기타,승합,남,52세,상해없음,,,,
2018031400100324,2018년 3월 14일 15시,수요일,부산광역시 해운대구 반송동,경상사고,0,0,1,0,차대차 - 추돌,안전운전불이행,기타,맑음,단일로 - 기타,화물,남,72세,상해없음,승용,남,35세,경상
2018031400100325,2018년 3월 14일 15시,수요일,부산광역시 부산진구 부암동,중상사고,0,1,0,0,차대차 - 측면충돌,안전운전불이행,건조,맑음,단일로 - 기타,승용,남,45세,상해없음,이륜,남,58세,중상
2018031400100326,2018년 3월 14일 15시,수요일,부산광역시 사하구 하단동,경상사고,0,0,1,0,차대사람 - 길가장자리구역통행중,안전운전불이행,건조,맑음,단일로 - 기타,승용,남,54세,상해없음,보행자,남,75세,경상
2018031400100327,2018년 3월 14일 15시,수요일,부산광역시 강서구 명지동,사망사고,1,0,0,0,차대차 - 측면충돌,안전운전불이행,건조,맑음,교차로 - 교차로안,승용,남,27세,상해없음,자전거,여,47세,사망
2018031400100328,2018년 3월 14일 15시,수요일,부산광역시 기장군 기장읍,경상사고,0,0,1,0,차대차 - 추돌,안전운전불이행,건조,맑음,단일로 - 기타,승용,남,36세,상해없음,승용,여,62세,경상
2018031400100364,2018년 3월 14일 16시,수요일,부산광역시 북구 금곡동,중상사고,0,1,0,0,차대사람 - 기타,신호위반,건조,맑음,교차로 - 교차로횡단보도내,승용,남,42세,상해없음,보행자,남,59세,중상
2018031400100399,2018년 3월 14일 17시,수요일,부산광역시 부산진구 전포동,경상사고,0,0,1,0,차대차 - 기타,안전운전불이행,건조,맑음,단일로 - 기타,화물,남,61세,상해없음,승용,남,31세,경상
2018031400100443,2018년 3월 14일 18시,수요일,부산광역시 중구 중앙동2가,경상사고,0,0,1,0,차대차 - 기타,안전운전불이행,건조,맑음,교차로 - 교차로안,승용,여,42세,상해없음,승용,남,65세,경상
2018031400100444,2018년 3월 14일 18시,수요일,부산광역시 수영구 광안동,경상사고,0,0,1,0,차대사람 - 기타,안전운전불이행,건조,기타,기타 - 기타,승용,여,60세,상해없음,보행자,여,39세,경상
2018031400100445,2018년 3월 14일 18시,수요일,부산광역시 해운대구 우동,경상사고,0,0,1,0,차대사람 - 기타,안전운전불이행,건조,맑음,단일로 - 기타,승용,남,75세,상해없음,보행자,여,37세,경상
2018031400100446,2018년 3월 14일 18시,수요일,부산광역시 연제구 거제동,중상사고,0,1,0,0,차대사람 - 횡단중,안전운전불이행,건조,맑음,단일로 - 기타,이륜,남,32세,상해없음,보행자,남,81세,중상
2018031400100486,2018년 3월 14일 19시,수요일,부산광역시 동래구 낙민동,경상사고,0,0,1,0,차대차 - 측면충돌,안전운전불이행,건조,맑음,교차로 - 교차로안,승용,남,63세,기타불명,승용,남,45세,경상
2018031400100487,2018년 3월 14일 19시,수요일,부산광역시 해운대구 재송동,경상사고,0,0,2,0,차대차 - 추돌,중앙선침범,건조,맑음,단일로 - 기타,승용,남,58세,상해없음,이륜,남,23세,경상
2018031400100488,2018년 3월 14일 19시,수요일,부산광역시 사하구 하단동,중상사고,0,1,0,0,차대차 - 추돌,안전운전불이행,건조,흐림,단일로 - 기타,건설기계,남,56세,상해없음,이륜,여,54세,중상
2018031400100526,2018년 3월 14일 20시,수요일,부산광역시 중구 보수동2가,중상사고,0,1,0,0,차대차 - 추돌,중앙선침범,건조,맑음,단일로 - 기타,승용,남,57세,상해없음,이륜,남,26세,중상
2018031400100527,2018년 3월 14일 20시,수요일,부산광역시 수영구 광안동,중상사고,0,1,0,0,차대차 - 측면충돌,안전운전불이행,건조,맑음,단일로 - 기타,화물,남,65세,상해없음,원동기,남,31세,중상
2018031400100528,2018년 3월 14일 20시,수요일,부산광역시 동래구 온천동,부상신고사고,0,0,0,1,차대사람 - 차도통행중,안전운전불이행,건조,맑음,단일로 - 기타,원동기,남,25세,상해없음,보행자,여,77세,부상신고
2018031400100529,2018년 3월 14일 20시,수요일,부산광역시 연제구 거제동,중상사고,0,1,1,0,차대사람 - 횡단중,신호위반,건조,맑음,교차로 - 교차로부근,승용,남,43세,상해없음,보행자,남,62세,경상
2018031400100530,2018년 3월 14일 20시,수요일,부산광역시 연제구 거제동,부상신고사고,0,0,0,1,차대차 - 기타,안전운전불이행,건조,맑음,단일로 - 기타,기타불명,기타불명,미분류,기타불명,자전거,여,50세,부상신고
2018031400100531,2018년 3월 14일 20시,수요일,부산광역시 사상구 삼락동,경상사고,0,0,1,0,차대차 - 추돌,안전운전불이행,건조,맑음,교차로 - 교차로부근,화물,남,53세,상해없음,승용,남,30세,경상
2018031400100556,2018년 3월 14일 21시,수요일,부산광역시 동래구 명륜동,경상사고,0,0,1,0,차대차 - 측면충돌,안전운전불이행,건조,맑음,교차로 - 교차로안,자전거,남,64세,경상,승용,남,41세,상해없음
2018031400100590,2018년 3월 14일 22시,수요일,부산광역시 수영구 민락동,부상신고사고,0,0,0,1,차대사람 - 차도통행중,안전운전불이행,건조,흐림,단일로 - 기타,승용,남,69세,상해없음,보행자,남,52세,부상신고
2018031400100591,2018년 3월 14일 22시,수요일,부산광역시 해운대구 반여동,경상사고,0,0,1,0,차대사람 - 횡단중,보행자보호의무위반,건조,맑음,교차로 - 교차로안,승용,남,37세,상해없음,보행자,여,23세,경상
2018031400100592,2018년 3월 14일 22시,수요일,부산광역시 부산진구 개금동,중상사고,0,1,0,0,차대차 - 기타,신호위반,건조,맑음,교차로 - 교차로안,승용,남,49세,상해없음,이륜,남,24세,중상
2018031400100593,2018년 3월 14일 22시,수요일,부산광역시 연제구 연산동,경상사고,0,0,1,0,차대차 - 추돌,안전거리미확보,건조,맑음,단일로 - 기타,이륜,남,63세,경상,승용,남,55세,상해없음
2018031400100622,2018년 3월 14일 23시,수요일,부산광역시 서구 충무동2가,경상사고,0,0,1,1,차대차 - 측면충돌,중앙선침범,건조,맑음,교차로 - 교차로부근,승용,남,55세,상해없음,승용,남,52세,경상
2018031500100004,2018년 3월 15일 00시,목요일,부산광역시 수영구 광안동,중상사고,0,1,0,0,차대사람 - 횡단중,과속,건조,맑음,교차로 - 교차로안,승용,남,63세,상해없음,보행자,여,20세,중상
2018031500100031,2018년 3월 15일 02시,목요일,부산광역시 수영구 민락동,경상사고,0,0,4,0,차대차 - 추돌,안전운전불이행,건조,맑음,단일로 - 기타,승용,남,25세,상해없음,승용,남,78세,경상
2018031500100032,2018년 3월 15일 02시,목요일,부산광역시 수영구 남천동,중상사고,0,4,0,0,차대차 - 추돌,과속,건조,맑음,단일로 - 기타,승용,남,38세,중상,승용,남,32세,중상
2018031500100033,2018년 3월 15일 02시,목요일,부산광역시 부산진구 부전동,경상사고,0,0,1,0,차대사람 - 횡단중,안전운전불이행,건조,맑음,단일로 - 기타,화물,남,40세,상해없음,보행자,남,52세,경상
2018031500100053,2018년 3월 15일 05시,목요일,부산광역시 부산진구 개금동,중상사고,0,1,2,0,차대차 - 추돌,안전거리미확보,건조,맑음,단일로 - 교량,화물,남,71세,중상,특수,남,55세,상해없음
2018031500100114,2018년 3월 15일 08시,목요일,부산광역시 수영구 광안동,경상사고,0,0,1,0,차대차 - 기타,중앙선침범,젖음/습기,비,단일로 - 기타,승용,남,35세,상해없음,이륜,남,38세,경상
2018031500100115,2018년 3월 15일 08시,목요일,부산광역시 해운대구 석대동,경상사고,0,0,1,0,차대차 - 측면충돌,안전거리미확보,젖음/습기,비,단일로 - 고가도로위,승용,남,61세,상해없음,화물,남,64세,상해없음
2018031500100116,2018년 3월 15일 08시,목요일,부산광역시 연제구 연산동,경상사고,0,0,1,0,차대차 - 추돌,안전운전불이행,젖음/습기,비,단일로 - 기타,승용,남,41세,상해없음,승용,남,38세,경상
2018031500100117,2018년 3월 15일 08시,목요일,부산광역시 강서구 대저2동,중상사고,0,1,0,0,차대차 - 추돌,안전운전불이행,젖음/습기,비,단일로 - 기타,화물,남,51세,상해없음,승용,여,39세,중상
2018031500100164,2018년 3월 15일 09시,목요일,부산광역시 동래구 사직동,중상사고,0,1,0,0,차대차 - 측면충돌,안전운전불이행,젖음/습기,비,단일로 - 기타,화물,남,73세,상해없음,이륜,남,49세,중상
2018031500100193,2018년 3월 15일 10시,목요일,부산광역시 사하구 당리동,경상사고,0,0,1,0,차대사람 - 횡단중,안전운전불이행,건조,맑음,교차로 - 교차로부근,승용,남,59세,상해없음,보행자,남,26세,경상
2018031500100194,2018년 3월 15일 10시,목요일,부산광역시 사상구 모라동,경상사고,0,0,1,0,차대차 - 측면충돌,안전운전불이행,젖음/습기,비,단일로 - 기타,승합,남,60세,상해없음,승용,남,49세,경상
2018031500100229,2018년 3월 15일 11시,목요일,부산광역시 북구 만덕동,경상사고,0,0,2,0,차대차 - 기타,안전거리미확보,젖음/습기,비,단일로 - 기타,승용,남,67세,상해없음,승용,여,54세,경상
2018031500100230,2018년 3월 15일 11시,목요일,부산광역시 사하구 괴정동,경상사고,0,0,1,0,차대차 - 기타,교차로운행방법위반,젖음/습기,비,기타 - 기타,특수,남,54세,상해없음,승용,남,36세,경상
2018031500100231,2018년 3월 15일 11시,목요일,부산광역시 사상구 모라동,경상사고,0,0,1,0,차대차 - 측면충돌,안전운전불이행,건조,맑음,교차로 - 교차로부근,화물,남,68세,상해없음,화물,남,61세,경상
2018031500100256,2018년 3월 15일 12시,목요일,부산광역시 북구 구포동,경상사고,0,0,1,0,차대사람 - 기타,안전운전불이행,젖음/습기,비,교차로 - 교차로안,승합,남,41세,상해없음,보행자,여,78세,경상
2018031500100257,2018년 3월 15일 12시,목요일,부산광역시 금정구 구서동,경상사고,0,0,1,0,차대사람 - 횡단중,안전운전불이행,젖음/습기,비,교차로 - 교차로부근,승합,여,49세,상해없음,보행자,여,27세,경상
2018031500100258,2018년 3월 15일 12시,목요일,부산광역시 사하구 다대동,경상사고,0,0,1,0,차대사람 - 횡단중,안전운전불이행,젖음/습기,비,교차로 - 교차로안,승용,여,59세,상해없음,보행자,남,66세,경상
2018031500100259,2018년 3월 15일 12시,목요일,부산광역시 기장군 일광면,부상신고사고,0,0,0,1,차대차 - 측면충돌,안전운전불이행,젖음/습기,비,기타 - 기타,승용,남,58세,상해없음,화물,남,58세,부상신고
2018031500100286,2018년 3월 15일 13시,목요일,부산광역시 해운대구 좌동,중상사고,0,1,0,0,차량단독 - 기타,안전운전불이행,젖음/습기,비,단일로 - 기타,승합,남,48세,상해없음,,,,
2018031500100287,2018년 3월 15일 13시,목요일,부산광역시 연제구 연산동,경상사고,0,0,1,0,차대차 - 정면충돌,안전운전불이행,젖음/습기,비,교차로 - 교차로안,승용,남,68세,상해없음,이륜,남,31세,경상
2018031500100340,2018년 3월 15일 15시,목요일,부산광역시 서구 서대신동2가,중상사고,0,2,0,0,차량단독 - 공작물충돌,안전운전불이행,젖음/습기,비,단일로 - 기타,화물,남,61세,중상,,,,
2018031500100341,2018년 3월 15일 15시,목요일,부산광역시 부산진구 전포동,경상사고,0,0,1,0,차대사람 - 보도통행중,기타,젖음/습기,비,기타 - 기타,화물,남,35세,상해없음,보행자,남,30세,경상
2018031500100367,2018년 3월 15일 16시,목요일,부산광역시 남구 대연동,중상사고,0,1,0,0,차대차 - 기타,안전운전불이행,젖음/습기,흐림,교차로 - 교차로부근,승용,남,76세,상해없음,승합,남,61세,상해없음
2018031500100368,2018년 3월 15일 16시,목요일,부산광역시 부산진구 전포동,경상사고,0,0,1,0,차대차 - 측면충돌,교차로운행방법위반,젖음/습기,비,교차로 - 교차로안,화물,남,68세,상해없음,승용,여,57세,경상
2018031500100396,2018년 3월 15일 17시,목요일,부산광역시 북구 화명동,중상사고,0,1,1,0,차대차 - 기타,안전운전불이행,젖음/습기,비,단일로 - 기타,이륜,남,34세,중상,승용,남,55세,경상
2018031500100397,2018년 3월 15일 17시,목요일,부산광역시 강서구 대저2동,경상사고,0,0,1,0,차대차 - 추돌,안전운전불이행,젖음/습기,비,교차로 - 교차로부근,승용,남,56세,상해없음,승용,남,37세,경상
2018031500100428,2018년 3월 15일 18시,목요일,부산광역시 동래구 온천동,경상사고,0,0,1,0,차대사람 - 차도통행중,안전운전불이행,젖음/습기,비,단일로 - 기타,화물,남,44세,상해없음,보행자,남,35세,경상
2018031500100429,2018년 3월 15일 18시,목요일,부산광역시 동래구 안락동,중상사고,0,1,0,0,차대사람 - 보도통행중,안전운전불이행,젖음/습기,비,교차로 - 교차로안,승용,여,66세,상해없음,보행자,남,58세,중상
2018031500100430,2018년 3월 15일 18시,목요일,부산광역시 해운대구 좌동,경상사고,0,0,1,0,차대사람 - 기타,보행자보호의무위반,건조,맑음,교차로 - 교차로횡단보도내,승용,남,69세,상해없음,보행자,남,31세,경상
2018031500100431,2018년 3월 15일 18시,목요일,부산광역시 부산진구 부전동,중상사고,0,1,0,0,차대사람 - 보도통행중,보행자보호의무위반,젖음/습기,비,단일로 - 기타,승용,남,52세,상해없음,보행자,여,50세,중상
2018031500100432,2018년 3월 15일 18시,목요일,부산광역시 금정구 부곡동,경상사고,0,0,2,0,차대사람 - 횡단중,보행자보호의무위반,젖음/습기,비,교차로 - 교차로안,승용,여,51세,상해없음,보행자,여,19세,경상
2018031500100433,2018년 3월 15일 18시,목요일,부산광역시 금정구 부곡동,중상사고,0,1,0,0,차대차 - 측면충돌,기타,건조,맑음,교차로 - 교차로안,승용,남,48세,상해없음,승용,남,47세,중상
2018031500100473,2018년 3월 15일 19시,목요일,부산광역시 동래구 안락동,경상사고,0,0,1,0,차대차 - 추돌,안전운전불이행,건조,맑음,단일로 - 기타,승용,남,54세,상해없음,승용,여,55세,경상
2018031500100474,2018년 3월 15일 19시,목요일,부산광역시 영도구 동삼동,경상사고,0,0,1,0,차대차 - 기타,안전운전불이행,젖음/습기,비,단일로 - 기타,화물,남,57세,상해없음,이륜,남,25세,경상
2018031500100475,2018년 3월 15일 19시,목요일,부산광역시 영도구 대교동1가,부상신고사고,0,0,0,1,차대사람 - 횡단중,안전운전불이행,젖음/습기,비,교차로 - 교차로안,승용,남,60세,상해없음,보행자,남,61세,부상신고
2018031500100476,2018년 3월 15일 19시,목요일,부산광역시 부산진구 개금동,경상사고,0,0,1,0,차대사람 - 보도통행중,안전운전불이행,젖음/습기,비,교차로 - 교차로안,승용,남,60세,상해없음,보행자,남,31세,경상
2018031500100525,2018년 3월 15일 20시,목요일,부산광역시 부산진구 부전동,경상사고,0,0,1,0,차대차 - 기타,교차로운행방법위반,젖음/습기,흐림,교차로 - 교차로안,승용,남,53세,상해없음,이륜,남,27세,경상
2018031500100553,2018년 3월 15일 21시,목요일,부산광역시 서구 아미동2가,경상사고,0,0,1,0,차대사람 - 횡단중,보행자보호의무위반,젖음/습기,비,교차로 - 교차로부근,이륜,남,18세,상해없음,보행자,여,54세,경상
2018031500100554,2018년 3월 15일 21시,목요일,부산광역시 남구 용호동,경상사고,0,0,1,0,차대차 - 측면충돌,안전운전불이행,젖음/습기,비,단일로 - 기타,승용,남,33세,상해없음,승용,여,51세,경상
2018031500100555,2018년 3월 15일 21시,목요일,부산광역시 연제구 연산동,경상사고,0,0,1,0,차대차 - 추돌,안전운전불이행,젖음/습기,비,교차로 - 교차로부근,승용,여,42세,상해없음,승용,남,25세,경상
2018031500100582,2018년 3월 15일 22시,목요일,부산광역시 동래구 명장동,경상사고,0,0,1,0,차대사람 - 기타,안전운전불이행,젖음/습기,맑음,단일로 - 기타,승용,여,44세,상해없음,보행자,남,62세,경상
2018031500100583,2018년 3월 15일 22시,목요일,부산광역시 수영구 망미동,경상사고,0,0,2,0,차대차 - 기타,신호위반,젖음/습기,비,교차로 - 교차로안,승용,남,57세,상해없음,승용,남,36세,경상
2018031500100611,2018년 3월 15일 23시,목요일,부산광역시 부산진구 개금동,경상사고,0,0,1,0,차대사람 - 횡단중,안전운전불이행,젖음/습기,비,단일로 - 기타,이륜,남,21세,상해없음,보행자,남,28세,경상
2018031500100612,2018년 3월 15일 23시,목요일,부산광역시 부산진구 개금동,경상사고,0,0,3,0,차대차 - 추돌,안전운전불이행,젖음/습기,비,교차로 - 교차로안,승용,남,33세,상해없음,승용,남,64세,경상
2018031600100007,2018년 3월 16일 00시,금요일,부산광역시 해운대구 우동,중상사고,0,1,0,0,차대사람 - 길가장자리구역통행중,안전운전불이행,젖음/습기,비,단일로 - 기타,승용,남,28세,상해없음,보행자,여,56세,중상
2018031600100025,2018년 3월 16일 01시,금요일,부산광역시 연제구 연산동,부상신고사고,0,0,0,2,차대차 - 기타,안전운전불이행,젖음/습기,흐림,교차로 - 교차로안,승합,남,37세,상해없음,승용,남,47세,부상신고
2018031600100039,2018년 3월 16일 02시,금요일,부산광역시 연제구 연산동,중상사고,0,1,0,0,차대사람 - 횡단중,과속,젖음/습기,비,단일로 - 기타,승용,남,66세,상해없음,보행자,여,45세,중상
2018031600100045,2018년 3월 16일 04시,금요일,부산광역시 해운대구 우동,중상사고,0,1,0,0,차량단독 - 공작물충돌,안전거리미확보,건조,맑음,단일로 - 교량,승용,남,36세,중상,,,,
2018031600100069,2018년 3월 16일 07시,금요일,부산광역시 사하구 하단동,경상사고,0,0,1,0,차대차 - 측면충돌,안전운전불이행,건조,맑음,기타 - 기타,화물,남,65세,상해없음,승용,남,62세,경상
2018031600100095,2018년 3월 16일 08시,금요일,부산광역시 동구 초량동,경상사고,0,0,1,0,차대차 - 측면충돌,안전운전불이행,건조,맑음,단일로 - 기타,승용,남,63세,상해없음,이륜,남,21세,경상
2018031600100096,2018년 3월 16일 08시,금요일,부산광역시 강서구 명지동,경상사고,0,0,1,0,차대차 - 추돌,교차로운행방법위반,건조,맑음,교차로 - 교차로안,승용,남,29세,상해없음,승용,남,42세,경상
2018031600100173,2018년 3월 16일 10시,금요일,부산광역시 동래구 온천동,경상사고,0,0,1,0,차대차 - 측면충돌,안전운전불이행,건조,맑음,교차로 - 교차로안,승용,여,51세,상해없음,승용,남,34세,경상
2018031600100174,2018년 3월 16일 10시,금요일,부산광역시 사하구 장림동,중상사고,0,1,0,0,차대사람 - 횡단중,보행자보호의무위반,건조,맑음,교차로 - 교차로횡단보도내,승용,남,71세,상해없음,보행자,여,53세,중상
2018031600100207,2018년 3월 16일 11시,금요일,부산광역시 동구 범일동,경상사고,0,0,1,0,차대차 - 측면충돌,신호위반,건조,맑음,교차로 - 교차로부근,승용,남,22세,상해없음,이륜,남,49세,경상
2018031600100247,2018년 3월 16일 13시,금요일,부산광역시 북구 덕천동,경상사고,0,0,2,0,차대차 - 추돌,안전운전불이행,건조,맑음,단일로 - 기타,승용,남,60세,상해없음,승용,여,56세,경상
2018031600100248,2018년 3월 16일 13시,금요일,부산광역시 사하구 괴정동,중상사고,0,1,0,0,차대사람 - 횡단중,안전운전불이행,건조,맑음,교차로 - 교차로횡단보도내,승용,남,69세,상해없음,보행자,여,77세,중상
2018031600100285,2018년 3월 16일 14시,금요일,부산광역시 동구 좌천동,중상사고,0,1,0,0,차대사람 - 횡단중,신호위반,건조,맑음,단일로 - 기타,승용,남,22세,상해없음,보행자,남,19세,중상
2018031600100286,2018년 3월 16일 14시,금요일,부산광역시 강서구 송정동,중상사고,0,1,0,0,차대차 - 추돌,교차로운행방법위반,건조,맑음,교차로 - 교차로안,승용,여,57세,상해없음,승용,남,55세,중상
2018031600100308,2018년 3월 16일 15시,금요일,부산광역시 사상구 감전동,중상사고,0,1,1,0,차대차 - 추돌,안전거리미확보,건조,맑음,단일로 - 기타,특수,남,54세,상해없음,승용,여,26세,경상
2018031600100350,2018년 3월 16일 16시,금요일,부산광역시 남구 문현동,경상사고,0,0,1,0,차대차 - 측면충돌,안전운전불이행,건조,맑음,단일로 - 기타,화물,남,35세,상해없음,승용,남,41세,경상
2018031600100351,2018년 3월 16일 16시,금요일,부산광역시 북구 덕천동,경상사고,0,0,1,0,차대차 - 측면충돌,안전운전불이행,건조,맑음,단일로 - 기타,승용,남,45세,상해없음,승용,여,46세,경상
2018031600100386,2018년 3월 16일 17시,금요일,부산광역시 동구 수정동,경상사고,0,0,1,0,차대차 - 측면충돌,안전운전불이행,건조,맑음,단일로 - 기타,기타불명,기타불명,미분류,기타불명,자전거,남,13세,경상
2018031600100387,2018년 3월 16일 17시,금요일,부산광역시 해운대구 우동,중상사고,0,1,0,0,차대차 - 측면충돌,안전거리미확보,건조,맑음,단일로 - 기타,이륜,남,70세,중상,승용,남,65세,상해없음
2018031600100388,2018년 3월 16일 17시,금요일,부산광역시 부산진구 당감동,중상사고,0,1,0,0,차대사람 - 길가장자리구역통행중,안전운전불이행,건조,맑음,단일로 - 기타,승용,여,41세,상해없음,보행자,남,68세,중상
2018031600100389,2018년 3월 16일 17시,금요일,부산광역시 연제구 연산동,경상사고,0,0,1,0,차대차 - 측면충돌,안전운전불이행,건조,맑음,교차로 - 교차로안,승용,여,44세,상해없음,승용,남,30세,경상
2018031600100419,2018년 3월 16일 18시,금요일,부산광역시 강서구 송정동,경상사고,0,0,2,0,차대차 - 측면충돌,교차로운행방법위반,건조,맑음,교차로 - 교차로안,승용,남,66세,경상,승용,남,39세,경상
2018031600100465,2018년 3월 16일 19시,금요일,부산광역시 수영구 광안동,경상사고,0,0,2,0,차대차 - 기타,중앙선침범,건조,맑음,단일로 - 기타,이륜,남,69세,상해없음,화물,남,27세,경상
2018031600100466,2018년 3월 16일 19시,금요일,부산광역시 금정구 남산동,중상사고,0,1,0,0,차대차 - 측면충돌,안전거리미확보,건조,맑음,단일로 - 기타,승용,여,73세,상해없음,승용,여,52세,상해없음
2018031600100467,2018년 3월 16일 19시,금요일,부산광역시 연제구 연산동,경상사고,0,0,1,0,차대차 - 측면충돌,중앙선침범,건조,맑음,단일로 - 기타,승용,남,35세,상해없음,승용,남,38세,경상
2018031600100516,2018년 3월 16일 20시,금요일,부산광역시 부산진구 개금동,경상사고,0,0,1,0,차대차 - 추돌,안전운전불이행,건조,맑음,단일로 - 기타,화물,남,59세,상해없음,승용,남,32세,경상
2018031600100517,2018년 3월 16일 20시,금요일,부산광역시 금정구 구서동,중상사고,0,1,0,0,차대사람 - 횡단중,안전운전불이행,건조,맑음,교차로 - 교차로안,화물,남,68세,상해없음,보행자,여,82세,중상
2018031600100518,2018년 3월 16일 20시,금요일,부산광역시 사하구 장림동,중상사고,0,1,0,0,차대차 - 측면충돌,신호위반,건조,맑음,단일로 - 기타,승용,남,32세,상해없음,승용,남,42세,상해없음