사고번호,사고일시,요일,시군구,사고내용,사망자수,중상자수,경상자수,부상신고자수,사고유형,법규위반,노면상태,기상상태,도로형태,가해운전자 차종,가해운전자 성별,가해운전자 연령,가해운전자 상해정도,피해운전자 차종,피해운전자 성별,피해운전자 연령,피해운전자 상해정도
2018032000100093,2018년 3월 20일 08시,화요일,부산광역시 남구 대연동,경상사고,0,0,2,0,차대차 - 추돌,교차로운행방법위반,건조,맑음,교차로 - 교차로안,승용,남,73세,상해없음,승용,남,50세,경상
2018032000100094,2018년 3월 20일 08시,화요일,부산광역시 해운대구 중동,중상사고,0,1,0,0,차대사람 - 횡단중,보행자보호의무위반,건조,맑음,교차로 - 교차로부근,승용,남,40세,상해없음,보행자,여,76세,중상
2018032000100095,2018년 3월 20일 08시,화요일,부산광역시 연제구 연산동,경상사고,0,0,3,0,차대차 - 측면충돌,교차로운행방법위반,건조,맑음,교차로 - 교차로안,승용,여,30세,경상,승용,여,59세,경상
2018032000100136,2018년 3월 20일 09시,화요일,부산광역시 동구 범일동,경상사고,0,0,1,0,차대차 - 추돌,차로위반,건조,맑음,단일로 - 기타,승용,여,49세,경상,화물,남,52세,상해없음
2018032000100169,2018년 3월 20일 10시,화요일,부산광역시 동구 초량동,경상사고,0,0,1,0,차대차 - 추돌,안전거리미확보,건조,맑음,단일로 - 기타,승합,남,41세,상해없음,승용,남,62세,상해없음
2018032000100170,2018년 3월 20일 10시,화요일,부산광역시 동래구 온천동,중상사고,0,1,0,0,차대사람 - 기타,안전운전불이행,건조,맑음,교차로 - 교차로부근,승용,남,43세,상해없음,보행자,여,71세,중상
2018032000100171,2018년 3월 20일 10시,화요일,부산광역시 금정구 장전동,경상사고,0,0,1,0,차대차 - 측면충돌,안전운전불이행,건조,맑음,단일로 - 기타,승용,남,79세,상해없음,화물,남,43세,경상
2018032000100190,2018년 3월 20일 11시,화요일,부산광역시 중구 대청동1가,중상사고,0,1,0,0,차대사람 - 기타,안전운전불이행,건조,맑음,단일로 - 기타,화물,남,64세,기타불명,보행자,남,58세,중상
2018032000100191,2018년 3월 20일 11시,화요일,부산광역시 동래구 온천동,중상사고,0,1,0,0,차대사람 - 길가장자리구역통행중,안전운전불이행,건조,맑음,단일로 - 기타,승용,여,62세,상해없음,보행자,여,71세,중상
2018032000100227,2018년 3월 20일 12시,화요일,부산광역시 동구 초량동,경상사고,0,0,1,0,차대사람 - 기타,안전운전불이행,건조,맑음,단일로 - 기타,승용,남,43세,상해없음,보행자,여,64세,경상
2018032000100228,2018년 3월 20일 12시,화요일,부산광역시 서구 암남동,사망사고,1,0,0,0,차량단독 - 기타,안전운전불이행,건조,흐림,단일로 - 기타,승합,남,50세,상해없음,,,,
2018032000100255,2018년 3월 20일 13시,화요일,부산광역시 금정구 부곡동,경상사고,0,0,1,0,차대차 - 측면충돌,중앙선침범,건조,맑음,교차로 - 교차로부근,승용,여,18세,상해없음,승용,남,47세,경상
2018032000100301,2018년 3월 20일 15시,화요일,부산광역시 영도구 청학동,경상사고,0,0,1,0,차대사람 - 길가장자리구역통행중,안전운전불이행,건조,맑음,단일로 - 기타,승용,여,48세,상해없음,보행자,여,68세,경상
2018032000100302,2018년 3월 20일 15시,화요일,부산광역시 부산진구 전포동,부상신고사고,0,0,0,1,차량단독 - 공작물충돌,안전운전불이행,건조,맑음,단일로 - 기타,승용,남,32세,부상신고,,,,
2018032000100331,2018년 3월 20일 16시,화요일,부산광역시 부산진구 연지동,경상사고,0,0,1,0,차대차 - 기타,안전운전불이행,건조,맑음,교차로 - 교차로부근,승용,남,72세,상해없음,승용,남,22세,경상
2018032000100332,2018년 3월 20일 16시,화요일,부산광역시 금정구 남산동,경상사고,0,0,1,0,차대사람 - 횡단중,보행자보호의무위반,건조,맑음,교차로 - 교차로횡단보도내,승용,여,58세,상해없음,보행자,여,19세,경상
2018032000100333,2018년 3월 20일 16시,화요일,부산광역시 금정구 남산동,경상사고,0,0,1,0,차대사람 - 횡단중,보행자보호의무위반,건조,맑음,교차로 - 교차로횡단보도내,승용,여,38세,상해없음,보행자,남,8세,경상
2018032000100396,2018년 3월 20일 18시,화요일,부산광역시 수영구 민락동,중상사고,0,2,0,1,차대차 - 측면충돌,안전운전불이행,건조,맑음,단일로 - 기타,승용,남,49세,부상신고,승용,남,37세,중상
2018032000100397,2018년 3월 20일 18시,화요일,부산광역시 북구 구포동,부상신고사고,0,0,0,1,차대차 - 기타,교차로운행방법위반,건조,맑음,교차로 - 교차로부근,자전거,남,81세,부상신고,이륜,남,21세,상해없음
2018032000100398,2018년 3월 20일 18시,화요일,부산광역시 금정구 구서동,경상사고,0,0,1,0,차대차 - 기타,신호위반,건조,맑음,교차로 - 교차로안,승합,남,79세,상해없음,승용,남,71세,경상
2018032000100399,2018년 3월 20일 18시,화요일,부산광역시 사하구 구평동,경상사고,0,0,1,0,차대차 - 기타,교차로운행방법위반,건조,맑음,기타 - 기타,특수,남,57세,상해없음,승용,여,49세,경상
2018032000100400,2018년 3월 20일 18시,화요일,부산광역시 사상구 주례동,경상사고,0,0,1,0,차대차 - 측면충돌,기타,건조,맑음,교차로 - 교차로부근,승용,남,63세,상해없음,이륜,남,50세,경상
2018032000100438,2018년 3월 20일 19시,화요일,부산광역시 사하구 괴정동,중상사고,0,1,0,0,차대차 - 기타,신호위반,건조,맑음,교차로 - 교차로부근,승용,남,30세,상해없음,이륜,남,25세,중상
2018032000100510,2018년 3월 20일 21시,화요일,부산광역시 부산진구 가야동,중상사고,0,1,0,0,차대사람 - 차도통행중,신호위반,젖음/습기,비,단일로 - 기타,승용,남,67세,상해없음,보행자,남,60세,중상
2018032000100540,2018년 3월 20일 22시,화요일,부산광역시 동구 범일동,중상사고,0,1,0,0,차대사람 - 기타,안전운전불이행,젖음/습기,비,단일로 - 기타,승용,남,55세,상해없음,보행자,남,35세,중상
2018032000100541,2018년 3월 20일 22시,화요일,부산광역시 부산진구 부전동,경상사고,0,0,1,0,차대차 - 측면충돌,안전거리미확보,젖음/습기,비,단일로 - 기타,승용,남,24세,상해없음,이륜,남,30세,경상
2018032000100542,2018년 3월 20일 22시,화요일,부산광역시 사상구 괘법동,경상사고,0,0,2,0,차대차 - 추돌,안전운전불이행,젖음/습기,비,단일로 - 기타,승용,남,58세,상해없음,승용,여,35세,경상
2018032000100566,2018년 3월 20일 23시,화요일,부산광역시 북구 화명동,경상사고,0,0,1,0,차대차 - 기타,교차로운행방법위반,건조,맑음,교차로 - 교차로안,승용,여,51세,상해없음,이륜,남,51세,경상
2018032000100567,2018년 3월 20일 23시,화요일,부산광역시 북구 구포동,중상사고,0,1,0,0,차대사람 - 횡단중,신호위반,건조,맑음,교차로 - 교차로횡단보도내,승용,여,25세,상해없음,보행자,남,18세,중상
2018032000100568,2018년 3월 20일 23시,화요일,부산광역시 동래구 사직동,중상사고,0,1,0,0,차대차 - 추돌,안전운전불이행,건조,맑음,교차로 - 교차로부근,승용,남,59세,기타불명,승용,남,49세,중상
2018032000100569,2018년 3월 20일 23시,화요일,부산광역시 금정구 장전동,경상사고,0,0,1,0,차대사람 - 길가장자리구역통행중,안전운전불이행,젖음/습기,흐림,기타 - 기타,이륜,남,46세,상해없음,보행자,남,21세,경상
2018032000100570,2018년 3월 20일 23시,화요일,부산광역시 수영구 수영동,경상사고,0,0,3,0,차대차 - 추돌,안전운전불이행,젖음/습기,비,단일로 - 기타,승용,남,24세,상해없음,승용,남,73세,경상
2018032100100003,2018년 3월 21일 00시,수요일,부산광역시 부산진구 부전동,경상사고,0,0,1,0,차대사람 - 횡단중,안전운전불이행,젖음/습기,비,단일로 - 기타,이륜,남,26세,상해없음,보행자,여,47세,경상
2018032100100017,2018년 3월 21일 01시,수요일,부산광역시 수영구 광안동,경상사고,0,0,1,0,차대차 - 기타,안전운전불이행,젖음/습기,비,교차로 - 교차로안,승용,남,24세,상해없음,승용,남,64세,경상
2018032100100028,2018년 3월 21일 02시,수요일,부산광역시 부산진구 범전동,경상사고,0,0,5,0,차대차 - 추돌,안전거리미확보,젖음/습기,비,단일로 - 기타,화물,남,31세,상해없음,승용,남,63세,경상
2018032100100029,2018년 3월 21일 02시,수요일,부산광역시 부산진구 범전동,부상신고사고,0,0,0,1,차대차 - 추돌,안전거리미확보,젖음/습기,비,단일로 - 기타,화물,남,55세,상해없음,승용,남,53세,부상신고
2018032100100038,2018년 3월 21일 03시,수요일,부산광역시 수영구 광안동,경상사고,0,0,2,0,차대차 - 추돌,안전운전불이행,젖음/습기,비,단일로 - 기타,승용,남,24세,상해없음,화물,남,50세,경상
2018032100100051,2018년 3월 21일 05시,수요일,부산광역시 동래구 온천동,중상사고,0,1,0,0,차대차 - 측면충돌,안전운전불이행,젖음/습기,비,교차로 - 교차로안,승용,남,24세,상해없음,승용,남,70세,중상
2018032100100065,2018년 3월 21일 06시,수요일,부산광역시 연제구 연산동,중상사고,0,1,0,0,차대사람 - 길가장자리구역통행중,안전운전불이행,젖음/습기,비,교차로 - 교차로안,승용,남,48세,상해없음,보행자,남,63세,중상
2018032100100066,2018년 3월 21일 06시,수요일,부산광역시 강서구 봉림동,중상사고,0,2,1,0,차대차 - 측면충돌,불법유턴,건조,맑음,단일로 - 기타,특수,남,52세,상해없음,화물,남,66세,중상
2018032100100079,2018년 3월 21일 07시,수요일,부산광역시 사상구 감전동,중상사고,0,1,2,0,차대차 - 측면충돌,차로위반,젖음/습기,비,단일로 - 기타,화물,남,48세,상해없음,화물,남,60세,경상
2018032100100097,2018년 3월 21일 08시,수요일,부산광역시 사하구 신평동,중상사고,0,1,0,0,차대차 - 기타,안전운전불이행,젖음/습기,비,단일로 - 기타,승용,남,58세,상해없음,이륜,남,39세,중상
2018032100100098,2018년 3월 21일 08시,수요일,부산광역시 강서구 강동동,중상사고,0,1,0,0,차대사람 - 기타,보행자보호의무위반,젖음/습기,비,교차로 - 교차로횡단보도내,승용,여,43세,상해없음,보행자,여,64세,중상
2018032100100140,2018년 3월 21일 09시,수요일,부산광역시 서구 토성동4가,경상사고,0,0,1,0,차대차 - 측면충돌,안전운전불이행,젖음/습기,비,교차로 - 교차로안,승용,남,75세,상해없음,승용,남,49세,경상
2018032100100141,2018년 3월 21일 09시,수요일,부산광역시 동래구 명장동,경상사고,0,0,5,0,차대차 - 측면충돌,안전거리미확보,건조,맑음,단일로 - 기타,승용,남,60세,상해없음,승용,남,19세,경상
2018032100100142,2018년 3월 21일 09시,수요일,부산광역시 사상구 주례동,경상사고,0,0,1,0,차대차 - 후진중충돌,안전운전불이행,건조,흐림,주차장 - 주차장,승용,남,46세,상해없음,승용,남,40세,경상
2018032100100143,2018년 3월 21일 09시,수요일,부산광역시 기장군 기장읍,중상사고,0,1,0,0,차대사람 - 횡단중,안전운전불이행,젖음/습기,비,교차로 - 교차로안,화물,남,47세,상해없음,보행자,남,13세,중상
2018032100100166,2018년 3월 21일 10시,수요일,부산광역시 해운대구 좌동,중상사고,0,1,0,0,차대사람 - 차도통행중,안전운전불이행,젖음/습기,비,단일로 - 기타,승용,여,38세,상해없음,보행자,여,42세,중상
2018032100100285,2018년 3월 21일 15시,수요일,부산광역시 동구 좌천동,경상사고,0,0,1,0,차대차 - 기타,안전운전불이행,젖음/습기,비,단일로 - 기타,승용,여,34세,상해없음,승용,남,39세,경상
2018032100100286,2018년 3월 21일 15시,수요일,부산광역시 영도구 남항동1가,경상사고,0,0,2,0,차대사람 - 보도통행중,보행자보호의무위반,젖음/습기,흐림,교차로 - 교차로횡단보도내,화물,남,60세,상해없음,보행자,여,64세,경상
2018032100100317,2018년 3월 21일 16시,수요일,부산광역시 중구 영주동,중상사고,0,1,0,0,차대사람 - 횡단중,안전운전불이행,건조,맑음,단일로 - 기타,승용,여,45세,상해없음,보행자,여,43세,중상
2018032100100350,2018년 3월 21일 17시,수요일,부산광역시 동구 초량동,부상신고사고,0,0,0,3,차대차 - 추돌,안전운전불이행,건조,맑음,단일로 - 기타,이륜,남,29세,부상신고,승용,남,67세,상해없음
2018032100100351,2018년 3월 21일 17시,수요일,부산광역시 동래구 안락동,경상사고,0,0,1,0,차대차 - 추돌,불법유턴,젖음/습기,맑음,단일로 - 기타,화물,남,57세,상해없음,승용,여,39세,경상
2018032100100352,2018년 3월 21일 17시,수요일,부산광역시 부산진구 초읍동,경상사고,0,0,1,0,차대차 - 측면충돌,안전운전불이행,건조,맑음,단일로 - 기타,승용,남,66세,상해없음,승용,여,57세,경상
2018032100100353,2018년 3월 21일 17시,수요일,부산광역시 연제구 연산동,경상사고,0,0,1,1,차대차 - 측면충돌,안전운전불이행,젖음/습기,흐림,교차로 - 교차로안,승용,남,58세,상해없음,승용,여,44세,경상
2018032100100465,2018년 3월 21일 20시,수요일,부산광역시 부산진구 가야동,경상사고,0,0,1,0,차대사람 - 길가장자리구역통행중,중앙선침범,건조,맑음,단일로 - 기타,승용,남,41세,상해없음,보행자,남,59세,경상
2018032100100498,2018년 3월 21일 21시,수요일,부산광역시 동래구 명륜동,경상사고,0,0,1,0,차대사람 - 보도통행중,보행자보호의무위반,건조,맑음,단일로 - 기타,승용,남,59세,상해없음,보행자,여,30세,경상
2018032100100557,2018년 3월 21일 23시,수요일,부산광역시 서구 암남동,중상사고,0,1,1,0,차대차 - 측면충돌,신호위반,젖음/습기,흐림,교차로 - 교차로안,승용,남,58세,상해없음,승합,남,48세,상해없음
2018032100100558,2018년 3월 21일 23시,수요일,부산광역시 사상구 학장동,중상사고,0,1,0,0,차대사람 - 횡단중,안전운전불이행,젖음/습기,흐림,단일로 - 기타,승용,남,57세,상해없음,보행자,남,39세,중상
2018032200100004,2018년 3월 22일 00시,목요일,부산광역시 부산진구 양정동,경상사고,0,0,1,0,차대사람 - 길가장자리구역통행중,안전운전불이행,건조,맑음,교차로 - 교차로부근,승용,남,32세,상해없음,보행자,남,48세,경상
2018032200100005,2018년 3월 22일 00시,목요일,부산광역시 기장군 장안읍,경상사고,0,0,1,0,차대차 - 측면충돌,신호위반,건조,맑음,교차로 - 교차로안,승용,남,56세,상해없음,승용,남,27세,경상
2018032200100013,2018년 3월 22일 01시,목요일,부산광역시 수영구 남천동,중상사고,0,1,0,0,차대차 - 측면충돌,안전거리미확보,건조,맑음,단일로 - 기타,화물,남,44세,상해없음,이륜,남,18세,중상
2018032200100014,2018년 3월 22일 01시,목요일,부산광역시 수영구 민락동,중상사고,0,1,0,0,차대차 - 측면충돌,안전운전불이행,건조,맑음,단일로 - 기타,승용,남,50세,상해없음,이륜,남,31세,중상
2018032200100024,2018년 3월 22일 02시,목요일,부산광역시 부산진구 부전동,중상사고,0,1,0,0,차대차 - 측면충돌,차로위반,건조,맑음,교차로 - 교차로안,승용,남,31세,상해없음,이륜,남,28세,중상
2018032200100031,2018년 3월 22일 03시,목요일,부산광역시 부산진구 개금동,경상사고,0,0,1,0,차대차 - 측면충돌,교차로운행방법위반,건조,맑음,교차로 - 교차로안,승용,남,18세,상해없음,승용,남,43세,경상
2018032200100056,2018년 3월 22일 06시,목요일,부산광역시 사상구 학장동,중상사고,0,2,1,0,차대차 - 정면충돌,신호위반,건조,맑음,교차로 - 교차로안,승용,여,43세,경상,승용,여,52세,중상
2018032200100130,2018년 3월 22일 08시,목요일,부산광역시 남구 문현동,경상사고,0,0,1,0,차대사람 - 길가장자리구역통행중,보행자보호의무위반,건조,맑음,단일로 - 기타,승용,여,45세,상해없음,보행자,여,13세,경상
2018032200100175,2018년 3월 22일 09시,목요일,부산광역시 북구 구포동,중상사고,0,1,1,0,차대차 - 측면충돌,안전거리미확보,건조,맑음,단일로 - 기타,승합,남,57세,상해없음,이륜,남,53세,중상
2018032200100201,2018년 3월 22일 10시,목요일,부산광역시 강서구 대저1동,중상사고,0,1,0,0,차대차 - 추돌,안전거리미확보,건조,맑음,단일로 - 기타,화물,남,29세,상해없음,화물,남,56세,중상
2018032200100202,2018년 3월 22일 10시,목요일,부산광역시 기장군 기장읍,중상사고,0,1,0,0,차대사람 - 차도통행중,안전운전불이행,건조,맑음,교차로 - 교차로안,화물,남,63세,상해없음,보행자,여,77세,중상
2018032200100226,2018년 3월 22일 11시,목요일,부산광역시 사하구 다대동,경상사고,0,0,1,0,차대차 - 기타,안전운전불이행,건조,맑음,단일로 - 기타,이륜,남,56세,경상,승용,남,54세,상해없음
2018032200100254,2018년 3월 22일 12시,목요일,부산광역시 동구 수정동,중상사고,0,1,0,0,차대사람 - 횡단중,보행자보호의무위반,건조,맑음,교차로 - 교차로부근,승용,여,46세,상해없음,보행자,여,69세,중상
2018032200100255,2018년 3월 22일 12시,목요일,부산광역시 북구 금곡동,중상사고,0,1,0,0,차대차 - 기타,신호위반,건조,맑음,교차로 - 교차로안,승용,남,26세,상해없음,승용,여,48세,중상
2018032200100256,2018년 3월 22일 12시,목요일,부산광역시 영도구 남항동1가,경상사고,0,0,1,0,차대차 - 측면충돌,신호위반,건조,맑음,교차로 - 교차로안,화물,남,59세,상해없음,원동기,남,49세,경상
2018032200100257,2018년 3월 22일 12시,목요일,부산광역시 사상구 삼락동,부상신고사고,0,0,0,1,차량단독 - 기타,안전운전불이행,건조,맑음,기타 - 기타,승용,남,34세,상해없음,,,,
2018032200100284,2018년 3월 22일 13시,목요일,부산광역시 동구 초량동,경상사고,0,0,1,0,차대사람 - 기타,안전운전불이행,건조,맑음,단일로 - 기타,승용,남,59세,상해없음,보행자,남,60세,경상
2018032200100285,2018년 3월 22일 13시,목요일,부산광역시 남구 대연동,중상사고,0,1,0,0,차대사람 - 차도통행중,안전운전불이행,건조,맑음,단일로 - 기타,승용,남,62세,상해없음,보행자,여,56세,중상
2018032200100309,2018년 3월 22일 14시,목요일,부산광역시 중구 부평동1가,중상사고,0,1,0,0,차대사람 - 횡단중,안전운전불이행,건조,맑음,단일로 - 기타,승용,남,63세,상해없음,보행자,여,78세,중상
2018032200100310,2018년 3월 22일 14시,목요일,부산광역시 동래구 온천동,사망사고,1,0,0,0,차대사람 - 보도통행중,보행자보호의무위반,건조,맑음,단일로 - 기타,승합,남,63세,상해없음,보행자,여,73세,사망
2018032200100311,2018년 3월 22일 14시,목요일,부산광역시 부산진구 양정동,중상사고,0,1,1,0,차대사람 - 횡단중,신호위반,건조,맑음,교차로 - 교차로횡단보도내,승용,여,23세,기타불명,보행자,남,16세,중상
2018032200100335,2018년 3월 22일 15시,목요일,부산광역시 부산진구 양정동,중상사고,0,1,0,0,차량단독 - 기타,안전운전불이행,건조,맑음,단일로 - 기타,승합,남,57세,상해없음,,,,
2018032200100437,2018년 3월 22일 18시,목요일,부산광역시 사하구 하단동,중상사고,0,2,15,0,차대차 - 기타,신호위반,건조,기타,교차로 - 교차로안,승용,남,62세,경상,승합,남,67세,경상
2018032200100482,2018년 3월 22일 19시,목요일,부산광역시 서구 아미동2가,중상사고,0,1,0,0,차대사람 - 기타,안전운전불이행,건조,맑음,교차로 - 교차로안,승용,여,48세,상해없음,보행자,남,73세,중상
2018032200100483,2018년 3월 22일 19시,목요일,부산광역시 수영구 민락동,경상사고,0,0,1,1,차대사람 - 횡단중,보행자보호의무위반,건조,맑음,교차로 - 교차로횡단보도내,승용,남,46세,상해없음,보행자,여,12세,경상
2018032200100484,2018년 3월 22일 19시,목요일,부산광역시 남구 문현동,경상사고,0,0,2,0,차대차 - 측면충돌,교차로운행방법위반,건조,맑음,교차로 - 교차로부근,승용,여,54세,경상,승용,여,27세,경상
2018032200100485,2018년 3월 22일 19시,목요일,부산광역시 해운대구 우동,중상사고,0,1,1,0,차대차 - 추돌,안전운전불이행,건조,맑음,단일로 - 교량,승합,남,42세,상해없음,승용,남,50세,중상
2018032200100486,2018년 3월 22일 19시,목요일,부산광역시 해운대구 우동,경상사고,0,0,1,1,차대차 - 기타,교차로운행방법위반,건조,맑음,교차로 - 교차로안,승용,여,35세,부상신고,승용,남,38세,경상
2018032300100036,2018년 3월 23일 04시,금요일,부산광역시 강서구 봉림동,중상사고,0,2,0,0,차대차 - 추돌,안전운전불이행,건조,맑음,단일로 - 기타,화물,남,42세,중상,특수,남,62세,상해없음
2018032300100041,2018년 3월 23일 05시,금요일,부산광역시 연제구 연산동,중상사고,0,1,0,0,차대사람 - 차도통행중,과속,건조,맑음,단일로 - 기타,승용,남,35세,상해없음,보행자,남,59세,중상
2018032300100102,2018년 3월 23일 08시,금요일,부산광역시 중구 보수동2가,경상사고,0,0,1,0,차대사람 - 횡단중,보행자보호의무위반,건조,맑음,단일로 - 기타,승용,남,30세,상해없음,보행자,남,70세,경상
2018032300100103,2018년 3월 23일 08시,금요일,부산광역시 해운대구 재송동,중상사고,0,1,0,0,차대차 - 측면충돌,교차로운행방법위반,건조,맑음,교차로 - 교차로안,승용,남,68세,상해없음,승용,여,64세,중상
2018032300100193,2018년 3월 23일 11시,금요일,부산광역시 동구 범일동,경상사고,0,0,2,0,차대차 - 추돌,안전거리미확보,건조,맑음,교차로 - 교차로부근,화물,남,38세,상해없음,화물,남,63세,경상
2018032300100194,2018년 3월 23일 11시,금요일,부산광역시 연제구 연산동,부상신고사고,0,0,0,1,차대차 - 측면충돌,기타,건조,맑음,단일로 - 기타,승용,남,73세,상해없음,이륜,남,21세,부상신고
2018032300100221,2018년 3월 23일 12시,금요일,부산광역시 동래구 온천동,중상사고,0,3,3,0,차대차 - 측면충돌,안전거리미확보,건조,맑음,단일로 - 기타,승용,여,42세,경상,화물,남,46세,중상
2018032300100249,2018년 3월 23일 13시,금요일,부산광역시 동구 초량동,경상사고,0,0,1,0,차대사람 - 보도통행중,보행자보호의무위반,건조,맑음,단일로 - 기타,승용,여,39세,상해없음,보행자,남,7세,경상
2018032300100298,2018년 3월 23일 15시,금요일,부산광역시 사하구 장림동,중상사고,0,1,0,0,차대차 - 기타,신호위반,건조,맑음,교차로 - 교차로안,화물,남,58세,상해없음,이륜,남,65세,중상
2018032300100299,2018년 3월 23일 15시,금요일,부산광역시 연제구 거제동,경상사고,0,0,1,0,차대차 - 추돌,안전운전불이행,건조,맑음,단일로 - 기타,화물,여,59세,상해없음,승용,여,48세,경상
2018032300100300,2018년 3월 23일 15시,금요일,부산광역시 사상구 덕포동,경상사고,0,0,1,0,차대차 - 측면충돌,안전운전불이행,건조,맑음,교차로 - 교차로안,이륜,남,28세,경상,승용,여,46세,상해없음
2018032300100335,2018년 3월 23일 16시,금요일,부산광역시 북구 구포동,경상사고,0,0,2,1,차대차 - 측면충돌,안전거리미확보,건조,맑음,단일로 - 지하차도(도로)내,승용,남,26세,상해없음,승용,남,69세,경상
2018032300100384,2018년 3월 23일 17시,금요일,부산광역시 서구 서대신동2가,중상사고,0,1,0,0,차대차 - 측면충돌,신호위반,건조,맑음,단일로 - 기타,승용,여,64세,상해없음,원동기,남,61세,중상
2018032300100385,2018년 3월 23일 17시,금요일,부산광역시 수영구 광안동,부상신고사고,0,0,0,1,차대사람 - 기타,기타,건조,맑음,단일로 - 기타,승용,남,33세,상해없음,보행자,여,22세,부상신고
2018032300100386,2018년 3월 23일 17시,금요일,부산광역시 해운대구 재송동,중상사고,0,1,0,0,차대사람 - 횡단중,보행자보호의무위반,건조,맑음,교차로 - 교차로횡단보도내,승용,남,43세,상해없음,보행자,남,65세,중상
2018032300100387,2018년 3월 23일 17시,금요일,부산광역시 사하구 다대동,중상사고,0,1,0,0,차대사람 - 기타,보행자보호의무위반,건조,맑음,교차로 - 교차로부근,승용,여,57세,상해없음,보행자,여,66세,중상
2018032300100431,2018년 3월 23일 18시,금요일,부산광역시 남구 대연동,중상사고,0,1,0,0,차대사람 - 횡단중,보행자보호의무위반,건조,맑음,단일로 - 기타,승용,남,69세,상해없음,보행자,남,15세,중상
2018032300100432,2018년 3월 23일 18시,금요일,부산광역시 북구 화명동,중상사고,0,1,0,0,차대사람 - 기타,안전운전불이행,건조,맑음,단일로 - 기타,승용,여,67세,상해없음,보행자,여,82세,중상
2018032300100434,2018년 3월 23일 18시,금요일,부산광역시 연제구 연산동,경상사고,0,0,2,0,차대차 - 후진중충돌,안전운전불이행,건조,맑음,교차로 - 교차로안,승용,남,24세,상해없음,승용,남,53세,경상
2018032300100472,2018년 3월 23일 19시,금요일,부산광역시 동래구 낙민동,부상신고사고,0,0,0,1,차대차 - 측면충돌,안전운전불이행,건조,맑음,교차로 - 교차로안,이륜,남,19세,부상신고,승용,여,53세,상해없음
2018032300100510,2018년 3월 23일 20시,금요일,부산광역시 영도구 영선동2가,경상사고,0,0,1,0,차대사람 - 횡단중,안전운전불이행,건조,맑음,단일로 - 기타,승용,남,65세,상해없음,보행자,남,10세,경상
2018032300100511,2018년 3월 23일 20시,금요일,부산광역시 사하구 장림동,중상사고,0,1,0,0,차대사람 - 기타,안전운전불이행,건조,맑음,기타 - 기타,승용,남,65세,상해없음,보행자,여,58세,중상
2018032300100542,2018년 3월 23일 21시,금요일,부산광역시 남구 용호동,경상사고,0,0,1,0,차대사람 - 기타,안전운전불이행,건조,맑음,단일로 - 기타,승용,여,51세,상해없음,보행자,남,56세,경상
2018032300100543,2018년 3월 23일 21시,금요일,부산광역시 사상구 모라동,경상사고,0,0,1,0,차대차 - 추돌,안전운전불이행,건조,맑음,단일로 - 기타,승용,남,63세,상해없음,승용,여,51세,경상
2018032300100576,2018년 3월 23일 22시,금요일,부산광역시 해운대구 좌동,중상사고,0,1,0,0,차대차 - 정면충돌,안전운전불이행,건조,맑음,교차로 - 교차로안,승용,남,63세,상해없음,이륜,남,31세,중상
2018032300100577,2018년 3월 23일 22시,금요일,부산광역시 부산진구 연지동,중상사고,0,1,4,0,차대차 - 측면충돌,안전운전불이행,건조,맑음,단일로 - 기타,승용,남,59세,상해없음,승용,남,40세,경상
2018032300100601,2018년 3월 23일 23시,금요일,부산광역시 수영구 광안동,중상사고,0,1,0,0,차대차 - 기타,신호위반,건조,맑음,교차로 - 교차로안,승용,남,61세,상해없음,원동기,남,18세,중상
2018032400100003,2018년 3월 24일 00시,토요일,부산광역시 연제구 연산동,중상사고,0,1,0,0,차대사람 - 횡단중,안전운전불이행,건조,맑음,단일로 - 기타,승용,남,72세,상해없음,보행자,남,52세,중상
2018032400100036,2018년 3월 24일 02시,토요일,부산광역시 남구 감만동,중상사고,0,1,0,2,차대차 - 측면충돌,안전거리미확보,건조,맑음,단일로 - 기타,특수,남,43세,상해없음,승용,남,59세,중상
2018032400100065,2018년 3월 24일 04시,토요일,부산광역시 해운대구 우동,경상사고,0,0,1,0,차대차 - 측면충돌,안전운전불이행,건조,맑음,단일로 - 기타,기타불명,기타불명,미분류,기타불명,승용,여,28세,경상
2018032400100083,2018년 3월 24일 06시,토요일,부산광역시 부산진구 연지동,중상사고,0,1,0,0,차대사람 - 기타,안전운전불이행,건조,맑음,교차로 - 교차로부근,승용,남,63세,상해없음,보행자,남,57세,중상
2018032400100094,2018년 3월 24일 07시,토요일,부산광역시 남구 용호동,중상사고,0,1,0,0,차대차 - 측면충돌,안전운전불이행,건조,맑음,교차로 - 교차로안,승용,남,50세,상해없음,승용,남,24세,중상
2018032400100142,2018년 3월 24일 10시,토요일,부산광역시 금정구 남산동,경상사고,0,0,1,0,차대사람 - 횡단중,보행자보호의무위반,건조,맑음,교차로 - 교차로횡단보도내,승용,남,41세,상해없음,보행자,여,20세,경상
2018032400100143,2018년 3월 24일 10시,토요일,부산광역시 강서구 송정동,경상사고,0,0,1,0,차대차 - 측면충돌,불법유턴,건조,맑음,교차로 - 교차로부근,화물,남,50세,상해없음,승용,여,31세,경상
2018032400100144,2018년 3월 24일 10시,토요일,부산광역시 사상구 감전동,경상사고,0,0,1,0,차대사람 - 길가장자리구역통행중,안전운전불이행,건조,맑음,단일로 - 지하차도(도로)내,화물,남,45세,상해없음,보행자,남,19세,경상
2018032400100145,2018년 3월 24일 10시,토요일,부산광역시 사상구 엄궁동,경상사고,0,0,1,0,차대차 - 측면충돌,교차로운행방법위반,건조,맑음,교차로 - 교차로안,승용,남,62세,상해없음,승용,남,64세,경상