사고번호,사고일시,요일,시군구,사고내용,사망자수,중상자수,경상자수,부상신고자수,사고유형,법규위반,노면상태,기상상태,도로형태,가해운전자 차종,가해운전자 성별,가해운전자 연령,가해운전자 상해정도,피해운전자 차종,피해운전자 성별,피해운전자 연령,피해운전자 상해정도
2018032400100171,2018년 3월 24일 11시,토요일,부산광역시 사하구 하단동,중상사고,0,1,0,0,차대차 - 기타,안전운전불이행,건조,맑음,기타 - 기타,원동기,남,24세,중상,승용,남,37세,상해없음
2018032400100205,2018년 3월 24일 12시,토요일,부산광역시 수영구 광안동,중상사고,0,1,0,0,차대사람 - 보도통행중,보행자보호의무위반,건조,맑음,단일로 - 기타,승용,남,28세,상해없음,보행자,남,23세,중상
2018032400100206,2018년 3월 24일 12시,토요일,부산광역시 강서구 대저1동,중상사고,0,1,0,0,차대차 - 측면충돌,직진우회전진행방해,건조,맑음,교차로 - 교차로안,승용,여,59세,상해없음,화물,여,47세,중상
2018032400100235,2018년 3월 24일 13시,토요일,부산광역시 해운대구 반여동,경상사고,0,0,1,0,차대차 - 추돌,안전운전불이행,건조,맑음,단일로 - 기타,승용,남,22세,상해없음,승용,여,49세,경상
2018032400100236,2018년 3월 24일 13시,토요일,부산광역시 사하구 감천동,중상사고,0,1,0,0,차대차 - 측면충돌,차로위반,건조,맑음,단일로 - 기타,이륜,남,72세,중상,승합,남,46세,상해없음
2018032400100267,2018년 3월 24일 14시,토요일,부산광역시 북구 만덕동,경상사고,0,0,1,0,차대사람 - 횡단중,신호위반,건조,맑음,교차로 - 교차로횡단보도내,이륜,남,21세,상해없음,보행자,여,48세,경상
2018032400100268,2018년 3월 24일 14시,토요일,부산광역시 부산진구 연지동,부상신고사고,0,0,0,1,차대차 - 기타,중앙선침범,건조,맑음,교차로 - 교차로부근,이륜,남,37세,부상신고,승용,남,54세,상해없음
2018032400100269,2018년 3월 24일 14시,토요일,부산광역시 부산진구 개금동,중상사고,0,1,0,0,차대차 - 측면충돌,신호위반,건조,맑음,교차로 - 교차로안,승용,남,67세,상해없음,승용,남,25세,중상
2018032400100270,2018년 3월 24일 14시,토요일,부산광역시 사하구 다대동,부상신고사고,0,0,0,1,차대차 - 기타,직진우회전진행방해,건조,맑음,교차로 - 교차로안,승용,남,56세,상해없음,승용,남,38세,부상신고
2018032400100331,2018년 3월 24일 16시,토요일,부산광역시 해운대구 송정동,중상사고,0,1,0,0,차대사람 - 횡단중,신호위반,건조,맑음,교차로 - 교차로횡단보도내,화물,남,48세,상해없음,보행자,여,57세,중상
2018032400100332,2018년 3월 24일 16시,토요일,부산광역시 해운대구 재송동,경상사고,0,0,1,0,차대차 - 측면충돌,차로위반,건조,맑음,단일로 - 기타,승용,여,46세,상해없음,원동기,남,35세,경상
2018032400100361,2018년 3월 24일 17시,토요일,부산광역시 중구 창선동1가,경상사고,0,0,1,0,차대사람 - 횡단중,안전운전불이행,건조,맑음,단일로 - 기타,승용,남,53세,상해없음,보행자,여,55세,경상
2018032400100362,2018년 3월 24일 17시,토요일,부산광역시 사상구 삼락동,중상사고,0,1,0,0,차대차 - 정면충돌,신호위반,건조,맑음,교차로 - 교차로안,승용,남,57세,상해없음,승용,남,46세,중상
2018032400100396,2018년 3월 24일 18시,토요일,부산광역시 중구 남포동5가,부상신고사고,0,0,0,1,차대사람 - 차도통행중,안전운전불이행,건조,맑음,단일로 - 기타,승용,남,31세,상해없음,보행자,남,57세,부상신고
2018032400100397,2018년 3월 24일 18시,토요일,부산광역시 남구 대연동,부상신고사고,0,0,0,2,차대차 - 추돌,교차로운행방법위반,건조,맑음,교차로 - 교차로안,승용,남,57세,상해없음,승합,남,69세,부상신고
2018032400100398,2018년 3월 24일 18시,토요일,부산광역시 해운대구 송정동,경상사고,0,0,2,0,차대차 - 측면충돌,안전운전불이행,건조,맑음,단일로 - 기타,화물,남,41세,경상,승용,남,42세,상해없음
2018032400100399,2018년 3월 24일 18시,토요일,부산광역시 부산진구 양정동,부상신고사고,0,0,0,1,차대차 - 측면충돌,교차로운행방법위반,건조,맑음,교차로 - 교차로안,승용,남,45세,상해없음,이륜,남,27세,부상신고
2018032400100431,2018년 3월 24일 19시,토요일,부산광역시 동구 좌천동,부상신고사고,0,0,0,1,차대사람 - 기타,안전운전불이행,건조,맑음,교차로 - 교차로부근,승용,남,32세,상해없음,보행자,남,11세,부상신고
2018032400100432,2018년 3월 24일 19시,토요일,부산광역시 동래구 온천동,경상사고,0,0,1,0,차대차 - 측면충돌,신호위반,건조,맑음,교차로 - 교차로안,승용,남,65세,상해없음,승용,여,43세,경상
2018032400100476,2018년 3월 24일 20시,토요일,부산광역시 금정구 노포동,중상사고,0,1,0,0,차대차 - 추돌,안전운전불이행,건조,맑음,교차로 - 교차로횡단보도내,화물,남,59세,상해없음,승용,여,54세,중상
2018032400100506,2018년 3월 24일 21시,토요일,부산광역시 부산진구 양정동,경상사고,0,0,2,0,차대차 - 기타,안전운전불이행,건조,맑음,교차로 - 교차로안,승용,남,60세,상해없음,승용,남,57세,경상
2018032400100507,2018년 3월 24일 21시,토요일,부산광역시 남구 대연동,중상사고,0,1,1,0,차대차 - 측면충돌,안전운전불이행,건조,맑음,단일로 - 기타,승용,남,58세,상해없음,승용,남,40세,경상
2018032400100527,2018년 3월 24일 22시,토요일,부산광역시 수영구 수영동,경상사고,0,0,2,0,차대차 - 기타,교차로운행방법위반,건조,맑음,교차로 - 교차로안,승용,남,26세,상해없음,승용,남,66세,상해없음
2018032400100528,2018년 3월 24일 22시,토요일,부산광역시 북구 덕천동,경상사고,0,0,1,0,차대차 - 기타,신호위반,건조,맑음,교차로 - 교차로안,승합,남,30세,상해없음,승용,여,45세,경상
2018032500100041,2018년 3월 25일 04시,일요일,부산광역시 부산진구 전포동,경상사고,0,0,2,0,차대차 - 측면충돌,차로위반,건조,맑음,교차로 - 교차로안,승용,남,55세,상해없음,승용,남,57세,경상
2018032500100073,2018년 3월 25일 08시,일요일,부산광역시 동구 초량동,중상사고,0,1,0,0,차대사람 - 기타,안전운전불이행,건조,맑음,단일로 - 기타,승용,남,58세,상해없음,보행자,남,61세,중상
2018032500100140,2018년 3월 25일 12시,일요일,부산광역시 북구 금곡동,경상사고,0,0,1,0,차대사람 - 기타,안전운전불이행,건조,맑음,단일로 - 기타,승합,남,68세,상해없음,보행자,여,80세,경상
2018032500100186,2018년 3월 25일 14시,일요일,부산광역시 부산진구 양정동,경상사고,0,0,2,0,차대차 - 측면충돌,안전거리미확보,건조,맑음,단일로 - 기타,승용,남,36세,상해없음,승용,남,38세,경상
2018032500100216,2018년 3월 25일 15시,일요일,부산광역시 수영구 광안동,경상사고,0,0,3,1,차대차 - 기타,교차로운행방법위반,건조,맑음,교차로 - 교차로안,승용,남,30세,부상신고,승용,남,29세,경상
2018032500100217,2018년 3월 25일 15시,일요일,부산광역시 수영구 광안동,경상사고,0,0,1,0,차대차 - 추돌,교차로운행방법위반,건조,맑음,교차로 - 교차로부근,승용,여,60세,상해없음,승용,여,36세,경상
2018032500100218,2018년 3월 25일 15시,일요일,부산광역시 사하구 하단동,중상사고,0,1,0,0,차대차 - 측면충돌,신호위반,건조,맑음,단일로 - 기타,승용,여,53세,상해없음,자전거,여,23세,중상
2018032500100219,2018년 3월 25일 15시,일요일,부산광역시 강서구 대저1동,경상사고,0,0,2,0,차대차 - 측면충돌,차로위반,건조,맑음,단일로 - 기타,승용,남,60세,상해없음,승용,여,43세,경상
2018032500100220,2018년 3월 25일 15시,일요일,부산광역시 기장군 기장읍,경상사고,0,0,2,0,차대차 - 추돌,안전운전불이행,건조,맑음,교차로 - 교차로안,승합,남,55세,상해없음,승용,남,70세,경상
2018032500100250,2018년 3월 25일 16시,일요일,부산광역시 동구 초량동,중상사고,0,1,0,0,차대사람 - 횡단중,안전운전불이행,건조,맑음,단일로 - 기타,승합,남,56세,상해없음,보행자,남,86세,중상
2018032500100251,2018년 3월 25일 16시,일요일,부산광역시 북구 금곡동,중상사고,0,1,0,0,차대사람 - 기타,안전운전불이행,건조,맑음,단일로 - 기타,승용,남,34세,상해없음,보행자,여,80세,중상
2018032500100304,2018년 3월 25일 18시,일요일,부산광역시 부산진구 부전동,부상신고사고,0,0,0,2,차대사람 - 길가장자리구역통행중,안전운전불이행,건조,맑음,기타 - 기타,승용,남,23세,부상신고,보행자,남,63세,부상신고
2018032500100305,2018년 3월 25일 18시,일요일,부산광역시 기장군 정관읍,중상사고,0,1,0,0,차대차 - 기타,안전운전불이행,건조,맑음,단일로 - 기타,승용,남,39세,상해없음,이륜,남,36세,중상
2018032500100327,2018년 3월 25일 19시,일요일,부산광역시 연제구 연산동,경상사고,0,0,1,0,차대사람 - 보도통행중,보행자보호의무위반,건조,맑음,교차로 - 교차로횡단보도내,승용,남,37세,상해없음,보행자,여,62세,경상
2018032500100328,2018년 3월 25일 19시,일요일,부산광역시 강서구 송정동,경상사고,0,0,3,0,차대차 - 측면충돌,신호위반,건조,맑음,교차로 - 교차로안,승용,남,44세,상해없음,승용,여,30세,경상
2018032500100387,2018년 3월 25일 21시,일요일,부산광역시 중구 남포동4가,경상사고,0,0,2,0,차대차 - 추돌,안전운전불이행,건조,맑음,단일로 - 기타,승합,남,50세,상해없음,승용,여,55세,경상
2018032500100410,2018년 3월 25일 22시,일요일,부산광역시 해운대구 재송동,경상사고,0,0,1,0,차대차 - 기타,신호위반,건조,맑음,교차로 - 교차로안,승용,남,42세,상해없음,이륜,남,23세,경상
2018032600100029,2018년 3월 26일 04시,월요일,부산광역시 사상구 모라동,경상사고,0,0,1,0,차대사람 - 기타,안전운전불이행,건조,맑음,주차장 - 주차장,승용,남,36세,상해없음,보행자,남,58세,경상
2018032600100039,2018년 3월 26일 06시,월요일,부산광역시 강서구 대저2동,경상사고,0,0,1,0,차대차 - 기타,직진우회전진행방해,건조,맑음,교차로 - 교차로안,승용,여,53세,상해없음,화물,남,35세,상해없음
2018032600100040,2018년 3월 26일 06시,월요일,부산광역시 북구 금곡동,경상사고,0,0,1,0,차대차 - 추돌,안전운전불이행,건조,맑음,단일로 - 기타,승합,남,32세,상해없음,승용,남,34세,경상
2018032600100078,2018년 3월 26일 08시,월요일,부산광역시 영도구 봉래동1가,중상사고,0,1,1,0,차대차 - 추돌,안전운전불이행,건조,맑음,교차로 - 교차로안,승용,남,71세,상해없음,자전거,남,69세,경상
2018032600100079,2018년 3월 26일 08시,월요일,부산광역시 해운대구 좌동,경상사고,0,0,1,0,차대사람 - 횡단중,보행자보호의무위반,건조,맑음,단일로 - 기타,승용,여,38세,상해없음,보행자,여,11세,경상
2018032600100080,2018년 3월 26일 08시,월요일,부산광역시 강서구 대저1동,경상사고,0,0,2,0,차대차 - 추돌,안전운전불이행,건조,맑음,교차로 - 교차로부근,화물,남,66세,상해없음,승용,남,54세,경상
2018032600100118,2018년 3월 26일 09시,월요일,부산광역시 수영구 광안동,부상신고사고,0,0,0,1,차대차 - 측면충돌,중앙선침범,건조,맑음,단일로 - 기타,승용,남,23세,상해없음,원동기,남,36세,부상신고
2018032600100119,2018년 3월 26일 09시,월요일,부산광역시 사상구 학장동,경상사고,0,0,2,0,차대차 - 측면충돌,안전운전불이행,건조,맑음,교차로 - 교차로안,승용,남,58세,경상,승용,남,26세,경상
2018032600100141,2018년 3월 26일 10시,월요일,부산광역시 금정구 서동,중상사고,0,1,0,0,차대사람 - 기타,보행자보호의무위반,건조,맑음,교차로 - 교차로안,승용,여,53세,상해없음,보행자,남,76세,중상
2018032600100142,2018년 3월 26일 10시,월요일,부산광역시 사하구 신평동,경상사고,0,0,1,0,차대차 - 측면충돌,안전운전불이행,건조,맑음,교차로 - 교차로안,화물,남,64세,상해없음,승용,남,52세,경상
2018032600100183,2018년 3월 26일 11시,월요일,부산광역시 부산진구 개금동,중상사고,0,1,0,0,차대차 - 측면충돌,직진우회전진행방해,건조,맑음,교차로 - 교차로안,이륜,남,64세,중상,승용,남,61세,상해없음
2018032600100209,2018년 3월 26일 12시,월요일,부산광역시 남구 대연동,경상사고,0,0,1,0,차대사람 - 횡단중,신호위반,건조,맑음,단일로 - 기타,승용,남,55세,상해없음,보행자,여,20세,경상
2018032600100210,2018년 3월 26일 12시,월요일,부산광역시 남구 대연동,중상사고,0,1,0,0,차대사람 - 기타,안전운전불이행,건조,기타,기타 - 기타,승용,여,35세,상해없음,보행자,남,51세,중상
2018032600100237,2018년 3월 26일 13시,월요일,부산광역시 남구 대연동,경상사고,0,0,1,0,차대차 - 측면충돌,안전운전불이행,건조,맑음,단일로 - 기타,이륜,남,19세,경상,승용,남,52세,상해없음
2018032600100238,2018년 3월 26일 13시,월요일,부산광역시 수영구 광안동,경상사고,0,0,1,0,차대차 - 추돌,안전운전불이행,건조,맑음,단일로 - 교량,승용,남,53세,상해없음,승용,남,56세,경상
2018032600100239,2018년 3월 26일 13시,월요일,부산광역시 동래구 온천동,중상사고,0,1,0,0,차대차 - 측면충돌,신호위반,건조,맑음,교차로 - 교차로안,승용,남,39세,상해없음,원동기,남,34세,중상
2018032600100240,2018년 3월 26일 13시,월요일,부산광역시 사상구 덕포동,중상사고,0,1,0,0,차대차 - 측면충돌,신호위반,건조,맑음,단일로 - 기타,원동기,남,32세,중상,승합,남,51세,상해없음
2018032600100294,2018년 3월 26일 15시,월요일,부산광역시 서구 동대신동3가,중상사고,0,1,0,0,차대사람 - 길가장자리구역통행중,안전운전불이행,건조,맑음,단일로 - 기타,승용,남,41세,상해없음,보행자,여,68세,중상
2018032600100295,2018년 3월 26일 15시,월요일,부산광역시 동래구 명장동,경상사고,0,0,1,0,차대사람 - 횡단중,안전운전불이행,건조,맑음,교차로 - 교차로부근,승용,남,70세,상해없음,보행자,여,50세,경상
2018032600100296,2018년 3월 26일 15시,월요일,부산광역시 금정구 서동,경상사고,0,0,1,0,차대사람 - 차도통행중,안전운전불이행,건조,맑음,단일로 - 기타,승용,남,39세,상해없음,보행자,남,51세,경상
2018032600100330,2018년 3월 26일 16시,월요일,부산광역시 서구 동대신동3가,경상사고,0,0,2,0,차대차 - 측면충돌,안전거리미확보,건조,맑음,단일로 - 기타,승용,여,45세,경상,승용,남,70세,경상
2018032600100332,2018년 3월 26일 16시,월요일,부산광역시 수영구 남천동,경상사고,0,0,1,0,차대차 - 후진중충돌,안전운전불이행,건조,맑음,단일로 - 기타,승용,여,63세,상해없음,승용,남,38세,경상
2018032600100333,2018년 3월 26일 16시,월요일,부산광역시 북구 화명동,부상신고사고,0,0,0,2,차대차 - 측면충돌,안전거리미확보,건조,맑음,단일로 - 고가도로위,승용,여,66세,상해없음,승용,여,26세,부상신고
2018032600100380,2018년 3월 26일 17시,월요일,부산광역시 서구 암남동,경상사고,0,0,2,1,차대차 - 측면충돌,신호위반,건조,맑음,교차로 - 교차로안,승용,남,39세,부상신고,승용,남,64세,경상
2018032600100381,2018년 3월 26일 17시,월요일,부산광역시 남구 대연동,경상사고,0,0,1,0,차대차 - 추돌,안전운전불이행,건조,맑음,단일로 - 기타,화물,남,61세,상해없음,승용,여,44세,경상
2018032600100382,2018년 3월 26일 17시,월요일,부산광역시 해운대구 재송동,부상신고사고,0,0,0,1,차대사람 - 보도통행중,안전운전불이행,건조,맑음,단일로 - 기타,승합,남,52세,상해없음,보행자,남,13세,부상신고
2018032600100383,2018년 3월 26일 17시,월요일,부산광역시 해운대구 우동,경상사고,0,0,1,0,차대차 - 기타,교차로운행방법위반,건조,맑음,교차로 - 교차로안,승용,남,65세,상해없음,화물,남,62세,경상
2018032600100384,2018년 3월 26일 17시,월요일,부산광역시 금정구 장전동,중상사고,0,1,0,0,차대사람 - 기타,안전운전불이행,건조,맑음,단일로 - 기타,승용,남,69세,상해없음,보행자,여,59세,중상
2018032600100385,2018년 3월 26일 17시,월요일,부산광역시 사하구 괴정동,중상사고,0,1,0,0,차대사람 - 횡단중,안전운전불이행,건조,맑음,교차로 - 교차로부근,승용,여,43세,상해없음,보행자,남,17세,중상
2018032600100422,2018년 3월 26일 18시,월요일,부산광역시 남구 대연동,부상신고사고,0,0,0,1,차대차 - 추돌,안전운전불이행,건조,맑음,단일로 - 기타,승용,남,72세,상해없음,승용,남,35세,상해없음
2018032600100423,2018년 3월 26일 18시,월요일,부산광역시 부산진구 초읍동,경상사고,0,0,1,0,차량단독 - 기타,안전운전불이행,건조,맑음,교차로 - 교차로부근,승합,남,60세,상해없음,,,,
2018032600100424,2018년 3월 26일 18시,월요일,부산광역시 금정구 구서동,경상사고,0,0,3,0,차대차 - 추돌,안전운전불이행,건조,맑음,단일로 - 기타,승용,남,38세,상해없음,승용,여,29세,경상
2018032600100459,2018년 3월 26일 19시,월요일,부산광역시 동구 초량동,경상사고,0,0,1,0,차대사람 - 기타,안전운전불이행,건조,맑음,단일로 - 기타,승용,남,48세,상해없음,보행자,여,73세,경상
2018032600100461,2018년 3월 26일 19시,월요일,부산광역시 영도구 봉래동4가,경상사고,0,0,1,0,차대사람 - 차도통행중,안전운전불이행,건조,맑음,단일로 - 기타,승용,남,68세,상해없음,보행자,남,52세,경상
2018032600100496,2018년 3월 26일 20시,월요일,부산광역시 해운대구 좌동,경상사고,0,0,1,0,차대사람 - 횡단중,보행자보호의무위반,건조,맑음,단일로 - 기타,승용,남,26세,기타불명,보행자,남,40세,경상
2018032600100497,2018년 3월 26일 20시,월요일,부산광역시 기장군 기장읍,경상사고,0,0,1,0,차대차 - 측면충돌,안전운전불이행,건조,맑음,교차로 - 교차로부근,승용,남,41세,상해없음,승용,남,53세,경상
2018032600100524,2018년 3월 26일 21시,월요일,부산광역시 금정구 남산동,경상사고,0,0,1,0,차대차 - 측면충돌,교차로운행방법위반,건조,맑음,교차로 - 교차로안,승용,남,55세,상해없음,이륜,남,16세,경상
2018032600100525,2018년 3월 26일 21시,월요일,부산광역시 사하구 하단동,경상사고,0,0,2,0,차대차 - 측면충돌,안전운전불이행,건조,맑음,교차로 - 교차로부근,이륜,남,19세,경상,자전거,남,28세,경상
2018032600100526,2018년 3월 26일 21시,월요일,부산광역시 강서구 명지동,경상사고,0,0,2,0,차대차 - 측면충돌,신호위반,건조,맑음,교차로 - 교차로부근,이륜,남,17세,상해없음,승용,여,61세,경상
2018032600100551,2018년 3월 26일 22시,월요일,부산광역시 남구 문현동,중상사고,0,1,0,0,차대차 - 기타,신호위반,건조,맑음,교차로 - 교차로안,승용,남,52세,상해없음,자전거,남,41세,중상
2018032600100552,2018년 3월 26일 22시,월요일,부산광역시 사상구 엄궁동,경상사고,0,0,1,0,차대사람 - 기타,안전운전불이행,건조,맑음,단일로 - 기타,화물,여,60세,상해없음,보행자,여,48세,경상
2018032600100578,2018년 3월 26일 23시,월요일,부산광역시 해운대구 중동,부상신고사고,0,0,0,2,차대차 - 기타,신호위반,건조,맑음,교차로 - 교차로안,기타불명,기타불명,미분류,기타불명,승용,여,44세,부상신고
2018032600100579,2018년 3월 26일 23시,월요일,부산광역시 부산진구 부전동,경상사고,0,0,1,0,차대사람 - 기타,안전운전불이행,건조,맑음,단일로 - 기타,승합,남,46세,상해없음,보행자,여,28세,경상
2018032600100580,2018년 3월 26일 23시,월요일,부산광역시 사하구 하단동,경상사고,0,0,2,0,차대차 - 측면충돌,신호위반,건조,맑음,교차로 - 교차로부근,승용,여,51세,상해없음,승용,남,27세,경상
2018032700100002,2018년 3월 27일 00시,화요일,부산광역시 수영구 민락동,경상사고,0,0,1,0,차대차 - 기타,안전운전불이행,건조,맑음,교차로 - 교차로부근,이륜,남,48세,상해없음,승용,남,62세,경상
2018032700100015,2018년 3월 27일 02시,화요일,부산광역시 부산진구 초읍동,경상사고,0,0,1,0,차대차 - 기타,안전운전불이행,건조,맑음,교차로 - 교차로안,승용,남,61세,상해없음,승용,남,36세,경상
2018032700100028,2018년 3월 27일 04시,화요일,부산광역시 사하구 하단동,경상사고,0,0,1,0,차대차 - 추돌,직진우회전진행방해,건조,맑음,교차로 - 교차로안,이륜,남,23세,상해없음,승용,남,56세,상해없음
2018032700100080,2018년 3월 27일 08시,화요일,부산광역시 부산진구 가야동,경상사고,0,0,1,0,차대차 - 측면충돌,안전운전불이행,건조,맑음,단일로 - 기타,승용,남,58세,상해없음,승용,남,42세,경상
2018032700100123,2018년 3월 27일 09시,화요일,부산광역시 동구 초량동,경상사고,0,0,1,0,차대차 - 기타,교차로운행방법위반,건조,맑음,교차로 - 교차로안,승용,남,53세,상해없음,원동기,남,44세,경상
2018032700100156,2018년 3월 27일 10시,화요일,부산광역시 해운대구 반여동,경상사고,0,0,1,0,차대차 - 추돌,안전운전불이행,건조,맑음,주차장 - 주차장,화물,남,68세,상해없음,승용,남,41세,경상
2018032700100157,2018년 3월 27일 10시,화요일,부산광역시 수영구 수영동,중상사고,0,1,0,0,차대사람 - 기타,안전운전불이행,건조,맑음,단일로 - 기타,화물,남,75세,상해없음,보행자,여,73세,중상
2018032700100207,2018년 3월 27일 12시,화요일,부산광역시 동구 범일동,부상신고사고,0,0,0,1,차대차 - 측면충돌,안전운전불이행,건조,맑음,단일로 - 기타,승용,남,75세,부상신고,승용,남,27세,상해없음
2018032700100283,2018년 3월 27일 15시,화요일,부산광역시 수영구 수영동,중상사고,0,1,0,0,차대차 - 기타,안전운전불이행,건조,맑음,교차로 - 교차로부근,승용,여,68세,상해없음,이륜,남,24세,중상
2018032700100284,2018년 3월 27일 15시,화요일,부산광역시 사하구 당리동,경상사고,0,0,1,0,차대사람 - 기타,안전운전불이행,건조,맑음,기타 - 기타,승용,남,66세,상해없음,보행자,여,65세,경상
2018032700100286,2018년 3월 27일 15시,화요일,부산광역시 사상구 주례동,경상사고,0,0,1,0,차대차 - 측면충돌,안전운전불이행,건조,맑음,단일로 - 기타,승용,여,36세,상해없음,승용,여,49세,경상
2018032700100313,2018년 3월 27일 16시,화요일,부산광역시 연제구 연산동,경상사고,0,0,1,0,차대차 - 기타,안전운전불이행,건조,맑음,단일로 - 기타,승용,남,72세,상해없음,승용,남,65세,경상
2018032700100314,2018년 3월 27일 16시,화요일,부산광역시 연제구 거제동,중상사고,0,1,0,0,차대차 - 측면충돌,교차로운행방법위반,건조,맑음,교차로 - 교차로안,승용,여,34세,기타불명,승용,남,63세,중상
2018032700100315,2018년 3월 27일 16시,화요일,부산광역시 사상구 학장동,경상사고,0,0,3,0,차대차 - 측면충돌,차로위반,건조,맑음,단일로 - 지하차도(도로)내,승합,남,56세,상해없음,승합,남,35세,경상
2018032700100350,2018년 3월 27일 17시,화요일,부산광역시 사상구 주례동,경상사고,0,0,1,0,차대사람 - 기타,안전운전불이행,건조,맑음,교차로 - 교차로부근,승용,남,28세,상해없음,보행자,남,35세,경상
2018032700100386,2018년 3월 27일 18시,화요일,부산광역시 해운대구 반송동,경상사고,0,0,4,0,차대차 - 기타,안전운전불이행,건조,맑음,교차로 - 교차로안,이륜,남,17세,상해없음,승용,남,22세,상해없음
2018032700100448,2018년 3월 27일 20시,화요일,부산광역시 사하구 다대동,경상사고,0,0,1,0,차대사람 - 기타,안전운전불이행,건조,맑음,단일로 - 기타,승용,남,24세,상해없음,보행자,여,19세,경상
2018032700100470,2018년 3월 27일 21시,화요일,부산광역시 금정구 구서동,중상사고,0,1,0,0,차대사람 - 횡단중,신호위반,건조,맑음,교차로 - 교차로안,승용,남,42세,상해없음,보행자,여,55세,중상
2018032700100471,2018년 3월 27일 21시,화요일,부산광역시 연제구 연산동,중상사고,0,1,0,0,차대사람 - 횡단중,안전운전불이행,건조,맑음,단일로 - 기타,승용,남,51세,상해없음,보행자,남,49세,중상
2018032700100519,2018년 3월 27일 23시,화요일,부산광역시 부산진구 전포동,중상사고,0,1,0,1,차대차 - 기타,중앙선침범,건조,맑음,교차로 - 교차로부근,이륜,남,25세,부상신고,이륜,남,26세,중상
2018032800100063,2018년 3월 28일 07시,수요일,부산광역시 북구 만덕동,중상사고,0,1,0,0,차대차 - 측면충돌,안전운전불이행,건조,맑음,교차로 - 교차로안,승용,여,28세,상해없음,승용,여,44세,중상
2018032800100064,2018년 3월 28일 07시,수요일,부산광역시 연제구 연산동,중상사고,0,1,0,0,차대차 - 추돌,안전거리미확보,건조,맑음,단일로 - 기타,승용,여,49세,상해없음,승용,남,50세,상해없음
2018032800100065,2018년 3월 28일 07시,수요일,부산광역시 사상구 삼락동,경상사고,0,0,1,0,차대차 - 추돌,안전운전불이행,건조,맑음,교차로 - 교차로부근,승용,남,60세,상해없음,승용,여,58세,경상
2018032800100066,2018년 3월 28일 07시,수요일,부산광역시 기장군 기장읍,경상사고,0,0,1,0,차대차 - 추돌,안전운전불이행,건조,맑음,교차로 - 교차로부근,승합,남,63세,상해없음,승합,남,54세,경상
2018032800100093,2018년 3월 28일 08시,수요일,부산광역시 부산진구 가야동,경상사고,0,0,1,0,차대차 - 추돌,안전운전불이행,건조,맑음,단일로 - 기타,화물,남,51세,상해없음,승용,남,51세,경상
2018032800100125,2018년 3월 28일 09시,수요일,부산광역시 영도구 남항동3가,경상사고,0,0,1,0,차대차 - 측면충돌,교차로운행방법위반,건조,맑음,교차로 - 교차로안,이륜,남,70세,상해없음,이륜,남,63세,경상
2018032800100126,2018년 3월 28일 09시,수요일,부산광역시 부산진구 부전동,중상사고,0,2,10,0,차대차 - 기타,안전운전불이행,건조,맑음,단일로 - 기타,승용,여,79세,상해없음,승합,남,33세,상해없음
2018032800100157,2018년 3월 28일 10시,수요일,부산광역시 해운대구 좌동,중상사고,0,1,0,0,차대사람 - 기타,안전운전불이행,건조,맑음,단일로 - 기타,승용,남,28세,상해없음,보행자,여,23세,중상
2018032800100158,2018년 3월 28일 10시,수요일,부산광역시 금정구 부곡동,경상사고,0,0,2,0,차대차 - 측면충돌,교차로운행방법위반,건조,맑음,교차로 - 교차로안,승용,남,22세,상해없음,승용,여,52세,경상
2018032800100159,2018년 3월 28일 10시,수요일,부산광역시 사하구 장림동,경상사고,0,0,2,0,차대차 - 기타,교차로운행방법위반,건조,맑음,교차로 - 교차로안,승용,남,73세,경상,승용,여,35세,경상
2018032800100160,2018년 3월 28일 10시,수요일,부산광역시 사상구 모라동,중상사고,0,1,0,0,차대차 - 측면충돌,안전운전불이행,건조,맑음,교차로 - 교차로안,자전거,남,62세,중상,승용,남,37세,상해없음
2018032800100186,2018년 3월 28일 11시,수요일,부산광역시 해운대구 반송동,중상사고,0,1,0,0,차대사람 - 기타,안전운전불이행,건조,맑음,단일로 - 기타,화물,남,57세,상해없음,보행자,여,87세,중상
2018032800100187,2018년 3월 28일 11시,수요일,부산광역시 금정구 두구동,경상사고,0,0,1,0,차대차 - 측면충돌,차로위반,건조,맑음,단일로 - 교량,화물,남,63세,상해없음,승용,여,63세,경상
2018032800100188,2018년 3월 28일 11시,수요일,부산광역시 사상구 감전동,중상사고,0,1,0,0,차대차 - 측면충돌,중앙선침범,건조,맑음,단일로 - 기타,화물,남,67세,상해없음,이륜,남,54세,중상
2018032800100189,2018년 3월 28일 11시,수요일,부산광역시 사상구 괘법동,경상사고,0,0,1,0,차대사람 - 길가장자리구역통행중,안전운전불이행,건조,맑음,단일로 - 기타,화물,남,50세,상해없음,보행자,남,42세,경상
2018032800100211,2018년 3월 28일 12시,수요일,부산광역시 동구 수정동,중상사고,0,1,0,0,차대사람 - 차도통행중,안전운전불이행,건조,맑음,교차로 - 교차로안,승용,남,57세,상해없음,보행자,여,75세,중상
2018032800100239,2018년 3월 28일 13시,수요일,부산광역시 해운대구 우동,경상사고,0,0,1,0,차대차 - 기타,신호위반,건조,맑음,교차로 - 교차로부근,승용,남,63세,상해없음,승용,남,64세,경상