사고번호,사고일시,요일,시군구,사고내용,사망자수,중상자수,경상자수,부상신고자수,사고유형,법규위반,노면상태,기상상태,도로형태,가해운전자 차종,가해운전자 성별,가해운전자 연령,가해운전자 상해정도,피해운전자 차종,피해운전자 성별,피해운전자 연령,피해운전자 상해정도
2018032800100240,2018년 3월 28일 13시,수요일,부산광역시 금정구 장전동,경상사고,0,0,1,0,차대차 - 측면충돌,안전거리미확보,건조,맑음,단일로 - 기타,승합,남,46세,상해없음,승용,남,44세,경상
2018032800100241,2018년 3월 28일 13시,수요일,부산광역시 강서구 명지동,부상신고사고,0,0,0,1,차대사람 - 횡단중,안전운전불이행,건조,맑음,단일로 - 기타,승용,남,37세,상해없음,보행자,남,61세,부상신고
2018032800100277,2018년 3월 28일 14시,수요일,부산광역시 영도구 청학동,사망사고,1,0,0,0,차대사람 - 횡단중,안전운전불이행,건조,맑음,단일로 - 기타,건설기계,남,51세,상해없음,보행자,여,82세,사망
2018032800100278,2018년 3월 28일 14시,수요일,부산광역시 해운대구 우동,중상사고,0,1,2,0,차대차 - 추돌,안전운전불이행,건조,맑음,단일로 - 기타,화물,남,65세,상해없음,화물,남,57세,중상
2018032800100279,2018년 3월 28일 14시,수요일,부산광역시 연제구 연산동,중상사고,0,1,0,0,차대차 - 측면충돌,직진우회전진행방해,건조,맑음,교차로 - 교차로안,승합,남,53세,상해없음,이륜,남,42세,중상
2018032800100314,2018년 3월 28일 15시,수요일,부산광역시 동구 좌천동,경상사고,0,0,1,0,차대차 - 측면충돌,안전운전불이행,건조,맑음,단일로 - 기타,승용,남,66세,상해없음,승용,남,57세,경상
2018032800100315,2018년 3월 28일 15시,수요일,부산광역시 남구 용호동,사망사고,1,0,0,0,차대사람 - 횡단중,안전운전불이행,건조,맑음,단일로 - 기타,특수,남,47세,상해없음,보행자,여,79세,사망
2018032800100316,2018년 3월 28일 15시,수요일,부산광역시 북구 구포동,중상사고,0,1,0,0,차대사람 - 횡단중,신호위반,건조,맑음,교차로 - 교차로부근,화물,남,41세,상해없음,보행자,여,60세,중상
2018032800100317,2018년 3월 28일 15시,수요일,부산광역시 부산진구 부전동,중상사고,0,1,0,0,차대차 - 기타,중앙선침범,건조,맑음,교차로 - 교차로안,승용,여,57세,기타불명,이륜,남,53세,중상
2018032800100318,2018년 3월 28일 15시,수요일,부산광역시 금정구 부곡동,중상사고,0,1,0,0,차대차 - 기타,안전운전불이행,건조,맑음,단일로 - 기타,화물,남,63세,상해없음,자전거,남,69세,중상
2018032800100357,2018년 3월 28일 16시,수요일,부산광역시 동구 수정동,경상사고,0,0,1,0,차대차 - 측면충돌,안전거리미확보,건조,맑음,단일로 - 교량,특수,남,57세,상해없음,승용,남,37세,경상
2018032800100358,2018년 3월 28일 16시,수요일,부산광역시 수영구 남천동,경상사고,0,0,1,0,차대차 - 측면충돌,교차로운행방법위반,건조,맑음,교차로 - 교차로안,기타불명,기타불명,미분류,기타불명,승용,남,66세,경상
2018032800100359,2018년 3월 28일 16시,수요일,부산광역시 북구 만덕동,경상사고,0,0,1,0,차대차 - 측면충돌,안전운전불이행,건조,맑음,단일로 - 기타,건설기계,남,65세,상해없음,승용,남,33세,경상
2018032800100360,2018년 3월 28일 16시,수요일,부산광역시 금정구 장전동,경상사고,0,0,1,0,차대차 - 기타,안전운전불이행,건조,맑음,단일로 - 기타,이륜,남,24세,상해없음,이륜,남,22세,경상
2018032800100361,2018년 3월 28일 16시,수요일,부산광역시 연제구 연산동,중상사고,0,1,0,0,차대사람 - 차도통행중,안전운전불이행,건조,맑음,교차로 - 교차로부근,승용,여,31세,상해없음,보행자,여,26세,중상
2018032800100362,2018년 3월 28일 16시,수요일,부산광역시 강서구 강동동,경상사고,0,0,1,0,차대차 - 측면충돌,직진우회전진행방해,건조,맑음,교차로 - 교차로안,화물,남,64세,상해없음,승용,남,46세,경상
2018032800100363,2018년 3월 28일 16시,수요일,부산광역시 기장군 정관읍,중상사고,0,1,0,0,차대사람 - 기타,안전운전불이행,건조,맑음,교차로 - 교차로부근,승합,남,50세,상해없음,보행자,여,69세,중상
2018032800100397,2018년 3월 28일 17시,수요일,부산광역시 서구 동대신동2가,경상사고,0,0,1,1,차대차 - 측면충돌,안전운전불이행,건조,맑음,교차로 - 교차로부근,원동기,남,69세,상해없음,승용,남,75세,경상
2018032800100398,2018년 3월 28일 17시,수요일,부산광역시 동래구 온천동,경상사고,0,0,2,0,차대차 - 추돌,안전운전불이행,건조,맑음,단일로 - 기타,승용,여,46세,상해없음,승용,남,60세,경상
2018032800100399,2018년 3월 28일 17시,수요일,부산광역시 영도구 동삼동,경상사고,0,0,1,0,차대차 - 기타,안전운전불이행,건조,맑음,단일로 - 기타,승용,남,59세,상해없음,이륜,남,22세,경상
2018032800100400,2018년 3월 28일 17시,수요일,부산광역시 부산진구 양정동,경상사고,0,0,2,0,차대차 - 측면충돌,안전거리미확보,건조,맑음,단일로 - 기타,화물,남,47세,기타불명,승용,여,38세,경상
2018032800100442,2018년 3월 28일 18시,수요일,부산광역시 사하구 다대동,중상사고,0,1,2,0,차대차 - 기타,안전거리미확보,건조,맑음,기타 - 기타,승용,여,34세,경상,화물,남,57세,상해없음
2018032800100443,2018년 3월 28일 18시,수요일,부산광역시 연제구 연산동,중상사고,0,1,0,0,차대사람 - 차도통행중,신호위반,건조,맑음,교차로 - 교차로부근,승용,남,51세,상해없음,보행자,여,83세,중상
2018032800100444,2018년 3월 28일 18시,수요일,부산광역시 사상구 삼락동,경상사고,0,0,2,0,차대차 - 측면충돌,안전거리미확보,건조,맑음,교차로 - 교차로부근,승용,남,35세,경상,승용,남,50세,경상
2018032800100477,2018년 3월 28일 19시,수요일,부산광역시 영도구 동삼동,중상사고,0,1,0,0,차대차 - 정면충돌,안전운전불이행,건조,맑음,교차로 - 교차로안,이륜,남,53세,기타불명,이륜,남,33세,중상
2018032800100586,2018년 3월 28일 23시,수요일,부산광역시 연제구 연산동,경상사고,0,0,1,0,차대사람 - 횡단중,신호위반,건조,맑음,단일로 - 기타,승용,여,57세,상해없음,보행자,여,28세,경상
2018032900100003,2018년 3월 29일 00시,목요일,부산광역시 남구 감만동,경상사고,0,0,1,0,차대차 - 기타,안전운전불이행,건조,맑음,교차로 - 교차로안,승용,남,62세,상해없음,이륜,남,26세,상해없음
2018032900100004,2018년 3월 29일 00시,목요일,부산광역시 남구 우암동,중상사고,0,1,0,0,차대차 - 기타,안전운전불이행,건조,맑음,단일로 - 기타,승용,남,21세,상해없음,특수,남,57세,상해없음
2018032900100005,2018년 3월 29일 00시,목요일,부산광역시 강서구 명지동,경상사고,0,0,2,0,차대차 - 추돌,안전운전불이행,건조,맑음,교차로 - 교차로부근,승용,남,58세,상해없음,승용,남,67세,상해없음
2018032900100024,2018년 3월 29일 01시,목요일,부산광역시 사하구 하단동,경상사고,0,0,1,0,차대사람 - 기타,안전운전불이행,건조,맑음,교차로 - 교차로부근,이륜,남,19세,기타불명,보행자,남,22세,경상
2018032900100036,2018년 3월 29일 02시,목요일,부산광역시 수영구 민락동,경상사고,0,0,1,0,차대차 - 측면충돌,교차로운행방법위반,건조,맑음,교차로 - 교차로안,화물,남,59세,상해없음,승용,남,35세,경상
2018032900100055,2018년 3월 29일 05시,목요일,부산광역시 강서구 봉림동,중상사고,0,1,0,0,차대차 - 추돌,안전거리미확보,건조,맑음,단일로 - 기타,화물,남,61세,상해없음,건설기계,남,59세,중상
2018032900100076,2018년 3월 29일 07시,목요일,부산광역시 동래구 사직동,경상사고,0,0,1,0,차대사람 - 길가장자리구역통행중,안전운전불이행,젖음/습기,비,교차로 - 교차로안,승용,남,76세,상해없음,보행자,여,18세,경상
2018032900100096,2018년 3월 29일 08시,목요일,부산광역시 부산진구 범천동,경상사고,0,0,1,0,차대차 - 측면충돌,안전운전불이행,건조,맑음,단일로 - 기타,승용,남,30세,상해없음,승용,남,54세,경상
2018032900100097,2018년 3월 29일 08시,목요일,부산광역시 사하구 괴정동,경상사고,0,0,1,0,차대사람 - 길가장자리구역통행중,안전운전불이행,건조,맑음,기타 - 기타,승용,여,28세,상해없음,보행자,남,12세,경상
2018032900100098,2018년 3월 29일 08시,목요일,부산광역시 사하구 감천동,부상신고사고,0,0,0,1,차량단독 - 기타,안전운전불이행,건조,맑음,단일로 - 기타,승합,남,56세,상해없음,,,,
2018032900100136,2018년 3월 29일 09시,목요일,부산광역시 서구 충무동2가,경상사고,0,0,2,0,차대차 - 측면충돌,안전운전불이행,건조,맑음,단일로 - 기타,이륜,여,57세,경상,승용,여,45세,경상
2018032900100137,2018년 3월 29일 09시,목요일,부산광역시 남구 감만동,중상사고,0,1,0,0,차대사람 - 횡단중,안전운전불이행,건조,맑음,단일로 - 기타,승용,여,54세,상해없음,보행자,여,69세,중상
2018032900100201,2018년 3월 29일 11시,목요일,부산광역시 해운대구 우동,경상사고,0,0,1,0,차대차 - 추돌,안전거리미확보,건조,맑음,교차로 - 교차로부근,승용,남,63세,상해없음,승합,남,34세,경상
2018032900100202,2018년 3월 29일 11시,목요일,부산광역시 사하구 장림동,중상사고,0,1,0,0,차대사람 - 차도통행중,안전운전불이행,건조,맑음,단일로 - 기타,화물,남,60세,상해없음,보행자,여,44세,중상
2018032900100233,2018년 3월 29일 12시,목요일,부산광역시 동구 초량동,경상사고,0,0,1,0,차대차 - 추돌,안전운전불이행,건조,맑음,교차로 - 교차로안,승용,남,43세,상해없음,승용,남,46세,경상
2018032900100234,2018년 3월 29일 12시,목요일,부산광역시 북구 덕천동,중상사고,0,1,0,0,차대사람 - 차도통행중,안전운전불이행,건조,맑음,단일로 - 기타,승용,남,44세,상해없음,보행자,여,81세,중상
2018032900100235,2018년 3월 29일 12시,목요일,부산광역시 부산진구 부전동,중상사고,0,1,0,0,차대사람 - 기타,안전운전불이행,건조,맑음,단일로 - 기타,이륜,남,25세,상해없음,보행자,여,35세,중상
2018032900100236,2018년 3월 29일 12시,목요일,부산광역시 사하구 감천동,중상사고,0,1,0,0,차대사람 - 횡단중,신호위반,건조,맑음,교차로 - 교차로부근,화물,남,49세,상해없음,보행자,남,66세,중상
2018032900100290,2018년 3월 29일 14시,목요일,부산광역시 동구 범일동,경상사고,0,0,1,0,차대차 - 기타,안전운전불이행,건조,맑음,단일로 - 기타,이륜,남,26세,경상,승용,남,37세,상해없음
2018032900100291,2018년 3월 29일 14시,목요일,부산광역시 서구 암남동,경상사고,0,0,1,0,차대사람 - 횡단중,보행자보호의무위반,건조,맑음,교차로 - 교차로횡단보도내,승용,남,64세,상해없음,보행자,여,34세,경상
2018032900100292,2018년 3월 29일 14시,목요일,부산광역시 사하구 신평동,중상사고,0,1,0,0,차대차 - 추돌,안전거리미확보,건조,맑음,단일로 - 기타,승용,남,66세,상해없음,승용,남,72세,중상
2018032900100319,2018년 3월 29일 15시,목요일,부산광역시 서구 암남동,경상사고,0,0,3,0,차대차 - 추돌,안전운전불이행,건조,맑음,단일로 - 고가도로위,화물,남,63세,상해없음,승용,남,28세,경상
2018032900100320,2018년 3월 29일 15시,목요일,부산광역시 부산진구 전포동,경상사고,0,0,1,0,차대차 - 측면충돌,안전운전불이행,건조,맑음,교차로 - 교차로안,이륜,남,47세,경상,승용,남,67세,상해없음
2018032900100355,2018년 3월 29일 16시,목요일,부산광역시 해운대구 반송동,중상사고,0,1,0,0,차대사람 - 횡단중,보행자보호의무위반,건조,맑음,단일로 - 기타,화물,남,63세,상해없음,보행자,여,61세,중상
2018032900100356,2018년 3월 29일 16시,목요일,부산광역시 부산진구 부전동,경상사고,0,0,1,0,차대차 - 측면충돌,신호위반,건조,맑음,단일로 - 기타,승용,남,58세,상해없음,이륜,남,67세,경상
2018032900100357,2018년 3월 29일 16시,목요일,부산광역시 연제구 연산동,중상사고,0,1,0,0,차대사람 - 차도통행중,안전운전불이행,건조,맑음,교차로 - 교차로부근,승용,남,71세,상해없음,보행자,여,64세,중상
2018032900100432,2018년 3월 29일 18시,목요일,부산광역시 남구 문현동,중상사고,0,1,0,0,차대사람 - 기타,신호위반,건조,맑음,교차로 - 교차로부근,이륜,남,66세,중상,보행자,남,70세,상해없음
2018032900100433,2018년 3월 29일 18시,목요일,부산광역시 동래구 낙민동,경상사고,0,0,1,0,차대차 - 측면충돌,안전거리미확보,건조,맑음,단일로 - 기타,이륜,남,15세,상해없음,승합,남,57세,상해없음
2018032900100468,2018년 3월 29일 19시,목요일,부산광역시 사상구 덕포동,중상사고,0,1,0,0,차대차 - 기타,안전운전불이행,건조,맑음,교차로 - 교차로부근,이륜,남,57세,중상,승용,남,27세,상해없음
2018032900100505,2018년 3월 29일 20시,목요일,부산광역시 동래구 사직동,경상사고,0,0,1,0,차량단독 - 기타,기타,건조,맑음,교차로 - 교차로안,승용,남,57세,상해없음,,,,
2018032900100506,2018년 3월 29일 20시,목요일,부산광역시 동래구 온천동,경상사고,0,0,1,0,차대차 - 기타,안전운전불이행,건조,맑음,단일로 - 기타,승용,남,46세,상해없음,이륜,남,16세,상해없음
2018032900100545,2018년 3월 29일 21시,목요일,부산광역시 강서구 명지동,경상사고,0,0,1,0,차대차 - 기타,안전운전불이행,건조,맑음,교차로 - 교차로안,승용,여,48세,상해없음,자전거,남,17세,경상
2018032900100610,2018년 3월 29일 23시,목요일,부산광역시 남구 문현동,중상사고,0,1,0,0,차대사람 - 횡단중,안전운전불이행,건조,맑음,단일로 - 기타,승용,남,62세,상해없음,보행자,여,35세,중상
2018032900100611,2018년 3월 29일 23시,목요일,부산광역시 사하구 다대동,중상사고,0,1,0,0,차대사람 - 기타,과속,건조,맑음,기타 - 기타,승용,남,29세,상해없음,보행자,남,27세,중상
2018033000100025,2018년 3월 30일 01시,금요일,부산광역시 사하구 하단동,경상사고,0,0,1,0,차대사람 - 차도통행중,안전운전불이행,건조,맑음,단일로 - 기타,승용,남,58세,상해없음,보행자,남,36세,경상
2018033000100026,2018년 3월 30일 01시,금요일,부산광역시 사하구 하단동,경상사고,0,0,1,0,차대차 - 측면충돌,신호위반,건조,맑음,교차로 - 교차로안,승용,남,57세,상해없음,승용,남,28세,경상
2018033000100040,2018년 3월 30일 02시,금요일,부산광역시 금정구 장전동,중상사고,0,1,0,0,차대사람 - 횡단중,보행자보호의무위반,건조,맑음,교차로 - 교차로횡단보도내,승용,남,63세,상해없음,보행자,여,53세,중상
2018033000100048,2018년 3월 30일 03시,금요일,부산광역시 수영구 민락동,경상사고,0,0,1,0,차대차 - 측면충돌,안전운전불이행,건조,맑음,교차로 - 교차로안,승용,여,52세,상해없음,승용,남,43세,경상
2018033000100055,2018년 3월 30일 04시,금요일,부산광역시 기장군 기장읍,경상사고,0,0,1,0,차대차 - 추돌,안전운전불이행,건조,맑음,교차로 - 교차로부근,승용,남,50세,상해없음,승용,여,44세,경상
2018033000100063,2018년 3월 30일 05시,금요일,부산광역시 해운대구 재송동,경상사고,0,0,1,0,차대차 - 추돌,안전운전불이행,건조,맑음,교차로 - 교차로부근,승용,남,32세,상해없음,승용,여,33세,경상
2018033000100107,2018년 3월 30일 08시,금요일,부산광역시 동래구 수안동,중상사고,0,1,0,0,차대사람 - 횡단중,안전운전불이행,건조,맑음,교차로 - 교차로안,승합,남,43세,상해없음,보행자,여,84세,중상
2018033000100140,2018년 3월 30일 09시,금요일,부산광역시 동래구 온천동,경상사고,0,0,1,0,차대차 - 측면충돌,안전운전불이행,건조,맑음,단일로 - 기타,승용,남,39세,경상,건설기계,남,43세,상해없음
2018033000100141,2018년 3월 30일 09시,금요일,부산광역시 사상구 감전동,중상사고,0,1,0,0,차대사람 - 기타,안전운전불이행,건조,맑음,단일로 - 기타,화물,남,52세,상해없음,보행자,여,69세,중상
2018033000100142,2018년 3월 30일 09시,금요일,부산광역시 기장군 일광면,경상사고,0,0,2,0,차대차 - 추돌,안전운전불이행,건조,맑음,단일로 - 기타,승용,여,70세,상해없음,승용,남,68세,경상
2018033000100170,2018년 3월 30일 10시,금요일,부산광역시 북구 덕천동,중상사고,0,2,0,0,차대사람 - 차도통행중,안전운전불이행,건조,맑음,교차로 - 교차로안,승용,여,49세,상해없음,보행자,여,76세,중상
2018033000100201,2018년 3월 30일 11시,금요일,부산광역시 동래구 낙민동,경상사고,0,0,1,0,차대사람 - 횡단중,안전운전불이행,건조,맑음,단일로 - 기타,승용,남,38세,상해없음,보행자,여,58세,경상
2018033000100202,2018년 3월 30일 11시,금요일,부산광역시 해운대구 반여동,경상사고,0,0,1,0,차대사람 - 차도통행중,안전운전불이행,건조,맑음,단일로 - 기타,승용,여,64세,상해없음,보행자,남,41세,경상
2018033000100203,2018년 3월 30일 11시,금요일,부산광역시 사상구 삼락동,중상사고,0,1,2,0,차대차 - 추돌,안전운전불이행,건조,맑음,단일로 - 기타,승용,여,60세,상해없음,승용,남,70세,경상
2018033000100259,2018년 3월 30일 13시,금요일,부산광역시 부산진구 연지동,부상신고사고,0,0,0,1,차대차 - 기타,안전거리미확보,건조,맑음,단일로 - 기타,이륜,남,55세,부상신고,승용,남,78세,상해없음
2018033000100260,2018년 3월 30일 13시,금요일,부산광역시 강서구 대저1동,경상사고,0,0,1,0,차대차 - 측면충돌,안전운전불이행,건조,맑음,교차로 - 교차로횡단보도내,원동기,남,85세,상해없음,승용,여,55세,경상
2018033000100300,2018년 3월 30일 14시,금요일,부산광역시 수영구 광안동,중상사고,0,1,0,0,차대차 - 측면충돌,교차로운행방법위반,건조,맑음,교차로 - 교차로안,승용,여,39세,상해없음,개인형이동수단(PM),남,26세,중상
2018033000100301,2018년 3월 30일 14시,금요일,부산광역시 사하구 당리동,중상사고,0,2,0,0,차대차 - 정면충돌,중앙선침범,건조,맑음,단일로 - 기타,승용,남,55세,상해없음,승용,여,65세,상해없음
2018033000100302,2018년 3월 30일 14시,금요일,부산광역시 기장군 기장읍,경상사고,0,0,1,0,차대차 - 추돌,안전운전불이행,건조,맑음,기타 - 기타,화물,남,62세,상해없음,승용,여,30세,경상
2018033000100332,2018년 3월 30일 15시,금요일,부산광역시 서구 부용동2가,경상사고,0,0,1,0,차대차 - 측면충돌,교차로운행방법위반,건조,맑음,교차로 - 교차로안,승용,여,46세,상해없음,이륜,남,35세,경상
2018033000100333,2018년 3월 30일 15시,금요일,부산광역시 동래구 명륜동,경상사고,0,0,1,0,차대차 - 측면충돌,안전운전불이행,건조,맑음,단일로 - 기타,화물,남,50세,상해없음,승용,여,59세,경상
2018033000100334,2018년 3월 30일 15시,금요일,부산광역시 해운대구 재송동,경상사고,0,0,1,0,차대차 - 기타,안전운전불이행,건조,맑음,교차로 - 교차로부근,승용,남,63세,상해없음,승용,여,50세,경상
2018033000100366,2018년 3월 30일 16시,금요일,부산광역시 동래구 온천동,경상사고,0,0,2,0,차대차 - 추돌,안전운전불이행,건조,맑음,단일로 - 기타,화물,남,64세,상해없음,화물,남,43세,경상
2018033000100367,2018년 3월 30일 16시,금요일,부산광역시 동래구 온천동,경상사고,0,0,3,0,차대차 - 측면충돌,안전운전불이행,건조,맑음,단일로 - 기타,승용,남,71세,경상,승용,남,58세,경상
2018033000100368,2018년 3월 30일 16시,금요일,부산광역시 부산진구 양정동,경상사고,0,0,1,0,차대차 - 측면충돌,중앙선침범,건조,맑음,교차로 - 교차로부근,승용,남,54세,기타불명,승합,남,30세,경상
2018033000100413,2018년 3월 30일 17시,금요일,부산광역시 남구 대연동,경상사고,0,0,1,0,차대사람 - 기타,안전운전불이행,건조,맑음,단일로 - 기타,승용,여,53세,상해없음,보행자,여,62세,경상
2018033000100414,2018년 3월 30일 17시,금요일,부산광역시 동래구 낙민동,경상사고,0,0,2,0,차대차 - 추돌,안전운전불이행,건조,맑음,단일로 - 기타,승용,남,80세,상해없음,원동기,남,64세,경상
2018033000100415,2018년 3월 30일 17시,금요일,부산광역시 동래구 명륜동,중상사고,0,1,3,0,차대차 - 측면충돌,교차로운행방법위반,건조,맑음,교차로 - 교차로안,승용,남,76세,상해없음,승합,남,39세,상해없음
2018033000100455,2018년 3월 30일 18시,금요일,부산광역시 서구 충무동1가,경상사고,0,0,1,0,차대사람 - 길가장자리구역통행중,안전운전불이행,건조,맑음,단일로 - 기타,화물,남,60세,상해없음,보행자,남,46세,경상
2018033000100456,2018년 3월 30일 18시,금요일,부산광역시 남구 대연동,중상사고,0,1,0,0,차대차 - 기타,중앙선침범,건조,맑음,단일로 - 기타,화물,남,61세,상해없음,이륜,남,18세,중상
2018033000100457,2018년 3월 30일 18시,금요일,부산광역시 북구 덕천동,중상사고,0,1,1,0,차대차 - 측면충돌,교차로운행방법위반,건조,맑음,교차로 - 교차로안,이륜,남,18세,중상,승용,남,22세,경상
2018033000100458,2018년 3월 30일 18시,금요일,부산광역시 해운대구 송정동,경상사고,0,0,1,0,차대차 - 추돌,교차로운행방법위반,건조,맑음,교차로 - 교차로안,승용,여,56세,상해없음,승합,남,54세,경상
2018033000100507,2018년 3월 30일 19시,금요일,부산광역시 동구 수정동,경상사고,0,0,1,0,차대차 - 측면충돌,안전운전불이행,건조,맑음,기타 - 기타,이륜,남,64세,기타불명,자전거,남,35세,경상
2018033000100548,2018년 3월 30일 20시,금요일,부산광역시 부산진구 양정동,경상사고,0,0,2,0,차대차 - 측면충돌,차로위반,건조,맑음,단일로 - 기타,화물,남,60세,상해없음,승용,남,27세,경상
2018033000100584,2018년 3월 30일 21시,금요일,부산광역시 부산진구 양정동,경상사고,0,0,1,0,차량단독 - 기타,안전운전불이행,건조,맑음,단일로 - 기타,승용,남,54세,상해없음,,,,
2018033000100585,2018년 3월 30일 21시,금요일,부산광역시 금정구 구서동,경상사고,0,0,1,0,차대차 - 측면충돌,직진우회전진행방해,건조,맑음,교차로 - 교차로안,승용,여,55세,상해없음,승용,남,62세,상해없음
2018033000100612,2018년 3월 30일 22시,금요일,부산광역시 해운대구 좌동,경상사고,0,0,1,0,차대사람 - 횡단중,보행자보호의무위반,건조,맑음,단일로 - 기타,승용,여,56세,상해없음,보행자,여,38세,경상
2018033000100613,2018년 3월 30일 22시,금요일,부산광역시 부산진구 가야동,경상사고,0,0,1,0,차대사람 - 기타,안전운전불이행,건조,맑음,단일로 - 기타,승용,남,67세,상해없음,보행자,남,49세,경상
2018033000100635,2018년 3월 30일 23시,금요일,부산광역시 서구 남부민동,경상사고,0,0,1,0,차대차 - 측면충돌,신호위반,건조,맑음,교차로 - 교차로안,승합,남,60세,상해없음,이륜,남,52세,경상
2018033000100636,2018년 3월 30일 23시,금요일,부산광역시 해운대구 우동,사망사고,1,0,0,0,차대사람 - 횡단중,안전운전불이행,건조,맑음,단일로 - 기타,승용,남,75세,상해없음,보행자,여,70세,사망
2018033000100637,2018년 3월 30일 23시,금요일,부산광역시 부산진구 연지동,경상사고,0,0,2,0,차대차 - 측면충돌,안전거리미확보,건조,맑음,단일로 - 고가도로위,승용,남,32세,상해없음,승용,남,59세,경상
2018033100100009,2018년 3월 31일 00시,토요일,부산광역시 연제구 연산동,경상사고,0,0,1,0,차대차 - 추돌,안전운전불이행,건조,맑음,단일로 - 기타,승용,남,44세,상해없음,승용,여,62세,경상
2018033100100047,2018년 3월 31일 02시,토요일,부산광역시 기장군 정관읍,경상사고,0,0,2,0,차대차 - 추돌,안전운전불이행,건조,맑음,단일로 - 기타,승용,남,29세,상해없음,승용,남,34세,경상
2018033100100055,2018년 3월 31일 03시,토요일,부산광역시 부산진구 전포동,경상사고,0,0,3,0,차대차 - 측면충돌,신호위반,건조,맑음,교차로 - 교차로안,승용,남,47세,상해없음,승용,남,57세,경상
2018033100100062,2018년 3월 31일 04시,토요일,부산광역시 남구 우암동,경상사고,0,0,1,0,차량단독 - 공작물충돌,안전운전불이행,건조,맑음,단일로 - 고가도로위,승용,남,35세,경상,,,,
2018033100100063,2018년 3월 31일 04시,토요일,부산광역시 연제구 거제동,중상사고,0,2,3,0,차대차 - 측면충돌,신호위반,건조,맑음,교차로 - 교차로안,승용,남,57세,상해없음,승용,남,58세,중상
2018033100100071,2018년 3월 31일 05시,토요일,부산광역시 동래구 온천동,경상사고,0,0,1,0,차대차 - 측면충돌,교차로운행방법위반,건조,맑음,교차로 - 교차로안,승용,여,62세,상해없음,승용,남,54세,경상
2018033100100072,2018년 3월 31일 05시,토요일,부산광역시 사하구 괴정동,경상사고,0,0,1,0,차대차 - 기타,신호위반,건조,맑음,교차로 - 교차로부근,승용,남,66세,상해없음,이륜,남,18세,경상
2018033100100131,2018년 3월 31일 09시,토요일,부산광역시 강서구 대저2동,사망사고,1,0,0,0,차대사람 - 기타,과속,건조,맑음,교차로 - 교차로부근,승용,남,48세,상해없음,보행자,남,60세,사망
2018033100100158,2018년 3월 31일 10시,토요일,부산광역시 북구 덕천동,경상사고,0,0,1,0,차대차 - 측면충돌,안전운전불이행,건조,맑음,단일로 - 지하차도(도로)내,이륜,남,49세,경상,승용,여,53세,상해없음
2018033100100182,2018년 3월 31일 11시,토요일,부산광역시 부산진구 부전동,경상사고,0,0,1,0,차대사람 - 기타,신호위반,건조,맑음,단일로 - 기타,승용,남,64세,상해없음,보행자,남,55세,경상
2018033100100183,2018년 3월 31일 11시,토요일,부산광역시 금정구 구서동,중상사고,0,2,0,0,차대차 - 측면충돌,신호위반,건조,맑음,교차로 - 교차로안,승용,여,59세,상해없음,승용,남,62세,상해없음
2018033100100215,2018년 3월 31일 12시,토요일,부산광역시 동래구 안락동,중상사고,0,1,0,0,차대차 - 추돌,안전거리미확보,건조,맑음,단일로 - 기타,건설기계,남,42세,상해없음,이륜,여,25세,중상
2018033100100244,2018년 3월 31일 13시,토요일,부산광역시 서구 암남동,경상사고,0,0,1,0,차대차 - 측면충돌,안전운전불이행,건조,맑음,단일로 - 기타,승용,남,22세,상해없음,승용,남,57세,경상
2018033100100245,2018년 3월 31일 13시,토요일,부산광역시 남구 용호동,사망사고,1,0,0,0,차대사람 - 횡단중,안전운전불이행,건조,맑음,단일로 - 기타,이륜,남,50세,상해없음,보행자,여,68세,사망
2018033100100290,2018년 3월 31일 14시,토요일,부산광역시 서구 남부민동,중상사고,0,1,0,0,차대사람 - 횡단중,안전운전불이행,건조,맑음,단일로 - 기타,화물,남,55세,상해없음,보행자,남,76세,중상
2018033100100291,2018년 3월 31일 14시,토요일,부산광역시 남구 우암동,중상사고,0,1,0,0,차대차 - 측면충돌,안전운전불이행,건조,맑음,교차로 - 교차로안,승용,남,72세,상해없음,이륜,남,36세,중상
2018033100100293,2018년 3월 31일 14시,토요일,부산광역시 사하구 괴정동,경상사고,0,0,1,0,차대사람 - 기타,안전운전불이행,건조,맑음,단일로 - 기타,승용,남,72세,상해없음,보행자,여,27세,경상
2018033100100294,2018년 3월 31일 14시,토요일,부산광역시 기장군 철마면,경상사고,0,0,1,0,차대차 - 측면충돌,안전운전불이행,건조,맑음,기타 - 기타,이륜,여,80세,경상,승용,여,58세,상해없음
2018033100100401,2018년 3월 31일 17시,토요일,부산광역시 동구 초량동,경상사고,0,0,1,0,차대사람 - 기타,보행자보호의무위반,건조,맑음,단일로 - 기타,승용,남,52세,상해없음,보행자,여,52세,경상
2018033100100402,2018년 3월 31일 17시,토요일,부산광역시 사상구 모라동,부상신고사고,0,0,0,1,차대차 - 측면충돌,안전운전불이행,건조,맑음,교차로 - 교차로안,자전거,남,71세,부상신고,승용,남,63세,상해없음
2018033100100439,2018년 3월 31일 18시,토요일,부산광역시 해운대구 반여동,부상신고사고,0,0,0,5,차대차 - 기타,안전운전불이행,건조,맑음,교차로 - 교차로부근,승용,여,57세,상해없음,승용,남,19세,부상신고
2018033100100440,2018년 3월 31일 18시,토요일,부산광역시 기장군 정관읍,중상사고,0,1,0,0,차대사람 - 횡단중,안전운전불이행,건조,맑음,단일로 - 기타,승용,여,41세,상해없음,보행자,남,9세,중상