사고번호,사고일시,요일,시군구,사고내용,사망자수,중상자수,경상자수,부상신고자수,사고유형,법규위반,노면상태,기상상태,도로형태,가해운전자 차종,가해운전자 성별,가해운전자 연령,가해운전자 상해정도,피해운전자 차종,피해운전자 성별,피해운전자 연령,피해운전자 상해정도
2018040400100484,2018년 4월 4일 19시,수요일,부산광역시 사하구 하단동,중상사고,0,1,0,0,차대사람 - 횡단중,보행자보호의무위반,젖음/습기,흐림,단일로 - 기타,화물,남,57세,상해없음,보행자,남,55세,중상
2018040400100517,2018년 4월 4일 20시,수요일,부산광역시 북구 구포동,경상사고,0,0,1,0,차대차 - 기타,교차로운행방법위반,젖음/습기,비,교차로 - 교차로안,승용,남,39세,상해없음,이륜,남,21세,경상
2018040400100518,2018년 4월 4일 20시,수요일,부산광역시 부산진구 부전동,경상사고,0,0,1,0,차대차 - 측면충돌,안전운전불이행,젖음/습기,비,교차로 - 교차로안,화물,남,48세,상해없음,이륜,남,38세,경상
2018040400100519,2018년 4월 4일 20시,수요일,부산광역시 부산진구 양정동,경상사고,0,0,1,0,차대차 - 추돌,안전운전불이행,건조,맑음,단일로 - 기타,승용,남,19세,상해없음,승용,남,37세,경상
2018040400100520,2018년 4월 4일 20시,수요일,부산광역시 부산진구 양정동,경상사고,0,0,2,0,차대차 - 추돌,안전거리미확보,건조,맑음,교차로 - 교차로안,승용,남,28세,상해없음,승용,여,45세,경상
2018040400100600,2018년 4월 4일 23시,수요일,부산광역시 사하구 장림동,경상사고,0,0,2,0,차대차 - 추돌,안전운전불이행,건조,맑음,단일로 - 기타,승합,남,37세,상해없음,화물,남,54세,경상
2018040500100059,2018년 4월 5일 06시,목요일,부산광역시 강서구 식만동,경상사고,0,0,1,0,차대차 - 측면충돌,안전거리미확보,건조,맑음,단일로 - 기타,특수,남,72세,상해없음,화물,남,61세,경상
2018040500100069,2018년 4월 5일 07시,목요일,부산광역시 해운대구 재송동,사망사고,1,1,0,0,차량단독 - 도로외이탈 - 기타,안전운전불이행,건조,흐림,단일로 - 기타,이륜,남,16세,사망,,,,
2018040500100070,2018년 4월 5일 07시,목요일,부산광역시 사하구 당리동,부상신고사고,0,0,0,1,차대사람 - 기타,기타,건조,맑음,단일로 - 기타,승합,남,51세,상해없음,보행자,여,65세,부상신고
2018040500100071,2018년 4월 5일 07시,목요일,부산광역시 연제구 연산동,경상사고,0,0,1,0,차대차 - 추돌,안전운전불이행,건조,맑음,단일로 - 교량,승용,남,31세,상해없음,승용,여,33세,경상
2018040500100072,2018년 4월 5일 07시,목요일,부산광역시 기장군 정관읍,경상사고,0,0,1,0,차대차 - 측면충돌,신호위반,건조,맑음,교차로 - 교차로안,승합,남,50세,상해없음,승용,여,42세,경상
2018040500100092,2018년 4월 5일 08시,목요일,부산광역시 해운대구 중동,경상사고,0,0,1,0,차대사람 - 횡단중,안전운전불이행,젖음/습기,흐림,교차로 - 교차로안,승용,남,57세,상해없음,보행자,여,59세,경상
2018040500100093,2018년 4월 5일 08시,목요일,부산광역시 해운대구 우동,경상사고,0,0,1,2,차대차 - 측면충돌,신호위반,건조,맑음,교차로 - 교차로안,승합,남,67세,상해없음,승용,남,36세,경상
2018040500100231,2018년 4월 5일 12시,목요일,부산광역시 남구 대연동,부상신고사고,0,0,0,2,차대차 - 측면충돌,안전거리미확보,건조,맑음,단일로 - 기타,승합,남,31세,상해없음,승용,남,24세,부상신고
2018040500100232,2018년 4월 5일 12시,목요일,부산광역시 북구 화명동,중상사고,0,1,0,0,차대사람 - 기타,안전운전불이행,건조,맑음,기타 - 기타,화물,남,62세,상해없음,보행자,남,84세,중상
2018040500100233,2018년 4월 5일 12시,목요일,부산광역시 해운대구 우동,부상신고사고,0,0,0,1,차대사람 - 횡단중,보행자보호의무위반,건조,맑음,단일로 - 기타,승용,남,53세,상해없음,보행자,남,60세,부상신고
2018040500100256,2018년 4월 5일 13시,목요일,부산광역시 사상구 감전동,중상사고,0,1,0,0,차대사람 - 차도통행중,안전운전불이행,건조,맑음,단일로 - 기타,화물,남,29세,상해없음,보행자,남,54세,중상
2018040500100279,2018년 4월 5일 14시,목요일,부산광역시 부산진구 부전동,경상사고,0,0,1,0,차대사람 - 기타,기타,젖음/습기,흐림,교차로 - 교차로부근,화물,남,30세,상해없음,보행자,남,19세,경상
2018040500100280,2018년 4월 5일 14시,목요일,부산광역시 연제구 연산동,경상사고,0,0,1,0,차대차 - 측면충돌,신호위반,건조,맑음,교차로 - 교차로안,승용,여,58세,상해없음,이륜,남,24세,경상
2018040500100306,2018년 4월 5일 15시,목요일,부산광역시 부산진구 부전동,경상사고,0,0,2,0,차대차 - 측면충돌,안전운전불이행,건조,맑음,교차로 - 교차로안,승용,남,48세,상해없음,승용,남,46세,경상
2018040500100307,2018년 4월 5일 15시,목요일,부산광역시 사하구 하단동,중상사고,0,1,0,0,차대사람 - 횡단중,안전운전불이행,건조,맑음,단일로 - 기타,승용,남,47세,상해없음,보행자,남,8세,중상
2018040500100308,2018년 4월 5일 15시,목요일,부산광역시 사하구 당리동,경상사고,0,0,1,0,차대차 - 추돌,안전운전불이행,건조,맑음,교차로 - 교차로부근,승용,여,46세,상해없음,승용,여,43세,경상
2018040500100309,2018년 4월 5일 15시,목요일,부산광역시 연제구 연산동,중상사고,0,1,0,0,차대사람 - 횡단중,안전운전불이행,건조,맑음,교차로 - 교차로부근,승용,남,60세,상해없음,보행자,남,5세,중상
2018040500100310,2018년 4월 5일 15시,목요일,부산광역시 강서구 명지동,경상사고,0,0,1,0,차대차 - 측면충돌,신호위반,건조,맑음,교차로 - 교차로부근,화물,남,48세,상해없음,승용,남,52세,경상
2018040500100334,2018년 4월 5일 16시,목요일,부산광역시 중구 대청동4가,중상사고,0,1,0,0,차대사람 - 기타,안전운전불이행,건조,맑음,단일로 - 기타,승용,여,36세,상해없음,보행자,남,19세,중상
2018040500100335,2018년 4월 5일 16시,목요일,부산광역시 북구 덕천동,경상사고,0,0,1,0,차대차 - 기타,안전운전불이행,건조,맑음,교차로 - 교차로안,화물,남,57세,상해없음,승용,여,41세,경상
2018040500100336,2018년 4월 5일 16시,목요일,부산광역시 동래구 안락동,중상사고,0,1,0,0,차량단독 - 기타,안전운전불이행,건조,맑음,단일로 - 기타,승합,남,55세,상해없음,,,,
2018040500100337,2018년 4월 5일 16시,목요일,부산광역시 연제구 거제동,중상사고,0,1,0,0,차대사람 - 횡단중,보행자보호의무위반,건조,맑음,교차로 - 교차로횡단보도내,승용,여,43세,상해없음,보행자,남,63세,중상
2018040500100338,2018년 4월 5일 16시,목요일,부산광역시 강서구 송정동,중상사고,0,1,0,0,차대차 - 측면충돌,안전거리미확보,건조,맑음,단일로 - 기타,특수,남,59세,상해없음,승용,남,44세,중상
2018040500100399,2018년 4월 5일 18시,목요일,부산광역시 중구 영주동,부상신고사고,0,0,0,1,차대차 - 추돌,안전거리미확보,건조,맑음,단일로 - 터널,승용,여,34세,기타불명,승용,남,32세,부상신고
2018040500100400,2018년 4월 5일 18시,목요일,부산광역시 사상구 덕포동,경상사고,0,0,1,0,차대차 - 측면충돌,신호위반,건조,맑음,단일로 - 기타,승용,여,21세,상해없음,이륜,남,33세,경상
2018040500100446,2018년 4월 5일 19시,목요일,부산광역시 연제구 연산동,경상사고,0,0,5,0,차대차 - 추돌,안전거리미확보,건조,흐림,교차로 - 교차로부근,승용,남,73세,상해없음,승용,여,45세,경상
2018040500100506,2018년 4월 5일 20시,목요일,부산광역시 동래구 온천동,중상사고,0,1,0,0,차대차 - 추돌,안전운전불이행,건조,맑음,단일로 - 기타,화물,남,52세,상해없음,승용,남,30세,중상
2018040500100555,2018년 4월 5일 21시,목요일,부산광역시 사하구 당리동,경상사고,0,0,1,0,차대사람 - 차도통행중,안전운전불이행,건조,맑음,단일로 - 기타,이륜,남,51세,상해없음,보행자,남,63세,경상
2018040500100651,2018년 4월 5일 23시,목요일,부산광역시 동래구 안락동,경상사고,0,0,2,0,차대차 - 추돌,안전운전불이행,건조,맑음,단일로 - 기타,승용,남,34세,상해없음,승용,남,32세,경상
2018040500100652,2018년 4월 5일 23시,목요일,부산광역시 기장군 기장읍,중상사고,0,1,1,0,차대차 - 추돌,안전운전불이행,젖음/습기,비,교차로 - 교차로안,승용,남,55세,상해없음,승용,남,33세,경상
2018040600100035,2018년 4월 6일 01시,금요일,부산광역시 사하구 하단동,중상사고,0,1,0,0,차대사람 - 횡단중,안전운전불이행,젖음/습기,비,단일로 - 기타,승용,남,62세,상해없음,보행자,남,30세,중상
2018040600100061,2018년 4월 6일 02시,금요일,부산광역시 부산진구 전포동,중상사고,0,1,0,0,차대사람 - 횡단중,안전운전불이행,젖음/습기,비,단일로 - 기타,승용,남,72세,상해없음,보행자,여,48세,중상
2018040600100062,2018년 4월 6일 02시,금요일,부산광역시 사상구 주례동,경상사고,0,0,1,0,차대차 - 측면충돌,신호위반,젖음/습기,비,교차로 - 교차로안,이륜,남,22세,경상,승용,남,44세,상해없음
2018040600100074,2018년 4월 6일 03시,금요일,부산광역시 중구 대창동2가,사망사고,1,0,0,0,차량단독 - 공작물충돌,안전운전불이행,젖음/습기,비,교차로 - 교차로부근,승용,남,63세,사망,,,,
2018040600100093,2018년 4월 6일 05시,금요일,부산광역시 남구 문현동,중상사고,0,1,0,0,차대사람 - 횡단중,안전운전불이행,젖음/습기,비,교차로 - 교차로안,승합,여,36세,상해없음,보행자,여,59세,중상
2018040600100124,2018년 4월 6일 07시,금요일,부산광역시 동구 좌천동,경상사고,0,0,1,0,차대차 - 기타,차로위반,젖음/습기,비,단일로 - 기타,화물,남,53세,상해없음,승용,남,66세,상해없음
2018040600100125,2018년 4월 6일 07시,금요일,부산광역시 사하구 장림동,중상사고,0,1,2,0,차대차 - 기타,안전운전불이행,젖음/습기,비,단일로 - 기타,화물,남,37세,상해없음,승용,남,35세,경상
2018040600100150,2018년 4월 6일 08시,금요일,부산광역시 해운대구 좌동,경상사고,0,0,1,0,차대차 - 측면충돌,신호위반,젖음/습기,비,교차로 - 교차로안,승용,남,54세,상해없음,승용,여,57세,경상
2018040600100151,2018년 4월 6일 08시,금요일,부산광역시 부산진구 전포동,경상사고,0,0,1,0,차대차 - 측면충돌,신호위반,젖음/습기,비,교차로 - 교차로안,승용,여,37세,상해없음,승용,남,31세,경상
2018040600100203,2018년 4월 6일 10시,금요일,부산광역시 동래구 온천동,중상사고,0,1,1,0,차대차 - 측면충돌,안전거리미확보,건조,맑음,교차로 - 교차로부근,승용,남,61세,상해없음,승용,남,57세,중상
2018040600100205,2018년 4월 6일 10시,금요일,부산광역시 사상구 괘법동,부상신고사고,0,0,0,1,차대사람 - 기타,안전운전불이행,젖음/습기,비,단일로 - 기타,승용,남,59세,상해없음,보행자,남,19세,부상신고
2018040600100242,2018년 4월 6일 11시,금요일,부산광역시 사하구 하단동,경상사고,0,0,1,0,차대차 - 정면충돌,중앙선침범,젖음/습기,비,단일로 - 기타,화물,남,56세,상해없음,승용,남,42세,경상
2018040600100273,2018년 4월 6일 12시,금요일,부산광역시 동래구 사직동,경상사고,0,0,1,0,차대차 - 측면충돌,불법유턴,건조,흐림,교차로 - 교차로안,승용,남,58세,상해없음,승용,여,33세,경상
2018040600100312,2018년 4월 6일 14시,금요일,부산광역시 북구 구포동,경상사고,0,0,1,0,차대차 - 측면충돌,안전운전불이행,건조,맑음,교차로 - 교차로안,이륜,남,45세,상해없음,이륜,남,77세,경상
2018040600100313,2018년 4월 6일 14시,금요일,부산광역시 해운대구 우동,중상사고,0,1,0,0,차대사람 - 기타,안전운전불이행,건조,맑음,단일로 - 기타,이륜,남,36세,상해없음,보행자,여,65세,중상
2018040600100314,2018년 4월 6일 14시,금요일,부산광역시 부산진구 부전동,중상사고,0,1,0,0,차대사람 - 길가장자리구역통행중,안전운전불이행,건조,맑음,단일로 - 기타,승용,여,56세,상해없음,보행자,여,53세,중상
2018040600100345,2018년 4월 6일 15시,금요일,부산광역시 동래구 낙민동,경상사고,0,0,1,0,차대차 - 추돌,안전운전불이행,건조,맑음,단일로 - 기타,승용,여,45세,상해없음,승합,남,51세,경상
2018040600100346,2018년 4월 6일 15시,금요일,부산광역시 강서구 대저2동,중상사고,0,2,0,0,차대차 - 측면충돌,중앙선침범,건조,맑음,단일로 - 기타,승용,여,42세,상해없음,화물,남,42세,중상
2018040600100383,2018년 4월 6일 16시,금요일,부산광역시 수영구 민락동,경상사고,0,0,1,0,차대차 - 측면충돌,신호위반,건조,맑음,교차로 - 교차로안,승용,남,71세,상해없음,승용,남,37세,경상
2018040600100384,2018년 4월 6일 16시,금요일,부산광역시 동래구 낙민동,경상사고,0,0,1,0,차대사람 - 횡단중,신호위반,건조,맑음,교차로 - 교차로안,원동기,남,22세,상해없음,보행자,여,9세,경상
2018040600100455,2018년 4월 6일 18시,금요일,부산광역시 부산진구 전포동,중상사고,0,1,0,0,차대차 - 측면충돌,안전거리미확보,건조,맑음,단일로 - 기타,승용,남,75세,상해없음,화물,남,62세,상해없음
2018040600100483,2018년 4월 6일 19시,금요일,부산광역시 남구 우암동,중상사고,0,1,0,0,차량단독 - 공작물충돌,안전운전불이행,건조,맑음,단일로 - 교량,승용,남,60세,중상,,,,
2018040600100484,2018년 4월 6일 19시,금요일,부산광역시 부산진구 개금동,중상사고,0,1,0,0,차대사람 - 횡단중,안전운전불이행,건조,맑음,교차로 - 교차로안,승용,남,49세,상해없음,보행자,남,70세,중상
2018040600100485,2018년 4월 6일 19시,금요일,부산광역시 금정구 서동,경상사고,0,0,1,0,차대차 - 측면충돌,교차로운행방법위반,건조,맑음,교차로 - 교차로안,승용,남,32세,상해없음,승합,남,59세,상해없음
2018040600100486,2018년 4월 6일 19시,금요일,부산광역시 사하구 장림동,경상사고,0,0,1,0,차대사람 - 기타,기타,건조,맑음,단일로 - 기타,승용,남,68세,상해없음,보행자,여,62세,경상
2018040600100487,2018년 4월 6일 19시,금요일,부산광역시 사상구 괘법동,경상사고,0,0,1,0,차대차 - 측면충돌,중앙선침범,건조,맑음,단일로 - 기타,승용,남,43세,상해없음,원동기,남,21세,경상
2018040600100524,2018년 4월 6일 20시,금요일,부산광역시 동래구 온천동,경상사고,0,0,2,0,차대차 - 추돌,안전운전불이행,건조,맑음,단일로 - 기타,승용,남,47세,상해없음,승용,남,47세,경상
2018040600100525,2018년 4월 6일 20시,금요일,부산광역시 영도구 영선동4가,경상사고,0,0,1,0,차대차 - 측면충돌,중앙선침범,건조,맑음,단일로 - 기타,승용,남,47세,상해없음,이륜,남,48세,경상
2018040600100526,2018년 4월 6일 20시,금요일,부산광역시 사하구 하단동,부상신고사고,0,0,0,1,차대차 - 측면충돌,안전거리미확보,건조,맑음,교차로 - 교차로안,이륜,남,30세,부상신고,승용,남,25세,상해없음
2018040600100564,2018년 4월 6일 21시,금요일,부산광역시 수영구 광안동,경상사고,0,0,1,0,차대차 - 측면충돌,신호위반,건조,맑음,교차로 - 교차로안,승용,남,53세,상해없음,이륜,남,32세,경상
2018040600100565,2018년 4월 6일 21시,금요일,부산광역시 남구 용호동,경상사고,0,0,1,0,차대사람 - 횡단중,신호위반,건조,맑음,교차로 - 교차로부근,이륜,남,73세,상해없음,보행자,여,62세,경상
2018040600100566,2018년 4월 6일 21시,금요일,부산광역시 금정구 남산동,경상사고,0,0,1,0,차대사람 - 횡단중,보행자보호의무위반,건조,맑음,교차로 - 교차로안,승용,여,61세,상해없음,보행자,여,56세,경상
2018040600100598,2018년 4월 6일 22시,금요일,부산광역시 사상구 덕포동,중상사고,0,1,0,0,차대차 - 기타,교차로운행방법위반,건조,맑음,교차로 - 교차로안,승용,남,62세,상해없음,이륜,남,46세,중상
2018040600100628,2018년 4월 6일 23시,금요일,부산광역시 남구 용호동,중상사고,0,2,0,0,차대차 - 정면충돌,중앙선침범,건조,맑음,단일로 - 기타,승용,남,26세,상해없음,승용,남,27세,중상
2018040600100629,2018년 4월 6일 23시,금요일,부산광역시 부산진구 당감동,경상사고,0,0,1,0,차대차 - 측면충돌,교차로운행방법위반,건조,맑음,교차로 - 교차로안,승용,여,38세,상해없음,승용,여,46세,경상
2018040700100028,2018년 4월 7일 01시,토요일,부산광역시 해운대구 중동,경상사고,0,0,1,0,차대차 - 측면충돌,안전운전불이행,건조,맑음,단일로 - 기타,승용,남,19세,상해없음,승용,남,60세,경상
2018040700100069,2018년 4월 7일 03시,토요일,부산광역시 북구 구포동,경상사고,0,0,2,0,차대차 - 기타,교차로운행방법위반,건조,맑음,교차로 - 교차로부근,승용,남,63세,상해없음,승용,남,45세,경상
2018040700100070,2018년 4월 7일 03시,토요일,부산광역시 사하구 하단동,중상사고,0,1,2,0,차대차 - 추돌,안전운전불이행,건조,맑음,단일로 - 기타,승용,남,45세,상해없음,승용,남,55세,경상
2018040700100082,2018년 4월 7일 04시,토요일,부산광역시 부산진구 부전동,중상사고,0,1,2,1,차대차 - 기타,중앙선침범,건조,맑음,단일로 - 기타,이륜,남,24세,부상신고,승용,남,21세,경상
2018040700100102,2018년 4월 7일 06시,토요일,부산광역시 강서구 명지동,경상사고,0,0,1,0,차대차 - 측면충돌,신호위반,건조,맑음,교차로 - 교차로부근,승용,남,24세,상해없음,승용,남,58세,경상
2018040700100125,2018년 4월 7일 08시,토요일,부산광역시 연제구 연산동,중상사고,0,1,1,0,차대차 - 기타,중앙선침범,건조,맑음,단일로 - 기타,승용,여,30세,상해없음,화물,남,59세,경상
2018040700100148,2018년 4월 7일 09시,토요일,부산광역시 남구 용호동,경상사고,0,0,1,0,차대차 - 기타,차로위반,건조,맑음,단일로 - 기타,승용,여,48세,상해없음,원동기,남,66세,경상
2018040700100149,2018년 4월 7일 09시,토요일,부산광역시 금정구 부곡동,경상사고,0,0,1,0,차대사람 - 횡단중,보행자보호의무위반,건조,맑음,단일로 - 기타,승용,남,44세,상해없음,보행자,남,8세,경상
2018040700100206,2018년 4월 7일 11시,토요일,부산광역시 북구 덕천동,중상사고,0,1,0,0,차대사람 - 기타,안전운전불이행,건조,맑음,교차로 - 교차로안,화물,남,49세,상해없음,보행자,남,72세,중상
2018040700100207,2018년 4월 7일 11시,토요일,부산광역시 기장군 기장읍,경상사고,0,0,2,0,차대차 - 정면충돌,안전운전불이행,건조,맑음,교차로 - 교차로안,승용,남,58세,경상,승용,여,57세,경상
2018040700100246,2018년 4월 7일 12시,토요일,부산광역시 남구 대연동,중상사고,0,1,1,0,차대차 - 측면충돌,신호위반,건조,맑음,교차로 - 교차로안,승용,남,76세,상해없음,원동기,남,31세,중상
2018040700100270,2018년 4월 7일 13시,토요일,부산광역시 부산진구 전포동,중상사고,0,1,0,0,차대사람 - 차도통행중,안전운전불이행,건조,맑음,단일로 - 기타,승용,여,49세,상해없음,보행자,여,62세,상해없음
2018040700100271,2018년 4월 7일 13시,토요일,부산광역시 부산진구 범전동,경상사고,0,0,5,0,차대차 - 추돌,안전거리미확보,건조,맑음,단일로 - 기타,승합,남,52세,상해없음,승용,여,43세,경상
2018040700100307,2018년 4월 7일 14시,토요일,부산광역시 해운대구 우동,경상사고,0,0,3,0,차대차 - 측면충돌,교차로운행방법위반,건조,맑음,단일로 - 기타,승용,남,27세,상해없음,승용,남,34세,경상
2018040700100351,2018년 4월 7일 15시,토요일,부산광역시 남구 대연동,경상사고,0,0,1,0,차대차 - 기타,안전거리미확보,건조,맑음,교차로 - 교차로안,원동기,남,18세,경상,승용,남,40세,상해없음
2018040700100352,2018년 4월 7일 15시,토요일,부산광역시 해운대구 우동,경상사고,0,0,2,0,차대차 - 측면충돌,안전운전불이행,건조,맑음,교차로 - 교차로안,승용,여,53세,상해없음,승용,남,61세,경상
2018040700100396,2018년 4월 7일 16시,토요일,부산광역시 사하구 괴정동,경상사고,0,0,1,0,차대차 - 측면충돌,교차로운행방법위반,건조,맑음,교차로 - 교차로안,승용,남,35세,기타불명,화물,남,42세,경상
2018040700100397,2018년 4월 7일 16시,토요일,부산광역시 사하구 장림동,경상사고,0,0,3,0,차대차 - 기타,안전운전불이행,건조,맑음,기타 - 기타,승용,여,44세,상해없음,승용,남,43세,경상
2018040700100398,2018년 4월 7일 16시,토요일,부산광역시 강서구 구랑동,경상사고,0,0,1,0,차대차 - 정면충돌,신호위반,건조,맑음,교차로 - 교차로안,화물,남,26세,상해없음,승용,여,42세,경상
2018040700100399,2018년 4월 7일 16시,토요일,부산광역시 사상구 엄궁동,경상사고,0,0,1,0,차대차 - 측면충돌,직진우회전진행방해,건조,맑음,교차로 - 교차로안,승용,남,45세,상해없음,승용,남,79세,경상
2018040700100437,2018년 4월 7일 17시,토요일,부산광역시 북구 만덕동,경상사고,0,0,1,0,차대차 - 기타,안전거리미확보,건조,맑음,교차로 - 교차로부근,승용,남,44세,상해없음,승용,남,40세,경상
2018040700100438,2018년 4월 7일 17시,토요일,부산광역시 금정구 장전동,경상사고,0,0,1,0,차대차 - 기타,안전거리미확보,건조,맑음,교차로 - 교차로부근,화물,남,52세,상해없음,승용,남,36세,경상
2018040700100439,2018년 4월 7일 17시,토요일,부산광역시 사상구 괘법동,경상사고,0,0,1,0,차대차 - 측면충돌,안전거리미확보,건조,맑음,교차로 - 교차로안,승용,여,53세,상해없음,승용,여,22세,경상
2018040700100483,2018년 4월 7일 18시,토요일,부산광역시 동래구 안락동,부상신고사고,0,0,0,1,차대차 - 추돌,안전거리미확보,건조,맑음,단일로 - 기타,승용,여,56세,상해없음,승용,남,28세,상해없음
2018040700100528,2018년 4월 7일 19시,토요일,부산광역시 동구 좌천동,중상사고,0,1,0,0,차대차 - 추돌,신호위반,건조,맑음,교차로 - 교차로안,승용,남,24세,상해없음,승용,남,38세,중상
2018040700100570,2018년 4월 7일 20시,토요일,부산광역시 사하구 장림동,부상신고사고,0,0,0,1,차대차 - 추돌,기타,건조,맑음,단일로 - 기타,원동기,남,17세,부상신고,승용,여,50세,상해없음
2018040700100599,2018년 4월 7일 21시,토요일,부산광역시 북구 만덕동,경상사고,0,0,2,0,차대차 - 측면충돌,안전운전불이행,건조,맑음,교차로 - 교차로안,승용,남,68세,상해없음,승용,남,68세,경상
2018040700100600,2018년 4월 7일 21시,토요일,부산광역시 북구 구포동,경상사고,0,0,1,0,차대차 - 측면충돌,교차로운행방법위반,건조,맑음,교차로 - 교차로안,승용,남,61세,상해없음,이륜,남,44세,경상
2018040700100601,2018년 4월 7일 21시,토요일,부산광역시 동래구 사직동,경상사고,0,0,1,0,차대차 - 후진중충돌,안전운전불이행,건조,맑음,단일로 - 기타,승용,남,27세,상해없음,승용,남,26세,경상
2018040700100658,2018년 4월 7일 23시,토요일,부산광역시 동래구 낙민동,경상사고,0,0,1,0,차량단독 - 기타,안전운전불이행,건조,맑음,교차로 - 교차로부근,승합,남,49세,상해없음,,,,
2018040700100659,2018년 4월 7일 23시,토요일,부산광역시 부산진구 부전동,경상사고,0,0,1,0,차대차 - 측면충돌,안전거리미확보,건조,맑음,단일로 - 기타,승용,남,58세,상해없음,승용,남,56세,경상
2018040800100026,2018년 4월 8일 01시,일요일,부산광역시 해운대구 우동,경상사고,0,0,1,0,차대차 - 측면충돌,신호위반,건조,맑음,교차로 - 교차로안,승용,남,23세,상해없음,이륜,남,27세,경상
2018040800100027,2018년 4월 8일 01시,일요일,부산광역시 해운대구 좌동,경상사고,0,0,2,0,차대차 - 추돌,안전운전불이행,건조,맑음,교차로 - 교차로부근,승용,여,33세,상해없음,승용,남,49세,경상
2018040800100048,2018년 4월 8일 02시,일요일,부산광역시 동구 범일동,중상사고,0,2,0,0,차대차 - 기타,신호위반,건조,맑음,교차로 - 교차로안,승용,남,45세,상해없음,승용,남,60세,중상
2018040800100058,2018년 4월 8일 03시,일요일,부산광역시 북구 덕천동,경상사고,0,0,1,0,차대차 - 정면충돌,안전운전불이행,건조,맑음,교차로 - 교차로안,승용,남,19세,상해없음,이륜,남,22세,경상
2018040800100072,2018년 4월 8일 05시,일요일,부산광역시 영도구 청학동,중상사고,0,1,0,0,차대사람 - 길가장자리구역통행중,안전운전불이행,건조,맑음,단일로 - 기타,승용,남,37세,상해없음,보행자,남,62세,중상
2018040800100073,2018년 4월 8일 05시,일요일,부산광역시 기장군 기장읍,경상사고,0,0,2,0,차대차 - 추돌,안전거리미확보,건조,맑음,단일로 - 기타,승용,남,43세,상해없음,승용,남,42세,경상
2018040800100159,2018년 4월 8일 11시,일요일,부산광역시 부산진구 전포동,부상신고사고,0,0,0,1,차대차 - 기타,안전운전불이행,건조,맑음,단일로 - 기타,이륜,남,20세,부상신고,승용,남,61세,상해없음
2018040800100175,2018년 4월 8일 12시,일요일,부산광역시 금정구 구서동,경상사고,0,0,1,0,차대차 - 측면충돌,교차로운행방법위반,건조,맑음,교차로 - 교차로안,원동기,남,26세,경상,승용,남,74세,상해없음
2018040800100232,2018년 4월 8일 14시,일요일,부산광역시 서구 아미동1가,경상사고,0,0,1,0,차대차 - 측면충돌,교차로운행방법위반,건조,맑음,교차로 - 교차로안,승합,남,70세,상해없음,승용,남,27세,경상
2018040800100295,2018년 4월 8일 16시,일요일,부산광역시 부산진구 부전동,경상사고,0,0,1,0,차대사람 - 횡단중,보행자보호의무위반,건조,맑음,단일로 - 기타,승용,남,37세,상해없음,보행자,여,12세,경상
2018040800100370,2018년 4월 8일 18시,일요일,부산광역시 서구 충무동1가,중상사고,0,1,0,0,차대차 - 측면충돌,안전거리미확보,건조,맑음,단일로 - 기타,승용,남,50세,상해없음,이륜,남,37세,중상
2018040800100371,2018년 4월 8일 18시,일요일,부산광역시 동래구 명륜동,부상신고사고,0,0,0,1,차대차 - 측면충돌,안전운전불이행,건조,맑음,단일로 - 기타,이륜,남,46세,부상신고,승용,남,66세,상해없음
2018040800100403,2018년 4월 8일 19시,일요일,부산광역시 동래구 온천동,중상사고,0,1,0,0,차대차 - 측면충돌,신호위반,건조,맑음,교차로 - 교차로안,승용,여,48세,상해없음,사륜오토바이(ATV),남,56세,중상
2018040800100438,2018년 4월 8일 20시,일요일,부산광역시 사상구 덕포동,경상사고,0,0,1,0,차대차 - 측면충돌,교차로운행방법위반,건조,맑음,교차로 - 교차로안,승용,남,44세,상해없음,이륜,남,22세,경상
2018040800100439,2018년 4월 8일 20시,일요일,부산광역시 기장군 기장읍,경상사고,0,0,1,0,차대차 - 측면충돌,안전운전불이행,건조,맑음,단일로 - 기타,승용,남,18세,상해없음,승용,남,43세,경상
2018040800100454,2018년 4월 8일 21시,일요일,부산광역시 사상구 모라동,경상사고,0,0,1,0,차대차 - 측면충돌,기타,건조,맑음,교차로 - 교차로안,이륜,남,51세,경상,화물,남,46세,상해없음
2018040800100471,2018년 4월 8일 22시,일요일,부산광역시 사하구 하단동,경상사고,0,0,2,0,차대차 - 기타,안전운전불이행,건조,맑음,단일로 - 기타,승용,남,74세,상해없음,승용,남,30세,상해없음
2018040800100490,2018년 4월 8일 23시,일요일,부산광역시 사하구 하단동,중상사고,0,1,0,0,차대사람 - 기타,안전운전불이행,건조,맑음,주차장 - 주차장,승용,남,28세,상해없음,보행자,남,64세,중상
2018040900100020,2018년 4월 9일 01시,월요일,부산광역시 해운대구 재송동,중상사고,0,1,1,0,차대차 - 추돌,안전거리미확보,건조,맑음,교차로 - 교차로부근,승용,여,49세,상해없음,승용,남,40세,중상
2018040900100039,2018년 4월 9일 05시,월요일,부산광역시 서구 충무동1가,경상사고,0,0,2,0,차대차 - 측면충돌,안전운전불이행,건조,맑음,교차로 - 교차로안,승용,남,61세,경상,승용,남,25세,경상
2018040900100040,2018년 4월 9일 05시,월요일,부산광역시 북구 금곡동,중상사고,0,1,0,0,차대사람 - 기타,안전운전불이행,건조,맑음,단일로 - 기타,승용,여,52세,상해없음,보행자,남,56세,중상
2018040900100041,2018년 4월 9일 05시,월요일,부산광역시 부산진구 가야동,경상사고,0,0,1,0,차대사람 - 보도통행중,기타,건조,맑음,단일로 - 기타,승용,남,70세,상해없음,보행자,여,70세,경상