사고번호,사고일시,요일,시군구,사고내용,사망자수,중상자수,경상자수,부상신고자수,사고유형,법규위반,노면상태,기상상태,도로형태,가해운전자 차종,가해운전자 성별,가해운전자 연령,가해운전자 상해정도,피해운전자 차종,피해운전자 성별,피해운전자 연령,피해운전자 상해정도
2018041600100163,2018년 4월 16일 09시,월요일,부산광역시 수영구 광안동,경상사고,0,0,1,0,차대사람 - 횡단중,신호위반,건조,맑음,교차로 - 교차로안,화물,남,56세,상해없음,보행자,여,71세,경상
2018041600100164,2018년 4월 16일 09시,월요일,부산광역시 사하구 괴정동,경상사고,0,0,2,0,차대차 - 측면충돌,신호위반,건조,맑음,단일로 - 기타,승용,남,23세,상해없음,화물,남,26세,경상
2018041600100165,2018년 4월 16일 09시,월요일,부산광역시 강서구 지사동,경상사고,0,0,1,0,차대차 - 정면충돌,안전운전불이행,건조,맑음,단일로 - 기타,승용,남,65세,상해없음,화물,남,38세,경상
2018041600100190,2018년 4월 16일 10시,월요일,부산광역시 사상구 학장동,중상사고,0,1,0,0,차대차 - 측면충돌,신호위반,건조,맑음,단일로 - 지하차도(도로)내,승용,남,74세,상해없음,이륜,남,64세,중상
2018041600100216,2018년 4월 16일 11시,월요일,부산광역시 사상구 삼락동,경상사고,0,0,3,0,차대차 - 측면충돌,기타,건조,맑음,단일로 - 지하차도(도로)내,승용,남,62세,경상,화물,남,32세,경상
2018041600100244,2018년 4월 16일 12시,월요일,부산광역시 동래구 사직동,경상사고,0,0,1,0,차대사람 - 길가장자리구역통행중,안전운전불이행,건조,맑음,단일로 - 기타,이륜,기타불명,미분류,기타불명,보행자,남,53세,경상
2018041600100245,2018년 4월 16일 12시,월요일,부산광역시 금정구 서동,경상사고,0,0,1,0,차대차 - 측면충돌,안전운전불이행,건조,맑음,교차로 - 교차로안,승용,남,46세,상해없음,화물,남,44세,경상
2018041600100277,2018년 4월 16일 13시,월요일,부산광역시 부산진구 전포동,경상사고,0,0,1,0,차대차 - 기타,안전운전불이행,건조,맑음,교차로 - 교차로안,승용,남,28세,상해없음,이륜,남,25세,경상
2018041600100310,2018년 4월 16일 14시,월요일,부산광역시 금정구 장전동,중상사고,0,1,0,0,차대사람 - 횡단중,안전운전불이행,건조,맑음,교차로 - 교차로부근,승용,남,63세,상해없음,보행자,여,27세,중상
2018041600100374,2018년 4월 16일 16시,월요일,부산광역시 해운대구 우동,경상사고,0,0,1,0,차대차 - 측면충돌,안전거리미확보,건조,맑음,단일로 - 기타,승용,여,41세,상해없음,승용,남,37세,경상
2018041600100375,2018년 4월 16일 16시,월요일,부산광역시 강서구 대저1동,중상사고,0,1,0,0,차대차 - 측면충돌,안전거리미확보,건조,맑음,단일로 - 기타,화물,남,48세,상해없음,승용,여,59세,중상
2018041600100409,2018년 4월 16일 17시,월요일,부산광역시 서구 동대신동2가,경상사고,0,0,1,0,차대차 - 후진중충돌,불법유턴,건조,맑음,단일로 - 기타,승용,남,42세,상해없음,원동기,남,72세,경상
2018041600100410,2018년 4월 16일 17시,월요일,부산광역시 해운대구 재송동,중상사고,0,1,0,0,차대사람 - 횡단중,불법유턴,건조,맑음,교차로 - 교차로부근,승용,남,42세,상해없음,보행자,남,25세,중상
2018041600100452,2018년 4월 16일 18시,월요일,부산광역시 사하구 하단동,중상사고,0,1,1,0,차대사람 - 횡단중,신호위반,건조,맑음,교차로 - 교차로횡단보도내,승용,여,31세,상해없음,보행자,남,8세,중상
2018041600100492,2018년 4월 16일 19시,월요일,부산광역시 남구 대연동,경상사고,0,0,1,0,차대차 - 측면충돌,신호위반,건조,맑음,교차로 - 교차로부근,이륜,남,49세,상해없음,승용,남,62세,경상
2018041600100493,2018년 4월 16일 19시,월요일,부산광역시 북구 구포동,경상사고,0,0,1,0,차대차 - 추돌,안전운전불이행,건조,맑음,교차로 - 교차로안,승용,남,46세,상해없음,승용,여,54세,경상
2018041600100494,2018년 4월 16일 19시,월요일,부산광역시 부산진구 전포동,경상사고,0,0,1,0,차대사람 - 횡단중,안전운전불이행,건조,맑음,교차로 - 교차로안,승용,남,49세,상해없음,보행자,여,75세,경상
2018041600100495,2018년 4월 16일 19시,월요일,부산광역시 강서구 송정동,중상사고,0,1,0,0,차대차 - 기타,안전운전불이행,건조,맑음,교차로 - 교차로부근,승용,여,60세,상해없음,자전거,남,34세,중상
2018041600100554,2018년 4월 16일 21시,월요일,부산광역시 북구 덕천동,중상사고,0,1,0,0,차대차 - 정면충돌,신호위반,건조,맑음,교차로 - 교차로안,화물,남,55세,상해없음,이륜,남,19세,중상
2018041600100555,2018년 4월 16일 21시,월요일,부산광역시 사하구 다대동,경상사고,0,0,1,0,차대차 - 측면충돌,안전운전불이행,건조,맑음,단일로 - 기타,승용,남,40세,상해없음,승용,남,56세,경상
2018041600100581,2018년 4월 16일 22시,월요일,부산광역시 사하구 다대동,중상사고,0,1,0,0,차대차 - 측면충돌,교차로운행방법위반,건조,맑음,교차로 - 교차로안,승용,남,40세,상해없음,승용,남,35세,중상
2018041600100599,2018년 4월 16일 23시,월요일,부산광역시 중구 남포동5가,중상사고,0,1,0,0,차대차 - 기타,안전거리미확보,건조,맑음,단일로 - 기타,승용,남,55세,상해없음,이륜,남,40세,중상
2018041600100600,2018년 4월 16일 23시,월요일,부산광역시 수영구 민락동,중상사고,0,1,0,0,차대차 - 측면충돌,신호위반,건조,맑음,교차로 - 교차로안,승용,남,31세,상해없음,이륜,남,20세,중상
2018041600100601,2018년 4월 16일 23시,월요일,부산광역시 연제구 연산동,중상사고,0,1,0,0,차대차 - 측면충돌,중앙선침범,건조,맑음,단일로 - 기타,승용,남,33세,상해없음,승용,남,63세,중상
2018041700100018,2018년 4월 17일 01시,화요일,부산광역시 연제구 연산동,경상사고,0,0,1,0,차대사람 - 횡단중,신호위반,건조,맑음,교차로 - 교차로횡단보도내,승용,남,58세,상해없음,보행자,남,21세,경상
2018041700100025,2018년 4월 17일 02시,화요일,부산광역시 해운대구 좌동,사망사고,1,0,1,0,차량단독 - 공작물충돌,과속,건조,맑음,단일로 - 기타,승용,남,19세,사망,,,,
2018041700100048,2018년 4월 17일 05시,화요일,부산광역시 영도구 동삼동,경상사고,0,0,2,0,차대차 - 정면충돌,중앙선침범,건조,맑음,단일로 - 기타,승용,남,44세,상해없음,승용,여,54세,경상
2018041700100058,2018년 4월 17일 06시,화요일,부산광역시 강서구 송정동,경상사고,0,0,1,0,차대차 - 측면충돌,신호위반,건조,맑음,교차로 - 교차로안,승용,남,50세,상해없음,승용,남,50세,경상
2018041700100070,2018년 4월 17일 07시,화요일,부산광역시 남구 용호동,경상사고,0,0,1,0,차대차 - 측면충돌,교차로운행방법위반,건조,맑음,교차로 - 교차로안,승용,여,45세,상해없음,자전거,남,41세,경상
2018041700100071,2018년 4월 17일 07시,화요일,부산광역시 수영구 광안동,경상사고,0,0,1,0,차대차 - 기타,교차로운행방법위반,건조,맑음,단일로 - 기타,원동기,남,30세,상해없음,승합,남,45세,상해없음
2018041700100072,2018년 4월 17일 07시,화요일,부산광역시 부산진구 개금동,경상사고,0,0,1,0,차대차 - 측면충돌,안전운전불이행,건조,맑음,단일로 - 기타,승용,여,38세,경상,건설기계,남,37세,상해없음
2018041700100073,2018년 4월 17일 07시,화요일,부산광역시 사상구 감전동,경상사고,0,0,1,0,차대차 - 측면충돌,차로위반,건조,맑음,단일로 - 지하차도(도로)내,화물,남,34세,상해없음,승용,여,27세,경상
2018041700100097,2018년 4월 17일 08시,화요일,부산광역시 부산진구 부전동,경상사고,0,0,1,0,차대사람 - 횡단중,보행자보호의무위반,건조,맑음,교차로 - 교차로횡단보도내,승용,여,53세,상해없음,보행자,여,21세,경상
2018041700100098,2018년 4월 17일 08시,화요일,부산광역시 부산진구 양정동,중상사고,0,1,0,0,차대차 - 측면충돌,교차로운행방법위반,건조,맑음,교차로 - 교차로안,승용,남,57세,상해없음,승용,남,54세,상해없음
2018041700100135,2018년 4월 17일 09시,화요일,부산광역시 동구 수정동,경상사고,0,0,1,0,차대사람 - 횡단중,보행자보호의무위반,건조,맑음,교차로 - 교차로부근,화물,남,55세,상해없음,보행자,여,44세,경상
2018041700100136,2018년 4월 17일 09시,화요일,부산광역시 해운대구 좌동,중상사고,0,1,0,0,차대사람 - 횡단중,안전운전불이행,건조,맑음,단일로 - 기타,승용,남,53세,상해없음,보행자,여,66세,중상
2018041700100173,2018년 4월 17일 10시,화요일,부산광역시 동구 초량동,중상사고,0,1,1,0,차대차 - 추돌,안전거리미확보,건조,맑음,기타 - 기타,화물,남,31세,상해없음,화물,남,52세,중상
2018041700100198,2018년 4월 17일 11시,화요일,부산광역시 금정구 구서동,중상사고,0,3,0,0,차대차 - 기타,안전거리미확보,건조,맑음,단일로 - 기타,승용,남,69세,중상,화물,남,52세,상해없음
2018041700100199,2018년 4월 17일 11시,화요일,부산광역시 사상구 감전동,경상사고,0,0,1,0,차대차 - 추돌,안전운전불이행,건조,맑음,단일로 - 지하차도(도로)내,특수,남,38세,상해없음,승용,남,44세,경상
2018041700100262,2018년 4월 17일 13시,화요일,부산광역시 중구 남포동5가,중상사고,0,4,2,2,차대차 - 측면충돌,안전운전불이행,건조,맑음,단일로 - 기타,승용,남,66세,상해없음,화물,남,38세,상해없음
2018041700100263,2018년 4월 17일 13시,화요일,부산광역시 동래구 온천동,중상사고,0,1,0,0,차대사람 - 기타,보행자보호의무위반,건조,맑음,교차로 - 교차로부근,승합,남,63세,상해없음,보행자,남,52세,중상
2018041700100264,2018년 4월 17일 13시,화요일,부산광역시 부산진구 초읍동,중상사고,0,1,0,0,차대차 - 기타,교차로운행방법위반,건조,맑음,교차로 - 교차로안,자전거,남,46세,중상,승용,남,60세,상해없음
2018041700100294,2018년 4월 17일 14시,화요일,부산광역시 수영구 남천동,경상사고,0,0,1,0,차대사람 - 횡단중,보행자보호의무위반,건조,맑음,교차로 - 교차로횡단보도내,승용,남,47세,상해없음,보행자,남,51세,경상
2018041700100295,2018년 4월 17일 14시,화요일,부산광역시 부산진구 당감동,경상사고,0,0,1,0,차대사람 - 기타,안전운전불이행,건조,맑음,단일로 - 기타,화물,남,61세,상해없음,보행자,남,37세,경상
2018041700100331,2018년 4월 17일 15시,화요일,부산광역시 서구 서대신동2가,경상사고,0,0,2,0,차대차 - 측면충돌,차로위반,건조,맑음,단일로 - 기타,승용,남,69세,상해없음,승용,남,23세,경상
2018041700100332,2018년 4월 17일 15시,화요일,부산광역시 해운대구 반송동,경상사고,0,0,3,0,차대차 - 측면충돌,안전운전불이행,건조,맑음,단일로 - 기타,승용,남,50세,상해없음,승용,여,39세,경상
2018041700100333,2018년 4월 17일 15시,화요일,부산광역시 금정구 부곡동,중상사고,0,1,0,0,차대사람 - 횡단중,보행자보호의무위반,건조,맑음,교차로 - 교차로안,화물,남,51세,상해없음,보행자,여,76세,중상
2018041700100369,2018년 4월 17일 16시,화요일,부산광역시 부산진구 당감동,경상사고,0,0,5,0,차대차 - 측면충돌,과속,건조,맑음,단일로 - 기타,승용,남,27세,상해없음,승용,여,34세,경상
2018041700100412,2018년 4월 17일 17시,화요일,부산광역시 해운대구 반여동,부상신고사고,0,0,0,1,차대사람 - 횡단중,보행자보호의무위반,건조,맑음,단일로 - 기타,승용,여,37세,상해없음,보행자,남,6세,부상신고
2018041700100453,2018년 4월 17일 18시,화요일,부산광역시 동래구 명륜동,경상사고,0,0,1,0,차대차 - 측면충돌,안전운전불이행,건조,맑음,교차로 - 교차로안,승용,여,62세,상해없음,승용,여,37세,경상
2018041700100454,2018년 4월 17일 18시,화요일,부산광역시 강서구 강동동,경상사고,0,0,1,0,차대차 - 측면충돌,안전운전불이행,건조,맑음,단일로 - 기타,승용,여,57세,상해없음,자전거,남,19세,경상
2018041700100484,2018년 4월 17일 19시,화요일,부산광역시 사상구 괘법동,경상사고,0,0,2,1,차대차 - 측면충돌,차로위반,건조,맑음,단일로 - 기타,승용,남,63세,부상신고,승용,남,57세,경상
2018041700100553,2018년 4월 17일 21시,화요일,부산광역시 해운대구 반여동,경상사고,0,0,1,0,차대차 - 측면충돌,안전운전불이행,건조,맑음,교차로 - 교차로안,승용,남,54세,기타불명,이륜,남,21세,경상
2018041700100554,2018년 4월 17일 21시,화요일,부산광역시 부산진구 부전동,중상사고,0,1,0,0,차대사람 - 기타,안전운전불이행,건조,맑음,교차로 - 교차로부근,승용,여,69세,상해없음,보행자,남,42세,중상
2018041700100597,2018년 4월 17일 23시,화요일,부산광역시 사하구 하단동,경상사고,0,0,1,0,차대사람 - 차도통행중,안전운전불이행,건조,맑음,기타 - 기타,승용,남,59세,상해없음,보행자,여,55세,경상
2018041800100021,2018년 4월 18일 01시,수요일,부산광역시 사상구 모라동,경상사고,0,0,2,0,차대차 - 추돌,안전운전불이행,건조,맑음,단일로 - 지하차도(도로)내,승용,남,26세,상해없음,화물,남,57세,경상
2018041800100036,2018년 4월 18일 03시,수요일,부산광역시 중구 남포동6가,경상사고,0,0,1,0,차대차 - 추돌,안전운전불이행,건조,맑음,교차로 - 교차로부근,자전거,남,29세,경상,승용,남,56세,상해없음
2018041800100040,2018년 4월 18일 04시,수요일,부산광역시 부산진구 범천동,경상사고,0,0,1,0,차대차 - 측면충돌,신호위반,건조,맑음,교차로 - 교차로안,승용,남,72세,상해없음,화물,남,68세,경상
2018041800100054,2018년 4월 18일 06시,수요일,부산광역시 북구 구포동,중상사고,0,1,0,0,차대차 - 기타,안전거리미확보,건조,맑음,단일로 - 기타,화물,남,60세,상해없음,승합,남,51세,상해없음
2018041800100072,2018년 4월 18일 07시,수요일,부산광역시 동래구 명장동,경상사고,0,0,1,0,차대차 - 측면충돌,안전운전불이행,건조,맑음,단일로 - 기타,자전거,남,13세,경상,승용,여,43세,상해없음
2018041800100073,2018년 4월 18일 07시,수요일,부산광역시 사상구 감전동,부상신고사고,0,0,0,1,차대차 - 측면충돌,안전운전불이행,건조,맑음,단일로 - 기타,이륜,여,48세,부상신고,화물,남,67세,상해없음
2018041800100113,2018년 4월 18일 08시,수요일,부산광역시 동래구 온천동,경상사고,0,0,1,0,차대사람 - 횡단중,보행자보호의무위반,건조,맑음,교차로 - 교차로부근,승용,여,38세,상해없음,보행자,여,14세,경상
2018041800100114,2018년 4월 18일 08시,수요일,부산광역시 강서구 송정동,경상사고,0,0,1,0,차대차 - 측면충돌,안전거리미확보,건조,맑음,단일로 - 기타,건설기계,남,60세,상해없음,승용,여,47세,경상
2018041800100156,2018년 4월 18일 09시,수요일,부산광역시 해운대구 반송동,경상사고,0,0,1,0,차대차 - 추돌,안전운전불이행,건조,맑음,단일로 - 기타,승용,남,54세,상해없음,승용,여,35세,경상
2018041800100157,2018년 4월 18일 09시,수요일,부산광역시 수영구 수영동,경상사고,0,0,1,0,차대차 - 측면충돌,안전운전불이행,건조,맑음,단일로 - 기타,승용,남,34세,상해없음,자전거,여,50세,경상
2018041800100158,2018년 4월 18일 09시,수요일,부산광역시 사상구 모라동,경상사고,0,0,2,0,차대차 - 측면충돌,차로위반,건조,맑음,단일로 - 기타,승용,남,39세,경상,승용,여,29세,경상
2018041800100194,2018년 4월 18일 10시,수요일,부산광역시 강서구 명지동,경상사고,0,0,2,0,차대차 - 추돌,안전운전불이행,건조,맑음,단일로 - 기타,승용,남,42세,상해없음,화물,남,60세,경상
2018041800100195,2018년 4월 18일 10시,수요일,부산광역시 강서구 봉림동,경상사고,0,0,2,0,차대차 - 추돌,안전운전불이행,건조,맑음,단일로 - 기타,승용,남,34세,상해없음,승용,남,59세,경상
2018041800100218,2018년 4월 18일 11시,수요일,부산광역시 동래구 사직동,경상사고,0,0,1,0,차대차 - 측면충돌,교차로운행방법위반,건조,맑음,교차로 - 교차로안,원동기,남,69세,경상,승용,남,48세,상해없음
2018041800100219,2018년 4월 18일 11시,수요일,부산광역시 연제구 거제동,경상사고,0,0,1,0,차대차 - 측면충돌,신호위반,건조,맑음,교차로 - 교차로안,화물,남,45세,상해없음,승용,남,25세,경상
2018041800100220,2018년 4월 18일 11시,수요일,부산광역시 수영구 수영동,중상사고,0,1,0,0,차대사람 - 횡단중,안전운전불이행,건조,맑음,교차로 - 교차로안,승용,남,64세,기타불명,보행자,남,47세,중상
2018041800100241,2018년 4월 18일 12시,수요일,부산광역시 남구 대연동,중상사고,0,1,0,0,차대사람 - 횡단중,신호위반,건조,맑음,단일로 - 기타,승용,여,49세,상해없음,보행자,여,21세,중상
2018041800100242,2018년 4월 18일 12시,수요일,부산광역시 사상구 학장동,부상신고사고,0,0,0,1,차대차 - 기타,차로위반,건조,맑음,단일로 - 기타,이륜,남,15세,부상신고,이륜,남,53세,상해없음
2018041800100297,2018년 4월 18일 14시,수요일,부산광역시 북구 구포동,중상사고,0,1,0,0,차대차 - 추돌,안전거리미확보,건조,맑음,단일로 - 교량,화물,남,45세,상해없음,화물,남,75세,중상
2018041800100298,2018년 4월 18일 14시,수요일,부산광역시 동래구 낙민동,경상사고,0,0,2,0,차대차 - 추돌,안전거리미확보,건조,맑음,단일로 - 기타,승용,남,59세,상해없음,승용,남,26세,경상
2018041800100299,2018년 4월 18일 14시,수요일,부산광역시 해운대구 좌동,경상사고,0,0,1,0,차대사람 - 횡단중,안전운전불이행,건조,맑음,교차로 - 교차로부근,승용,여,51세,상해없음,보행자,남,7세,경상
2018041800100326,2018년 4월 18일 15시,수요일,부산광역시 서구 토성동2가,중상사고,0,1,0,0,차대차 - 측면충돌,교차로운행방법위반,건조,맑음,교차로 - 교차로안,승용,남,41세,상해없음,자전거,남,46세,중상
2018041800100327,2018년 4월 18일 15시,수요일,부산광역시 금정구 구서동,경상사고,0,0,1,0,차대차 - 측면충돌,안전거리미확보,건조,맑음,단일로 - 기타,승용,남,42세,상해없음,승용,남,33세,경상
2018041800100366,2018년 4월 18일 16시,수요일,부산광역시 연제구 연산동,중상사고,0,1,0,0,차대차 - 측면충돌,안전운전불이행,건조,맑음,단일로 - 기타,승합,남,61세,상해없음,이륜,남,69세,중상
2018041800100411,2018년 4월 18일 17시,수요일,부산광역시 북구 금곡동,경상사고,0,0,1,0,차대차 - 측면충돌,차로위반,건조,맑음,단일로 - 기타,승용,남,55세,상해없음,승용,여,52세,경상
2018041800100412,2018년 4월 18일 17시,수요일,부산광역시 동래구 사직동,부상신고사고,0,0,0,1,차대차 - 측면충돌,안전거리미확보,건조,맑음,단일로 - 기타,승용,남,44세,상해없음,자전거,남,42세,부상신고
2018041800100413,2018년 4월 18일 17시,수요일,부산광역시 영도구 동삼동,중상사고,0,1,0,0,차대사람 - 횡단중,안전운전불이행,건조,맑음,단일로 - 기타,승합,남,65세,상해없음,보행자,남,70세,중상
2018041800100414,2018년 4월 18일 17시,수요일,부산광역시 금정구 금사동,중상사고,0,1,0,0,차대차 - 기타,안전운전불이행,건조,맑음,교차로 - 교차로부근,화물,남,44세,상해없음,자전거,여,61세,중상
2018041800100415,2018년 4월 18일 17시,수요일,부산광역시 기장군 기장읍,경상사고,0,0,1,0,차대차 - 측면충돌,안전운전불이행,건조,맑음,단일로 - 기타,화물,남,39세,상해없음,승용,여,49세,상해없음
2018041800100457,2018년 4월 18일 18시,수요일,부산광역시 강서구 식만동,중상사고,0,2,1,0,차대차 - 추돌,안전운전불이행,건조,맑음,단일로 - 기타,화물,남,45세,상해없음,승용,여,53세,중상
2018041800100458,2018년 4월 18일 18시,수요일,부산광역시 기장군 기장읍,중상사고,0,1,0,0,차대사람 - 횡단중,보행자보호의무위반,건조,맑음,단일로 - 기타,화물,남,48세,상해없음,보행자,남,70세,중상
2018041800100520,2018년 4월 18일 20시,수요일,부산광역시 북구 만덕동,부상신고사고,0,0,0,1,차량단독 - 기타,안전운전불이행,건조,맑음,단일로 - 기타,승합,남,25세,상해없음,,,,
2018041800100559,2018년 4월 18일 21시,수요일,부산광역시 사하구 하단동,경상사고,0,0,1,0,차대사람 - 횡단중,신호위반,건조,맑음,단일로 - 기타,승용,남,48세,상해없음,보행자,남,65세,경상
2018041800100592,2018년 4월 18일 22시,수요일,부산광역시 부산진구 가야동,경상사고,0,0,1,0,차대사람 - 횡단중,보행자보호의무위반,건조,맑음,교차로 - 교차로부근,승용,남,31세,상해없음,보행자,여,7세,경상
2018041800100593,2018년 4월 18일 22시,수요일,부산광역시 부산진구 개금동,경상사고,0,0,2,0,차대차 - 기타,안전운전불이행,건조,맑음,단일로 - 기타,승용,남,69세,상해없음,화물,남,37세,경상
2018041900100007,2018년 4월 19일 00시,목요일,부산광역시 수영구 남천동,중상사고,0,2,1,0,차대차 - 측면충돌,신호위반,건조,맑음,교차로 - 교차로안,승용,남,67세,경상,승용,남,55세,중상
2018041900100030,2018년 4월 19일 01시,목요일,부산광역시 남구 대연동,경상사고,0,0,2,0,차대차 - 기타,안전운전불이행,건조,맑음,단일로 - 기타,승용,남,75세,경상,승용,남,48세,경상
2018041900100061,2018년 4월 19일 06시,목요일,부산광역시 동구 초량동,중상사고,0,1,0,0,차대사람 - 횡단중,안전운전불이행,건조,맑음,교차로 - 교차로안,승용,남,63세,상해없음,보행자,여,61세,중상
2018041900100062,2018년 4월 19일 06시,목요일,부산광역시 동래구 낙민동,경상사고,0,0,1,0,차대차 - 추돌,안전운전불이행,건조,맑음,단일로 - 기타,승용,남,59세,상해없음,승용,남,36세,경상
2018041900100112,2018년 4월 19일 08시,목요일,부산광역시 기장군 기장읍,경상사고,0,0,1,0,차대차 - 측면충돌,안전운전불이행,건조,맑음,단일로 - 기타,승용,여,46세,상해없음,화물,남,58세,경상
2018041900100148,2018년 4월 19일 09시,목요일,부산광역시 남구 대연동,경상사고,0,0,1,0,차대사람 - 길가장자리구역통행중,안전운전불이행,건조,맑음,기타 - 기타,승용,남,32세,상해없음,보행자,여,20세,경상
2018041900100172,2018년 4월 19일 10시,목요일,부산광역시 부산진구 부전동,중상사고,0,1,0,0,차대사람 - 기타,안전운전불이행,건조,맑음,단일로 - 기타,승용,여,62세,상해없음,보행자,남,83세,중상
2018041900100201,2018년 4월 19일 11시,목요일,부산광역시 수영구 망미동,경상사고,0,0,1,0,차대사람 - 보도통행중,보행자보호의무위반,건조,맑음,교차로 - 교차로횡단보도내,건설기계,남,57세,상해없음,보행자,남,63세,경상
2018041900100202,2018년 4월 19일 11시,목요일,부산광역시 강서구 명지동,경상사고,0,0,1,0,차대차 - 측면충돌,교차로운행방법위반,건조,맑음,교차로 - 교차로안,승용,남,66세,상해없음,승용,여,34세,경상
2018041900100231,2018년 4월 19일 12시,목요일,부산광역시 기장군 정관읍,경상사고,0,0,1,0,차대차 - 기타,안전운전불이행,건조,맑음,단일로 - 기타,화물,남,60세,상해없음,자전거,남,64세,경상
2018041900100254,2018년 4월 19일 13시,목요일,부산광역시 수영구 광안동,중상사고,0,1,0,0,차대사람 - 횡단중,보행자보호의무위반,건조,맑음,교차로 - 교차로부근,승용,남,25세,상해없음,보행자,여,80세,중상
2018041900100255,2018년 4월 19일 13시,목요일,부산광역시 북구 덕천동,경상사고,0,0,1,0,차대차 - 기타,차로위반,건조,맑음,단일로 - 기타,승용,남,79세,상해없음,승용,여,53세,경상
2018041900100287,2018년 4월 19일 14시,목요일,부산광역시 사상구 덕포동,경상사고,0,0,1,0,차대차 - 측면충돌,안전운전불이행,건조,맑음,단일로 - 기타,사륜오토바이(ATV),여,54세,경상,승합,남,23세,상해없음
2018041900100362,2018년 4월 19일 16시,목요일,부산광역시 서구 동대신동1가,경상사고,0,0,3,0,차대차 - 추돌,안전운전불이행,건조,맑음,단일로 - 기타,승합,남,44세,경상,승합,남,28세,경상
2018041900100363,2018년 4월 19일 16시,목요일,부산광역시 영도구 청학동,경상사고,0,0,1,0,차대차 - 후진중충돌,안전운전불이행,건조,맑음,단일로 - 기타,화물,남,49세,상해없음,이륜,남,59세,경상
2018041900100364,2018년 4월 19일 16시,목요일,부산광역시 부산진구 양정동,중상사고,0,1,0,0,차대사람 - 횡단중,안전운전불이행,건조,맑음,단일로 - 기타,승용,남,55세,상해없음,보행자,남,16세,중상
2018041900100365,2018년 4월 19일 16시,목요일,부산광역시 부산진구 부전동,경상사고,0,0,1,0,차대차 - 기타,교차로운행방법위반,건조,맑음,교차로 - 교차로안,승용,남,70세,상해없음,승용,남,61세,상해없음
2018041900100366,2018년 4월 19일 16시,목요일,부산광역시 연제구 거제동,중상사고,0,1,0,0,차대차 - 기타,안전운전불이행,건조,맑음,단일로 - 기타,승용,남,50세,상해없음,승용,여,43세,중상
2018041900100367,2018년 4월 19일 16시,목요일,부산광역시 사상구 감전동,경상사고,0,0,1,0,차대차 - 측면충돌,교차로운행방법위반,건조,맑음,교차로 - 교차로안,승용,남,38세,상해없음,화물,남,31세,경상
2018041900100412,2018년 4월 19일 17시,목요일,부산광역시 동래구 사직동,중상사고,0,1,0,0,차대차 - 기타,교차로운행방법위반,건조,맑음,교차로 - 교차로안,승용,여,40세,상해없음,승합,남,61세,상해없음
2018041900100413,2018년 4월 19일 17시,목요일,부산광역시 사하구 장림동,경상사고,0,0,1,0,차대차 - 기타,차로위반,건조,맑음,단일로 - 기타,화물,남,56세,상해없음,이륜,남,21세,경상
2018041900100452,2018년 4월 19일 18시,목요일,부산광역시 해운대구 반여동,중상사고,0,1,0,0,차대사람 - 기타,안전거리미확보,건조,맑음,단일로 - 기타,화물,남,39세,상해없음,보행자,남,7세,중상
2018041900100499,2018년 4월 19일 19시,목요일,부산광역시 부산진구 부암동,경상사고,0,0,3,0,차대차 - 측면충돌,안전운전불이행,건조,맑음,교차로 - 교차로부근,화물,남,59세,상해없음,승용,남,63세,경상
2018041900100500,2018년 4월 19일 19시,목요일,부산광역시 사하구 하단동,경상사고,0,0,1,0,차대차 - 기타,신호위반,건조,맑음,교차로 - 교차로부근,승용,남,49세,상해없음,이륜,남,56세,경상
2018041900100525,2018년 4월 19일 20시,목요일,부산광역시 해운대구 우동,경상사고,0,0,1,0,차대차 - 측면충돌,교차로운행방법위반,건조,맑음,교차로 - 교차로부근,승용,여,43세,상해없음,승용,남,27세,경상
2018041900100557,2018년 4월 19일 21시,목요일,부산광역시 동구 좌천동,중상사고,0,1,4,0,차대차 - 기타,차로위반,건조,맑음,단일로 - 기타,승용,남,49세,상해없음,승용,남,32세,경상
2018041900100558,2018년 4월 19일 21시,목요일,부산광역시 북구 구포동,중상사고,0,1,0,0,차대차 - 기타,안전운전불이행,건조,맑음,교차로 - 교차로안,승용,남,39세,상해없음,이륜,여,59세,상해없음
2018041900100559,2018년 4월 19일 21시,목요일,부산광역시 동래구 명장동,중상사고,0,1,0,0,차대사람 - 횡단중,신호위반,건조,맑음,단일로 - 기타,승용,남,68세,상해없음,보행자,여,61세,중상
2018041900100560,2018년 4월 19일 21시,목요일,부산광역시 영도구 청학동,경상사고,0,0,1,0,차대차 - 측면충돌,교차로운행방법위반,건조,맑음,교차로 - 교차로안,승용,여,51세,상해없음,승용,남,64세,경상
2018041900100561,2018년 4월 19일 21시,목요일,부산광역시 해운대구 우동,경상사고,0,0,1,0,차대사람 - 기타,안전운전불이행,기타,맑음,단일로 - 기타,자전거,남,15세,상해없음,보행자,여,55세,경상
2018041900100562,2018년 4월 19일 21시,목요일,부산광역시 부산진구 부암동,중상사고,0,2,1,0,차대사람 - 보도통행중,기타,건조,맑음,단일로 - 기타,승용,여,49세,상해없음,보행자,여,67세,경상
2018041900100563,2018년 4월 19일 21시,목요일,부산광역시 기장군 기장읍,부상신고사고,0,0,0,2,차대차 - 기타,안전운전불이행,건조,맑음,단일로 - 기타,승용,남,50세,상해없음,승용,남,44세,상해없음
2018041900100584,2018년 4월 19일 22시,목요일,부산광역시 수영구 민락동,경상사고,0,0,1,0,차대사람 - 횡단중,교차로운행방법위반,건조,맑음,교차로 - 교차로안,원동기,남,20세,상해없음,보행자,여,57세,경상