사고번호,사고일시,요일,시군구,사고내용,사망자수,중상자수,경상자수,부상신고자수,사고유형,법규위반,노면상태,기상상태,도로형태,가해운전자 차종,가해운전자 성별,가해운전자 연령,가해운전자 상해정도,피해운전자 차종,피해운전자 성별,피해운전자 연령,피해운전자 상해정도
2018050100100369,2018년 5월 1일 17시,화요일,부산광역시 동래구 명장동,경상사고,0,0,1,0,차대사람 - 보도통행중,기타,건조,맑음,단일로 - 기타,이륜,남,59세,상해없음,보행자,여,13세,경상
2018050100100391,2018년 5월 1일 18시,화요일,부산광역시 사하구 장림동,중상사고,0,1,2,0,차대차 - 측면충돌,안전운전불이행,건조,맑음,교차로 - 교차로부근,이륜,남,17세,상해없음,승용,남,45세,경상
2018050100100392,2018년 5월 1일 18시,화요일,부산광역시 사하구 다대동,경상사고,0,0,2,0,차대차 - 기타,안전운전불이행,건조,맑음,교차로 - 교차로안,승합,남,76세,상해없음,승용,남,41세,경상
2018050100100393,2018년 5월 1일 18시,화요일,부산광역시 사하구 다대동,경상사고,0,0,1,0,차대차 - 측면충돌,교차로운행방법위반,건조,맑음,교차로 - 교차로안,승용,남,58세,상해없음,승용,여,44세,경상
2018050100100422,2018년 5월 1일 19시,화요일,부산광역시 남구 문현동,중상사고,0,1,0,0,차대사람 - 횡단중,안전운전불이행,건조,맑음,단일로 - 기타,이륜,남,28세,상해없음,보행자,여,47세,중상
2018050100100477,2018년 5월 1일 21시,화요일,부산광역시 부산진구 개금동,경상사고,0,0,1,0,차대차 - 측면충돌,안전거리미확보,건조,맑음,교차로 - 교차로부근,승용,남,71세,상해없음,승용,남,47세,경상
2018050100100478,2018년 5월 1일 21시,화요일,부산광역시 금정구 장전동,중상사고,0,1,0,0,차대차 - 기타,교차로운행방법위반,건조,맑음,교차로 - 교차로안,승용,여,42세,상해없음,이륜,남,24세,중상
2018050100100479,2018년 5월 1일 21시,화요일,부산광역시 연제구 연산동,중상사고,0,2,0,0,차대차 - 기타,신호위반,건조,맑음,교차로 - 교차로안,승용,남,55세,상해없음,승용,남,50세,중상
2018050100100480,2018년 5월 1일 21시,화요일,부산광역시 사상구 덕포동,경상사고,0,0,1,0,차대사람 - 횡단중,안전운전불이행,건조,맑음,단일로 - 기타,승용,여,45세,상해없음,보행자,남,55세,경상
2018050200100028,2018년 5월 2일 02시,수요일,부산광역시 부산진구 부전동,경상사고,0,0,1,0,차대차 - 기타,교차로운행방법위반,젖음/습기,비,교차로 - 교차로부근,승용,남,61세,상해없음,이륜,남,36세,경상
2018050200100037,2018년 5월 2일 03시,수요일,부산광역시 해운대구 우동,중상사고,0,1,0,0,차대차 - 정면충돌,중앙선침범,젖음/습기,비,단일로 - 기타,승용,남,49세,상해없음,화물,남,58세,중상
2018050200100038,2018년 5월 2일 03시,수요일,부산광역시 부산진구 전포동,중상사고,0,1,0,0,차대차 - 측면충돌,안전운전불이행,젖음/습기,비,단일로 - 기타,승용,남,42세,상해없음,승용,남,54세,중상
2018050200100048,2018년 5월 2일 05시,수요일,부산광역시 금정구 장전동,중상사고,0,1,1,0,차대사람 - 횡단중,신호위반,젖음/습기,비,단일로 - 기타,화물,남,41세,상해없음,보행자,여,71세,중상
2018050200100064,2018년 5월 2일 06시,수요일,부산광역시 동구 범일동,중상사고,0,1,1,0,차대차 - 기타,중앙선침범,젖음/습기,비,단일로 - 고가도로위,승용,남,65세,상해없음,승용,남,42세,중상
2018050200100084,2018년 5월 2일 07시,수요일,부산광역시 연제구 연산동,중상사고,0,1,0,0,차대사람 - 횡단중,안전운전불이행,젖음/습기,비,단일로 - 기타,화물,남,72세,상해없음,보행자,여,57세,중상
2018050200100112,2018년 5월 2일 08시,수요일,부산광역시 동구 범일동,경상사고,0,0,2,0,차대차 - 측면충돌,안전운전불이행,젖음/습기,비,단일로 - 기타,승용,남,61세,상해없음,승용,남,53세,경상
2018050200100113,2018년 5월 2일 08시,수요일,부산광역시 동래구 온천동,경상사고,0,0,1,0,차대사람 - 횡단중,신호위반,젖음/습기,비,교차로 - 교차로횡단보도내,승용,남,75세,상해없음,보행자,남,60세,경상
2018050200100114,2018년 5월 2일 08시,수요일,부산광역시 금정구 금사동,경상사고,0,0,1,0,차대사람 - 기타,안전운전불이행,젖음/습기,비,단일로 - 기타,승용,여,50세,상해없음,보행자,여,14세,경상
2018050200100115,2018년 5월 2일 08시,수요일,부산광역시 기장군 정관읍,경상사고,0,0,4,0,차대차 - 측면충돌,신호위반,젖음/습기,비,교차로 - 교차로안,승용,여,37세,상해없음,승용,남,39세,경상
2018050200100168,2018년 5월 2일 09시,수요일,부산광역시 동래구 사직동,경상사고,0,0,2,0,차대차 - 측면충돌,안전운전불이행,젖음/습기,비,교차로 - 교차로부근,건설기계,남,53세,상해없음,승용,남,47세,경상
2018050200100169,2018년 5월 2일 09시,수요일,부산광역시 동래구 명륜동,경상사고,0,0,1,0,차대차 - 측면충돌,차로위반,젖음/습기,비,교차로 - 교차로부근,승용,여,53세,상해없음,화물,남,48세,경상
2018050200100170,2018년 5월 2일 09시,수요일,부산광역시 동래구 온천동,경상사고,0,0,3,0,차대차 - 추돌,안전거리미확보,젖음/습기,비,단일로 - 기타,화물,남,25세,상해없음,승용,남,34세,경상
2018050200100171,2018년 5월 2일 09시,수요일,부산광역시 부산진구 가야동,중상사고,0,1,0,0,차대차 - 측면충돌,안전운전불이행,젖음/습기,비,단일로 - 기타,승용,남,77세,상해없음,승용,남,27세,상해없음
2018050200100234,2018년 5월 2일 11시,수요일,부산광역시 동래구 안락동,경상사고,0,0,1,0,차대차 - 측면충돌,안전운전불이행,건조,맑음,교차로 - 교차로부근,승용,여,49세,상해없음,승용,여,61세,경상
2018050200100261,2018년 5월 2일 12시,수요일,부산광역시 동래구 명장동,중상사고,0,1,0,0,차량단독 - 기타,기타,건조,맑음,단일로 - 기타,승합,남,56세,상해없음,,,,
2018050200100262,2018년 5월 2일 12시,수요일,부산광역시 사하구 하단동,중상사고,0,1,0,0,차대사람 - 보도통행중,보행자보호의무위반,건조,맑음,기타 - 기타,화물,남,57세,상해없음,보행자,여,76세,중상
2018050200100263,2018년 5월 2일 12시,수요일,부산광역시 연제구 거제동,경상사고,0,0,1,0,차대사람 - 횡단중,보행자보호의무위반,건조,맑음,교차로 - 교차로횡단보도내,승용,여,30세,상해없음,보행자,여,20세,경상
2018050200100325,2018년 5월 2일 14시,수요일,부산광역시 동구 초량동,경상사고,0,0,1,0,차대차 - 추돌,안전운전불이행,건조,맑음,단일로 - 기타,승용,남,20세,상해없음,화물,남,39세,경상
2018050200100326,2018년 5월 2일 14시,수요일,부산광역시 동래구 칠산동,경상사고,0,0,1,0,차대차 - 측면충돌,안전운전불이행,건조,맑음,교차로 - 교차로안,승용,남,68세,상해없음,이륜,남,36세,경상
2018050200100361,2018년 5월 2일 15시,수요일,부산광역시 금정구 회동동,경상사고,0,0,1,0,차대사람 - 기타,안전운전불이행,건조,맑음,단일로 - 기타,승용,여,46세,상해없음,보행자,여,18세,경상
2018050200100393,2018년 5월 2일 16시,수요일,부산광역시 해운대구 중동,경상사고,0,0,1,0,차대사람 - 기타,안전운전불이행,건조,맑음,단일로 - 기타,승용,여,57세,상해없음,보행자,남,62세,경상
2018050200100394,2018년 5월 2일 16시,수요일,부산광역시 부산진구 양정동,부상신고사고,0,0,0,1,차대차 - 기타,불법유턴,건조,흐림,단일로 - 기타,자전거,남,41세,부상신고,승용,남,38세,상해없음
2018050200100395,2018년 5월 2일 16시,수요일,부산광역시 사상구 감전동,경상사고,0,0,1,0,차대차 - 측면충돌,교차로운행방법위반,건조,맑음,교차로 - 교차로안,이륜,남,65세,경상,승용,남,27세,상해없음
2018050200100430,2018년 5월 2일 17시,수요일,부산광역시 해운대구 반여동,경상사고,0,0,2,0,차대차 - 측면충돌,교차로운행방법위반,건조,맑음,교차로 - 교차로안,승용,여,62세,경상,승합,남,75세,경상
2018050200100431,2018년 5월 2일 17시,수요일,부산광역시 부산진구 부암동,사망사고,1,0,0,0,차대사람 - 기타,보행자보호의무위반,건조,맑음,교차로 - 교차로부근,승용,남,54세,상해없음,보행자,남,63세,사망
2018050200100432,2018년 5월 2일 17시,수요일,부산광역시 부산진구 양정동,경상사고,0,0,1,0,차대사람 - 기타,안전운전불이행,건조,맑음,단일로 - 기타,승용,여,59세,상해없음,보행자,남,55세,경상
2018050200100433,2018년 5월 2일 17시,수요일,부산광역시 연제구 연산동,중상사고,0,1,0,0,차대사람 - 횡단중,안전운전불이행,건조,맑음,교차로 - 교차로안,승용,남,50세,상해없음,보행자,여,69세,중상
2018050200100464,2018년 5월 2일 18시,수요일,부산광역시 사하구 구평동,경상사고,0,0,1,0,차대사람 - 횡단중,안전운전불이행,건조,맑음,교차로 - 교차로횡단보도내,승용,남,50세,상해없음,보행자,남,34세,경상
2018050200100492,2018년 5월 2일 19시,수요일,부산광역시 부산진구 전포동,중상사고,0,1,0,0,차대차 - 측면충돌,안전거리미확보,건조,맑음,단일로 - 기타,승용,남,34세,상해없음,승용,여,42세,중상
2018050200100526,2018년 5월 2일 20시,수요일,부산광역시 남구 대연동,경상사고,0,0,1,0,차대사람 - 기타,안전운전불이행,건조,맑음,교차로 - 교차로부근,화물,남,58세,상해없음,보행자,남,34세,경상
2018050200100527,2018년 5월 2일 20시,수요일,부산광역시 북구 금곡동,중상사고,0,1,0,0,차대사람 - 기타,안전운전불이행,건조,맑음,단일로 - 기타,승용,남,52세,상해없음,보행자,여,70세,중상
2018050200100528,2018년 5월 2일 20시,수요일,부산광역시 해운대구 반송동,경상사고,0,0,1,0,차대차 - 측면충돌,안전운전불이행,건조,맑음,교차로 - 교차로부근,승합,남,61세,상해없음,승용,여,47세,경상
2018050200100565,2018년 5월 2일 21시,수요일,부산광역시 동구 초량동,중상사고,0,1,0,0,차대사람 - 차도통행중,안전운전불이행,건조,맑음,교차로 - 교차로안,승용,남,50세,상해없음,보행자,여,48세,중상
2018050200100615,2018년 5월 2일 23시,수요일,부산광역시 동래구 온천동,경상사고,0,0,1,0,차대차 - 측면충돌,안전운전불이행,건조,맑음,단일로 - 기타,승용,남,55세,상해없음,승용,남,43세,상해없음
2018050300100028,2018년 5월 3일 01시,목요일,부산광역시 남구 문현동,경상사고,0,0,1,0,차대차 - 측면충돌,안전운전불이행,건조,맑음,단일로 - 기타,승용,남,58세,상해없음,승용,남,25세,경상
2018050300100029,2018년 5월 3일 01시,목요일,부산광역시 연제구 연산동,경상사고,0,0,1,0,차대차 - 측면충돌,안전거리미확보,건조,맑음,단일로 - 기타,승용,남,42세,상해없음,이륜,남,25세,경상
2018050300100045,2018년 5월 3일 03시,목요일,부산광역시 해운대구 우동,중상사고,0,1,2,0,차대차 - 정면충돌,중앙선침범,건조,맑음,단일로 - 기타,승용,남,33세,상해없음,승용,남,49세,중상
2018050300100087,2018년 5월 3일 07시,목요일,부산광역시 사하구 하단동,경상사고,0,0,1,0,차대차 - 기타,안전거리미확보,건조,맑음,단일로 - 기타,화물,남,41세,상해없음,승합,남,43세,경상
2018050300100122,2018년 5월 3일 08시,목요일,부산광역시 부산진구 부전동,경상사고,0,0,1,0,차대차 - 측면충돌,교차로운행방법위반,건조,맑음,교차로 - 교차로안,승용,남,23세,상해없음,승용,여,49세,경상
2018050300100123,2018년 5월 3일 08시,목요일,부산광역시 기장군 기장읍,중상사고,0,1,0,0,차대사람 - 보도통행중,보행자보호의무위반,건조,맑음,교차로 - 교차로안,승용,여,41세,상해없음,보행자,여,72세,중상
2018050300100166,2018년 5월 3일 09시,목요일,부산광역시 동래구 명륜동,경상사고,0,0,1,0,차대차 - 기타,안전운전불이행,건조,맑음,단일로 - 기타,승용,여,50세,상해없음,화물,남,36세,경상
2018050300100194,2018년 5월 3일 10시,목요일,부산광역시 동래구 온천동,경상사고,0,0,2,0,차대차 - 측면충돌,교차로운행방법위반,건조,맑음,교차로 - 교차로부근,건설기계,남,62세,상해없음,승용,남,37세,경상
2018050300100195,2018년 5월 3일 10시,목요일,부산광역시 해운대구 우동,중상사고,0,1,0,0,차대차 - 측면충돌,교차로운행방법위반,건조,맑음,교차로 - 교차로안,승용,남,71세,상해없음,승용,남,37세,중상
2018050300100196,2018년 5월 3일 10시,목요일,부산광역시 부산진구 부전동,경상사고,0,0,1,0,차대차 - 기타,안전거리미확보,건조,맑음,단일로 - 기타,승용,남,67세,상해없음,이륜,남,43세,경상
2018050300100197,2018년 5월 3일 10시,목요일,부산광역시 부산진구 전포동,중상사고,0,1,0,0,차대차 - 기타,신호위반,건조,맑음,단일로 - 기타,승용,남,46세,상해없음,이륜,남,64세,중상
2018050300100223,2018년 5월 3일 11시,목요일,부산광역시 서구 서대신동3가,경상사고,0,0,1,1,차대차 - 측면충돌,안전거리미확보,건조,맑음,단일로 - 기타,승용,남,73세,부상신고,승용,남,60세,경상
2018050300100224,2018년 5월 3일 11시,목요일,부산광역시 북구 구포동,중상사고,0,1,1,0,차량단독 - 기타,안전운전불이행,건조,맑음,단일로 - 기타,승합,남,46세,상해없음,,,,
2018050300100225,2018년 5월 3일 11시,목요일,부산광역시 수영구 망미동,경상사고,0,0,1,0,차대차 - 추돌,교차로운행방법위반,건조,맑음,교차로 - 교차로안,승용,여,35세,상해없음,승용,남,42세,경상
2018050300100250,2018년 5월 3일 12시,목요일,부산광역시 부산진구 범천동,경상사고,0,0,1,0,차대사람 - 기타,안전운전불이행,건조,맑음,단일로 - 기타,승합,남,50세,상해없음,보행자,여,54세,경상
2018050300100279,2018년 5월 3일 13시,목요일,부산광역시 사하구 괴정동,경상사고,0,0,1,0,차대차 - 후진중충돌,안전운전불이행,건조,맑음,단일로 - 기타,승용,남,62세,상해없음,승용,여,36세,경상
2018050300100280,2018년 5월 3일 13시,목요일,부산광역시 연제구 연산동,중상사고,0,1,0,0,차대사람 - 횡단중,보행자보호의무위반,건조,맑음,단일로 - 기타,승용,여,36세,상해없음,보행자,여,82세,중상
2018050300100281,2018년 5월 3일 13시,목요일,부산광역시 기장군 기장읍,경상사고,0,0,1,0,차대차 - 기타,안전운전불이행,건조,맑음,교차로 - 교차로안,승용,남,74세,상해없음,승용,여,50세,경상
2018050300100315,2018년 5월 3일 14시,목요일,부산광역시 사상구 엄궁동,부상신고사고,0,0,0,1,차대차 - 측면충돌,안전운전불이행,건조,맑음,단일로 - 기타,이륜,남,38세,부상신고,승용,여,60세,상해없음
2018050300100346,2018년 5월 3일 15시,목요일,부산광역시 수영구 수영동,경상사고,0,0,1,0,차대차 - 기타,차로위반,건조,맑음,단일로 - 기타,승용,남,71세,상해없음,승용,남,45세,경상
2018050300100347,2018년 5월 3일 15시,목요일,부산광역시 금정구 남산동,중상사고,0,1,0,0,차대차 - 기타,안전거리미확보,건조,맑음,단일로 - 기타,자전거,남,59세,중상,승용,여,55세,상해없음
2018050300100388,2018년 5월 3일 16시,목요일,부산광역시 동구 범일동,중상사고,0,1,0,0,차대차 - 측면충돌,교차로운행방법위반,건조,맑음,교차로 - 교차로안,승용,남,62세,상해없음,원동기,남,38세,중상
2018050300100389,2018년 5월 3일 16시,목요일,부산광역시 북구 덕천동,중상사고,0,1,0,0,차대차 - 측면충돌,안전운전불이행,건조,맑음,교차로 - 교차로안,화물,남,63세,상해없음,승용,남,35세,중상
2018050300100390,2018년 5월 3일 16시,목요일,부산광역시 해운대구 반여동,부상신고사고,0,0,0,1,차대차 - 기타,안전운전불이행,젖음/습기,비,교차로 - 교차로부근,이륜,남,48세,부상신고,승용,남,47세,상해없음
2018050300100391,2018년 5월 3일 16시,목요일,부산광역시 금정구 장전동,경상사고,0,0,1,0,차대사람 - 기타,안전운전불이행,건조,맑음,단일로 - 기타,이륜,남,56세,상해없음,보행자,여,23세,경상
2018050300100480,2018년 5월 3일 18시,목요일,부산광역시 수영구 민락동,경상사고,0,0,1,0,차대차 - 기타,안전운전불이행,건조,맑음,교차로 - 교차로부근,승용,여,31세,상해없음,승용,남,28세,경상
2018050300100481,2018년 5월 3일 18시,목요일,부산광역시 남구 문현동,경상사고,0,0,1,0,차대차 - 측면충돌,신호위반,건조,맑음,교차로 - 교차로안,승용,여,48세,상해없음,이륜,남,19세,경상
2018050300100521,2018년 5월 3일 19시,목요일,부산광역시 중구 보수동1가,중상사고,0,1,0,0,차대차 - 측면충돌,신호위반,건조,맑음,교차로 - 교차로안,화물,남,46세,상해없음,이륜,여,20세,중상
2018050300100522,2018년 5월 3일 19시,목요일,부산광역시 해운대구 재송동,중상사고,0,1,0,0,차대차 - 측면충돌,안전거리미확보,건조,맑음,단일로 - 기타,승용,남,57세,상해없음,이륜,남,39세,중상
2018050300100555,2018년 5월 3일 20시,목요일,부산광역시 북구 금곡동,중상사고,0,1,0,0,차대차 - 측면충돌,안전거리미확보,건조,맑음,단일로 - 지하차도(도로)내,승용,여,28세,상해없음,이륜,남,17세,중상
2018050300100588,2018년 5월 3일 21시,목요일,부산광역시 중구 동광동1가,중상사고,0,1,0,0,차대사람 - 횡단중,보행자보호의무위반,건조,맑음,단일로 - 기타,승용,남,37세,상해없음,보행자,여,25세,중상
2018050300100589,2018년 5월 3일 21시,목요일,부산광역시 남구 문현동,부상신고사고,0,0,0,1,차대차 - 측면충돌,안전운전불이행,건조,맑음,단일로 - 기타,원동기,남,25세,부상신고,승용,남,42세,상해없음
2018050300100647,2018년 5월 3일 23시,목요일,부산광역시 중구 보수동2가,중상사고,0,1,0,0,차대사람 - 횡단중,안전운전불이행,건조,맑음,단일로 - 기타,승용,남,64세,상해없음,보행자,여,55세,중상
2018050400100035,2018년 5월 4일 02시,금요일,부산광역시 부산진구 부전동,경상사고,0,0,1,0,차대차 - 측면충돌,신호위반,건조,맑음,교차로 - 교차로안,승용,남,45세,상해없음,승용,남,64세,경상
2018050400100060,2018년 5월 4일 06시,금요일,부산광역시 사하구 신평동,중상사고,0,2,0,0,차대차 - 측면충돌,교차로운행방법위반,건조,맑음,교차로 - 교차로안,화물,남,25세,상해없음,화물,남,56세,중상
2018050400100076,2018년 5월 4일 07시,금요일,부산광역시 서구 서대신동3가,중상사고,0,1,0,0,차대사람 - 횡단중,보행자보호의무위반,건조,맑음,교차로 - 교차로횡단보도내,승용,남,55세,상해없음,보행자,남,71세,중상
2018050400100077,2018년 5월 4일 07시,금요일,부산광역시 수영구 광안동,중상사고,0,1,0,0,차대차 - 추돌,안전운전불이행,건조,맑음,교차로 - 교차로안,이륜,남,24세,중상,건설기계,남,64세,상해없음
2018050400100183,2018년 5월 4일 10시,금요일,부산광역시 동구 초량동,중상사고,0,1,0,0,차대차 - 기타,신호위반,건조,맑음,단일로 - 기타,승용,남,69세,상해없음,이륜,남,23세,중상
2018050400100184,2018년 5월 4일 10시,금요일,부산광역시 남구 용호동,중상사고,0,1,0,0,차대차 - 측면충돌,안전운전불이행,건조,맑음,교차로 - 교차로안,승용,남,45세,상해없음,이륜,여,46세,중상
2018050400100185,2018년 5월 4일 10시,금요일,부산광역시 사하구 하단동,경상사고,0,0,1,0,차대차 - 기타,신호위반,건조,맑음,교차로 - 교차로안,화물,남,58세,상해없음,승용,남,73세,경상
2018050400100209,2018년 5월 4일 11시,금요일,부산광역시 영도구 대교동2가,경상사고,0,0,1,0,차대사람 - 횡단중,안전운전불이행,건조,맑음,단일로 - 기타,승용,여,54세,상해없음,보행자,남,67세,경상
2018050400100236,2018년 5월 4일 12시,금요일,부산광역시 사상구 덕포동,경상사고,0,0,1,0,차대사람 - 횡단중,보행자보호의무위반,건조,맑음,단일로 - 기타,승용,남,48세,상해없음,보행자,여,5세,경상
2018050400100257,2018년 5월 4일 13시,금요일,부산광역시 남구 대연동,경상사고,0,0,1,0,차대사람 - 차도통행중,안전운전불이행,건조,맑음,단일로 - 기타,승용,여,55세,상해없음,보행자,여,27세,경상
2018050400100258,2018년 5월 4일 13시,금요일,부산광역시 북구 만덕동,경상사고,0,0,3,0,차대차 - 측면충돌,차로위반,건조,맑음,단일로 - 기타,승용,남,67세,상해없음,승용,남,71세,경상
2018050400100302,2018년 5월 4일 14시,금요일,부산광역시 해운대구 반여동,경상사고,0,0,1,0,차대차 - 기타,안전거리미확보,건조,맑음,단일로 - 기타,승용,남,28세,상해없음,승용,남,35세,경상
2018050400100303,2018년 5월 4일 14시,금요일,부산광역시 사하구 다대동,부상신고사고,0,0,0,1,차대차 - 추돌,안전운전불이행,건조,맑음,교차로 - 교차로부근,이륜,남,21세,부상신고,승용,여,53세,상해없음
2018050400100304,2018년 5월 4일 14시,금요일,부산광역시 강서구 대저2동,경상사고,0,0,1,0,차대사람 - 횡단중,보행자보호의무위반,건조,맑음,단일로 - 기타,승용,여,37세,상해없음,보행자,여,41세,경상
2018050400100354,2018년 5월 4일 15시,금요일,부산광역시 북구 덕천동,경상사고,0,0,1,0,차대차 - 측면충돌,차로위반,건조,맑음,단일로 - 기타,승용,남,54세,상해없음,승합,남,62세,상해없음
2018050400100355,2018년 5월 4일 15시,금요일,부산광역시 연제구 연산동,경상사고,0,0,1,0,차대차 - 측면충돌,안전운전불이행,건조,맑음,단일로 - 기타,승용,남,43세,상해없음,승용,남,51세,경상
2018050400100392,2018년 5월 4일 16시,금요일,부산광역시 사하구 구평동,경상사고,0,0,1,0,차대차 - 기타,중앙선침범,건조,맑음,단일로 - 기타,특수,남,54세,상해없음,원동기,남,75세,경상
2018050400100394,2018년 5월 4일 16시,금요일,부산광역시 연제구 거제동,중상사고,0,1,0,0,차대차 - 기타,안전거리미확보,건조,맑음,단일로 - 기타,승용,여,52세,상해없음,승용,여,51세,중상
2018050400100395,2018년 5월 4일 16시,금요일,부산광역시 사상구 덕포동,경상사고,0,0,1,0,차대차 - 측면충돌,차로위반,건조,맑음,단일로 - 기타,승합,남,44세,상해없음,승용,여,65세,경상
2018050400100396,2018년 5월 4일 16시,금요일,부산광역시 기장군 철마면,경상사고,0,0,1,1,차대차 - 기타,안전운전불이행,건조,맑음,단일로 - 기타,승용,남,65세,부상신고,승합,남,66세,경상
2018050400100444,2018년 5월 4일 17시,금요일,부산광역시 동래구 온천동,경상사고,0,0,3,0,차대차 - 측면충돌,차로위반,건조,맑음,교차로 - 교차로부근,건설기계,남,28세,상해없음,승용,여,48세,경상
2018050400100445,2018년 5월 4일 17시,금요일,부산광역시 영도구 대평동2가,중상사고,0,1,0,0,차대사람 - 길가장자리구역통행중,안전운전불이행,건조,맑음,단일로 - 기타,승용,남,61세,상해없음,보행자,남,52세,중상
2018050400100446,2018년 5월 4일 17시,금요일,부산광역시 사하구 하단동,경상사고,0,0,1,0,차대차 - 측면충돌,신호위반,건조,맑음,교차로 - 교차로안,승용,남,41세,상해없음,승합,남,60세,경상
2018050400100447,2018년 5월 4일 17시,금요일,부산광역시 사하구 신평동,부상신고사고,0,0,0,2,차대차 - 기타,안전운전불이행,건조,맑음,기타 - 기타,승합,남,54세,부상신고,승용,남,51세,부상신고
2018050400100497,2018년 5월 4일 18시,금요일,부산광역시 동구 초량동,중상사고,0,4,4,0,차대사람 - 기타,기타,건조,맑음,단일로 - 기타,승용,남,62세,상해없음,보행자,여,38세,중상
2018050400100540,2018년 5월 4일 19시,금요일,부산광역시 남구 대연동,경상사고,0,0,2,0,차대차 - 기타,교차로운행방법위반,건조,맑음,교차로 - 교차로안,승용,남,51세,경상,승용,남,47세,경상
2018050400100541,2018년 5월 4일 19시,금요일,부산광역시 사하구 다대동,중상사고,0,1,0,0,차대사람 - 기타,안전운전불이행,건조,맑음,기타 - 기타,승용,남,24세,상해없음,보행자,여,82세,중상
2018050400100542,2018년 5월 4일 19시,금요일,부산광역시 사하구 하단동,경상사고,0,0,1,0,차대차 - 기타,안전운전불이행,건조,맑음,기타 - 기타,원동기,남,25세,경상,승용,남,66세,상해없음
2018050400100584,2018년 5월 4일 20시,금요일,부산광역시 남구 문현동,경상사고,0,0,1,0,차대차 - 측면충돌,안전운전불이행,건조,맑음,교차로 - 교차로안,원동기,남,20세,상해없음,원동기,남,43세,경상
2018050400100622,2018년 5월 4일 21시,금요일,부산광역시 동래구 명륜동,경상사고,0,0,1,0,차대차 - 측면충돌,안전운전불이행,건조,맑음,교차로 - 교차로안,승용,남,65세,상해없음,승용,남,51세,경상
2018050400100664,2018년 5월 4일 22시,금요일,부산광역시 해운대구 좌동,중상사고,0,1,0,0,차대차 - 정면충돌,신호위반,건조,맑음,교차로 - 교차로안,이륜,남,27세,상해없음,이륜,남,63세,중상
2018050400100691,2018년 5월 4일 23시,금요일,부산광역시 서구 토성동3가,중상사고,0,1,0,0,차대차 - 측면충돌,안전운전불이행,건조,맑음,단일로 - 기타,승용,남,30세,상해없음,이륜,남,23세,중상
2018050400100692,2018년 5월 4일 23시,금요일,부산광역시 수영구 광안동,경상사고,0,0,2,0,차대사람 - 횡단중,보행자보호의무위반,건조,맑음,단일로 - 기타,승용,남,27세,상해없음,보행자,남,57세,경상
2018050500100006,2018년 5월 5일 00시,토요일,부산광역시 금정구 남산동,부상신고사고,0,0,0,1,차량단독 - 기타,안전운전불이행,건조,맑음,단일로 - 기타,기타불명,기타불명,미분류,기타불명,,,,
2018050500100030,2018년 5월 5일 01시,토요일,부산광역시 북구 화명동,경상사고,0,0,1,0,차대차 - 기타,신호위반,건조,맑음,교차로 - 교차로안,이륜,남,18세,상해없음,승용,남,36세,경상
2018050500100031,2018년 5월 5일 01시,토요일,부산광역시 부산진구 당감동,경상사고,0,0,2,0,차대차 - 측면충돌,안전운전불이행,건조,맑음,교차로 - 교차로안,승용,남,54세,상해없음,이륜,남,30세,경상
2018050500100121,2018년 5월 5일 07시,토요일,부산광역시 해운대구 송정동,경상사고,0,0,1,0,차대차 - 추돌,안전운전불이행,건조,흐림,단일로 - 기타,승용,남,51세,상해없음,승용,여,55세,경상
2018050500100122,2018년 5월 5일 07시,토요일,부산광역시 사하구 하단동,경상사고,0,0,1,0,차대차 - 기타,안전운전불이행,건조,맑음,기타 - 기타,승용,남,63세,상해없음,승용,남,54세,경상
2018050500100140,2018년 5월 5일 08시,토요일,부산광역시 해운대구 좌동,경상사고,0,0,1,0,차대차 - 추돌,안전운전불이행,건조,맑음,교차로 - 교차로부근,승용,남,27세,상해없음,승용,여,54세,경상
2018050500100173,2018년 5월 5일 09시,토요일,부산광역시 서구 아미동2가,경상사고,0,0,3,0,차대차 - 측면충돌,안전운전불이행,건조,맑음,단일로 - 기타,승용,여,46세,상해없음,승용,남,38세,경상
2018050500100174,2018년 5월 5일 09시,토요일,부산광역시 동래구 사직동,경상사고,0,0,1,0,차대차 - 측면충돌,신호위반,건조,맑음,단일로 - 기타,승용,남,47세,상해없음,화물,남,72세,경상
2018050500100199,2018년 5월 5일 10시,토요일,부산광역시 북구 화명동,중상사고,0,1,0,0,차대차 - 측면충돌,안전운전불이행,건조,맑음,단일로 - 기타,화물,남,65세,상해없음,원동기,남,78세,중상
2018050500100218,2018년 5월 5일 11시,토요일,부산광역시 중구 남포동5가,경상사고,0,0,1,0,차대사람 - 차도통행중,안전운전불이행,건조,맑음,단일로 - 기타,이륜,남,34세,상해없음,보행자,남,41세,경상
2018050500100219,2018년 5월 5일 11시,토요일,부산광역시 사하구 다대동,부상신고사고,0,0,0,1,차대차 - 측면충돌,교차로운행방법위반,건조,맑음,교차로 - 교차로안,승용,여,63세,부상신고,승용,여,25세,상해없음
2018050500100254,2018년 5월 5일 12시,토요일,부산광역시 영도구 영선동2가,중상사고,0,1,0,0,차대사람 - 길가장자리구역통행중,안전운전불이행,건조,맑음,단일로 - 기타,승용,남,61세,상해없음,보행자,여,69세,중상
2018050500100314,2018년 5월 5일 14시,토요일,부산광역시 금정구 장전동,중상사고,0,1,0,0,차대차 - 측면충돌,안전거리미확보,건조,맑음,교차로 - 교차로부근,승용,남,47세,상해없음,이륜,남,27세,중상
2018050500100315,2018년 5월 5일 14시,토요일,부산광역시 연제구 연산동,경상사고,0,0,3,0,차대차 - 추돌,안전거리미확보,건조,맑음,교차로 - 교차로부근,화물,남,42세,상해없음,승용,남,40세,경상