사고번호,사고일시,요일,시군구,사고내용,사망자수,중상자수,경상자수,부상신고자수,사고유형,법규위반,노면상태,기상상태,도로형태,가해운전자 차종,가해운전자 성별,가해운전자 연령,가해운전자 상해정도,피해운전자 차종,피해운전자 성별,피해운전자 연령,피해운전자 상해정도
2018050500100392,2018년 5월 5일 16시,토요일,부산광역시 해운대구 송정동,경상사고,0,0,5,0,차대차 - 측면충돌,교차로운행방법위반,건조,맑음,교차로 - 교차로안,승용,남,52세,상해없음,승용,여,41세,경상
2018050500100393,2018년 5월 5일 16시,토요일,부산광역시 부산진구 초읍동,경상사고,0,0,3,0,차대차 - 측면충돌,안전운전불이행,건조,맑음,교차로 - 교차로안,승합,남,20세,상해없음,승용,남,48세,경상
2018050500100429,2018년 5월 5일 17시,토요일,부산광역시 남구 문현동,경상사고,0,0,3,0,차대차 - 추돌,차로위반,건조,맑음,교차로 - 교차로안,승용,여,44세,상해없음,화물,남,46세,경상
2018050500100430,2018년 5월 5일 17시,토요일,부산광역시 동래구 수안동,중상사고,0,1,0,0,차대사람 - 횡단중,보행자보호의무위반,건조,맑음,교차로 - 교차로안,승용,남,59세,상해없음,보행자,남,59세,중상
2018050500100431,2018년 5월 5일 17시,토요일,부산광역시 강서구 송정동,경상사고,0,0,2,0,차대차 - 기타,안전운전불이행,건조,맑음,교차로 - 교차로부근,승용,남,39세,상해없음,승용,남,26세,경상
2018050500100485,2018년 5월 5일 18시,토요일,부산광역시 해운대구 반여동,경상사고,0,0,1,0,차대차 - 기타,안전운전불이행,기타,맑음,단일로 - 기타,승용,남,18세,상해없음,승용,남,28세,경상
2018050500100486,2018년 5월 5일 18시,토요일,부산광역시 금정구 부곡동,경상사고,0,0,2,0,차대차 - 기타,교차로운행방법위반,건조,맑음,교차로 - 교차로부근,승용,여,66세,상해없음,이륜,남,18세,경상
2018050500100510,2018년 5월 5일 19시,토요일,부산광역시 남구 용호동,경상사고,0,0,1,0,차대차 - 기타,신호위반,건조,맑음,교차로 - 교차로부근,이륜,남,21세,상해없음,이륜,남,44세,경상
2018050500100511,2018년 5월 5일 19시,토요일,부산광역시 해운대구 좌동,경상사고,0,0,1,0,차대차 - 측면충돌,교차로운행방법위반,건조,맑음,교차로 - 교차로부근,승용,여,34세,상해없음,승용,남,52세,경상
2018050500100512,2018년 5월 5일 19시,토요일,부산광역시 금정구 부곡동,중상사고,0,1,0,0,차대사람 - 기타,보행자보호의무위반,건조,맑음,교차로 - 교차로안,화물,여,54세,상해없음,보행자,여,69세,중상
2018050500100513,2018년 5월 5일 19시,토요일,부산광역시 사하구 다대동,경상사고,0,0,1,0,차대차 - 기타,안전운전불이행,건조,맑음,단일로 - 기타,승용,남,34세,상해없음,원동기,남,49세,경상
2018050500100574,2018년 5월 5일 21시,토요일,부산광역시 수영구 민락동,경상사고,0,0,1,0,차대차 - 추돌,안전거리미확보,건조,맑음,단일로 - 기타,승용,남,67세,상해없음,승용,남,32세,경상
2018050500100575,2018년 5월 5일 21시,토요일,부산광역시 사상구 괘법동,경상사고,0,0,1,0,차대차 - 기타,신호위반,건조,맑음,교차로 - 교차로안,화물,남,61세,상해없음,승용,여,52세,경상
2018050500100605,2018년 5월 5일 22시,토요일,부산광역시 수영구 광안동,경상사고,0,0,2,0,차대차 - 추돌,안전거리미확보,건조,맑음,단일로 - 기타,승용,남,53세,상해없음,승용,남,26세,경상
2018050600100007,2018년 5월 6일 00시,일요일,부산광역시 남구 대연동,부상신고사고,0,0,0,1,차대차 - 추돌,안전운전불이행,건조,맑음,단일로 - 기타,이륜,남,26세,부상신고,승합,남,67세,상해없음
2018050600100008,2018년 5월 6일 00시,일요일,부산광역시 부산진구 부전동,경상사고,0,0,1,0,차대차 - 측면충돌,신호위반,건조,맑음,교차로 - 교차로안,이륜,남,41세,경상,승용,남,63세,상해없음
2018050600100031,2018년 5월 6일 01시,일요일,부산광역시 부산진구 부전동,중상사고,0,1,0,0,차대차 - 측면충돌,차로위반,건조,맑음,교차로 - 교차로부근,승용,남,57세,상해없음,이륜,남,34세,중상
2018050600100046,2018년 5월 6일 02시,일요일,부산광역시 북구 덕천동,경상사고,0,0,1,0,차대사람 - 기타,안전운전불이행,건조,맑음,단일로 - 기타,승용,남,25세,상해없음,보행자,남,23세,경상
2018050600100067,2018년 5월 6일 03시,일요일,부산광역시 부산진구 부전동,경상사고,0,0,2,0,차대차 - 추돌,안전거리미확보,건조,맑음,단일로 - 기타,승용,남,26세,상해없음,승용,남,52세,경상
2018050600100115,2018년 5월 6일 08시,일요일,부산광역시 서구 서대신동1가,경상사고,0,0,3,0,차대차 - 정면충돌,중앙선침범,젖음/습기,비,교차로 - 교차로안,승용,남,31세,상해없음,승용,남,44세,경상
2018050600100116,2018년 5월 6일 08시,일요일,부산광역시 서구 서대신동2가,사망사고,1,0,0,0,차량단독 - 공작물충돌,안전운전불이행,젖음/습기,비,단일로 - 기타,승용,남,78세,사망,,,,
2018050600100117,2018년 5월 6일 08시,일요일,부산광역시 동래구 온천동,경상사고,0,0,2,1,차대차 - 측면충돌,신호위반,젖음/습기,비,교차로 - 교차로안,승용,남,54세,경상,승용,여,58세,경상
2018050600100118,2018년 5월 6일 08시,일요일,부산광역시 금정구 서동,경상사고,0,0,1,0,차대사람 - 기타,안전운전불이행,건조,맑음,단일로 - 기타,화물,남,49세,상해없음,보행자,남,30세,경상
2018050600100172,2018년 5월 6일 12시,일요일,부산광역시 사하구 신평동,중상사고,0,1,2,0,차대차 - 기타,신호위반,젖음/습기,비,교차로 - 교차로안,이륜,남,22세,중상,승용,남,32세,경상
2018050600100173,2018년 5월 6일 12시,일요일,부산광역시 강서구 성북동,중상사고,0,1,0,0,차대차 - 추돌,안전거리미확보,건조,맑음,단일로 - 터널,승용,여,49세,상해없음,승용,남,43세,중상
2018050600100174,2018년 5월 6일 12시,일요일,부산광역시 기장군 일광면,경상사고,0,0,2,0,차대차 - 측면충돌,안전운전불이행,젖음/습기,비,교차로 - 교차로부근,승용,남,55세,상해없음,승용,남,62세,경상
2018050600100202,2018년 5월 6일 13시,일요일,부산광역시 동래구 온천동,경상사고,0,0,9,0,차대차 - 추돌,안전운전불이행,젖음/습기,비,단일로 - 기타,승용,여,59세,상해없음,승용,남,45세,경상
2018050600100238,2018년 5월 6일 14시,일요일,부산광역시 수영구 광안동,경상사고,0,0,1,0,차대사람 - 기타,보행자보호의무위반,젖음/습기,비,단일로 - 기타,화물,남,65세,상해없음,보행자,남,37세,경상
2018050600100239,2018년 5월 6일 14시,일요일,부산광역시 해운대구 재송동,경상사고,0,0,1,0,차대차 - 측면충돌,교차로운행방법위반,건조,맑음,교차로 - 교차로안,승용,남,83세,상해없음,이륜,남,36세,경상
2018050600100240,2018년 5월 6일 14시,일요일,부산광역시 수영구 망미동,부상신고사고,0,0,0,3,차대차 - 측면충돌,직진우회전진행방해,건조,맑음,교차로 - 교차로안,승용,남,59세,상해없음,승용,남,41세,부상신고
2018050600100276,2018년 5월 6일 16시,일요일,부산광역시 사하구 하단동,중상사고,0,1,0,0,차대차 - 측면충돌,안전운전불이행,젖음/습기,비,단일로 - 기타,승용,남,77세,상해없음,승용,여,46세,중상
2018050600100319,2018년 5월 6일 18시,일요일,부산광역시 동구 초량동,경상사고,0,0,2,0,차대차 - 추돌,안전거리미확보,건조,맑음,단일로 - 기타,승용,남,60세,상해없음,승용,남,27세,경상
2018050600100320,2018년 5월 6일 18시,일요일,부산광역시 동래구 온천동,부상신고사고,0,0,0,1,차대차 - 측면충돌,교차로운행방법위반,젖음/습기,비,교차로 - 교차로안,이륜,남,26세,부상신고,승용,남,37세,상해없음
2018050600100366,2018년 5월 6일 20시,일요일,부산광역시 수영구 수영동,경상사고,0,0,1,0,차대사람 - 길가장자리구역통행중,안전운전불이행,젖음/습기,흐림,단일로 - 기타,승용,여,57세,상해없음,보행자,여,28세,경상
2018050600100367,2018년 5월 6일 20시,일요일,부산광역시 사상구 주례동,중상사고,0,1,0,0,차대사람 - 횡단중,안전운전불이행,건조,맑음,기타 - 기타,승합,남,59세,상해없음,보행자,남,61세,중상
2018050600100368,2018년 5월 6일 20시,일요일,부산광역시 기장군 기장읍,중상사고,0,1,0,0,차대사람 - 기타,기타,건조,맑음,단일로 - 기타,승용,남,64세,상해없음,보행자,여,75세,중상
2018050600100387,2018년 5월 6일 21시,일요일,부산광역시 남구 대연동,경상사고,0,0,1,0,차대차 - 기타,안전운전불이행,건조,맑음,교차로 - 교차로안,승용,남,41세,상해없음,승합,남,44세,경상
2018050600100388,2018년 5월 6일 21시,일요일,부산광역시 수영구 광안동,경상사고,0,0,5,0,차대차 - 추돌,안전운전불이행,건조,맑음,교차로 - 교차로부근,승용,남,49세,상해없음,승용,남,35세,경상
2018050600100409,2018년 5월 6일 22시,일요일,부산광역시 북구 덕천동,중상사고,0,1,1,0,차대차 - 측면충돌,중앙선침범,건조,맑음,단일로 - 기타,화물,남,44세,상해없음,승용,남,57세,중상
2018050600100410,2018년 5월 6일 22시,일요일,부산광역시 해운대구 좌동,경상사고,0,0,2,0,차대차 - 기타,안전운전불이행,건조,맑음,교차로 - 교차로안,승용,여,59세,상해없음,승용,남,31세,경상
2018050600100411,2018년 5월 6일 22시,일요일,부산광역시 사하구 하단동,경상사고,0,0,2,0,차대차 - 기타,안전운전불이행,건조,맑음,단일로 - 기타,승용,남,26세,상해없음,승용,남,26세,경상
2018050600100431,2018년 5월 6일 23시,일요일,부산광역시 남구 문현동,부상신고사고,0,0,0,1,차량단독 - 기타,안전운전불이행,젖음/습기,비,단일로 - 기타,원동기,남,26세,부상신고,,,,
2018050600100432,2018년 5월 6일 23시,일요일,부산광역시 동래구 명륜동,중상사고,0,1,0,0,차대사람 - 차도통행중,안전운전불이행,건조,맑음,교차로 - 교차로안,승용,남,32세,상해없음,보행자,남,23세,중상
2018050700100004,2018년 5월 7일 00시,월요일,부산광역시 수영구 남천동,경상사고,0,0,1,0,차량단독 - 공작물충돌,안전운전불이행,젖음/습기,흐림,기타 - 기타,승용,남,67세,경상,,,,
2018050700100005,2018년 5월 7일 00시,월요일,부산광역시 부산진구 전포동,경상사고,0,0,1,0,차량단독 - 공작물충돌,안전운전불이행,건조,맑음,기타 - 기타,승용,남,56세,상해없음,,,,
2018050700100023,2018년 5월 7일 01시,월요일,부산광역시 부산진구 부전동,중상사고,0,1,0,0,차대사람 - 기타,안전운전불이행,건조,맑음,교차로 - 교차로안,승용,여,42세,상해없음,보행자,여,26세,중상
2018050700100024,2018년 5월 7일 01시,월요일,부산광역시 부산진구 부전동,경상사고,0,0,1,0,차대차 - 추돌,안전운전불이행,건조,맑음,단일로 - 기타,승용,남,33세,상해없음,승용,남,59세,경상
2018050700100045,2018년 5월 7일 03시,월요일,부산광역시 남구 대연동,경상사고,0,0,1,0,차대사람 - 횡단중,안전운전불이행,건조,맑음,기타 - 기타,승용,남,51세,상해없음,보행자,남,54세,경상
2018050700100064,2018년 5월 7일 05시,월요일,부산광역시 수영구 남천동,중상사고,0,1,0,0,차량단독 - 공작물충돌,안전운전불이행,젖음/습기,비,단일로 - 교량,승용,남,45세,상해없음,,,,
2018050700100075,2018년 5월 7일 06시,월요일,부산광역시 남구 대연동,중상사고,0,1,1,0,차대차 - 측면충돌,신호위반,건조,맑음,교차로 - 교차로안,승용,여,53세,상해없음,승용,남,49세,경상
2018050700100076,2018년 5월 7일 06시,월요일,부산광역시 연제구 거제동,중상사고,0,1,0,0,차대사람 - 횡단중,안전운전불이행,젖음/습기,비,단일로 - 기타,승용,남,63세,상해없음,보행자,여,19세,중상
2018050700100087,2018년 5월 7일 07시,월요일,부산광역시 수영구 민락동,중상사고,0,1,0,0,차대사람 - 기타,안전운전불이행,젖음/습기,비,단일로 - 기타,승용,남,49세,상해없음,보행자,여,73세,중상
2018050700100101,2018년 5월 7일 08시,월요일,부산광역시 서구 남부민동,경상사고,0,0,1,0,차대차 - 측면충돌,안전거리미확보,젖음/습기,비,단일로 - 기타,승용,남,64세,상해없음,승용,남,45세,경상
2018050700100102,2018년 5월 7일 08시,월요일,부산광역시 사상구 감전동,경상사고,0,0,1,0,차대차 - 추돌,안전운전불이행,젖음/습기,비,단일로 - 기타,화물,남,48세,상해없음,승용,남,46세,경상
2018050700100114,2018년 5월 7일 09시,월요일,부산광역시 기장군 기장읍,사망사고,1,4,0,0,차량단독 - 공작물충돌,과속,젖음/습기,비,교차로 - 교차로안,승용,남,76세,중상,,,,
2018050700100158,2018년 5월 7일 11시,월요일,부산광역시 영도구 동삼동,경상사고,0,0,5,0,차대차 - 측면충돌,중앙선침범,젖음/습기,흐림,단일로 - 기타,승용,남,61세,상해없음,승용,남,57세,상해없음
2018050700100159,2018년 5월 7일 11시,월요일,부산광역시 해운대구 좌동,중상사고,0,1,2,3,차대차 - 측면충돌,안전운전불이행,건조,맑음,단일로 - 기타,승용,여,48세,상해없음,승용,남,57세,부상신고
2018050700100160,2018년 5월 7일 11시,월요일,부산광역시 부산진구 가야동,경상사고,0,0,1,0,차대차 - 측면충돌,안전운전불이행,건조,맑음,단일로 - 기타,이륜,남,60세,경상,승용,여,34세,상해없음
2018050700100161,2018년 5월 7일 11시,월요일,부산광역시 사하구 괴정동,중상사고,0,1,0,0,차대차 - 정면충돌,교차로운행방법위반,젖음/습기,흐림,교차로 - 교차로안,승용,남,60세,상해없음,이륜,남,36세,중상
2018050700100162,2018년 5월 7일 11시,월요일,부산광역시 연제구 거제동,중상사고,0,1,0,0,차대차 - 측면충돌,안전거리미확보,젖음/습기,비,교차로 - 교차로부근,승용,남,57세,상해없음,승용,남,33세,중상
2018050700100186,2018년 5월 7일 12시,월요일,부산광역시 영도구 봉래동5가,경상사고,0,0,1,0,차대차 - 추돌,안전거리미확보,건조,맑음,단일로 - 기타,화물,남,58세,상해없음,원동기,남,74세,경상
2018050700100219,2018년 5월 7일 13시,월요일,부산광역시 서구 암남동,경상사고,0,0,1,0,차대차 - 정면충돌,중앙선침범,젖음/습기,흐림,단일로 - 기타,승용,여,56세,상해없음,승용,남,54세,경상
2018050700100220,2018년 5월 7일 13시,월요일,부산광역시 수영구 광안동,부상신고사고,0,0,0,1,차대차 - 추돌,차로위반,건조,맑음,단일로 - 기타,승용,여,63세,상해없음,이륜,남,40세,부상신고
2018050700100221,2018년 5월 7일 13시,월요일,부산광역시 금정구 장전동,경상사고,0,0,1,0,차대차 - 측면충돌,교차로운행방법위반,건조,맑음,교차로 - 교차로안,승용,남,24세,상해없음,원동기,여,26세,경상
2018050700100250,2018년 5월 7일 14시,월요일,부산광역시 남구 용호동,중상사고,0,1,0,0,차대사람 - 기타,안전운전불이행,건조,흐림,교차로 - 교차로부근,승용,남,75세,상해없음,보행자,여,55세,중상
2018050700100251,2018년 5월 7일 14시,월요일,부산광역시 남구 대연동,경상사고,0,0,1,0,차대차 - 기타,차로위반,젖음/습기,흐림,단일로 - 기타,승용,남,65세,상해없음,승용,여,40세,경상
2018050700100252,2018년 5월 7일 14시,월요일,부산광역시 동래구 사직동,경상사고,0,0,1,0,차대차 - 측면충돌,안전운전불이행,건조,맑음,교차로 - 교차로안,승합,남,65세,상해없음,승용,남,20세,경상
2018050700100311,2018년 5월 7일 16시,월요일,부산광역시 동구 수정동,중상사고,0,1,0,0,차대차 - 기타,신호위반,건조,맑음,교차로 - 교차로안,승용,남,61세,상해없음,원동기,남,49세,중상
2018050700100349,2018년 5월 7일 17시,월요일,부산광역시 동래구 사직동,중상사고,0,1,1,0,차대사람 - 기타,안전운전불이행,건조,흐림,교차로 - 교차로부근,화물,남,70세,상해없음,보행자,남,11세,중상
2018050700100350,2018년 5월 7일 17시,월요일,부산광역시 금정구 구서동,경상사고,0,0,2,0,차대차 - 추돌,안전운전불이행,젖음/습기,비,단일로 - 기타,승용,남,35세,상해없음,승용,남,36세,경상
2018050700100351,2018년 5월 7일 17시,월요일,부산광역시 금정구 구서동,경상사고,0,0,2,0,차대차 - 추돌,안전운전불이행,젖음/습기,비,단일로 - 기타,승용,남,35세,기타불명,승용,여,42세,경상
2018050700100386,2018년 5월 7일 18시,월요일,부산광역시 부산진구 부전동,경상사고,0,0,1,0,차대차 - 기타,신호위반,건조,맑음,교차로 - 교차로안,승용,남,40세,상해없음,승용,남,39세,경상
2018050700100387,2018년 5월 7일 18시,월요일,부산광역시 강서구 대저1동,경상사고,0,0,1,0,차대차 - 추돌,안전운전불이행,건조,맑음,교차로 - 교차로부근,화물,남,53세,상해없음,승용,여,44세,경상
2018050700100417,2018년 5월 7일 19시,월요일,부산광역시 남구 문현동,경상사고,0,0,1,0,차대사람 - 횡단중,안전운전불이행,건조,맑음,단일로 - 기타,승용,남,64세,상해없음,보행자,남,75세,경상
2018050700100418,2018년 5월 7일 19시,월요일,부산광역시 남구 용호동,경상사고,0,0,1,0,차대차 - 측면충돌,신호위반,건조,맑음,교차로 - 교차로안,승용,남,36세,상해없음,승용,남,54세,경상
2018050700100419,2018년 5월 7일 19시,월요일,부산광역시 해운대구 우동,중상사고,0,1,0,0,차대차 - 기타,안전거리미확보,건조,맑음,단일로 - 기타,승용,여,31세,상해없음,이륜,남,39세,중상
2018050700100420,2018년 5월 7일 19시,월요일,부산광역시 수영구 수영동,경상사고,0,0,1,0,차대차 - 측면충돌,신호위반,건조,맑음,단일로 - 기타,이륜,남,36세,상해없음,이륜,남,31세,경상
2018050700100453,2018년 5월 7일 20시,월요일,부산광역시 부산진구 부암동,경상사고,0,0,1,0,차대차 - 측면충돌,기타,건조,흐림,단일로 - 기타,승용,여,46세,상해없음,이륜,남,24세,경상
2018050700100486,2018년 5월 7일 21시,월요일,부산광역시 동래구 온천동,경상사고,0,0,3,0,차대차 - 측면충돌,교차로운행방법위반,건조,맑음,교차로 - 교차로안,승용,여,40세,상해없음,승용,남,59세,경상
2018050700100487,2018년 5월 7일 21시,월요일,부산광역시 금정구 장전동,경상사고,0,0,5,0,차대차 - 기타,신호위반,건조,맑음,교차로 - 교차로안,승용,여,23세,상해없음,승용,남,56세,경상
2018050700100518,2018년 5월 7일 22시,월요일,부산광역시 금정구 서동,부상신고사고,0,0,0,1,차대사람 - 길가장자리구역통행중,안전운전불이행,건조,맑음,교차로 - 교차로안,기타불명,기타불명,미분류,기타불명,보행자,남,59세,부상신고
2018050700100538,2018년 5월 7일 23시,월요일,부산광역시 북구 구포동,경상사고,0,0,1,0,차대차 - 기타,안전거리미확보,건조,맑음,단일로 - 기타,승용,남,66세,상해없음,승합,남,47세,경상
2018050700100539,2018년 5월 7일 23시,월요일,부산광역시 연제구 연산동,중상사고,0,1,0,0,차대사람 - 횡단중,안전운전불이행,건조,맑음,단일로 - 기타,이륜,남,20세,상해없음,보행자,여,78세,중상
2018050800100006,2018년 5월 8일 00시,화요일,부산광역시 금정구 장전동,경상사고,0,0,1,0,차대사람 - 길가장자리구역통행중,안전운전불이행,건조,맑음,단일로 - 기타,개인형이동수단(PM),남,24세,상해없음,보행자,여,77세,경상
2018050800100055,2018년 5월 8일 06시,화요일,부산광역시 사하구 감천동,경상사고,0,0,1,2,차대차 - 정면충돌,중앙선침범,건조,맑음,단일로 - 기타,승용,남,27세,상해없음,승용,남,36세,경상
2018050800100069,2018년 5월 8일 07시,화요일,부산광역시 영도구 봉래동4가,경상사고,0,0,1,0,차대사람 - 차도통행중,안전운전불이행,건조,맑음,단일로 - 기타,이륜,남,32세,상해없음,보행자,여,51세,경상
2018050800100070,2018년 5월 8일 07시,화요일,부산광역시 강서구 신호동,경상사고,0,0,1,0,차대차 - 추돌,안전운전불이행,건조,맑음,단일로 - 기타,승용,남,31세,경상,승용,남,39세,상해없음
2018050800100092,2018년 5월 8일 08시,화요일,부산광역시 해운대구 송정동,경상사고,0,0,3,0,차대차 - 측면충돌,안전거리미확보,건조,맑음,단일로 - 기타,승용,남,90세 이상,상해없음,승용,여,55세,경상
2018050800100132,2018년 5월 8일 09시,화요일,부산광역시 해운대구 중동,중상사고,0,1,0,0,차대사람 - 횡단중,보행자보호의무위반,건조,맑음,단일로 - 기타,화물,남,37세,상해없음,보행자,남,78세,중상
2018050800100169,2018년 5월 8일 10시,화요일,부산광역시 북구 구포동,경상사고,0,0,1,0,차대차 - 측면충돌,안전운전불이행,건조,맑음,단일로 - 기타,승용,여,38세,상해없음,승용,남,54세,경상
2018050800100170,2018년 5월 8일 10시,화요일,부산광역시 부산진구 가야동,중상사고,0,3,1,1,차대차 - 측면충돌,신호위반,건조,흐림,교차로 - 교차로안,승용,남,61세,중상,승용,남,71세,경상
2018050800100171,2018년 5월 8일 10시,화요일,부산광역시 연제구 연산동,경상사고,0,0,1,0,차대차 - 측면충돌,교차로운행방법위반,건조,맑음,교차로 - 교차로안,승용,여,38세,상해없음,승용,여,38세,경상
2018050800100200,2018년 5월 8일 11시,화요일,부산광역시 영도구 영선동1가,경상사고,0,0,2,0,차대차 - 측면충돌,신호위반,건조,흐림,교차로 - 교차로안,승용,남,60세,상해없음,승용,남,71세,경상
2018050800100223,2018년 5월 8일 12시,화요일,부산광역시 금정구 금사동,중상사고,0,1,0,0,차대차 - 기타,안전운전불이행,건조,흐림,단일로 - 기타,승용,여,66세,상해없음,원동기,남,25세,중상
2018050800100224,2018년 5월 8일 12시,화요일,부산광역시 수영구 망미동,중상사고,0,1,0,0,차대차 - 측면충돌,안전거리미확보,건조,맑음,단일로 - 기타,승용,여,38세,상해없음,이륜,남,27세,중상
2018050800100249,2018년 5월 8일 13시,화요일,부산광역시 동구 좌천동,경상사고,0,0,1,0,차대사람 - 차도통행중,안전운전불이행,건조,맑음,교차로 - 교차로부근,승합,남,63세,상해없음,보행자,여,75세,경상
2018050800100250,2018년 5월 8일 13시,화요일,부산광역시 해운대구 재송동,중상사고,0,1,0,0,차대사람 - 횡단중,안전운전불이행,건조,맑음,단일로 - 기타,이륜,남,31세,상해없음,보행자,남,81세,중상
2018050800100251,2018년 5월 8일 13시,화요일,부산광역시 부산진구 양정동,중상사고,0,1,0,0,차대차 - 측면충돌,안전거리미확보,건조,맑음,단일로 - 기타,승용,남,36세,상해없음,이륜,남,37세,중상
2018050800100252,2018년 5월 8일 13시,화요일,부산광역시 부산진구 연지동,경상사고,0,0,1,0,차대사람 - 횡단중,안전운전불이행,건조,맑음,단일로 - 기타,승용,남,34세,상해없음,보행자,여,36세,경상
2018050800100281,2018년 5월 8일 14시,화요일,부산광역시 금정구 서동,중상사고,0,1,0,0,차대사람 - 기타,안전운전불이행,건조,맑음,단일로 - 기타,건설기계,남,46세,상해없음,보행자,여,78세,중상
2018050800100282,2018년 5월 8일 14시,화요일,부산광역시 금정구 부곡동,경상사고,0,0,1,0,차대사람 - 기타,안전운전불이행,건조,맑음,교차로 - 교차로안,화물,남,49세,상해없음,보행자,여,58세,경상
2018050800100320,2018년 5월 8일 15시,화요일,부산광역시 수영구 광안동,경상사고,0,0,1,0,차대차 - 측면충돌,교차로운행방법위반,건조,맑음,교차로 - 교차로안,승합,여,50세,상해없음,승용,남,55세,경상
2018050800100321,2018년 5월 8일 15시,화요일,부산광역시 금정구 구서동,중상사고,0,1,0,0,차대차 - 측면충돌,교차로운행방법위반,건조,맑음,교차로 - 교차로부근,화물,남,35세,상해없음,승용,여,68세,중상
2018050800100358,2018년 5월 8일 16시,화요일,부산광역시 중구 부평동2가,부상신고사고,0,0,0,1,차대차 - 측면충돌,신호위반,건조,맑음,교차로 - 교차로안,화물,남,29세,상해없음,승용,남,58세,부상신고
2018050800100400,2018년 5월 8일 17시,화요일,부산광역시 부산진구 부암동,부상신고사고,0,0,0,1,차대사람 - 횡단중,보행자보호의무위반,건조,맑음,단일로 - 기타,승용,남,61세,상해없음,보행자,여,8세,부상신고
2018050800100401,2018년 5월 8일 17시,화요일,부산광역시 부산진구 양정동,중상사고,0,1,0,0,차대차 - 측면충돌,신호위반,건조,맑음,교차로 - 교차로횡단보도내,승용,남,37세,상해없음,원동기,남,45세,중상
2018050800100402,2018년 5월 8일 17시,화요일,부산광역시 부산진구 초읍동,부상신고사고,0,0,0,1,차대사람 - 차도통행중,안전운전불이행,건조,맑음,단일로 - 기타,승용,여,54세,상해없음,보행자,여,76세,부상신고
2018050800100453,2018년 5월 8일 18시,화요일,부산광역시 동구 초량동,경상사고,0,0,1,1,차대차 - 추돌,안전운전불이행,건조,맑음,단일로 - 기타,승용,여,46세,상해없음,승용,남,33세,경상
2018050800100454,2018년 5월 8일 18시,화요일,부산광역시 금정구 부곡동,중상사고,0,1,0,0,차대차 - 기타,안전운전불이행,건조,맑음,단일로 - 기타,기타불명,남,미분류,기타불명,자전거,남,40세,중상
2018050800100455,2018년 5월 8일 18시,화요일,부산광역시 금정구 구서동,경상사고,0,0,1,0,차대차 - 측면충돌,안전운전불이행,건조,맑음,단일로 - 기타,이륜,남,39세,상해없음,승용,남,33세,경상
2018050800100456,2018년 5월 8일 18시,화요일,부산광역시 연제구 연산동,경상사고,0,0,1,0,차대차 - 기타,안전운전불이행,건조,맑음,단일로 - 기타,승용,남,61세,상해없음,이륜,남,42세,경상
2018050800100457,2018년 5월 8일 18시,화요일,부산광역시 강서구 대저1동,경상사고,0,0,4,0,차대차 - 측면충돌,안전거리미확보,건조,맑음,단일로 - 교량,화물,남,57세,상해없음,승용,남,31세,경상
2018050800100502,2018년 5월 8일 19시,화요일,부산광역시 해운대구 재송동,경상사고,0,0,1,0,차대차 - 추돌,안전운전불이행,건조,맑음,단일로 - 기타,승용,남,36세,상해없음,승용,여,48세,경상
2018050800100503,2018년 5월 8일 19시,화요일,부산광역시 부산진구 범천동,중상사고,0,1,2,0,차대차 - 기타,안전거리미확보,건조,맑음,단일로 - 기타,승용,여,28세,상해없음,승용,남,52세,경상
2018050800100587,2018년 5월 8일 22시,화요일,부산광역시 금정구 서동,중상사고,0,1,0,0,차대차 - 측면충돌,안전운전불이행,건조,맑음,단일로 - 기타,승용,여,28세,상해없음,승용,남,36세,중상
2018050800100607,2018년 5월 8일 23시,화요일,부산광역시 동래구 온천동,경상사고,0,0,1,0,차대사람 - 횡단중,신호위반,건조,맑음,교차로 - 교차로횡단보도내,승용,남,68세,상해없음,보행자,남,32세,경상
2018050900100002,2018년 5월 9일 00시,수요일,부산광역시 남구 문현동,중상사고,0,1,0,0,차대차 - 기타,안전운전불이행,건조,맑음,교차로 - 교차로안,승용,남,55세,상해없음,이륜,남,47세,중상
2018050900100003,2018년 5월 9일 00시,수요일,부산광역시 해운대구 재송동,중상사고,0,1,5,0,차대차 - 추돌,안전운전불이행,건조,맑음,교차로 - 교차로부근,승용,남,33세,상해없음,승용,남,48세,경상
2018050900100027,2018년 5월 9일 04시,수요일,부산광역시 부산진구 부전동,경상사고,0,0,1,0,차대차 - 기타,안전거리미확보,건조,맑음,교차로 - 교차로부근,승용,남,25세,상해없음,승용,남,61세,상해없음
2018050900100036,2018년 5월 9일 05시,수요일,부산광역시 부산진구 양정동,경상사고,0,0,2,0,차대차 - 측면충돌,신호위반,건조,맑음,교차로 - 교차로안,화물,남,76세,상해없음,승용,남,65세,경상
2018050900100041,2018년 5월 9일 06시,수요일,부산광역시 기장군 정관읍,경상사고,0,0,2,0,차대차 - 추돌,안전운전불이행,건조,맑음,단일로 - 기타,승용,여,42세,상해없음,승용,남,50세,경상
2018050900100058,2018년 5월 9일 07시,수요일,부산광역시 사하구 하단동,중상사고,0,1,1,0,차대차 - 측면충돌,안전운전불이행,건조,맑음,기타 - 기타,승용,여,27세,중상,승용,남,61세,경상
2018050900100145,2018년 5월 9일 09시,수요일,부산광역시 수영구 남천동,중상사고,0,1,0,0,차대사람 - 보도통행중,기타,건조,맑음,기타 - 기타,승용,남,61세,상해없음,보행자,여,27세,중상
2018050900100146,2018년 5월 9일 09시,수요일,부산광역시 해운대구 재송동,중상사고,0,1,1,0,차대차 - 측면충돌,교차로운행방법위반,건조,맑음,교차로 - 교차로안,승용,남,54세,중상,승용,여,57세,경상