사고번호,사고일시,요일,시군구,사고내용,사망자수,중상자수,경상자수,부상신고자수,사고유형,법규위반,노면상태,기상상태,도로형태,가해운전자 차종,가해운전자 성별,가해운전자 연령,가해운전자 상해정도,피해운전자 차종,피해운전자 성별,피해운전자 연령,피해운전자 상해정도
2018050900100147,2018년 5월 9일 09시,수요일,부산광역시 금정구 회동동,경상사고,0,0,1,0,차대차 - 기타,안전거리미확보,건조,맑음,단일로 - 기타,화물,남,67세,상해없음,승용,남,42세,경상
2018050900100148,2018년 5월 9일 09시,수요일,부산광역시 사상구 덕포동,경상사고,0,0,2,0,차대차 - 추돌,안전운전불이행,건조,맑음,교차로 - 교차로부근,승용,남,24세,상해없음,승용,남,66세,경상
2018050900100198,2018년 5월 9일 11시,수요일,부산광역시 동구 수정동,중상사고,0,1,0,0,차대사람 - 기타,안전운전불이행,건조,맑음,단일로 - 기타,화물,남,40세,상해없음,보행자,여,76세,중상
2018050900100199,2018년 5월 9일 11시,수요일,부산광역시 동구 초량동,경상사고,0,0,1,0,차대차 - 측면충돌,안전운전불이행,건조,맑음,단일로 - 기타,승용,남,33세,상해없음,화물,남,41세,경상
2018050900100200,2018년 5월 9일 11시,수요일,부산광역시 부산진구 초읍동,중상사고,0,1,0,0,차대사람 - 횡단중,기타,건조,맑음,교차로 - 교차로횡단보도내,승용,여,51세,상해없음,보행자,여,70세,중상
2018050900100201,2018년 5월 9일 11시,수요일,부산광역시 금정구 구서동,경상사고,0,0,1,0,차대차 - 측면충돌,교차로운행방법위반,건조,맑음,단일로 - 기타,승용,여,62세,상해없음,승용,여,56세,경상
2018050900100227,2018년 5월 9일 12시,수요일,부산광역시 중구 부평동1가,경상사고,0,0,1,0,차대차 - 측면충돌,교차로운행방법위반,건조,맑음,교차로 - 교차로안,이륜,남,45세,상해없음,이륜,남,38세,경상
2018050900100228,2018년 5월 9일 12시,수요일,부산광역시 남구 대연동,경상사고,0,0,1,0,차대사람 - 기타,신호위반,건조,맑음,교차로 - 교차로안,승용,여,56세,상해없음,보행자,남,23세,경상
2018050900100230,2018년 5월 9일 12시,수요일,부산광역시 동래구 낙민동,경상사고,0,0,1,0,차대차 - 측면충돌,안전운전불이행,건조,맑음,단일로 - 지하차도(도로)내,승용,여,39세,상해없음,승합,남,46세,경상
2018050900100265,2018년 5월 9일 13시,수요일,부산광역시 해운대구 반여동,중상사고,0,1,0,0,차대차 - 기타,기타,건조,맑음,단일로 - 기타,승용,남,66세,상해없음,이륜,남,30세,중상
2018050900100266,2018년 5월 9일 13시,수요일,부산광역시 금정구 구서동,중상사고,0,1,0,0,차대사람 - 횡단중,보행자보호의무위반,건조,맑음,교차로 - 교차로안,승용,여,59세,상해없음,보행자,남,69세,중상
2018050900100267,2018년 5월 9일 13시,수요일,부산광역시 금정구 금사동,경상사고,0,0,1,0,차대차 - 추돌,교차로운행방법위반,건조,맑음,교차로 - 교차로안,승용,남,37세,상해없음,이륜,남,72세,경상
2018050900100268,2018년 5월 9일 13시,수요일,부산광역시 기장군 기장읍,경상사고,0,0,1,0,차대사람 - 기타,안전운전불이행,건조,맑음,기타 - 기타,기타불명,기타불명,미분류,기타불명,보행자,남,63세,경상
2018050900100300,2018년 5월 9일 14시,수요일,부산광역시 중구 부평동2가,경상사고,0,0,1,0,차대차 - 측면충돌,안전운전불이행,건조,맑음,교차로 - 교차로안,승용,여,55세,상해없음,승용,남,58세,상해없음
2018050900100301,2018년 5월 9일 14시,수요일,부산광역시 수영구 광안동,경상사고,0,0,1,0,차대차 - 추돌,안전운전불이행,건조,맑음,단일로 - 기타,승용,남,29세,상해없음,승용,여,47세,상해없음
2018050900100337,2018년 5월 9일 15시,수요일,부산광역시 북구 덕천동,중상사고,0,1,0,0,차대사람 - 횡단중,안전운전불이행,건조,맑음,교차로 - 교차로부근,화물,남,47세,상해없음,보행자,여,58세,중상
2018050900100338,2018년 5월 9일 15시,수요일,부산광역시 북구 만덕동,경상사고,0,0,1,0,차대차 - 기타,안전거리미확보,건조,맑음,교차로 - 교차로부근,승용,남,39세,상해없음,승용,남,30세,경상
2018050900100339,2018년 5월 9일 15시,수요일,부산광역시 북구 구포동,경상사고,0,0,2,0,차대차 - 정면충돌,안전운전불이행,건조,맑음,단일로 - 기타,승용,남,61세,경상,승용,남,57세,경상
2018050900100340,2018년 5월 9일 15시,수요일,부산광역시 금정구 두구동,중상사고,0,2,0,0,차대차 - 측면충돌,안전운전불이행,건조,맑음,단일로 - 기타,승용,남,55세,상해없음,원동기,남,59세,중상
2018050900100341,2018년 5월 9일 15시,수요일,부산광역시 사하구 다대동,경상사고,0,0,1,0,차대사람 - 횡단중,안전운전불이행,건조,맑음,단일로 - 기타,기타불명,기타불명,미분류,기타불명,보행자,여,12세,경상
2018050900100342,2018년 5월 9일 15시,수요일,부산광역시 강서구 신호동,경상사고,0,0,1,0,차대차 - 추돌,안전운전불이행,건조,맑음,교차로 - 교차로안,승용,남,45세,상해없음,승용,여,38세,경상
2018050900100418,2018년 5월 9일 17시,수요일,부산광역시 수영구 민락동,경상사고,0,0,1,0,차대차 - 측면충돌,안전운전불이행,건조,맑음,교차로 - 교차로부근,승용,남,32세,상해없음,승용,남,26세,경상
2018050900100419,2018년 5월 9일 17시,수요일,부산광역시 부산진구 부전동,중상사고,0,2,1,0,차대차 - 추돌,차로위반,건조,맑음,단일로 - 고가도로위,승용,여,53세,경상,화물,남,40세,중상
2018050900100420,2018년 5월 9일 17시,수요일,부산광역시 금정구 장전동,경상사고,0,0,1,0,차대차 - 측면충돌,신호위반,건조,맑음,교차로 - 교차로안,승용,남,77세,상해없음,승용,남,27세,경상
2018050900100421,2018년 5월 9일 17시,수요일,부산광역시 사하구 괴정동,경상사고,0,0,1,0,차대사람 - 횡단중,안전운전불이행,건조,맑음,교차로 - 교차로부근,화물,남,49세,상해없음,보행자,여,13세,경상
2018050900100470,2018년 5월 9일 18시,수요일,부산광역시 남구 대연동,부상신고사고,0,0,0,1,차대사람 - 길가장자리구역통행중,안전운전불이행,건조,맑음,단일로 - 기타,승용,남,67세,상해없음,보행자,여,18세,부상신고
2018050900100471,2018년 5월 9일 18시,수요일,부산광역시 북구 덕천동,경상사고,0,0,1,0,차대차 - 측면충돌,안전운전불이행,건조,맑음,단일로 - 기타,자전거,남,81세,경상,승용,여,43세,상해없음
2018050900100472,2018년 5월 9일 18시,수요일,부산광역시 금정구 장전동,중상사고,0,1,0,0,차대차 - 측면충돌,안전운전불이행,건조,맑음,교차로 - 교차로안,승용,남,32세,상해없음,이륜,남,24세,중상
2018050900100506,2018년 5월 9일 19시,수요일,부산광역시 기장군 정관읍,중상사고,0,1,0,0,차대차 - 측면충돌,안전운전불이행,건조,맑음,단일로 - 기타,승합,남,66세,상해없음,이륜,남,38세,중상
2018050900100536,2018년 5월 9일 20시,수요일,부산광역시 해운대구 좌동,중상사고,0,2,1,0,차대차 - 측면충돌,신호위반,건조,맑음,교차로 - 교차로안,승용,남,36세,상해없음,승용,여,50세,중상
2018050900100537,2018년 5월 9일 20시,수요일,부산광역시 연제구 거제동,경상사고,0,0,1,0,차대차 - 추돌,안전운전불이행,건조,맑음,단일로 - 기타,화물,남,60세,상해없음,승용,여,47세,경상
2018050900100561,2018년 5월 9일 21시,수요일,부산광역시 중구 대청동2가,중상사고,0,1,0,0,차대사람 - 횡단중,보행자보호의무위반,건조,맑음,단일로 - 기타,승용,남,68세,상해없음,보행자,여,77세,중상
2018050900100562,2018년 5월 9일 21시,수요일,부산광역시 연제구 거제동,경상사고,0,0,1,0,차대차 - 측면충돌,안전운전불이행,건조,맑음,교차로 - 교차로부근,승용,남,57세,상해없음,이륜,남,31세,경상
2018050900100627,2018년 5월 9일 23시,수요일,부산광역시 동래구 사직동,경상사고,0,0,1,0,차대차 - 측면충돌,신호위반,건조,맑음,교차로 - 교차로안,승용,남,55세,상해없음,이륜,남,29세,경상
2018051000100030,2018년 5월 10일 02시,목요일,부산광역시 영도구 동삼동,경상사고,0,0,1,0,차대사람 - 길가장자리구역통행중,기타,건조,맑음,교차로 - 교차로안,승용,남,60세,상해없음,보행자,여,68세,경상
2018051000100056,2018년 5월 10일 06시,목요일,부산광역시 수영구 남천동,경상사고,0,0,1,0,차대차 - 측면충돌,안전운전불이행,건조,맑음,교차로 - 교차로안,화물,남,39세,상해없음,승용,남,22세,경상
2018051000100057,2018년 5월 10일 06시,목요일,부산광역시 해운대구 반여동,경상사고,0,0,1,0,차대차 - 측면충돌,안전운전불이행,건조,맑음,교차로 - 교차로안,승용,남,56세,상해없음,승용,남,43세,경상
2018051000100058,2018년 5월 10일 06시,목요일,부산광역시 사하구 다대동,경상사고,0,0,1,0,차대차 - 추돌,안전운전불이행,건조,맑음,교차로 - 교차로부근,화물,남,42세,상해없음,승용,남,54세,경상
2018051000100078,2018년 5월 10일 07시,목요일,부산광역시 동래구 명륜동,부상신고사고,0,0,0,1,차대사람 - 횡단중,신호위반,건조,맑음,단일로 - 기타,승용,남,50세,상해없음,보행자,여,15세,부상신고
2018051000100108,2018년 5월 10일 08시,목요일,부산광역시 남구 문현동,중상사고,0,1,0,0,차대차 - 기타,안전운전불이행,건조,맑음,단일로 - 기타,승용,남,57세,상해없음,승용,여,26세,중상
2018051000100109,2018년 5월 10일 08시,목요일,부산광역시 동래구 온천동,경상사고,0,0,1,0,차대사람 - 기타,안전운전불이행,건조,맑음,단일로 - 기타,화물,남,54세,상해없음,보행자,남,58세,경상
2018051000100110,2018년 5월 10일 08시,목요일,부산광역시 해운대구 좌동,경상사고,0,0,1,0,차대사람 - 횡단중,보행자보호의무위반,건조,맑음,단일로 - 기타,승용,여,55세,상해없음,보행자,남,7세,경상
2018051000100111,2018년 5월 10일 08시,목요일,부산광역시 해운대구 우동,경상사고,0,0,2,0,차대차 - 측면충돌,교차로운행방법위반,건조,맑음,교차로 - 교차로안,승용,남,28세,기타불명,승용,여,44세,경상
2018051000100112,2018년 5월 10일 08시,목요일,부산광역시 사상구 학장동,경상사고,0,0,1,0,차대차 - 측면충돌,안전거리미확보,건조,맑음,단일로 - 기타,화물,남,52세,상해없음,승용,남,36세,경상
2018051000100166,2018년 5월 10일 09시,목요일,부산광역시 해운대구 반여동,중상사고,0,1,1,0,차대차 - 측면충돌,신호위반,건조,맑음,교차로 - 교차로안,이륜,남,17세,경상,승용,남,64세,상해없음
2018051000100167,2018년 5월 10일 09시,목요일,부산광역시 해운대구 재송동,경상사고,0,0,1,0,차대차 - 기타,안전거리미확보,건조,맑음,단일로 - 기타,승용,여,42세,상해없음,승합,남,55세,상해없음
2018051000100168,2018년 5월 10일 09시,목요일,부산광역시 금정구 두구동,경상사고,0,0,1,0,차대차 - 측면충돌,안전운전불이행,건조,맑음,단일로 - 기타,화물,여,58세,상해없음,화물,남,39세,경상
2018051000100213,2018년 5월 10일 11시,목요일,부산광역시 북구 만덕동,경상사고,0,0,1,0,차대차 - 기타,중앙선침범,건조,맑음,단일로 - 기타,이륜,남,25세,경상,화물,남,44세,상해없음
2018051000100323,2018년 5월 10일 14시,목요일,부산광역시 중구 부평동1가,중상사고,0,1,0,0,차대사람 - 길가장자리구역통행중,안전운전불이행,건조,맑음,단일로 - 기타,기타불명,여,52세,상해없음,보행자,여,88세,중상
2018051000100324,2018년 5월 10일 14시,목요일,부산광역시 연제구 연산동,경상사고,0,0,2,0,차대차 - 측면충돌,차로위반,건조,맑음,교차로 - 교차로안,화물,남,46세,상해없음,승합,남,43세,경상
2018051000100356,2018년 5월 10일 15시,목요일,부산광역시 사상구 괘법동,부상신고사고,0,0,0,1,차대사람 - 기타,안전운전불이행,건조,맑음,단일로 - 기타,승용,여,58세,상해없음,보행자,남,69세,부상신고
2018051000100380,2018년 5월 10일 16시,목요일,부산광역시 남구 대연동,경상사고,0,0,1,0,차대사람 - 길가장자리구역통행중,안전운전불이행,건조,맑음,단일로 - 기타,승용,남,52세,상해없음,보행자,남,42세,경상
2018051000100381,2018년 5월 10일 16시,목요일,부산광역시 동래구 명륜동,경상사고,0,0,1,0,차대사람 - 차도통행중,안전운전불이행,건조,맑음,교차로 - 교차로부근,화물,남,53세,상해없음,보행자,남,7세,경상
2018051000100432,2018년 5월 10일 17시,목요일,부산광역시 부산진구 개금동,사망사고,1,1,1,0,차대차 - 정면충돌,중앙선침범,건조,맑음,단일로 - 기타,이륜,남,27세,사망,승용,남,52세,경상
2018051000100433,2018년 5월 10일 17시,목요일,부산광역시 사상구 모라동,중상사고,0,1,0,0,차대차 - 측면충돌,안전운전불이행,건조,맑음,단일로 - 기타,이륜,여,29세,상해없음,자전거,여,65세,중상
2018051000100483,2018년 5월 10일 18시,목요일,부산광역시 수영구 남천동,경상사고,0,0,1,0,차대사람 - 기타,안전운전불이행,건조,맑음,기타 - 기타,자전거,남,63세,상해없음,보행자,여,34세,경상
2018051000100529,2018년 5월 10일 19시,목요일,부산광역시 해운대구 우동,경상사고,0,0,2,0,차대차 - 기타,교차로운행방법위반,건조,맑음,교차로 - 교차로안,승용,여,61세,경상,승용,남,59세,경상
2018051000100531,2018년 5월 10일 19시,목요일,부산광역시 강서구 송정동,중상사고,0,1,0,0,차대차 - 측면충돌,신호위반,건조,맑음,교차로 - 교차로안,승용,남,29세,상해없음,승용,남,35세,중상
2018051000100532,2018년 5월 10일 19시,목요일,부산광역시 기장군 기장읍,경상사고,0,0,1,0,차대차 - 추돌,안전운전불이행,건조,맑음,교차로 - 교차로안,승용,남,59세,상해없음,원동기,남,61세,경상
2018051000100560,2018년 5월 10일 20시,목요일,부산광역시 부산진구 양정동,중상사고,0,1,0,0,차대사람 - 기타,안전운전불이행,건조,맑음,교차로 - 교차로안,승용,여,39세,상해없음,보행자,남,10세,중상
2018051000100590,2018년 5월 10일 21시,목요일,부산광역시 사상구 감전동,중상사고,0,1,3,0,차대차 - 추돌,안전운전불이행,건조,맑음,단일로 - 기타,화물,남,54세,중상,화물,남,52세,경상
2018051000100619,2018년 5월 10일 22시,목요일,부산광역시 중구 중앙동6가,중상사고,0,1,0,0,차대차 - 측면충돌,안전운전불이행,건조,맑음,교차로 - 교차로안,승용,여,23세,기타불명,승용,남,62세,중상
2018051000100620,2018년 5월 10일 22시,목요일,부산광역시 동구 범일동,경상사고,0,0,2,0,차대차 - 측면충돌,안전운전불이행,건조,맑음,단일로 - 기타,승용,남,62세,상해없음,승용,남,36세,경상
2018051000100621,2018년 5월 10일 22시,목요일,부산광역시 동래구 명륜동,경상사고,0,0,2,0,차대차 - 기타,안전거리미확보,건조,맑음,교차로 - 교차로안,승용,남,52세,상해없음,승용,여,43세,상해없음
2018051000100622,2018년 5월 10일 22시,목요일,부산광역시 부산진구 부암동,중상사고,0,3,0,0,차대차 - 측면충돌,신호위반,건조,맑음,교차로 - 교차로안,승용,남,63세,상해없음,승용,여,43세,중상
2018051000100647,2018년 5월 10일 23시,목요일,부산광역시 중구 남포동6가,경상사고,0,0,1,0,차대사람 - 기타,안전운전불이행,건조,맑음,단일로 - 기타,화물,남,50세,상해없음,보행자,여,28세,경상
2018051100100044,2018년 5월 11일 05시,금요일,부산광역시 해운대구 좌동,경상사고,0,0,1,0,차대사람 - 횡단중,신호위반,건조,맑음,교차로 - 교차로부근,승용,남,56세,상해없음,보행자,여,48세,경상
2018051100100067,2018년 5월 11일 07시,금요일,부산광역시 수영구 광안동,경상사고,0,0,1,0,차대차 - 측면충돌,신호위반,건조,맑음,교차로 - 교차로안,승용,남,69세,상해없음,승용,남,29세,경상
2018051100100068,2018년 5월 11일 07시,금요일,부산광역시 남구 대연동,중상사고,0,1,0,0,차대사람 - 기타,안전운전불이행,건조,맑음,단일로 - 기타,화물,남,61세,상해없음,보행자,남,15세,중상
2018051100100069,2018년 5월 11일 07시,금요일,부산광역시 기장군 장안읍,경상사고,0,0,1,0,차대차 - 정면충돌,중앙선침범,건조,맑음,단일로 - 기타,승용,남,29세,상해없음,화물,남,59세,상해없음
2018051100100088,2018년 5월 11일 08시,금요일,부산광역시 동래구 명륜동,중상사고,0,1,0,0,차대차 - 추돌,안전거리미확보,건조,맑음,단일로 - 기타,승용,남,37세,상해없음,승용,남,43세,중상
2018051100100089,2018년 5월 11일 08시,금요일,부산광역시 사하구 괴정동,경상사고,0,0,1,0,차대차 - 측면충돌,안전운전불이행,건조,맑음,단일로 - 기타,승용,여,47세,상해없음,승용,남,30세,경상
2018051100100090,2018년 5월 11일 08시,금요일,부산광역시 사상구 모라동,중상사고,0,3,2,1,차대차 - 추돌,안전거리미확보,건조,맑음,단일로 - 고가도로위,화물,남,67세,부상신고,승용,남,56세,중상
2018051100100133,2018년 5월 11일 09시,금요일,부산광역시 부산진구 부암동,중상사고,0,1,0,0,차대차 - 기타,신호위반,건조,맑음,교차로 - 교차로안,승용,남,79세,상해없음,승용,남,39세,중상
2018051100100134,2018년 5월 11일 09시,금요일,부산광역시 기장군 정관읍,중상사고,0,1,0,0,차대차 - 기타,안전운전불이행,건조,흐림,교차로 - 교차로안,승합,여,48세,상해없음,승용,여,30세,중상
2018051100100175,2018년 5월 11일 10시,금요일,부산광역시 중구 부평동1가,경상사고,0,0,1,0,차대사람 - 길가장자리구역통행중,안전운전불이행,건조,맑음,단일로 - 기타,이륜,남,60세,상해없음,보행자,남,37세,경상
2018051100100176,2018년 5월 11일 10시,금요일,부산광역시 서구 부민동1가,중상사고,0,1,0,0,차대사람 - 횡단중,안전운전불이행,건조,맑음,단일로 - 기타,승용,남,55세,상해없음,보행자,여,69세,중상
2018051100100213,2018년 5월 11일 11시,금요일,부산광역시 서구 부민동2가,경상사고,0,0,2,0,차대차 - 측면충돌,교차로운행방법위반,건조,맑음,교차로 - 교차로안,승용,남,37세,상해없음,승용,여,49세,경상
2018051100100214,2018년 5월 11일 11시,금요일,부산광역시 사하구 당리동,경상사고,0,0,2,0,차대차 - 측면충돌,안전거리미확보,건조,맑음,기타 - 기타,건설기계,남,36세,경상,승용,남,54세,경상
2018051100100241,2018년 5월 11일 12시,금요일,부산광역시 서구 암남동,경상사고,0,0,1,0,차대차 - 기타,교차로운행방법위반,건조,맑음,교차로 - 교차로안,화물,남,43세,상해없음,특수,남,55세,경상
2018051100100242,2018년 5월 11일 12시,금요일,부산광역시 연제구 연산동,중상사고,0,1,0,0,차대차 - 측면충돌,중앙선침범,건조,맑음,교차로 - 교차로부근,이륜,남,51세,중상,승용,남,42세,상해없음
2018051100100277,2018년 5월 11일 13시,금요일,부산광역시 남구 우암동,부상신고사고,0,0,0,1,차대차 - 추돌,안전운전불이행,건조,맑음,단일로 - 기타,승용,여,23세,상해없음,화물,남,56세,부상신고
2018051100100278,2018년 5월 11일 13시,금요일,부산광역시 부산진구 개금동,중상사고,0,1,0,0,차대사람 - 횡단중,보행자보호의무위반,건조,맑음,단일로 - 기타,화물,남,53세,상해없음,보행자,여,73세,중상
2018051100100279,2018년 5월 11일 13시,금요일,부산광역시 사하구 다대동,중상사고,0,1,1,0,차대사람 - 횡단중,보행자보호의무위반,건조,맑음,단일로 - 기타,승용,여,45세,상해없음,보행자,여,58세,중상
2018051100100313,2018년 5월 11일 14시,금요일,부산광역시 부산진구 범천동,경상사고,0,0,1,0,차대차 - 기타,신호위반,건조,맑음,교차로 - 교차로안,승용,여,60세,상해없음,이륜,남,65세,경상
2018051100100314,2018년 5월 11일 14시,금요일,부산광역시 기장군 기장읍,중상사고,0,1,1,0,차대차 - 측면충돌,신호위반,건조,맑음,단일로 - 기타,승용,여,37세,경상,이륜,남,49세,중상
2018051100100384,2018년 5월 11일 16시,금요일,부산광역시 중구 남포동4가,경상사고,0,0,1,0,차대차 - 측면충돌,신호위반,건조,맑음,기타 - 기타,이륜,남,44세,상해없음,이륜,남,37세,경상
2018051100100385,2018년 5월 11일 16시,금요일,부산광역시 남구 문현동,경상사고,0,0,1,0,차대차 - 기타,안전운전불이행,건조,맑음,교차로 - 교차로안,승용,남,56세,상해없음,이륜,남,69세,경상
2018051100100386,2018년 5월 11일 16시,금요일,부산광역시 해운대구 좌동,중상사고,0,1,2,0,차대차 - 추돌,안전운전불이행,건조,맑음,교차로 - 교차로부근,승용,남,63세,상해없음,승용,여,32세,중상
2018051100100387,2018년 5월 11일 16시,금요일,부산광역시 연제구 연산동,경상사고,0,0,1,0,차대사람 - 횡단중,안전운전불이행,건조,맑음,교차로 - 교차로안,승용,여,66세,상해없음,보행자,여,90세 이상,경상
2018051100100434,2018년 5월 11일 17시,금요일,부산광역시 중구 남포동6가,중상사고,0,1,0,0,차대차 - 정면충돌,안전거리미확보,건조,맑음,단일로 - 기타,승용,남,58세,상해없음,이륜,여,68세,중상
2018051100100435,2018년 5월 11일 17시,금요일,부산광역시 중구 광복동3가,경상사고,0,0,1,0,차대사람 - 보도통행중,보행자보호의무위반,건조,맑음,단일로 - 기타,승용,여,40세,기타불명,보행자,여,25세,경상
2018051100100436,2018년 5월 11일 17시,금요일,부산광역시 중구 보수동1가,중상사고,0,1,0,0,차대차 - 추돌,안전운전불이행,건조,맑음,단일로 - 기타,승용,남,31세,상해없음,승용,남,49세,중상
2018051100100437,2018년 5월 11일 17시,금요일,부산광역시 동래구 온천동,중상사고,0,1,0,0,차대차 - 추돌,안전운전불이행,건조,맑음,단일로 - 기타,승용,남,29세,상해없음,승용,여,48세,중상
2018051100100468,2018년 5월 11일 18시,금요일,부산광역시 부산진구 당감동,사망사고,1,0,0,0,차대사람 - 횡단중,안전운전불이행,건조,맑음,단일로 - 기타,승용,여,45세,상해없음,보행자,여,72세,사망
2018051100100469,2018년 5월 11일 18시,금요일,부산광역시 수영구 수영동,경상사고,0,0,2,0,차대사람 - 보도통행중,기타,건조,맑음,단일로 - 기타,승용,남,56세,상해없음,보행자,남,70세,경상
2018051100100510,2018년 5월 11일 19시,금요일,부산광역시 금정구 부곡동,경상사고,0,0,2,0,차대차 - 추돌,안전운전불이행,건조,맑음,교차로 - 교차로부근,승용,남,67세,상해없음,승용,남,44세,경상
2018051100100550,2018년 5월 11일 20시,금요일,부산광역시 동래구 사직동,중상사고,0,1,0,0,차대차 - 측면충돌,안전운전불이행,건조,맑음,단일로 - 기타,이륜,남,31세,상해없음,자전거,남,50세,중상
2018051100100551,2018년 5월 11일 20시,금요일,부산광역시 부산진구 초읍동,경상사고,0,0,1,0,차대차 - 기타,불법유턴,건조,맑음,교차로 - 교차로안,승용,남,75세,상해없음,이륜,남,27세,경상
2018051100100552,2018년 5월 11일 20시,금요일,부산광역시 부산진구 범전동,경상사고,0,0,1,0,차대차 - 기타,신호위반,건조,맑음,단일로 - 기타,이륜,남,22세,상해없음,이륜,남,55세,경상
2018051100100553,2018년 5월 11일 20시,금요일,부산광역시 부산진구 부전동,중상사고,0,1,0,0,차대사람 - 기타,기타,건조,맑음,단일로 - 기타,승합,남,41세,상해없음,보행자,여,57세,중상
2018051100100554,2018년 5월 11일 20시,금요일,부산광역시 사상구 감전동,경상사고,0,0,2,0,차대차 - 추돌,안전운전불이행,건조,맑음,단일로 - 기타,승용,여,49세,경상,건설기계,남,55세,상해없음
2018051100100594,2018년 5월 11일 21시,금요일,부산광역시 동구 좌천동,경상사고,0,0,6,0,차대차 - 추돌,안전거리미확보,건조,맑음,단일로 - 기타,화물,남,47세,상해없음,승용,남,62세,경상
2018051100100624,2018년 5월 11일 22시,금요일,부산광역시 동래구 온천동,중상사고,0,1,0,0,차대사람 - 횡단중,보행자보호의무위반,건조,흐림,교차로 - 교차로횡단보도내,승용,남,59세,상해없음,보행자,여,66세,중상
2018051100100625,2018년 5월 11일 22시,금요일,부산광역시 부산진구 전포동,경상사고,0,0,1,1,차대차 - 기타,신호위반,건조,맑음,교차로 - 교차로안,승용,남,56세,부상신고,승용,여,52세,경상
2018051100100626,2018년 5월 11일 22시,금요일,부산광역시 강서구 명지동,경상사고,0,0,2,0,차대차 - 추돌,차로위반,건조,맑음,단일로 - 기타,승용,남,65세,상해없음,승용,남,46세,경상
2018051100100651,2018년 5월 11일 23시,금요일,부산광역시 동래구 온천동,중상사고,0,1,1,0,차대차 - 추돌,안전거리미확보,건조,맑음,단일로 - 기타,승용,남,23세,상해없음,승용,남,53세,중상
2018051200100006,2018년 5월 12일 00시,토요일,부산광역시 북구 구포동,경상사고,0,0,1,0,차대차 - 기타,안전운전불이행,건조,맑음,단일로 - 기타,승용,남,58세,상해없음,승용,남,56세,경상
2018051200100007,2018년 5월 12일 00시,토요일,부산광역시 연제구 연산동,경상사고,0,0,1,0,차대차 - 추돌,안전운전불이행,건조,맑음,단일로 - 기타,승용,여,34세,상해없음,승용,남,34세,경상
2018051200100044,2018년 5월 12일 02시,토요일,부산광역시 북구 덕천동,경상사고,0,0,1,0,차대사람 - 횡단중,안전운전불이행,건조,맑음,교차로 - 교차로횡단보도내,승용,남,50세,상해없음,보행자,여,25세,경상
2018051200100045,2018년 5월 12일 02시,토요일,부산광역시 부산진구 당감동,경상사고,0,0,1,0,차량단독 - 기타,안전운전불이행,건조,맑음,단일로 - 기타,승용,남,68세,상해없음,,,,
2018051200100072,2018년 5월 12일 04시,토요일,부산광역시 북구 덕천동,부상신고사고,0,0,0,1,차대사람 - 기타,기타,건조,맑음,단일로 - 지하차도(도로)내,승용,남,70세,상해없음,보행자,남,59세,부상신고
2018051200100108,2018년 5월 12일 07시,토요일,부산광역시 동구 초량동,부상신고사고,0,0,0,1,차대사람 - 기타,안전운전불이행,건조,맑음,기타 - 기타,화물,남,55세,상해없음,보행자,여,58세,부상신고
2018051200100127,2018년 5월 12일 08시,토요일,부산광역시 북구 화명동,사망사고,1,0,0,0,차대사람 - 횡단중,신호위반,젖음/습기,비,단일로 - 기타,화물,남,56세,상해없음,보행자,여,61세,사망
2018051200100128,2018년 5월 12일 08시,토요일,부산광역시 동래구 온천동,중상사고,0,1,3,1,차대차 - 추돌,안전운전불이행,젖음/습기,비,단일로 - 기타,화물,남,38세,상해없음,화물,남,67세,경상
2018051200100173,2018년 5월 12일 10시,토요일,부산광역시 동래구 온천동,중상사고,0,2,6,0,차대차 - 측면충돌,신호위반,젖음/습기,흐림,교차로 - 교차로부근,승용,남,73세,경상,승용,남,36세,경상
2018051200100174,2018년 5월 12일 10시,토요일,부산광역시 기장군 기장읍,경상사고,0,0,1,0,차대차 - 측면충돌,교차로운행방법위반,건조,맑음,교차로 - 교차로안,승용,남,52세,상해없음,승용,여,50세,경상
2018051200100206,2018년 5월 12일 11시,토요일,부산광역시 남구 용호동,경상사고,0,0,2,0,차대차 - 기타,신호위반,젖음/습기,비,교차로 - 교차로안,승용,여,39세,상해없음,승용,남,63세,경상
2018051200100208,2018년 5월 12일 11시,토요일,부산광역시 사상구 학장동,경상사고,0,0,2,0,차대차 - 정면충돌,안전운전불이행,건조,맑음,단일로 - 기타,승용,남,23세,경상,승용,여,47세,경상
2018051200100267,2018년 5월 12일 13시,토요일,부산광역시 동래구 안락동,경상사고,0,0,2,0,차대차 - 기타,안전운전불이행,건조,맑음,단일로 - 기타,승용,남,72세,상해없음,승용,남,32세,경상
2018051200100302,2018년 5월 12일 14시,토요일,부산광역시 동래구 사직동,중상사고,0,1,0,0,차대사람 - 횡단중,안전운전불이행,젖음/습기,비,교차로 - 교차로안,승용,여,31세,상해없음,보행자,여,63세,중상
2018051200100303,2018년 5월 12일 14시,토요일,부산광역시 동래구 온천동,경상사고,0,0,1,0,차대차 - 후진중충돌,안전운전불이행,건조,맑음,단일로 - 기타,승용,여,61세,상해없음,승용,남,30세,경상
2018051200100304,2018년 5월 12일 14시,토요일,부산광역시 부산진구 부암동,경상사고,0,0,1,0,차대차 - 기타,안전운전불이행,건조,맑음,단일로 - 기타,건설기계,남,51세,상해없음,승용,여,57세,경상
2018051200100305,2018년 5월 12일 14시,토요일,부산광역시 기장군 기장읍,경상사고,0,0,3,0,차대차 - 측면충돌,안전운전불이행,건조,맑음,교차로 - 교차로안,승용,남,65세,상해없음,승용,남,24세,경상