사고번호,사고일시,요일,시군구,사고내용,사망자수,중상자수,경상자수,부상신고자수,사고유형,법규위반,노면상태,기상상태,도로형태,가해운전자 차종,가해운전자 성별,가해운전자 연령,가해운전자 상해정도,피해운전자 차종,피해운전자 성별,피해운전자 연령,피해운전자 상해정도
2018051200100341,2018년 5월 12일 15시,토요일,부산광역시 동래구 사직동,중상사고,0,1,0,0,차량단독 - 기타,기타,젖음/습기,비,단일로 - 기타,승합,남,35세,상해없음,,,,
2018051200100342,2018년 5월 12일 15시,토요일,부산광역시 부산진구 당감동,경상사고,0,0,1,1,차대차 - 측면충돌,차로위반,건조,맑음,단일로 - 기타,승용,남,30세,부상신고,승용,남,32세,경상
2018051200100343,2018년 5월 12일 15시,토요일,부산광역시 사하구 다대동,경상사고,0,0,1,0,차대차 - 측면충돌,직진우회전진행방해,젖음/습기,비,교차로 - 교차로안,승용,남,48세,상해없음,이륜,남,38세,경상
2018051200100373,2018년 5월 12일 16시,토요일,부산광역시 해운대구 재송동,경상사고,0,0,1,0,차대차 - 측면충돌,교차로운행방법위반,젖음/습기,비,교차로 - 교차로안,승용,남,70세,상해없음,승용,남,48세,상해없음
2018051200100374,2018년 5월 12일 16시,토요일,부산광역시 연제구 연산동,경상사고,0,0,1,0,차대차 - 기타,교차로운행방법위반,건조,맑음,교차로 - 교차로안,승용,남,28세,상해없음,승용,남,60세,상해없음
2018051200100375,2018년 5월 12일 16시,토요일,부산광역시 기장군 기장읍,경상사고,0,0,2,0,차대차 - 기타,안전운전불이행,젖음/습기,비,단일로 - 기타,승용,남,63세,경상,승용,남,36세,경상
2018051200100418,2018년 5월 12일 17시,토요일,부산광역시 동래구 명륜동,경상사고,0,0,2,0,차대차 - 측면충돌,안전거리미확보,젖음/습기,비,교차로 - 교차로부근,승용,남,21세,상해없음,승용,여,37세,경상
2018051200100456,2018년 5월 12일 18시,토요일,부산광역시 사상구 덕포동,중상사고,0,1,0,0,차대차 - 기타,교차로운행방법위반,젖음/습기,비,교차로 - 교차로안,승용,남,55세,상해없음,이륜,남,44세,중상
2018051200100457,2018년 5월 12일 18시,토요일,부산광역시 사상구 학장동,부상신고사고,0,0,0,1,차대사람 - 기타,안전운전불이행,건조,맑음,단일로 - 기타,승용,남,28세,상해없음,보행자,남,45세,부상신고
2018051200100501,2018년 5월 12일 19시,토요일,부산광역시 연제구 연산동,경상사고,0,0,1,0,차대차 - 측면충돌,신호위반,건조,맑음,교차로 - 교차로안,승용,여,28세,상해없음,승용,남,59세,경상
2018051200100502,2018년 5월 12일 19시,토요일,부산광역시 사상구 주례동,경상사고,0,0,2,0,차대차 - 측면충돌,신호위반,건조,맑음,교차로 - 교차로안,승용,남,71세,상해없음,승용,남,43세,경상
2018051200100550,2018년 5월 12일 20시,토요일,부산광역시 중구 대청동4가,경상사고,0,0,1,0,차대사람 - 횡단중,안전운전불이행,건조,맑음,단일로 - 기타,승용,남,75세,상해없음,보행자,여,27세,경상
2018051200100551,2018년 5월 12일 20시,토요일,부산광역시 동구 범일동,중상사고,0,1,0,0,차대사람 - 기타,안전운전불이행,건조,맑음,기타 - 기타,승용,남,24세,상해없음,보행자,남,63세,중상
2018051200100600,2018년 5월 12일 21시,토요일,부산광역시 금정구 구서동,중상사고,0,1,5,0,차대차 - 추돌,안전운전불이행,건조,맑음,교차로 - 교차로부근,승용,여,55세,상해없음,승용,남,37세,경상
2018051200100649,2018년 5월 12일 22시,토요일,부산광역시 동래구 온천동,경상사고,0,0,1,0,차대사람 - 기타,안전운전불이행,젖음/습기,비,단일로 - 기타,이륜,남,33세,경상,보행자,남,45세,상해없음
2018051200100650,2018년 5월 12일 22시,토요일,부산광역시 사하구 괴정동,경상사고,0,0,1,0,차대차 - 기타,안전운전불이행,젖음/습기,비,단일로 - 기타,기타불명,기타불명,미분류,기타불명,이륜,남,51세,경상
2018051200100687,2018년 5월 12일 23시,토요일,부산광역시 북구 덕천동,경상사고,0,0,1,0,차대사람 - 기타,안전운전불이행,건조,맑음,교차로 - 교차로안,승용,남,53세,상해없음,보행자,여,52세,경상
2018051200100688,2018년 5월 12일 23시,토요일,부산광역시 사하구 구평동,중상사고,0,2,0,0,차량단독 - 공작물충돌,안전운전불이행,젖음/습기,흐림,단일로 - 기타,승용,남,25세,중상,,,,
2018051200100689,2018년 5월 12일 23시,토요일,부산광역시 기장군 철마면,중상사고,0,2,0,0,차대차 - 추돌,안전운전불이행,젖음/습기,맑음,단일로 - 기타,승용,여,48세,상해없음,승용,여,59세,중상
2018051300100004,2018년 5월 13일 00시,일요일,부산광역시 중구 중앙동7가,경상사고,0,0,1,0,차대사람 - 횡단중,신호위반,젖음/습기,비,교차로 - 교차로횡단보도내,승용,남,49세,상해없음,보행자,남,65세,경상
2018051300100005,2018년 5월 13일 00시,일요일,부산광역시 중구 부평동2가,중상사고,0,1,0,0,차대사람 - 횡단중,안전운전불이행,젖음/습기,비,단일로 - 기타,승용,남,39세,상해없음,보행자,남,60세,중상
2018051300100006,2018년 5월 13일 00시,일요일,부산광역시 서구 아미동2가,중상사고,0,1,0,0,차대사람 - 횡단중,보행자보호의무위반,젖음/습기,비,단일로 - 기타,승용,남,54세,상해없음,보행자,여,59세,중상
2018051300100007,2018년 5월 13일 00시,일요일,부산광역시 동래구 낙민동,경상사고,0,0,1,0,차대사람 - 횡단중,안전운전불이행,젖음/습기,비,단일로 - 기타,승용,남,43세,상해없음,보행자,남,56세,경상
2018051300100030,2018년 5월 13일 01시,일요일,부산광역시 부산진구 부전동,경상사고,0,0,1,0,차대사람 - 횡단중,신호위반,젖음/습기,비,단일로 - 기타,기타불명,기타불명,미분류,기타불명,보행자,남,22세,경상
2018051300100031,2018년 5월 13일 01시,일요일,부산광역시 강서구 대저1동,경상사고,0,0,1,0,차대차 - 측면충돌,신호위반,건조,맑음,교차로 - 교차로부근,승합,남,48세,상해없음,승용,남,36세,상해없음
2018051300100048,2018년 5월 13일 02시,일요일,부산광역시 남구 대연동,중상사고,0,1,0,0,차대사람 - 기타,안전운전불이행,건조,맑음,단일로 - 기타,승용,남,66세,상해없음,보행자,남,28세,중상
2018051300100063,2018년 5월 13일 03시,일요일,부산광역시 해운대구 중동,부상신고사고,0,0,0,1,차량단독 - 공작물충돌,안전운전불이행,젖음/습기,비,단일로 - 지하차도(도로)내,승용,남,48세,부상신고,,,,
2018051300100064,2018년 5월 13일 03시,일요일,부산광역시 사상구 엄궁동,중상사고,0,2,0,0,차대차 - 측면충돌,안전운전불이행,젖음/습기,비,단일로 - 기타,승용,남,64세,중상,화물,남,43세,기타불명
2018051300100084,2018년 5월 13일 05시,일요일,부산광역시 동구 좌천동,중상사고,0,1,0,1,차대사람 - 횡단중,안전운전불이행,젖음/습기,비,교차로 - 교차로안,이륜,남,67세,부상신고,보행자,여,41세,중상
2018051300100091,2018년 5월 13일 06시,일요일,부산광역시 부산진구 개금동,경상사고,0,0,4,0,차대차 - 추돌,안전운전불이행,젖음/습기,비,교차로 - 교차로부근,승용,남,53세,상해없음,승합,남,29세,경상
2018051300100092,2018년 5월 13일 06시,일요일,부산광역시 사하구 신평동,중상사고,0,2,2,0,차대차 - 추돌,과속,젖음/습기,비,기타 - 기타,승용,여,47세,중상,승용,남,26세,경상
2018051300100098,2018년 5월 13일 07시,일요일,부산광역시 해운대구 우동,경상사고,0,0,1,0,차대차 - 측면충돌,중앙선침범,젖음/습기,비,단일로 - 기타,승용,남,31세,상해없음,승용,남,35세,경상
2018051300100099,2018년 5월 13일 07시,일요일,부산광역시 사하구 괴정동,경상사고,0,0,1,0,차대차 - 측면충돌,신호위반,젖음/습기,흐림,기타 - 기타,승용,남,38세,상해없음,승용,남,66세,경상
2018051300100100,2018년 5월 13일 07시,일요일,부산광역시 강서구 대저2동,중상사고,0,1,0,0,차대차 - 측면충돌,신호위반,건조,맑음,교차로 - 교차로안,승용,여,39세,상해없음,자전거,남,84세,중상
2018051300100125,2018년 5월 13일 09시,일요일,부산광역시 해운대구 우동,경상사고,0,0,1,0,차대차 - 측면충돌,교차로운행방법위반,건조,맑음,교차로 - 교차로부근,승용,여,44세,상해없음,승용,남,69세,경상
2018051300100155,2018년 5월 13일 11시,일요일,부산광역시 동래구 명륜동,중상사고,0,1,1,1,차대차 - 측면충돌,교차로운행방법위반,건조,맑음,교차로 - 교차로안,승용,남,53세,부상신고,승용,남,27세,경상
2018051300100156,2018년 5월 13일 11시,일요일,부산광역시 기장군 정관읍,경상사고,0,0,1,0,차대사람 - 횡단중,신호위반,건조,맑음,교차로 - 교차로횡단보도내,이륜,남,36세,상해없음,보행자,여,19세,경상
2018051300100202,2018년 5월 13일 13시,일요일,부산광역시 중구 남포동2가,부상신고사고,0,0,0,1,차대사람 - 기타,안전운전불이행,건조,맑음,단일로 - 기타,승용,남,51세,상해없음,보행자,여,67세,부상신고
2018051300100234,2018년 5월 13일 14시,일요일,부산광역시 기장군 정관읍,중상사고,0,1,0,0,차대사람 - 횡단중,신호위반,건조,맑음,단일로 - 기타,이륜,남,39세,상해없음,보행자,남,13세,중상
2018051300100307,2018년 5월 13일 16시,일요일,부산광역시 동래구 온천동,경상사고,0,0,1,0,차대차 - 기타,안전운전불이행,건조,맑음,교차로 - 교차로부근,승용,남,32세,상해없음,승용,남,69세,경상
2018051300100381,2018년 5월 13일 18시,일요일,부산광역시 북구 구포동,경상사고,0,0,1,0,차대사람 - 기타,안전운전불이행,건조,맑음,단일로 - 기타,승용,남,59세,상해없음,보행자,여,62세,경상
2018051300100382,2018년 5월 13일 18시,일요일,부산광역시 금정구 구서동,부상신고사고,0,0,0,1,차대사람 - 기타,안전운전불이행,건조,맑음,단일로 - 기타,승용,남,57세,상해없음,보행자,여,20세,부상신고
2018051300100408,2018년 5월 13일 19시,일요일,부산광역시 동구 초량동,경상사고,0,0,1,0,차대사람 - 횡단중,신호위반,건조,맑음,단일로 - 기타,원동기,남,31세,상해없음,보행자,남,61세,경상
2018051300100409,2018년 5월 13일 19시,일요일,부산광역시 해운대구 좌동,경상사고,0,0,1,0,차대차 - 기타,안전운전불이행,건조,맑음,교차로 - 교차로안,승용,남,54세,상해없음,이륜,남,17세,경상
2018051300100512,2018년 5월 13일 23시,일요일,부산광역시 연제구 연산동,중상사고,0,1,1,0,차대차 - 측면충돌,신호위반,건조,맑음,교차로 - 교차로안,이륜,여,56세,중상,승용,여,64세,경상
2018051400100044,2018년 5월 14일 06시,월요일,부산광역시 수영구 수영동,중상사고,0,1,0,0,차대사람 - 횡단중,안전운전불이행,건조,맑음,교차로 - 교차로부근,승용,남,60세,상해없음,보행자,남,61세,중상
2018051400100061,2018년 5월 14일 07시,월요일,부산광역시 사하구 괴정동,중상사고,0,1,0,0,차대사람 - 보도통행중,기타,건조,맑음,단일로 - 기타,승용,남,41세,상해없음,보행자,여,70세,중상
2018051400100092,2018년 5월 14일 08시,월요일,부산광역시 부산진구 초읍동,경상사고,0,0,1,0,차대사람 - 기타,안전운전불이행,건조,맑음,단일로 - 기타,기타불명,기타불명,미분류,기타불명,보행자,여,8세,경상
2018051400100093,2018년 5월 14일 08시,월요일,부산광역시 사하구 감천동,중상사고,0,1,0,0,차대사람 - 기타,안전운전불이행,건조,맑음,교차로 - 교차로안,화물,남,65세,상해없음,보행자,여,79세,중상
2018051400100137,2018년 5월 14일 09시,월요일,부산광역시 사하구 괴정동,경상사고,0,0,1,0,차대차 - 측면충돌,신호위반,건조,맑음,교차로 - 교차로안,자전거,남,70세,경상,화물,남,65세,상해없음
2018051400100138,2018년 5월 14일 09시,월요일,부산광역시 사상구 감전동,경상사고,0,0,1,0,차대사람 - 횡단중,보행자보호의무위반,건조,맑음,교차로 - 교차로횡단보도내,승용,남,61세,상해없음,보행자,남,66세,경상
2018051400100163,2018년 5월 14일 10시,월요일,부산광역시 동래구 명륜동,경상사고,0,0,1,0,차대차 - 측면충돌,교차로운행방법위반,건조,맑음,교차로 - 교차로안,승용,남,48세,상해없음,승용,여,38세,경상
2018051400100190,2018년 5월 14일 11시,월요일,부산광역시 부산진구 부전동,경상사고,0,0,1,0,차대사람 - 기타,안전운전불이행,건조,맑음,단일로 - 기타,승용,남,26세,상해없음,보행자,남,26세,경상
2018051400100191,2018년 5월 14일 11시,월요일,부산광역시 연제구 연산동,경상사고,0,0,1,0,차대차 - 기타,안전운전불이행,건조,맑음,단일로 - 기타,승용,여,64세,기타불명,이륜,남,38세,경상
2018051400100224,2018년 5월 14일 12시,월요일,부산광역시 해운대구 우동,경상사고,0,0,3,0,차대차 - 기타,안전운전불이행,건조,맑음,교차로 - 교차로부근,승용,남,31세,상해없음,승용,남,34세,경상
2018051400100225,2018년 5월 14일 12시,월요일,부산광역시 사하구 신평동,중상사고,0,1,0,0,차대차 - 기타,차로위반,건조,맑음,단일로 - 기타,승용,남,58세,상해없음,승용,여,58세,중상
2018051400100251,2018년 5월 14일 13시,월요일,부산광역시 사상구 괘법동,경상사고,0,0,1,0,차대차 - 측면충돌,안전운전불이행,건조,맑음,교차로 - 교차로안,이륜,남,53세,경상,화물,남,67세,상해없음
2018051400100283,2018년 5월 14일 14시,월요일,부산광역시 부산진구 전포동,경상사고,0,0,1,0,차대차 - 측면충돌,차로위반,건조,맑음,단일로 - 기타,승용,여,41세,상해없음,승용,여,37세,경상
2018051400100316,2018년 5월 14일 15시,월요일,부산광역시 중구 중앙동5가,경상사고,0,0,1,0,차대차 - 측면충돌,신호위반,건조,맑음,교차로 - 교차로안,승용,여,50세,상해없음,승용,여,47세,경상
2018051400100317,2018년 5월 14일 15시,월요일,부산광역시 연제구 연산동,중상사고,0,1,0,0,차대사람 - 길가장자리구역통행중,안전운전불이행,건조,맑음,주차장 - 주차장,화물,남,29세,상해없음,보행자,여,79세,중상
2018051400100318,2018년 5월 14일 15시,월요일,부산광역시 강서구 송정동,중상사고,0,1,11,0,차대차 - 추돌,안전운전불이행,건조,맑음,교차로 - 교차로부근,승합,남,50세,상해없음,승용,남,54세,경상
2018051400100357,2018년 5월 14일 16시,월요일,부산광역시 사상구 주례동,경상사고,0,0,1,0,차대차 - 추돌,안전운전불이행,건조,맑음,교차로 - 교차로부근,승용,여,45세,상해없음,승용,남,66세,경상
2018051400100391,2018년 5월 14일 17시,월요일,부산광역시 부산진구 전포동,경상사고,0,0,1,1,차대차 - 측면충돌,교차로운행방법위반,건조,맑음,교차로 - 교차로안,이륜,남,20세,부상신고,승용,남,44세,경상
2018051400100392,2018년 5월 14일 17시,월요일,부산광역시 부산진구 양정동,경상사고,0,0,2,0,차대차 - 기타,교차로운행방법위반,건조,맑음,교차로 - 교차로안,승용,남,64세,상해없음,승합,남,58세,상해없음
2018051400100393,2018년 5월 14일 17시,월요일,부산광역시 부산진구 부전동,경상사고,0,0,1,0,차대사람 - 횡단중,보행자보호의무위반,건조,맑음,교차로 - 교차로부근,화물,남,54세,상해없음,보행자,여,17세,경상
2018051400100394,2018년 5월 14일 17시,월요일,부산광역시 강서구 송정동,중상사고,0,1,1,0,차대차 - 측면충돌,안전운전불이행,건조,맑음,교차로 - 교차로안,승용,남,63세,상해없음,승용,남,38세,경상
2018051400100436,2018년 5월 14일 18시,월요일,부산광역시 남구 대연동,경상사고,0,0,1,0,차대차 - 기타,안전운전불이행,건조,맑음,단일로 - 기타,승용,남,36세,상해없음,이륜,남,30세,경상
2018051400100468,2018년 5월 14일 19시,월요일,부산광역시 서구 서대신동3가,중상사고,0,1,2,0,차대차 - 측면충돌,중앙선침범,건조,맑음,교차로 - 교차로부근,승용,여,57세,경상,이륜,남,50세,중상
2018051400100469,2018년 5월 14일 19시,월요일,부산광역시 남구 대연동,경상사고,0,0,1,0,차대차 - 추돌,안전거리미확보,건조,맑음,단일로 - 기타,승용,남,48세,상해없음,승용,남,43세,상해없음
2018051400100492,2018년 5월 14일 20시,월요일,부산광역시 동래구 사직동,경상사고,0,0,1,0,차대차 - 측면충돌,안전운전불이행,건조,맑음,교차로 - 교차로안,승용,여,46세,상해없음,원동기,남,22세,경상
2018051400100493,2018년 5월 14일 20시,월요일,부산광역시 사하구 하단동,경상사고,0,0,1,0,차대사람 - 횡단중,보행자보호의무위반,건조,맑음,교차로 - 교차로횡단보도내,승용,남,57세,상해없음,보행자,여,66세,경상
2018051400100565,2018년 5월 14일 23시,월요일,부산광역시 부산진구 부전동,경상사고,0,0,1,0,차대사람 - 기타,안전운전불이행,건조,맑음,단일로 - 기타,승용,남,23세,상해없음,보행자,남,27세,경상
2018051500100030,2018년 5월 15일 03시,화요일,부산광역시 동래구 온천동,경상사고,0,0,1,0,차대차 - 측면충돌,교차로운행방법위반,건조,맑음,교차로 - 교차로부근,승용,남,46세,상해없음,승용,남,34세,경상
2018051500100048,2018년 5월 15일 06시,화요일,부산광역시 동구 초량동,경상사고,0,0,2,0,차대차 - 추돌,안전운전불이행,건조,맑음,단일로 - 기타,승용,남,35세,기타불명,승용,남,61세,경상
2018051500100070,2018년 5월 15일 07시,화요일,부산광역시 중구 대창동2가,경상사고,0,0,1,0,차대차 - 추돌,안전운전불이행,건조,맑음,단일로 - 기타,이륜,남,54세,상해없음,승용,남,24세,경상
2018051500100071,2018년 5월 15일 07시,화요일,부산광역시 사하구 하단동,경상사고,0,0,1,0,차대차 - 기타,안전거리미확보,건조,맑음,단일로 - 기타,승용,남,50세,상해없음,승용,남,59세,상해없음
2018051500100072,2018년 5월 15일 07시,화요일,부산광역시 사상구 엄궁동,경상사고,0,0,1,0,차대차 - 추돌,안전운전불이행,건조,맑음,단일로 - 기타,화물,남,57세,상해없음,승용,남,40세,경상
2018051500100097,2018년 5월 15일 08시,화요일,부산광역시 동구 초량동,경상사고,0,0,2,0,차대차 - 추돌,안전운전불이행,건조,맑음,교차로 - 교차로안,건설기계,남,55세,상해없음,승용,남,56세,경상
2018051500100098,2018년 5월 15일 08시,화요일,부산광역시 동래구 온천동,중상사고,0,1,0,0,차대사람 - 횡단중,신호위반,건조,맑음,교차로 - 교차로횡단보도내,이륜,남,26세,상해없음,보행자,여,63세,중상
2018051500100139,2018년 5월 15일 09시,화요일,부산광역시 서구 동대신동3가,경상사고,0,0,1,0,차대차 - 추돌,안전거리미확보,건조,맑음,교차로 - 교차로안,이륜,남,73세,경상,화물,남,62세,상해없음
2018051500100140,2018년 5월 15일 09시,화요일,부산광역시 남구 용호동,경상사고,0,0,1,0,차대사람 - 길가장자리구역통행중,안전운전불이행,건조,맑음,단일로 - 기타,승용,여,41세,상해없음,보행자,여,37세,경상
2018051500100167,2018년 5월 15일 10시,화요일,부산광역시 해운대구 재송동,경상사고,0,0,1,0,차대차 - 기타,안전운전불이행,기타,맑음,단일로 - 기타,승용,여,49세,상해없음,승용,남,47세,경상
2018051500100168,2018년 5월 15일 10시,화요일,부산광역시 부산진구 부전동,경상사고,0,0,2,0,차대차 - 추돌,안전운전불이행,건조,맑음,교차로 - 교차로부근,승용,남,29세,상해없음,승용,남,37세,경상
2018051500100199,2018년 5월 15일 11시,화요일,부산광역시 해운대구 석대동,중상사고,0,1,1,0,차대차 - 기타,신호위반,기타,맑음,교차로 - 교차로안,승용,남,55세,상해없음,승용,여,38세,경상
2018051500100200,2018년 5월 15일 11시,화요일,부산광역시 금정구 부곡동,경상사고,0,0,1,0,차대차 - 측면충돌,안전거리미확보,건조,맑음,단일로 - 기타,승용,남,63세,상해없음,승용,남,29세,경상
2018051500100221,2018년 5월 15일 12시,화요일,부산광역시 기장군 일광면,중상사고,0,1,0,0,차대차 - 기타,안전운전불이행,건조,맑음,교차로 - 교차로부근,화물,남,62세,상해없음,이륜,남,55세,중상
2018051500100242,2018년 5월 15일 13시,화요일,부산광역시 연제구 연산동,중상사고,0,5,3,0,차대차 - 추돌,안전운전불이행,건조,맑음,단일로 - 기타,승용,남,52세,상해없음,승용,여,77세,중상
2018051500100308,2018년 5월 15일 15시,화요일,부산광역시 서구 충무동1가,경상사고,0,0,1,1,차대차 - 정면충돌,안전운전불이행,건조,맑음,단일로 - 기타,원동기,남,47세,상해없음,원동기,남,61세,경상
2018051500100309,2018년 5월 15일 15시,화요일,부산광역시 해운대구 좌동,경상사고,0,0,1,0,차대사람 - 횡단중,신호위반,건조,맑음,교차로 - 교차로횡단보도내,승용,남,77세,상해없음,보행자,여,63세,경상
2018051500100310,2018년 5월 15일 15시,화요일,부산광역시 부산진구 양정동,경상사고,0,0,1,0,차대차 - 추돌,안전운전불이행,건조,맑음,교차로 - 교차로안,화물,남,40세,기타불명,승용,여,32세,경상
2018051500100311,2018년 5월 15일 15시,화요일,부산광역시 사하구 장림동,경상사고,0,0,1,0,차대차 - 기타,안전운전불이행,건조,맑음,단일로 - 기타,승용,남,30세,상해없음,원동기,남,37세,경상
2018051500100352,2018년 5월 15일 16시,화요일,부산광역시 동래구 낙민동,경상사고,0,0,1,0,차대사람 - 기타,안전운전불이행,건조,맑음,교차로 - 교차로부근,승용,여,44세,상해없음,보행자,여,76세,경상
2018051500100353,2018년 5월 15일 16시,화요일,부산광역시 부산진구 양정동,중상사고,0,1,0,0,차대차 - 기타,신호위반,건조,맑음,교차로 - 교차로안,승용,여,47세,상해없음,이륜,남,30세,중상
2018051500100354,2018년 5월 15일 16시,화요일,부산광역시 사하구 당리동,중상사고,0,1,0,0,차대사람 - 횡단중,보행자보호의무위반,건조,맑음,단일로 - 기타,승용,남,26세,상해없음,보행자,남,6세,중상
2018051500100388,2018년 5월 15일 17시,화요일,부산광역시 수영구 광안동,경상사고,0,0,1,0,차대차 - 기타,안전운전불이행,건조,맑음,단일로 - 기타,승용,남,47세,상해없음,원동기,남,47세,경상
2018051500100389,2018년 5월 15일 17시,화요일,부산광역시 사하구 하단동,중상사고,0,1,0,0,차대차 - 측면충돌,안전운전불이행,건조,맑음,교차로 - 교차로안,승용,남,61세,상해없음,승용,남,57세,중상
2018051500100420,2018년 5월 15일 18시,화요일,부산광역시 북구 금곡동,중상사고,0,1,0,0,차대차 - 측면충돌,안전운전불이행,건조,맑음,단일로 - 지하차도(도로)내,승용,남,60세,상해없음,자전거,남,71세,중상
2018051500100421,2018년 5월 15일 18시,화요일,부산광역시 동래구 명륜동,중상사고,0,1,0,0,차대차 - 측면충돌,안전운전불이행,건조,맑음,단일로 - 기타,이륜,남,32세,상해없음,자전거,남,69세,중상
2018051500100422,2018년 5월 15일 18시,화요일,부산광역시 해운대구 우동,경상사고,0,0,2,0,차대차 - 추돌,안전운전불이행,건조,맑음,단일로 - 기타,승용,남,38세,상해없음,승용,여,62세,경상
2018051500100423,2018년 5월 15일 18시,화요일,부산광역시 연제구 거제동,중상사고,0,1,0,0,차대사람 - 차도통행중,안전운전불이행,건조,맑음,단일로 - 기타,화물,남,60세,상해없음,보행자,여,85세,중상
2018051500100461,2018년 5월 15일 19시,화요일,부산광역시 영도구 남항동1가,경상사고,0,0,1,0,차대차 - 기타,안전운전불이행,건조,맑음,교차로 - 교차로안,기타불명,여,48세,경상,화물,남,60세,상해없음
2018051500100462,2018년 5월 15일 19시,화요일,부산광역시 해운대구 반여동,경상사고,0,0,1,0,차대차 - 추돌,안전거리미확보,건조,맑음,단일로 - 기타,승용,남,57세,상해없음,승용,여,46세,경상
2018051500100463,2018년 5월 15일 19시,화요일,부산광역시 부산진구 전포동,중상사고,0,1,0,0,차대차 - 추돌,안전운전불이행,건조,맑음,단일로 - 기타,승용,남,27세,상해없음,이륜,남,26세,중상
2018051500100496,2018년 5월 15일 20시,화요일,부산광역시 수영구 남천동,중상사고,0,1,0,0,차대사람 - 길가장자리구역통행중,안전운전불이행,건조,맑음,교차로 - 교차로부근,승용,남,35세,상해없음,보행자,여,63세,중상
2018051500100497,2018년 5월 15일 20시,화요일,부산광역시 남구 대연동,중상사고,0,1,0,0,차대사람 - 횡단중,안전운전불이행,건조,맑음,교차로 - 교차로부근,이륜,남,24세,상해없음,보행자,여,52세,중상
2018051500100518,2018년 5월 15일 21시,화요일,부산광역시 남구 대연동,중상사고,0,1,0,0,차대차 - 측면충돌,신호위반,건조,맑음,교차로 - 교차로안,승용,남,63세,상해없음,원동기,남,22세,중상
2018051500100519,2018년 5월 15일 21시,화요일,부산광역시 부산진구 가야동,중상사고,0,1,0,0,차대사람 - 기타,안전운전불이행,건조,맑음,단일로 - 기타,승용,남,68세,상해없음,보행자,남,52세,중상
2018051500100550,2018년 5월 15일 22시,화요일,부산광역시 사상구 괘법동,경상사고,0,0,4,0,차대차 - 추돌,안전운전불이행,건조,맑음,단일로 - 지하차도(도로)내,승용,남,55세,상해없음,승용,남,71세,경상
2018051500100551,2018년 5월 15일 22시,화요일,부산광역시 사상구 주례동,경상사고,0,0,2,0,차대차 - 측면충돌,안전운전불이행,건조,맑음,단일로 - 지하차도(도로)내,승용,남,24세,상해없음,승용,남,22세,상해없음
2018051500100567,2018년 5월 15일 23시,화요일,부산광역시 중구 부평동1가,부상신고사고,0,0,0,1,차대사람 - 기타,안전운전불이행,건조,맑음,단일로 - 기타,승용,남,19세,상해없음,보행자,남,35세,부상신고
2018051500100568,2018년 5월 15일 23시,화요일,부산광역시 남구 대연동,경상사고,0,0,2,0,차대차 - 추돌,교차로운행방법위반,건조,맑음,교차로 - 교차로안,승용,여,25세,경상,승용,남,32세,경상
2018051500100569,2018년 5월 15일 23시,화요일,부산광역시 남구 대연동,경상사고,0,0,1,0,차대사람 - 기타,안전운전불이행,건조,맑음,교차로 - 교차로안,자전거,남,17세,상해없음,보행자,남,26세,경상
2018051500100570,2018년 5월 15일 23시,화요일,부산광역시 부산진구 당감동,부상신고사고,0,0,0,2,차대차 - 정면충돌,신호위반,건조,맑음,단일로 - 기타,이륜,남,19세,상해없음,이륜,남,22세,부상신고
2018051500100571,2018년 5월 15일 23시,화요일,부산광역시 연제구 거제동,경상사고,0,0,1,0,차대차 - 측면충돌,신호위반,건조,맑음,단일로 - 기타,원동기,남,25세,상해없음,승용,여,53세,경상
2018051500100572,2018년 5월 15일 23시,화요일,부산광역시 강서구 대저2동,중상사고,0,1,0,0,차대차 - 측면충돌,안전운전불이행,건조,맑음,기타 - 기타,승용,여,28세,상해없음,승용,여,36세,중상
2018051600100014,2018년 5월 16일 01시,수요일,부산광역시 부산진구 초읍동,경상사고,0,0,1,3,차대차 - 측면충돌,신호위반,건조,맑음,교차로 - 교차로안,승용,남,56세,상해없음,승용,남,24세,부상신고
2018051600100020,2018년 5월 16일 02시,수요일,부산광역시 부산진구 부전동,경상사고,0,0,3,0,차대사람 - 기타,안전운전불이행,건조,맑음,단일로 - 기타,승용,남,34세,상해없음,보행자,여,31세,경상
2018051600100058,2018년 5월 16일 07시,수요일,부산광역시 남구 용당동,중상사고,0,1,0,0,차대사람 - 횡단중,신호위반,젖음/습기,비,교차로 - 교차로부근,화물,남,54세,상해없음,보행자,여,28세,중상
2018051600100059,2018년 5월 16일 07시,수요일,부산광역시 북구 구포동,중상사고,0,1,0,0,차대차 - 측면충돌,안전거리미확보,건조,맑음,단일로 - 기타,승용,남,55세,상해없음,승용,남,62세,중상
2018051600100060,2018년 5월 16일 07시,수요일,부산광역시 북구 구포동,중상사고,0,1,1,0,차대차 - 측면충돌,교차로운행방법위반,건조,맑음,교차로 - 교차로안,승용,여,61세,경상,승용,여,27세,중상
2018051600100061,2018년 5월 16일 07시,수요일,부산광역시 연제구 거제동,경상사고,0,0,1,0,차대사람 - 횡단중,보행자보호의무위반,젖음/습기,흐림,교차로 - 교차로횡단보도내,승용,남,59세,상해없음,보행자,남,66세,경상
2018051600100083,2018년 5월 16일 08시,수요일,부산광역시 해운대구 좌동,경상사고,0,0,3,0,차대차 - 추돌,안전거리미확보,건조,맑음,단일로 - 지하차도(도로)내,승용,남,32세,상해없음,승용,남,29세,경상