사고번호,사고일시,요일,시군구,사고내용,사망자수,중상자수,경상자수,부상신고자수,사고유형,법규위반,노면상태,기상상태,도로형태,가해운전자 차종,가해운전자 성별,가해운전자 연령,가해운전자 상해정도,피해운전자 차종,피해운전자 성별,피해운전자 연령,피해운전자 상해정도
2018051600100111,2018년 5월 16일 09시,수요일,부산광역시 사하구 하단동,경상사고,0,0,2,0,차대차 - 추돌,안전운전불이행,젖음/습기,맑음,기타 - 기타,화물,남,52세,경상,화물,남,36세,경상
2018051600100137,2018년 5월 16일 10시,수요일,부산광역시 서구 암남동,경상사고,0,0,1,1,차대차 - 측면충돌,안전거리미확보,건조,흐림,교차로 - 교차로안,승용,남,58세,상해없음,승용,남,51세,부상신고
2018051600100138,2018년 5월 16일 10시,수요일,부산광역시 금정구 금사동,경상사고,0,0,1,0,차대차 - 측면충돌,기타,건조,맑음,교차로 - 교차로안,승용,남,35세,상해없음,승용,남,63세,경상
2018051600100190,2018년 5월 16일 12시,수요일,부산광역시 수영구 광안동,중상사고,0,1,0,0,차대차 - 기타,안전운전불이행,젖음/습기,안개,단일로 - 교량,건설기계,남,45세,상해없음,승용,여,44세,중상
2018051600100217,2018년 5월 16일 13시,수요일,부산광역시 동구 수정동,경상사고,0,0,2,0,차대차 - 기타,안전거리미확보,건조,맑음,단일로 - 기타,건설기계,남,70세,상해없음,승용,남,65세,경상
2018051600100244,2018년 5월 16일 14시,수요일,부산광역시 해운대구 반송동,중상사고,0,1,0,0,차대차 - 기타,안전운전불이행,건조,맑음,교차로 - 교차로부근,승용,남,25세,상해없음,화물,남,71세,중상
2018051600100296,2018년 5월 16일 16시,수요일,부산광역시 동래구 복천동,중상사고,0,1,0,0,차대사람 - 길가장자리구역통행중,안전운전불이행,젖음/습기,흐림,단일로 - 기타,자전거,남,26세,상해없음,보행자,여,79세,중상
2018051600100322,2018년 5월 16일 17시,수요일,부산광역시 부산진구 부전동,중상사고,0,2,0,0,차대차 - 기타,안전운전불이행,건조,맑음,교차로 - 교차로부근,승용,남,26세,상해없음,승용,여,35세,중상
2018051600100323,2018년 5월 16일 17시,수요일,부산광역시 사하구 신평동,경상사고,0,0,1,0,차대차 - 기타,중앙선침범,젖음/습기,비,기타 - 기타,화물,남,25세,경상,승합,남,40세,상해없음
2018051600100360,2018년 5월 16일 18시,수요일,부산광역시 북구 금곡동,경상사고,0,0,1,0,차대차 - 추돌,안전운전불이행,젖음/습기,비,단일로 - 기타,승용,남,29세,상해없음,승용,남,35세,경상
2018051600100361,2018년 5월 16일 18시,수요일,부산광역시 사하구 다대동,중상사고,0,1,0,0,차대차 - 측면충돌,중앙선침범,젖음/습기,비,기타 - 기타,승용,여,37세,상해없음,이륜,남,20세,중상
2018051600100394,2018년 5월 16일 19시,수요일,부산광역시 동구 범일동,경상사고,0,0,1,0,차대차 - 기타,안전운전불이행,젖음/습기,비,단일로 - 기타,승용,남,67세,상해없음,이륜,남,20세,경상
2018051600100395,2018년 5월 16일 19시,수요일,부산광역시 부산진구 범천동,중상사고,0,1,0,0,차대차 - 측면충돌,신호위반,젖음/습기,비,교차로 - 교차로안,승용,여,35세,상해없음,이륜,남,26세,중상
2018051600100424,2018년 5월 16일 20시,수요일,부산광역시 남구 용당동,부상신고사고,0,0,0,1,차대차 - 측면충돌,안전운전불이행,젖음/습기,비,단일로 - 기타,원동기,남,45세,부상신고,승용,남,67세,상해없음
2018051600100425,2018년 5월 16일 20시,수요일,부산광역시 부산진구 연지동,경상사고,0,0,2,0,차대차 - 기타,안전거리미확보,젖음/습기,비,단일로 - 기타,승용,남,51세,경상,승용,남,52세,경상
2018051600100487,2018년 5월 16일 22시,수요일,부산광역시 기장군 정관읍,경상사고,0,0,1,0,차대차 - 추돌,안전운전불이행,건조,맑음,교차로 - 교차로부근,승용,여,36세,상해없음,승용,여,39세,경상
2018051600100510,2018년 5월 16일 23시,수요일,부산광역시 동래구 온천동,경상사고,0,0,2,0,차대차 - 측면충돌,안전운전불이행,젖음/습기,흐림,단일로 - 기타,승용,남,28세,상해없음,승용,남,55세,경상
2018051600100511,2018년 5월 16일 23시,수요일,부산광역시 사상구 엄궁동,경상사고,0,0,2,0,차대차 - 측면충돌,차로위반,건조,맑음,기타 - 기타,승용,남,68세,상해없음,승용,남,29세,경상
2018051700100007,2018년 5월 17일 00시,목요일,부산광역시 북구 만덕동,경상사고,0,0,2,0,차대사람 - 기타,안전운전불이행,젖음/습기,비,교차로 - 교차로횡단보도내,승용,남,30세,상해없음,보행자,여,50세,경상
2018051700100027,2018년 5월 17일 01시,목요일,부산광역시 부산진구 양정동,경상사고,0,0,2,0,차대차 - 추돌,안전운전불이행,젖음/습기,비,교차로 - 교차로부근,승용,남,52세,상해없음,승용,남,51세,상해없음
2018051700100044,2018년 5월 17일 04시,목요일,부산광역시 남구 대연동,경상사고,0,0,1,0,차량단독 - 공작물충돌,안전운전불이행,젖음/습기,비,단일로 - 교량,승용,여,62세,상해없음,,,,
2018051700100054,2018년 5월 17일 06시,목요일,부산광역시 서구 동대신동1가,중상사고,0,5,2,1,차대차 - 측면충돌,신호위반,건조,맑음,교차로 - 교차로안,승용,남,42세,부상신고,승합,남,60세,중상
2018051700100055,2018년 5월 17일 06시,목요일,부산광역시 동래구 온천동,경상사고,0,0,1,0,차대사람 - 기타,안전운전불이행,건조,맑음,단일로 - 기타,승용,남,37세,상해없음,보행자,여,75세,경상
2018051700100073,2018년 5월 17일 07시,목요일,부산광역시 해운대구 우동,경상사고,0,0,1,0,차대사람 - 길가장자리구역통행중,안전운전불이행,건조,흐림,단일로 - 기타,승용,남,53세,상해없음,보행자,여,17세,경상
2018051700100139,2018년 5월 17일 09시,목요일,부산광역시 남구 용당동,부상신고사고,0,0,0,1,차대차 - 추돌,안전운전불이행,젖음/습기,비,단일로 - 기타,승용,남,55세,부상신고,승용,남,71세,기타불명
2018051700100173,2018년 5월 17일 10시,목요일,부산광역시 해운대구 우동,경상사고,0,0,1,0,차대사람 - 횡단중,안전운전불이행,젖음/습기,비,기타 - 기타,승용,여,54세,상해없음,보행자,여,18세,경상
2018051700100207,2018년 5월 17일 11시,목요일,부산광역시 서구 동대신동2가,경상사고,0,0,1,0,차대차 - 추돌,안전운전불이행,젖음/습기,비,교차로 - 교차로부근,승용,남,56세,상해없음,승용,남,36세,경상
2018051700100208,2018년 5월 17일 11시,목요일,부산광역시 북구 만덕동,경상사고,0,0,1,0,차대차 - 기타,안전거리미확보,건조,맑음,단일로 - 기타,화물,남,38세,상해없음,원동기,남,24세,경상
2018051700100209,2018년 5월 17일 11시,목요일,부산광역시 해운대구 재송동,경상사고,0,0,1,0,차대사람 - 기타,안전운전불이행,젖음/습기,흐림,단일로 - 기타,화물,남,27세,상해없음,보행자,여,55세,경상
2018051700100235,2018년 5월 17일 12시,목요일,부산광역시 남구 문현동,경상사고,0,0,2,0,차대차 - 측면충돌,신호위반,건조,맑음,단일로 - 기타,승용,여,60세,상해없음,승용,남,53세,상해없음
2018051700100236,2018년 5월 17일 12시,목요일,부산광역시 사상구 괘법동,부상신고사고,0,0,0,1,차대사람 - 기타,안전운전불이행,건조,맑음,단일로 - 기타,승합,남,61세,상해없음,보행자,남,19세,부상신고
2018051700100279,2018년 5월 17일 14시,목요일,부산광역시 부산진구 부전동,경상사고,0,0,1,0,차대사람 - 차도통행중,기타,건조,맑음,단일로 - 기타,기타불명,기타불명,미분류,기타불명,보행자,여,19세,경상
2018051700100280,2018년 5월 17일 14시,목요일,부산광역시 부산진구 전포동,중상사고,0,1,0,0,차대차 - 측면충돌,신호위반,건조,맑음,교차로 - 교차로안,승용,여,63세,상해없음,승용,여,58세,중상
2018051700100281,2018년 5월 17일 14시,목요일,부산광역시 금정구 부곡동,부상신고사고,0,0,0,2,차대차 - 측면충돌,안전운전불이행,건조,흐림,단일로 - 기타,이륜,남,60세,부상신고,화물,남,35세,부상신고
2018051700100321,2018년 5월 17일 15시,목요일,부산광역시 동구 좌천동,경상사고,0,0,2,0,차대차 - 추돌,신호위반,건조,흐림,교차로 - 교차로부근,승용,남,71세,상해없음,승용,여,34세,경상
2018051700100380,2018년 5월 17일 17시,목요일,부산광역시 사상구 감전동,중상사고,0,1,0,0,차대사람 - 횡단중,보행자보호의무위반,건조,맑음,교차로 - 교차로안,승용,남,65세,상해없음,보행자,여,74세,중상
2018051700100381,2018년 5월 17일 17시,목요일,부산광역시 사상구 엄궁동,중상사고,0,1,0,0,차대차 - 기타,교차로운행방법위반,건조,맑음,교차로 - 교차로안,승용,남,51세,상해없음,승용,여,60세,중상
2018051700100417,2018년 5월 17일 18시,목요일,부산광역시 해운대구 우동,경상사고,0,0,1,0,차대차 - 추돌,안전거리미확보,젖음/습기,흐림,단일로 - 교량,승용,여,63세,경상,화물,남,24세,상해없음
2018051700100453,2018년 5월 17일 19시,목요일,부산광역시 동래구 온천동,중상사고,0,1,0,0,차량단독 - 기타,기타,젖음/습기,비,단일로 - 기타,승합,남,58세,상해없음,,,,
2018051700100454,2018년 5월 17일 19시,목요일,부산광역시 사상구 감전동,경상사고,0,0,1,0,차대차 - 측면충돌,차로위반,젖음/습기,비,단일로 - 기타,승용,남,42세,상해없음,승합,남,49세,상해없음
2018051700100496,2018년 5월 17일 20시,목요일,부산광역시 부산진구 부전동,중상사고,0,1,0,1,차대차 - 측면충돌,중앙선침범,건조,맑음,단일로 - 기타,승용,남,29세,부상신고,승용,남,42세,중상
2018051700100538,2018년 5월 17일 21시,목요일,부산광역시 중구 부평동2가,경상사고,0,0,1,0,차대사람 - 기타,안전운전불이행,젖음/습기,흐림,단일로 - 기타,승용,남,23세,상해없음,보행자,남,47세,경상
2018051700100539,2018년 5월 17일 21시,목요일,부산광역시 동래구 명장동,경상사고,0,0,1,0,차대사람 - 횡단중,안전운전불이행,젖음/습기,비,교차로 - 교차로안,승용,남,61세,상해없음,보행자,남,63세,경상
2018051700100540,2018년 5월 17일 21시,목요일,부산광역시 부산진구 양정동,경상사고,0,0,1,0,차대차 - 측면충돌,신호위반,젖음/습기,비,교차로 - 교차로안,승용,여,61세,상해없음,승용,남,28세,경상
2018051700100580,2018년 5월 17일 22시,목요일,부산광역시 부산진구 부전동,중상사고,0,1,0,0,차대사람 - 기타,신호위반,젖음/습기,비,교차로 - 교차로안,승용,남,28세,상해없음,보행자,여,58세,중상
2018051700100581,2018년 5월 17일 22시,목요일,부산광역시 금정구 구서동,경상사고,0,0,1,0,차대사람 - 횡단중,보행자보호의무위반,건조,맑음,단일로 - 기타,승합,남,58세,상해없음,보행자,여,49세,경상
2018051700100582,2018년 5월 17일 22시,목요일,부산광역시 연제구 연산동,경상사고,0,0,1,0,차대차 - 측면충돌,안전운전불이행,젖음/습기,비,단일로 - 기타,승용,남,34세,상해없음,승용,남,49세,경상
2018051700100626,2018년 5월 17일 23시,목요일,부산광역시 해운대구 중동,경상사고,0,0,2,0,차대차 - 정면충돌,안전운전불이행,젖음/습기,비,교차로 - 교차로안,승용,남,51세,상해없음,승합,남,71세,경상
2018051800100008,2018년 5월 18일 00시,금요일,부산광역시 부산진구 개금동,부상신고사고,0,0,0,1,차대차 - 기타,교차로운행방법위반,젖음/습기,비,교차로 - 교차로안,승용,남,28세,상해없음,승용,남,54세,부상신고
2018051800100058,2018년 5월 18일 03시,금요일,부산광역시 중구 부평동4가,경상사고,0,0,4,0,차대차 - 측면충돌,신호위반,젖음/습기,비,교차로 - 교차로안,승용,여,26세,상해없음,승용,남,57세,경상
2018051800100068,2018년 5월 18일 04시,금요일,부산광역시 동래구 복천동,중상사고,0,1,0,0,차대차 - 기타,안전운전불이행,젖음/습기,비,교차로 - 교차로부근,승용,남,54세,상해없음,승용,남,70세,상해없음
2018051800100108,2018년 5월 18일 07시,금요일,부산광역시 영도구 동삼동,중상사고,0,1,0,0,차대차 - 정면충돌,중앙선침범,젖음/습기,흐림,단일로 - 기타,승용,남,66세,중상,승용,남,63세,상해없음
2018051800100132,2018년 5월 18일 08시,금요일,부산광역시 서구 동대신동3가,경상사고,0,0,2,0,차대차 - 추돌,안전거리미확보,젖음/습기,흐림,단일로 - 기타,승용,남,74세,상해없음,승용,여,52세,경상
2018051800100170,2018년 5월 18일 09시,금요일,부산광역시 동래구 명륜동,경상사고,0,0,1,0,차대차 - 측면충돌,안전거리미확보,건조,맑음,단일로 - 기타,승용,남,68세,상해없음,승용,여,25세,상해없음
2018051800100171,2018년 5월 18일 09시,금요일,부산광역시 기장군 정관읍,부상신고사고,0,0,0,1,차대사람 - 기타,안전운전불이행,건조,맑음,교차로 - 교차로부근,기타불명,기타불명,미분류,기타불명,보행자,여,70세,부상신고
2018051800100204,2018년 5월 18일 10시,금요일,부산광역시 사상구 괘법동,중상사고,0,1,0,0,차대사람 - 횡단중,안전운전불이행,젖음/습기,흐림,단일로 - 지하차도(도로)내,건설기계,남,62세,상해없음,보행자,여,79세,중상
2018051800100231,2018년 5월 18일 11시,금요일,부산광역시 중구 부평동2가,부상신고사고,0,0,0,1,차대사람 - 횡단중,기타,건조,맑음,단일로 - 기타,화물,남,36세,상해없음,보행자,남,38세,부상신고
2018051800100294,2018년 5월 18일 13시,금요일,부산광역시 강서구 송정동,중상사고,0,1,1,0,차대차 - 측면충돌,교차로운행방법위반,건조,맑음,교차로 - 교차로안,특수,남,22세,상해없음,승용,여,37세,중상
2018051800100319,2018년 5월 18일 14시,금요일,부산광역시 동래구 안락동,경상사고,0,0,1,0,차대차 - 추돌,안전거리미확보,건조,맑음,단일로 - 기타,승용,여,41세,상해없음,승용,여,38세,경상
2018051800100320,2018년 5월 18일 14시,금요일,부산광역시 부산진구 전포동,경상사고,0,0,1,0,차대사람 - 기타,안전운전불이행,건조,맑음,단일로 - 기타,승용,남,56세,상해없음,보행자,남,48세,경상
2018051800100354,2018년 5월 18일 15시,금요일,부산광역시 동래구 사직동,경상사고,0,0,1,0,차량단독 - 기타,안전운전불이행,건조,맑음,단일로 - 기타,승합,남,57세,상해없음,,,,
2018051800100355,2018년 5월 18일 15시,금요일,부산광역시 사하구 신평동,부상신고사고,0,0,0,1,차대차 - 측면충돌,교차로운행방법위반,건조,맑음,교차로 - 교차로안,승용,여,54세,부상신고,화물,남,35세,상해없음
2018051800100430,2018년 5월 18일 17시,금요일,부산광역시 남구 용호동,중상사고,0,1,0,0,차대사람 - 기타,안전운전불이행,건조,맑음,교차로 - 교차로안,승용,여,37세,상해없음,보행자,여,52세,중상
2018051800100431,2018년 5월 18일 17시,금요일,부산광역시 부산진구 부전동,경상사고,0,0,1,1,차대사람 - 횡단중,안전운전불이행,건조,맑음,단일로 - 기타,이륜,남,21세,경상,보행자,여,34세,부상신고
2018051800100432,2018년 5월 18일 17시,금요일,부산광역시 부산진구 범천동,경상사고,0,0,1,0,차대사람 - 보도통행중,보행자보호의무위반,건조,맑음,교차로 - 교차로횡단보도내,기타불명,기타불명,미분류,기타불명,보행자,여,34세,경상
2018051800100463,2018년 5월 18일 18시,금요일,부산광역시 사상구 감전동,중상사고,0,2,1,0,차대차 - 측면충돌,신호위반,건조,맑음,교차로 - 교차로안,이륜,남,29세,상해없음,승용,남,40세,중상
2018051800100502,2018년 5월 18일 19시,금요일,부산광역시 해운대구 우동,부상신고사고,0,0,0,1,차대차 - 기타,안전거리미확보,기타,맑음,단일로 - 기타,승용,남,71세,상해없음,승용,남,32세,상해없음
2018051800100503,2018년 5월 18일 19시,금요일,부산광역시 부산진구 연지동,경상사고,0,0,1,0,차대차 - 측면충돌,안전운전불이행,건조,맑음,단일로 - 기타,승용,남,54세,상해없음,이륜,남,22세,경상
2018051800100504,2018년 5월 18일 19시,금요일,부산광역시 사상구 학장동,중상사고,0,1,0,0,차대차 - 측면충돌,안전운전불이행,건조,맑음,단일로 - 기타,승용,남,49세,상해없음,이륜,남,61세,중상
2018051800100546,2018년 5월 18일 20시,금요일,부산광역시 남구 용호동,부상신고사고,0,0,0,1,차대차 - 기타,안전운전불이행,건조,맑음,교차로 - 교차로안,승용,여,31세,상해없음,원동기,남,47세,부상신고
2018051800100547,2018년 5월 18일 20시,금요일,부산광역시 영도구 청학동,중상사고,0,1,0,0,차대차 - 측면충돌,교차로운행방법위반,젖음/습기,비,교차로 - 교차로부근,승용,남,54세,상해없음,이륜,남,62세,중상
2018051800100548,2018년 5월 18일 20시,금요일,부산광역시 해운대구 좌동,중상사고,0,1,0,0,차대사람 - 기타,안전운전불이행,기타,맑음,단일로 - 기타,승용,여,50세,상해없음,보행자,여,24세,중상
2018051800100549,2018년 5월 18일 20시,금요일,부산광역시 금정구 구서동,중상사고,0,1,0,0,차대사람 - 횡단중,안전운전불이행,건조,맑음,교차로 - 교차로안,승용,남,25세,상해없음,보행자,남,64세,중상
2018051800100550,2018년 5월 18일 20시,금요일,부산광역시 강서구 명지동,중상사고,0,1,1,0,차대차 - 측면충돌,신호위반,건조,맑음,교차로 - 교차로안,승용,남,26세,상해없음,이륜,남,23세,중상
2018051800100551,2018년 5월 18일 20시,금요일,부산광역시 기장군 철마면,중상사고,0,2,2,0,차대차 - 기타,중앙선침범,젖음/습기,흐림,단일로 - 기타,화물,남,57세,중상,승용,남,63세,중상
2018051800100588,2018년 5월 18일 21시,금요일,부산광역시 동구 초량동,중상사고,0,1,0,0,차대사람 - 횡단중,보행자보호의무위반,건조,맑음,교차로 - 교차로횡단보도내,이륜,남,21세,기타불명,보행자,남,58세,중상
2018051800100589,2018년 5월 18일 21시,금요일,부산광역시 영도구 동삼동,경상사고,0,0,2,0,차대차 - 정면충돌,안전운전불이행,건조,맑음,단일로 - 기타,승용,남,63세,상해없음,승합,남,36세,경상
2018051800100590,2018년 5월 18일 21시,금요일,부산광역시 해운대구 재송동,경상사고,0,0,1,0,차대차 - 기타,불법유턴,건조,맑음,교차로 - 교차로부근,승합,남,57세,상해없음,승용,여,29세,경상
2018051800100591,2018년 5월 18일 21시,금요일,부산광역시 사하구 괴정동,중상사고,0,1,1,0,차대차 - 기타,안전운전불이행,젖음/습기,흐림,교차로 - 교차로부근,승용,남,36세,상해없음,이륜,남,66세,중상
2018051800100592,2018년 5월 18일 21시,금요일,부산광역시 기장군 기장읍,중상사고,0,1,0,0,차대사람 - 기타,안전운전불이행,젖음/습기,흐림,단일로 - 기타,승용,남,52세,상해없음,보행자,남,48세,중상
2018051800100630,2018년 5월 18일 22시,금요일,부산광역시 중구 광복동1가,중상사고,0,1,1,0,차대차 - 추돌,안전운전불이행,건조,맑음,기타 - 기타,승용,남,21세,상해없음,승용,남,53세,경상
2018051800100631,2018년 5월 18일 22시,금요일,부산광역시 부산진구 부전동,사망사고,1,0,0,0,차대사람 - 기타,안전운전불이행,건조,맑음,단일로 - 기타,이륜,남,17세,상해없음,보행자,남,51세,사망
2018051900100007,2018년 5월 19일 00시,토요일,부산광역시 북구 덕천동,경상사고,0,0,1,0,차대사람 - 기타,안전운전불이행,건조,맑음,기타 - 기타,승용,남,21세,상해없음,보행자,남,33세,경상
2018051900100008,2018년 5월 19일 00시,토요일,부산광역시 사하구 하단동,중상사고,0,1,0,0,차대사람 - 횡단중,보행자보호의무위반,건조,맑음,단일로 - 기타,승용,남,30세,상해없음,보행자,남,53세,중상
2018051900100036,2018년 5월 19일 01시,토요일,부산광역시 동구 범일동,사망사고,1,0,1,0,차대사람 - 횡단중,보행자보호의무위반,건조,맑음,단일로 - 기타,승용,남,46세,상해없음,보행자,남,52세,사망
2018051900100054,2018년 5월 19일 02시,토요일,부산광역시 남구 대연동,중상사고,0,1,0,0,차대사람 - 횡단중,안전운전불이행,건조,맑음,단일로 - 기타,승용,남,62세,상해없음,보행자,남,45세,중상
2018051900100055,2018년 5월 19일 02시,토요일,부산광역시 해운대구 좌동,경상사고,0,0,2,0,차대차 - 기타,신호위반,건조,맑음,교차로 - 교차로안,승용,남,52세,상해없음,승용,남,59세,경상
2018051900100056,2018년 5월 19일 02시,토요일,부산광역시 사하구 당리동,중상사고,0,1,0,0,차대사람 - 횡단중,안전운전불이행,건조,맑음,단일로 - 기타,승용,남,32세,상해없음,보행자,남,29세,중상
2018051900100067,2018년 5월 19일 03시,토요일,부산광역시 동래구 온천동,경상사고,0,0,3,0,차대차 - 추돌,안전운전불이행,건조,맑음,단일로 - 기타,승용,남,24세,상해없음,승용,남,66세,경상
2018051900100068,2018년 5월 19일 03시,토요일,부산광역시 금정구 구서동,경상사고,0,0,1,0,차대사람 - 차도통행중,기타,건조,맑음,단일로 - 기타,승용,남,65세,상해없음,보행자,여,31세,경상
2018051900100096,2018년 5월 19일 05시,토요일,부산광역시 사하구 괴정동,경상사고,0,0,1,0,차대차 - 추돌,안전운전불이행,건조,맑음,교차로 - 교차로부근,승용,남,24세,상해없음,승합,남,65세,경상
2018051900100097,2018년 5월 19일 05시,토요일,부산광역시 연제구 거제동,경상사고,0,0,1,0,차대차 - 추돌,안전운전불이행,건조,맑음,단일로 - 기타,승용,남,27세,상해없음,화물,남,61세,경상
2018051900100098,2018년 5월 19일 05시,토요일,부산광역시 강서구 대저2동,중상사고,0,1,0,0,차대차 - 기타,안전운전불이행,건조,맑음,단일로 - 기타,승용,여,42세,상해없음,자전거,남,68세,중상
2018051900100113,2018년 5월 19일 06시,토요일,부산광역시 부산진구 당감동,중상사고,0,1,0,0,차대차 - 정면충돌,안전운전불이행,건조,맑음,단일로 - 기타,승용,남,24세,중상,건설기계,남,68세,상해없음
2018051900100149,2018년 5월 19일 08시,토요일,부산광역시 남구 감만동,중상사고,0,1,0,0,차대사람 - 횡단중,보행자보호의무위반,건조,맑음,단일로 - 기타,승용,남,34세,상해없음,보행자,남,8세,중상
2018051900100202,2018년 5월 19일 10시,토요일,부산광역시 동구 범일동,경상사고,0,0,1,0,차대차 - 기타,불법유턴,건조,맑음,단일로 - 기타,승용,남,39세,상해없음,승용,여,27세,경상
2018051900100203,2018년 5월 19일 10시,토요일,부산광역시 서구 남부민동,중상사고,0,1,0,0,차량단독 - 기타,안전운전불이행,건조,맑음,교차로 - 교차로부근,승합,남,54세,상해없음,,,,
2018051900100251,2018년 5월 19일 11시,토요일,부산광역시 해운대구 반송동,경상사고,0,0,1,0,차대사람 - 기타,보행자보호의무위반,건조,맑음,교차로 - 교차로횡단보도내,승용,여,37세,상해없음,보행자,여,74세,경상
2018051900100252,2018년 5월 19일 11시,토요일,부산광역시 해운대구 우동,중상사고,0,1,0,0,차대차 - 측면충돌,안전거리미확보,건조,맑음,교차로 - 교차로부근,승용,여,39세,상해없음,승용,여,64세,중상
2018051900100329,2018년 5월 19일 13시,토요일,부산광역시 금정구 부곡동,경상사고,0,0,1,0,차대차 - 추돌,안전거리미확보,건조,맑음,단일로 - 기타,승용,남,76세,상해없음,승용,여,56세,경상
2018051900100384,2018년 5월 19일 14시,토요일,부산광역시 남구 문현동,부상신고사고,0,0,0,4,차대차 - 측면충돌,안전운전불이행,건조,맑음,교차로 - 교차로부근,승용,남,54세,상해없음,승합,남,53세,부상신고
2018051900100385,2018년 5월 19일 14시,토요일,부산광역시 남구 용호동,중상사고,0,1,0,0,차대차 - 기타,안전운전불이행,건조,맑음,교차로 - 교차로부근,이륜,남,77세,상해없음,화물,남,60세,상해없음
2018051900100386,2018년 5월 19일 14시,토요일,부산광역시 영도구 청학동,경상사고,0,0,1,0,차대차 - 기타,신호위반,건조,맑음,단일로 - 기타,화물,남,54세,상해없음,자전거,남,70세,경상
2018051900100387,2018년 5월 19일 14시,토요일,부산광역시 사상구 모라동,경상사고,0,0,1,0,차대차 - 추돌,안전거리미확보,건조,맑음,기타 - 기타,이륜,남,17세,상해없음,승용,남,32세,상해없음
2018051900100427,2018년 5월 19일 15시,토요일,부산광역시 해운대구 우동,경상사고,0,0,1,0,차대차 - 측면충돌,신호위반,건조,맑음,교차로 - 교차로안,승용,여,50세,상해없음,이륜,남,53세,경상
2018051900100461,2018년 5월 19일 16시,토요일,부산광역시 동구 초량동,경상사고,0,0,2,0,차대차 - 측면충돌,안전운전불이행,건조,맑음,교차로 - 교차로안,승용,남,79세,상해없음,승용,남,56세,경상
2018051900100462,2018년 5월 19일 16시,토요일,부산광역시 부산진구 부전동,경상사고,0,0,1,0,차대사람 - 횡단중,안전운전불이행,건조,맑음,단일로 - 기타,승용,남,27세,상해없음,보행자,여,15세,경상
2018051900100501,2018년 5월 19일 17시,토요일,부산광역시 수영구 광안동,부상신고사고,0,0,0,1,차대차 - 추돌,안전거리미확보,건조,맑음,단일로 - 기타,승용,남,38세,상해없음,승용,남,33세,부상신고
2018051900100502,2018년 5월 19일 17시,토요일,부산광역시 동래구 온천동,경상사고,0,0,1,0,차대차 - 추돌,안전운전불이행,건조,맑음,단일로 - 기타,승용,남,60세,상해없음,승용,여,38세,경상
2018051900100503,2018년 5월 19일 17시,토요일,부산광역시 연제구 연산동,중상사고,0,1,0,0,차대사람 - 차도통행중,안전운전불이행,건조,맑음,단일로 - 기타,승용,남,34세,상해없음,보행자,남,69세,중상
2018051900100504,2018년 5월 19일 17시,토요일,부산광역시 강서구 지사동,중상사고,0,1,0,0,차대사람 - 횡단중,보행자보호의무위반,건조,맑음,교차로 - 교차로부근,승용,남,46세,상해없음,보행자,남,5세,중상
2018051900100548,2018년 5월 19일 18시,토요일,부산광역시 부산진구 초읍동,경상사고,0,0,1,0,차대차 - 기타,기타,건조,맑음,교차로 - 교차로부근,승용,남,64세,상해없음,이륜,남,18세,경상
2018051900100549,2018년 5월 19일 18시,토요일,부산광역시 부산진구 부암동,중상사고,0,1,0,0,차대차 - 기타,기타,건조,맑음,단일로 - 기타,승용,남,26세,상해없음,자전거,남,65세,중상
2018051900100550,2018년 5월 19일 18시,토요일,부산광역시 부산진구 당감동,경상사고,0,0,1,0,차대사람 - 횡단중,기타,건조,맑음,단일로 - 기타,승용,여,48세,상해없음,보행자,여,27세,경상
2018051900100551,2018년 5월 19일 18시,토요일,부산광역시 부산진구 부전동,경상사고,0,0,1,0,차대차 - 기타,중앙선침범,건조,맑음,교차로 - 교차로부근,승용,남,61세,상해없음,이륜,남,20세,경상
2018051900100552,2018년 5월 19일 18시,토요일,부산광역시 연제구 연산동,중상사고,0,1,0,0,차대사람 - 차도통행중,안전운전불이행,건조,맑음,교차로 - 교차로부근,승용,남,25세,상해없음,보행자,남,18세,중상
2018051900100553,2018년 5월 19일 18시,토요일,부산광역시 사상구 주례동,경상사고,0,0,2,0,차대사람 - 횡단중,신호위반,건조,맑음,단일로 - 기타,승용,남,58세,경상,보행자,남,62세,경상
2018051900100593,2018년 5월 19일 19시,토요일,부산광역시 사하구 하단동,경상사고,0,0,1,0,차대사람 - 기타,안전운전불이행,건조,맑음,단일로 - 기타,승용,남,20세,상해없음,보행자,남,35세,경상
2018051900100621,2018년 5월 19일 20시,토요일,부산광역시 중구 부평동2가,경상사고,0,0,1,0,차대차 - 측면충돌,신호위반,건조,맑음,교차로 - 교차로안,이륜,남,37세,상해없음,이륜,남,27세,경상
2018051900100622,2018년 5월 19일 20시,토요일,부산광역시 수영구 남천동,중상사고,0,1,0,0,차대차 - 추돌,안전운전불이행,건조,맑음,단일로 - 교량,승용,남,45세,상해없음,승용,여,33세,중상
2018051900100656,2018년 5월 19일 21시,토요일,부산광역시 동구 초량동,경상사고,0,0,1,0,차대사람 - 기타,안전운전불이행,건조,맑음,단일로 - 기타,승용,남,47세,상해없음,보행자,남,43세,경상
2018051900100657,2018년 5월 19일 21시,토요일,부산광역시 동구 초량동,경상사고,0,0,1,0,차대사람 - 기타,안전운전불이행,건조,맑음,단일로 - 기타,승용,남,67세,상해없음,보행자,여,56세,경상
2018051900100658,2018년 5월 19일 21시,토요일,부산광역시 사하구 다대동,중상사고,0,1,0,0,차대사람 - 기타,안전운전불이행,건조,맑음,단일로 - 기타,승용,여,51세,상해없음,보행자,남,52세,중상