사고번호,사고일시,요일,시군구,사고내용,사망자수,중상자수,경상자수,부상신고자수,사고유형,법규위반,노면상태,기상상태,도로형태,가해운전자 차종,가해운전자 성별,가해운전자 연령,가해운전자 상해정도,피해운전자 차종,피해운전자 성별,피해운전자 연령,피해운전자 상해정도
2018051900100684,2018년 5월 19일 22시,토요일,부산광역시 강서구 명지동,사망사고,1,0,0,0,차대사람 - 기타,안전운전불이행,건조,맑음,단일로 - 기타,승용,남,30세,상해없음,보행자,남,52세,사망
2018052000100031,2018년 5월 20일 02시,일요일,부산광역시 연제구 거제동,중상사고,0,1,0,0,차대차 - 측면충돌,안전거리미확보,건조,맑음,단일로 - 기타,승용,남,68세,상해없음,이륜,남,19세,중상
2018052000100052,2018년 5월 20일 04시,일요일,부산광역시 해운대구 반송동,중상사고,0,1,1,0,차대차 - 기타,중앙선침범,건조,맑음,단일로 - 기타,승용,남,25세,경상,화물,남,67세,상해없음
2018052000100071,2018년 5월 20일 05시,일요일,부산광역시 부산진구 전포동,경상사고,0,0,1,0,차대사람 - 기타,안전운전불이행,건조,맑음,교차로 - 교차로부근,승용,남,25세,상해없음,보행자,여,22세,경상
2018052000100072,2018년 5월 20일 05시,일요일,부산광역시 부산진구 전포동,경상사고,0,0,1,0,차대차 - 기타,신호위반,건조,맑음,교차로 - 교차로안,이륜,남,22세,상해없음,승용,남,26세,경상
2018052000100073,2018년 5월 20일 05시,일요일,부산광역시 부산진구 개금동,경상사고,0,0,1,0,차대차 - 기타,안전운전불이행,건조,맑음,교차로 - 교차로안,승용,남,26세,상해없음,화물,남,49세,경상
2018052000100089,2018년 5월 20일 06시,일요일,부산광역시 남구 대연동,중상사고,0,1,0,0,차대차 - 측면충돌,신호위반,건조,맑음,교차로 - 교차로안,승용,남,71세,상해없음,승용,남,23세,중상
2018052000100090,2018년 5월 20일 06시,일요일,부산광역시 동래구 낙민동,중상사고,0,1,2,0,차대차 - 추돌,안전운전불이행,건조,맑음,교차로 - 교차로부근,승용,남,35세,상해없음,승용,남,63세,경상
2018052000100091,2018년 5월 20일 06시,일요일,부산광역시 부산진구 범천동,경상사고,0,0,1,0,차대차 - 기타,안전운전불이행,건조,맑음,교차로 - 교차로부근,승용,남,22세,상해없음,승용,남,58세,상해없음
2018052000100123,2018년 5월 20일 09시,일요일,부산광역시 해운대구 중동,중상사고,0,1,0,0,차대차 - 측면충돌,안전운전불이행,건조,맑음,단일로 - 기타,승용,여,44세,상해없음,자전거,남,60세,중상
2018052000100139,2018년 5월 20일 10시,일요일,부산광역시 남구 대연동,중상사고,0,1,0,0,차대차 - 측면충돌,안전운전불이행,건조,맑음,교차로 - 교차로안,승용,남,43세,상해없음,승용,여,62세,중상
2018052000100140,2018년 5월 20일 10시,일요일,부산광역시 부산진구 당감동,경상사고,0,0,1,0,차대차 - 측면충돌,중앙선침범,건조,맑음,단일로 - 기타,승용,여,43세,상해없음,승용,남,53세,경상
2018052000100169,2018년 5월 20일 11시,일요일,부산광역시 부산진구 전포동,경상사고,0,0,2,0,차대차 - 추돌,안전거리미확보,건조,맑음,교차로 - 교차로부근,승용,여,54세,상해없음,승용,남,26세,경상
2018052000100190,2018년 5월 20일 12시,일요일,부산광역시 동래구 사직동,중상사고,0,1,0,0,차대차 - 측면충돌,불법유턴,건조,맑음,단일로 - 기타,승용,남,53세,상해없음,이륜,남,21세,중상
2018052000100191,2018년 5월 20일 12시,일요일,부산광역시 사상구 덕포동,경상사고,0,0,1,0,차대차 - 측면충돌,신호위반,건조,맑음,교차로 - 교차로안,승용,남,52세,상해없음,승용,남,62세,경상
2018052000100215,2018년 5월 20일 13시,일요일,부산광역시 북구 구포동,경상사고,0,0,1,0,차대차 - 기타,차로위반,건조,맑음,단일로 - 기타,승용,남,56세,상해없음,이륜,남,49세,경상
2018052000100276,2018년 5월 20일 15시,일요일,부산광역시 남구 대연동,경상사고,0,0,1,0,차대사람 - 기타,안전운전불이행,건조,흐림,단일로 - 기타,승용,여,38세,상해없음,보행자,남,17세,경상
2018052000100307,2018년 5월 20일 16시,일요일,부산광역시 동래구 사직동,경상사고,0,0,1,0,차대차 - 기타,안전운전불이행,건조,맑음,단일로 - 기타,승합,남,74세,상해없음,승용,남,59세,경상
2018052000100337,2018년 5월 20일 17시,일요일,부산광역시 북구 화명동,경상사고,0,0,1,0,차대차 - 기타,안전운전불이행,건조,맑음,주차장 - 주차장,승용,여,48세,상해없음,승용,남,35세,상해없음
2018052000100338,2018년 5월 20일 17시,일요일,부산광역시 동래구 온천동,경상사고,0,0,1,0,차대차 - 기타,안전거리미확보,건조,맑음,단일로 - 기타,승용,남,67세,상해없음,승용,남,56세,상해없음
2018052000100339,2018년 5월 20일 17시,일요일,부산광역시 해운대구 우동,경상사고,0,0,2,0,차대차 - 측면충돌,안전거리미확보,건조,맑음,단일로 - 기타,승용,남,41세,상해없음,승용,남,38세,경상
2018052000100380,2018년 5월 20일 19시,일요일,부산광역시 사상구 모라동,경상사고,0,0,2,0,차대차 - 기타,안전운전불이행,건조,흐림,교차로 - 교차로부근,승합,남,65세,상해없음,이륜,남,18세,경상
2018052000100414,2018년 5월 20일 20시,일요일,부산광역시 동구 범일동,경상사고,0,0,1,0,차대차 - 기타,안전거리미확보,건조,맑음,교차로 - 교차로부근,기타불명,기타불명,미분류,기타불명,승용,남,63세,상해없음
2018052000100415,2018년 5월 20일 20시,일요일,부산광역시 동래구 수안동,경상사고,0,0,1,0,차대차 - 측면충돌,안전운전불이행,건조,맑음,단일로 - 기타,승용,남,68세,상해없음,자전거,남,9세,경상
2018052000100416,2018년 5월 20일 20시,일요일,부산광역시 부산진구 범천동,중상사고,0,1,0,0,차대차 - 추돌,안전거리미확보,건조,맑음,단일로 - 기타,승용,남,58세,상해없음,승용,남,55세,상해없음
2018052000100417,2018년 5월 20일 20시,일요일,부산광역시 사하구 신평동,경상사고,0,0,1,0,차대차 - 기타,안전운전불이행,건조,맑음,단일로 - 기타,화물,남,62세,상해없음,승용,여,34세,경상
2018052000100448,2018년 5월 20일 21시,일요일,부산광역시 동래구 온천동,경상사고,0,0,1,0,차대사람 - 기타,안전운전불이행,건조,맑음,단일로 - 지하차도(도로)내,승합,남,53세,상해없음,보행자,남,52세,경상
2018052000100473,2018년 5월 20일 22시,일요일,부산광역시 북구 화명동,경상사고,0,0,1,0,차대차 - 기타,안전운전불이행,건조,맑음,단일로 - 기타,승용,남,33세,상해없음,이륜,남,26세,경상
2018052100100011,2018년 5월 21일 01시,월요일,부산광역시 중구 중앙동4가,경상사고,0,0,2,0,차대차 - 측면충돌,안전운전불이행,건조,맑음,교차로 - 교차로안,승용,남,55세,경상,승용,여,43세,경상
2018052100100012,2018년 5월 21일 01시,월요일,부산광역시 해운대구 우동,중상사고,0,1,2,1,차대차 - 측면충돌,신호위반,건조,맑음,교차로 - 교차로안,승용,남,40세,상해없음,승용,남,51세,부상신고
2018052100100029,2018년 5월 21일 03시,월요일,부산광역시 부산진구 부전동,중상사고,0,1,0,0,차대차 - 측면충돌,교차로운행방법위반,건조,맑음,교차로 - 교차로안,승용,남,25세,상해없음,원동기,남,32세,중상
2018052100100093,2018년 5월 21일 08시,월요일,부산광역시 해운대구 우동,경상사고,0,0,2,0,차대차 - 측면충돌,안전거리미확보,건조,맑음,교차로 - 교차로부근,화물,남,63세,상해없음,승용,남,61세,경상
2018052100100094,2018년 5월 21일 08시,월요일,부산광역시 부산진구 가야동,부상신고사고,0,0,0,1,차대차 - 기타,직진우회전진행방해,건조,맑음,교차로 - 교차로안,이륜,남,36세,부상신고,승용,여,56세,상해없음
2018052100100095,2018년 5월 21일 08시,월요일,부산광역시 사하구 감천동,경상사고,0,0,1,0,차대차 - 측면충돌,안전운전불이행,건조,맑음,교차로 - 교차로안,화물,남,27세,기타불명,승용,남,44세,경상
2018052100100159,2018년 5월 21일 10시,월요일,부산광역시 북구 금곡동,중상사고,0,1,0,0,차대사람 - 횡단중,안전운전불이행,건조,맑음,단일로 - 기타,승용,여,50세,상해없음,보행자,여,71세,중상
2018052100100160,2018년 5월 21일 10시,월요일,부산광역시 사하구 감천동,경상사고,0,0,1,0,차대사람 - 기타,안전운전불이행,건조,맑음,교차로 - 교차로부근,화물,남,50세,상해없음,보행자,남,47세,경상
2018052100100306,2018년 5월 21일 14시,월요일,부산광역시 해운대구 반여동,중상사고,0,1,0,1,차대사람 - 차도통행중,안전운전불이행,기타,맑음,단일로 - 기타,이륜,남,19세,부상신고,보행자,여,18세,중상
2018052100100307,2018년 5월 21일 14시,월요일,부산광역시 부산진구 전포동,경상사고,0,0,1,0,차대사람 - 보도통행중,보행자보호의무위반,건조,맑음,단일로 - 기타,승합,여,57세,상해없음,보행자,여,8세,경상
2018052100100308,2018년 5월 21일 14시,월요일,부산광역시 사상구 감전동,경상사고,0,0,1,0,차대차 - 측면충돌,안전거리미확보,건조,맑음,교차로 - 교차로안,승합,남,60세,상해없음,승용,남,44세,경상
2018052100100334,2018년 5월 21일 15시,월요일,부산광역시 남구 대연동,경상사고,0,0,1,0,차대사람 - 기타,안전운전불이행,건조,맑음,단일로 - 기타,승용,남,22세,상해없음,보행자,남,43세,경상
2018052100100335,2018년 5월 21일 15시,월요일,부산광역시 남구 대연동,경상사고,0,0,1,0,차대차 - 측면충돌,안전운전불이행,건조,맑음,단일로 - 기타,승용,남,66세,경상,승합,남,60세,상해없음
2018052100100369,2018년 5월 21일 16시,월요일,부산광역시 중구 대창동2가,경상사고,0,0,1,0,차대차 - 기타,안전운전불이행,건조,맑음,단일로 - 기타,승용,남,26세,상해없음,승합,남,59세,상해없음
2018052100100370,2018년 5월 21일 16시,월요일,부산광역시 남구 대연동,경상사고,0,0,1,0,차대차 - 측면충돌,안전운전불이행,건조,맑음,단일로 - 기타,이륜,남,26세,상해없음,승합,남,54세,상해없음
2018052100100371,2018년 5월 21일 16시,월요일,부산광역시 북구 덕천동,중상사고,0,1,0,0,차대차 - 측면충돌,안전운전불이행,건조,맑음,단일로 - 기타,승용,남,29세,상해없음,승용,여,57세,중상
2018052100100372,2018년 5월 21일 16시,월요일,부산광역시 부산진구 개금동,경상사고,0,0,1,0,차대사람 - 기타,안전운전불이행,건조,맑음,교차로 - 교차로안,승합,남,66세,상해없음,보행자,남,76세,경상
2018052100100373,2018년 5월 21일 16시,월요일,부산광역시 금정구 구서동,경상사고,0,0,1,0,차대차 - 측면충돌,교차로운행방법위반,건조,맑음,교차로 - 교차로안,승용,남,26세,상해없음,승용,남,24세,경상
2018052100100486,2018년 5월 21일 19시,월요일,부산광역시 동구 범일동,중상사고,0,1,0,0,차대차 - 측면충돌,안전운전불이행,건조,맑음,단일로 - 기타,승용,남,63세,상해없음,원동기,남,56세,중상
2018052100100487,2018년 5월 21일 19시,월요일,부산광역시 남구 용당동,경상사고,0,0,1,0,차대차 - 측면충돌,교차로운행방법위반,건조,맑음,교차로 - 교차로안,승용,남,54세,상해없음,승용,남,34세,경상
2018052100100516,2018년 5월 21일 20시,월요일,부산광역시 동래구 안락동,부상신고사고,0,0,0,1,차대차 - 측면충돌,신호위반,건조,맑음,교차로 - 교차로횡단보도내,자전거,남,12세,부상신고,승용,남,42세,상해없음
2018052100100517,2018년 5월 21일 20시,월요일,부산광역시 사하구 다대동,경상사고,0,0,3,0,차대사람 - 길가장자리구역통행중,안전운전불이행,건조,기타,단일로 - 기타,승용,남,64세,상해없음,보행자,여,62세,경상
2018052100100518,2018년 5월 21일 20시,월요일,부산광역시 강서구 신호동,경상사고,0,0,1,0,차대차 - 측면충돌,직진우회전진행방해,건조,맑음,교차로 - 교차로부근,승용,남,22세,상해없음,승용,여,38세,경상
2018052100100519,2018년 5월 21일 20시,월요일,부산광역시 사상구 괘법동,경상사고,0,0,1,0,차대차 - 추돌,안전거리미확보,건조,맑음,단일로 - 기타,승용,남,59세,상해없음,승용,여,35세,경상
2018052100100611,2018년 5월 21일 23시,월요일,부산광역시 부산진구 부암동,경상사고,0,0,1,0,차대사람 - 보도통행중,보행자보호의무위반,건조,맑음,교차로 - 교차로횡단보도내,승용,여,53세,상해없음,보행자,남,38세,경상
2018052200100004,2018년 5월 22일 00시,화요일,부산광역시 부산진구 양정동,경상사고,0,0,1,0,차대차 - 기타,안전거리미확보,건조,맑음,단일로 - 기타,승용,남,67세,상해없음,이륜,남,21세,경상
2018052200100017,2018년 5월 22일 01시,화요일,부산광역시 중구 중앙동5가,중상사고,0,2,0,0,차대차 - 추돌,안전운전불이행,건조,맑음,교차로 - 교차로부근,승용,남,30세,상해없음,승용,남,36세,중상
2018052200100035,2018년 5월 22일 02시,화요일,부산광역시 강서구 생곡동,사망사고,1,1,0,0,차량단독 - 공작물충돌,안전운전불이행,건조,맑음,단일로 - 기타,승용,남,39세,사망,,,,
2018052200100056,2018년 5월 22일 03시,화요일,부산광역시 금정구 부곡동,부상신고사고,0,0,0,1,차량단독 - 기타,안전운전불이행,건조,맑음,단일로 - 기타,이륜,남,49세,부상신고,,,,
2018052200100088,2018년 5월 22일 06시,화요일,부산광역시 사상구 모라동,경상사고,0,0,1,0,차대차 - 측면충돌,안전운전불이행,건조,맑음,교차로 - 교차로안,승용,여,22세,상해없음,승용,남,47세,경상
2018052200100111,2018년 5월 22일 07시,화요일,부산광역시 북구 덕천동,중상사고,0,1,0,0,차대사람 - 횡단중,보행자보호의무위반,건조,맑음,교차로 - 교차로횡단보도내,승용,여,59세,상해없음,보행자,여,55세,중상
2018052200100112,2018년 5월 22일 07시,화요일,부산광역시 해운대구 반여동,중상사고,0,1,0,0,차대차 - 측면충돌,안전운전불이행,건조,맑음,교차로 - 교차로부근,화물,남,59세,상해없음,자전거,여,60세,중상
2018052200100120,2018년 5월 22일 08시,화요일,부산광역시 서구 아미동2가,경상사고,0,0,1,0,차대차 - 측면충돌,안전운전불이행,건조,맑음,단일로 - 기타,승용,남,19세,상해없음,화물,남,55세,경상
2018052200100145,2018년 5월 22일 09시,화요일,부산광역시 동구 수정동,경상사고,0,0,1,0,차대차 - 추돌,안전운전불이행,건조,맑음,단일로 - 기타,승용,여,50세,상해없음,원동기,남,35세,경상
2018052200100146,2018년 5월 22일 09시,화요일,부산광역시 수영구 남천동,중상사고,0,1,0,0,차대차 - 측면충돌,안전운전불이행,건조,맑음,단일로 - 기타,원동기,남,43세,중상,승용,남,36세,상해없음
2018052200100147,2018년 5월 22일 09시,화요일,부산광역시 기장군 장안읍,경상사고,0,0,2,0,차대차 - 추돌,안전운전불이행,건조,맑음,단일로 - 기타,화물,남,57세,상해없음,승용,남,38세,경상
2018052200100176,2018년 5월 22일 10시,화요일,부산광역시 남구 감만동,경상사고,0,0,3,0,차대차 - 기타,안전운전불이행,건조,맑음,단일로 - 교량,승용,남,62세,상해없음,승용,남,69세,경상
2018052200100177,2018년 5월 22일 10시,화요일,부산광역시 북구 덕천동,경상사고,0,0,2,0,차대차 - 기타,안전거리미확보,건조,맑음,단일로 - 기타,승용,남,66세,상해없음,승용,남,59세,경상
2018052200100202,2018년 5월 22일 11시,화요일,부산광역시 영도구 동삼동,중상사고,0,4,0,0,차대사람 - 길가장자리구역통행중,안전운전불이행,건조,맑음,기타 - 기타,승용,여,73세,상해없음,보행자,여,60세,중상
2018052200100203,2018년 5월 22일 11시,화요일,부산광역시 해운대구 반송동,중상사고,0,1,1,0,차대차 - 기타,중앙선침범,건조,맑음,단일로 - 기타,승용,여,45세,상해없음,승용,남,68세,경상
2018052200100204,2018년 5월 22일 11시,화요일,부산광역시 금정구 구서동,경상사고,0,0,1,0,차대차 - 추돌,안전거리미확보,건조,맑음,단일로 - 기타,승용,남,80세,상해없음,화물,남,62세,경상
2018052200100226,2018년 5월 22일 12시,화요일,부산광역시 동구 수정동,경상사고,0,0,4,0,차대차 - 기타,안전운전불이행,건조,맑음,단일로 - 기타,승용,남,66세,상해없음,승용,여,41세,경상
2018052200100227,2018년 5월 22일 12시,화요일,부산광역시 남구 대연동,경상사고,0,0,1,0,차대사람 - 횡단중,안전운전불이행,건조,맑음,단일로 - 기타,승용,남,57세,상해없음,보행자,남,15세,경상
2018052200100228,2018년 5월 22일 12시,화요일,부산광역시 사하구 감천동,경상사고,0,0,2,0,차대차 - 추돌,안전운전불이행,건조,맑음,기타 - 기타,승용,남,29세,상해없음,승용,남,31세,경상
2018052200100229,2018년 5월 22일 12시,화요일,부산광역시 연제구 거제동,경상사고,0,0,3,0,차대차 - 측면충돌,신호위반,건조,맑음,교차로 - 교차로부근,승용,남,46세,상해없음,승용,남,60세,경상
2018052200100269,2018년 5월 22일 13시,화요일,부산광역시 금정구 장전동,경상사고,0,0,1,0,차대차 - 기타,신호위반,건조,맑음,교차로 - 교차로안,승용,여,43세,상해없음,자전거,남,9세,경상
2018052200100309,2018년 5월 22일 14시,화요일,부산광역시 남구 문현동,경상사고,0,0,1,0,차대사람 - 횡단중,안전운전불이행,건조,맑음,교차로 - 교차로부근,승용,남,38세,상해없음,보행자,남,5세,경상
2018052200100310,2018년 5월 22일 14시,화요일,부산광역시 동래구 사직동,경상사고,0,0,1,0,차대차 - 측면충돌,안전운전불이행,건조,맑음,교차로 - 교차로부근,이륜,남,16세,경상,승용,남,53세,상해없음
2018052200100349,2018년 5월 22일 15시,화요일,부산광역시 사하구 하단동,경상사고,0,0,1,0,차대차 - 기타,기타,건조,맑음,단일로 - 기타,화물,남,40세,상해없음,자전거,남,42세,경상
2018052200100350,2018년 5월 22일 15시,화요일,부산광역시 수영구 수영동,경상사고,0,0,1,0,차대차 - 기타,교차로운행방법위반,건조,맑음,교차로 - 교차로안,승용,남,80세,상해없음,승용,여,37세,경상
2018052200100351,2018년 5월 22일 15시,화요일,부산광역시 강서구 명지동,경상사고,0,0,1,0,차대차 - 측면충돌,안전운전불이행,건조,맑음,단일로 - 기타,승용,여,39세,상해없음,자전거,남,8세,경상
2018052200100374,2018년 5월 22일 16시,화요일,부산광역시 수영구 남천동,부상신고사고,0,0,0,1,차대차 - 기타,신호위반,건조,맑음,교차로 - 교차로부근,개인형이동수단(PM),남,24세,상해없음,이륜,남,38세,상해없음
2018052200100375,2018년 5월 22일 16시,화요일,부산광역시 동래구 온천동,경상사고,0,0,1,0,차대사람 - 기타,안전운전불이행,건조,맑음,단일로 - 기타,승합,남,71세,상해없음,보행자,여,60세,경상
2018052200100376,2018년 5월 22일 16시,화요일,부산광역시 부산진구 양정동,경상사고,0,0,1,0,차대사람 - 기타,안전운전불이행,건조,맑음,단일로 - 기타,승용,남,50세,상해없음,보행자,남,44세,경상
2018052200100401,2018년 5월 22일 17시,화요일,부산광역시 부산진구 부전동,중상사고,0,1,0,0,차대차 - 측면충돌,안전운전불이행,건조,맑음,단일로 - 기타,승용,여,23세,상해없음,이륜,남,32세,중상
2018052200100471,2018년 5월 22일 19시,화요일,부산광역시 북구 덕천동,중상사고,0,1,0,0,차대사람 - 횡단중,보행자보호의무위반,건조,맑음,교차로 - 교차로횡단보도내,승합,남,64세,상해없음,보행자,여,77세,중상
2018052200100472,2018년 5월 22일 19시,화요일,부산광역시 동래구 사직동,경상사고,0,0,1,1,차대차 - 측면충돌,안전운전불이행,건조,맑음,단일로 - 기타,이륜,남,23세,부상신고,승용,남,38세,경상
2018052200100473,2018년 5월 22일 19시,화요일,부산광역시 금정구 남산동,경상사고,0,0,1,0,차대차 - 측면충돌,안전거리미확보,건조,맑음,단일로 - 기타,승용,남,68세,상해없음,승용,여,36세,경상
2018052200100508,2018년 5월 22일 20시,화요일,부산광역시 중구 중앙동2가,경상사고,0,0,1,0,차대차 - 측면충돌,안전운전불이행,건조,맑음,교차로 - 교차로부근,승용,여,27세,상해없음,승용,여,30세,경상
2018052200100509,2018년 5월 22일 20시,화요일,부산광역시 영도구 동삼동,중상사고,0,1,0,0,차대사람 - 횡단중,안전운전불이행,젖음/습기,비,단일로 - 기타,승용,남,26세,상해없음,보행자,남,23세,중상
2018052200100586,2018년 5월 22일 22시,화요일,부산광역시 서구 암남동,경상사고,0,0,2,0,차대차 - 후진중충돌,안전운전불이행,젖음/습기,비,교차로 - 교차로부근,승용,남,25세,상해없음,승용,남,27세,경상
2018052200100587,2018년 5월 22일 22시,화요일,부산광역시 사상구 학장동,경상사고,0,0,2,0,차대사람 - 횡단중,신호위반,젖음/습기,비,단일로 - 기타,원동기,남,18세,상해없음,보행자,여,20세,경상
2018052300100005,2018년 5월 23일 00시,수요일,부산광역시 북구 구포동,경상사고,0,0,2,0,차대차 - 기타,안전운전불이행,젖음/습기,비,단일로 - 기타,승용,남,66세,상해없음,승용,남,24세,상해없음
2018052300100021,2018년 5월 23일 01시,수요일,부산광역시 부산진구 가야동,중상사고,0,1,0,0,차대차 - 측면충돌,신호위반,젖음/습기,비,교차로 - 교차로안,이륜,남,24세,중상,승용,남,66세,상해없음
2018052300100022,2018년 5월 23일 01시,수요일,부산광역시 사하구 장림동,경상사고,0,0,1,0,차대차 - 기타,안전운전불이행,건조,맑음,교차로 - 교차로부근,승용,남,35세,상해없음,승용,남,50세,경상
2018052300100038,2018년 5월 23일 04시,수요일,부산광역시 금정구 오륜동,부상신고사고,0,0,0,1,차량단독 - 공작물충돌,안전운전불이행,젖음/습기,비,단일로 - 기타,승용,남,52세,부상신고,,,,
2018052300100073,2018년 5월 23일 07시,수요일,부산광역시 사상구 감전동,경상사고,0,0,3,0,차대차 - 측면충돌,안전운전불이행,젖음/습기,비,기타 - 기타,승용,여,46세,경상,승합,남,55세,경상
2018052300100101,2018년 5월 23일 08시,수요일,부산광역시 동구 범일동,경상사고,0,0,1,0,차대차 - 측면충돌,안전거리미확보,젖음/습기,비,단일로 - 기타,승용,남,34세,상해없음,승용,남,56세,경상
2018052300100102,2018년 5월 23일 08시,수요일,부산광역시 남구 대연동,중상사고,0,1,0,0,차대사람 - 횡단중,보행자보호의무위반,건조,맑음,단일로 - 기타,승용,여,36세,상해없음,보행자,여,36세,중상
2018052300100103,2018년 5월 23일 08시,수요일,부산광역시 강서구 송정동,중상사고,0,1,0,0,차대차 - 정면충돌,신호위반,젖음/습기,비,교차로 - 교차로안,화물,남,39세,상해없음,승용,남,49세,중상
2018052300100104,2018년 5월 23일 08시,수요일,부산광역시 금정구 구서동,경상사고,0,0,1,0,차대차 - 추돌,안전운전불이행,건조,맑음,단일로 - 기타,화물,남,50세,상해없음,승용,남,64세,경상
2018052300100149,2018년 5월 23일 09시,수요일,부산광역시 북구 구포동,중상사고,0,1,0,0,차대사람 - 기타,안전운전불이행,젖음/습기,맑음,교차로 - 교차로안,화물,남,59세,상해없음,보행자,여,82세,중상
2018052300100150,2018년 5월 23일 09시,수요일,부산광역시 금정구 두구동,중상사고,0,1,2,0,차대차 - 측면충돌,중앙선침범,젖음/습기,흐림,단일로 - 기타,승용,남,59세,상해없음,승용,남,58세,경상
2018052300100151,2018년 5월 23일 09시,수요일,부산광역시 사하구 신평동,경상사고,0,0,1,0,차대차 - 기타,안전운전불이행,젖음/습기,비,기타 - 기타,화물,남,67세,상해없음,승용,여,29세,경상
2018052300100195,2018년 5월 23일 10시,수요일,부산광역시 동래구 안락동,중상사고,0,1,0,0,차대사람 - 횡단중,보행자보호의무위반,건조,맑음,교차로 - 교차로안,화물,남,50세,상해없음,보행자,여,19세,중상
2018052300100196,2018년 5월 23일 10시,수요일,부산광역시 해운대구 우동,경상사고,0,0,1,0,차대차 - 측면충돌,안전운전불이행,건조,맑음,단일로 - 기타,특수,남,45세,상해없음,이륜,남,63세,경상
2018052300100221,2018년 5월 23일 11시,수요일,부산광역시 수영구 광안동,경상사고,0,0,1,0,차대차 - 기타,교차로운행방법위반,건조,맑음,교차로 - 교차로안,승용,남,25세,상해없음,승용,남,50세,경상
2018052300100222,2018년 5월 23일 11시,수요일,부산광역시 부산진구 부전동,경상사고,0,0,1,1,차대차 - 측면충돌,안전운전불이행,건조,맑음,단일로 - 기타,이륜,남,20세,부상신고,이륜,남,26세,경상
2018052300100266,2018년 5월 23일 12시,수요일,부산광역시 중구 대창동2가,중상사고,0,1,0,0,차대차 - 측면충돌,안전운전불이행,건조,맑음,단일로 - 기타,승용,남,23세,상해없음,이륜,여,50세,중상
2018052300100267,2018년 5월 23일 12시,수요일,부산광역시 금정구 부곡동,경상사고,0,0,1,0,차대차 - 기타,안전운전불이행,건조,맑음,교차로 - 교차로부근,이륜,남,33세,경상,화물,남,29세,상해없음
2018052300100268,2018년 5월 23일 12시,수요일,부산광역시 사하구 신평동,경상사고,0,0,2,0,차대차 - 추돌,안전운전불이행,건조,맑음,기타 - 기타,승용,남,60세,상해없음,승용,여,48세,경상
2018052300100300,2018년 5월 23일 13시,수요일,부산광역시 수영구 남천동,경상사고,0,0,1,0,차대차 - 추돌,안전거리미확보,건조,맑음,단일로 - 교량,승용,여,33세,상해없음,승용,남,26세,경상
2018052300100301,2018년 5월 23일 13시,수요일,부산광역시 남구 대연동,경상사고,0,0,1,0,차대사람 - 횡단중,보행자보호의무위반,건조,맑음,단일로 - 기타,승용,남,39세,상해없음,보행자,여,28세,경상
2018052300100302,2018년 5월 23일 13시,수요일,부산광역시 연제구 연산동,경상사고,0,0,1,0,차대차 - 측면충돌,안전운전불이행,건조,맑음,단일로 - 기타,승용,여,50세,상해없음,이륜,남,22세,경상
2018052300100398,2018년 5월 23일 16시,수요일,부산광역시 사상구 주례동,중상사고,0,1,0,0,차대차 - 측면충돌,신호위반,건조,맑음,교차로 - 교차로부근,이륜,남,51세,중상,승용,남,27세,상해없음
2018052300100435,2018년 5월 23일 17시,수요일,부산광역시 동래구 온천동,중상사고,0,1,0,0,차대차 - 추돌,안전거리미확보,건조,맑음,단일로 - 기타,승용,남,35세,상해없음,이륜,남,42세,중상
2018052300100498,2018년 5월 23일 18시,수요일,부산광역시 사상구 주례동,경상사고,0,0,1,0,차대차 - 추돌,안전운전불이행,건조,맑음,단일로 - 기타,승용,남,34세,상해없음,승용,남,43세,경상
2018052300100546,2018년 5월 23일 19시,수요일,부산광역시 동래구 온천동,경상사고,0,0,1,0,차대차 - 추돌,안전운전불이행,건조,맑음,단일로 - 기타,화물,남,60세,상해없음,승용,여,48세,경상
2018052300100547,2018년 5월 23일 19시,수요일,부산광역시 강서구 명지동,경상사고,0,0,1,0,차대차 - 정면충돌,신호위반,건조,맑음,교차로 - 교차로안,승용,여,45세,상해없음,승용,여,35세,경상
2018052300100548,2018년 5월 23일 19시,수요일,부산광역시 사상구 엄궁동,경상사고,0,0,1,0,차대차 - 측면충돌,차로위반,건조,맑음,교차로 - 교차로부근,승합,남,61세,기타불명,승용,남,52세,경상
2018052300100549,2018년 5월 23일 19시,수요일,부산광역시 기장군 정관읍,경상사고,0,0,1,0,차대차 - 추돌,안전거리미확보,건조,맑음,교차로 - 교차로부근,승용,남,27세,상해없음,승용,남,59세,상해없음
2018052300100612,2018년 5월 23일 21시,수요일,부산광역시 연제구 거제동,경상사고,0,0,1,0,차대차 - 측면충돌,안전운전불이행,건조,맑음,교차로 - 교차로안,승용,남,38세,상해없음,승용,여,47세,경상
2018052400100036,2018년 5월 24일 03시,목요일,부산광역시 연제구 거제동,경상사고,0,0,1,0,차대차 - 추돌,안전운전불이행,건조,맑음,교차로 - 교차로부근,승용,남,35세,상해없음,승용,남,43세,경상
2018052400100068,2018년 5월 24일 07시,목요일,부산광역시 동래구 온천동,경상사고,0,0,1,0,차대차 - 측면충돌,안전운전불이행,건조,맑음,교차로 - 교차로안,승용,남,37세,상해없음,승용,여,54세,경상
2018052400100069,2018년 5월 24일 07시,목요일,부산광역시 해운대구 반여동,경상사고,0,0,1,0,차대차 - 측면충돌,중앙선침범,건조,맑음,단일로 - 기타,화물,남,67세,상해없음,승용,남,53세,경상