사고번호,사고일시,요일,시군구,사고내용,사망자수,중상자수,경상자수,부상신고자수,사고유형,법규위반,노면상태,기상상태,도로형태,가해운전자 차종,가해운전자 성별,가해운전자 연령,가해운전자 상해정도,피해운전자 차종,피해운전자 성별,피해운전자 연령,피해운전자 상해정도
2018052400100070,2018년 5월 24일 07시,목요일,부산광역시 사상구 모라동,중상사고,0,2,11,0,차대차 - 추돌,안전운전불이행,건조,맑음,단일로 - 지하차도(도로)내,특수,남,64세,상해없음,승용,남,58세,경상
2018052400100105,2018년 5월 24일 08시,목요일,부산광역시 수영구 광안동,경상사고,0,0,1,0,차대사람 - 기타,안전운전불이행,건조,맑음,단일로 - 기타,승합,남,52세,상해없음,보행자,여,37세,경상
2018052400100106,2018년 5월 24일 08시,목요일,부산광역시 연제구 거제동,경상사고,0,0,2,0,차대차 - 측면충돌,교차로운행방법위반,건조,맑음,교차로 - 교차로안,승용,남,67세,상해없음,승용,여,43세,경상
2018052400100107,2018년 5월 24일 08시,목요일,부산광역시 강서구 지사동,경상사고,0,0,1,0,차대사람 - 횡단중,보행자보호의무위반,건조,맑음,교차로 - 교차로횡단보도내,승용,남,44세,상해없음,보행자,남,4세,경상
2018052400100180,2018년 5월 24일 10시,목요일,부산광역시 동래구 안락동,경상사고,0,0,1,0,차대차 - 기타,안전운전불이행,건조,맑음,단일로 - 기타,승용,남,34세,상해없음,승용,여,55세,경상
2018052400100181,2018년 5월 24일 10시,목요일,부산광역시 부산진구 전포동,중상사고,0,1,0,1,차대차 - 측면충돌,직진우회전진행방해,건조,맑음,교차로 - 교차로안,이륜,남,22세,부상신고,이륜,남,34세,중상
2018052400100182,2018년 5월 24일 10시,목요일,부산광역시 금정구 부곡동,중상사고,0,1,0,0,차대사람 - 횡단중,보행자보호의무위반,건조,맑음,교차로 - 교차로횡단보도내,승용,남,70세,상해없음,보행자,여,87세,중상
2018052400100183,2018년 5월 24일 10시,목요일,부산광역시 연제구 연산동,경상사고,0,0,1,0,차대차 - 측면충돌,신호위반,건조,맑음,교차로 - 교차로부근,화물,남,56세,상해없음,이륜,남,61세,경상
2018052400100184,2018년 5월 24일 10시,목요일,부산광역시 연제구 거제동,경상사고,0,0,1,0,차대차 - 기타,안전운전불이행,건조,맑음,단일로 - 기타,승용,여,37세,상해없음,승용,남,26세,경상
2018052400100185,2018년 5월 24일 10시,목요일,부산광역시 사상구 학장동,중상사고,0,1,0,0,차대차 - 측면충돌,교차로운행방법위반,건조,맑음,교차로 - 교차로안,화물,남,68세,상해없음,승용,남,33세,중상
2018052400100222,2018년 5월 24일 11시,목요일,부산광역시 동래구 명륜동,중상사고,0,1,1,0,차대차 - 측면충돌,신호위반,건조,맑음,교차로 - 교차로안,승용,여,25세,상해없음,승용,여,68세,중상
2018052400100223,2018년 5월 24일 11시,목요일,부산광역시 사상구 엄궁동,중상사고,0,1,0,0,차대차 - 측면충돌,차로위반,건조,맑음,단일로 - 기타,승용,남,40세,상해없음,이륜,남,78세,중상
2018052400100254,2018년 5월 24일 12시,목요일,부산광역시 중구 창선동2가,중상사고,0,1,0,0,차대사람 - 횡단중,안전운전불이행,건조,맑음,단일로 - 기타,화물,남,68세,상해없음,보행자,남,43세,중상
2018052400100255,2018년 5월 24일 12시,목요일,부산광역시 중구 남포동6가,경상사고,0,0,1,0,차대차 - 측면충돌,신호위반,건조,맑음,교차로 - 교차로안,승용,남,54세,상해없음,이륜,남,61세,경상
2018052400100256,2018년 5월 24일 12시,목요일,부산광역시 영도구 청학동,경상사고,0,0,1,0,차량단독 - 기타,기타,건조,맑음,단일로 - 기타,승합,남,56세,상해없음,,,,
2018052400100287,2018년 5월 24일 13시,목요일,부산광역시 동구 좌천동,경상사고,0,0,1,0,차대차 - 추돌,안전운전불이행,건조,맑음,단일로 - 기타,승용,여,31세,기타불명,승용,남,43세,경상
2018052400100289,2018년 5월 24일 13시,목요일,부산광역시 사상구 모라동,경상사고,0,0,1,0,차대사람 - 횡단중,신호위반,건조,맑음,교차로 - 교차로횡단보도내,승용,남,26세,상해없음,보행자,여,57세,경상
2018052400100318,2018년 5월 24일 14시,목요일,부산광역시 사상구 괘법동,경상사고,0,0,1,1,차대차 - 측면충돌,교차로운행방법위반,건조,맑음,단일로 - 기타,화물,남,48세,부상신고,승용,여,48세,경상
2018052400100341,2018년 5월 24일 15시,목요일,부산광역시 부산진구 범천동,중상사고,0,1,0,0,차대차 - 기타,기타,건조,맑음,단일로 - 기타,승합,남,43세,상해없음,승용,여,44세,상해없음
2018052400100371,2018년 5월 24일 16시,목요일,부산광역시 북구 구포동,중상사고,0,1,0,0,차대차 - 측면충돌,안전운전불이행,건조,맑음,교차로 - 교차로안,승용,여,54세,상해없음,이륜,남,35세,중상
2018052400100372,2018년 5월 24일 16시,목요일,부산광역시 해운대구 반송동,경상사고,0,0,1,0,차대사람 - 차도통행중,안전운전불이행,건조,맑음,단일로 - 기타,이륜,남,18세,상해없음,보행자,남,68세,경상
2018052400100373,2018년 5월 24일 16시,목요일,부산광역시 해운대구 좌동,경상사고,0,0,1,0,차대차 - 기타,안전거리미확보,기타,맑음,단일로 - 기타,승용,여,43세,상해없음,승용,여,24세,경상
2018052400100462,2018년 5월 24일 18시,목요일,부산광역시 동래구 온천동,경상사고,0,0,1,0,차대차 - 추돌,안전거리미확보,건조,맑음,교차로 - 교차로안,승용,남,43세,상해없음,승용,여,53세,경상
2018052400100463,2018년 5월 24일 18시,목요일,부산광역시 해운대구 우동,경상사고,0,0,1,0,차대차 - 추돌,안전거리미확보,건조,맑음,교차로 - 교차로안,승용,여,59세,상해없음,승용,여,53세,경상
2018052400100464,2018년 5월 24일 18시,목요일,부산광역시 부산진구 부전동,경상사고,0,0,1,0,차대차 - 추돌,안전운전불이행,건조,맑음,단일로 - 고가도로위,승용,남,45세,상해없음,승용,여,45세,경상
2018052400100465,2018년 5월 24일 18시,목요일,부산광역시 수영구 망미동,경상사고,0,0,1,0,차대차 - 측면충돌,안전거리미확보,건조,맑음,단일로 - 기타,화물,남,79세,상해없음,승용,남,33세,경상
2018052400100503,2018년 5월 24일 19시,목요일,부산광역시 중구 동광동4가,중상사고,0,1,0,0,차대차 - 측면충돌,안전거리미확보,건조,맑음,단일로 - 기타,이륜,남,68세,중상,승용,여,25세,상해없음
2018052400100504,2018년 5월 24일 19시,목요일,부산광역시 수영구 남천동,경상사고,0,0,1,0,차대차 - 기타,교차로운행방법위반,건조,맑음,단일로 - 기타,승용,남,37세,상해없음,승합,여,65세,상해없음
2018052400100567,2018년 5월 24일 21시,목요일,부산광역시 금정구 장전동,경상사고,0,0,1,0,차대사람 - 기타,안전운전불이행,건조,맑음,단일로 - 기타,승용,남,64세,상해없음,보행자,여,53세,경상
2018052400100568,2018년 5월 24일 21시,목요일,부산광역시 동래구 사직동,경상사고,0,0,1,0,차대차 - 기타,안전운전불이행,건조,맑음,교차로 - 교차로부근,이륜,남,18세,경상,승용,남,30세,상해없음
2018052400100569,2018년 5월 24일 21시,목요일,부산광역시 금정구 부곡동,중상사고,0,2,0,0,차대차 - 측면충돌,신호위반,건조,맑음,교차로 - 교차로안,승용,남,39세,상해없음,이륜,남,24세,중상
2018052400100570,2018년 5월 24일 21시,목요일,부산광역시 수영구 수영동,경상사고,0,0,1,0,차대차 - 측면충돌,신호위반,건조,맑음,교차로 - 교차로안,승용,남,55세,상해없음,이륜,남,19세,경상
2018052400100595,2018년 5월 24일 22시,목요일,부산광역시 수영구 망미동,경상사고,0,0,1,0,차대차 - 추돌,안전거리미확보,건조,맑음,교차로 - 교차로안,이륜,남,22세,상해없음,승용,남,59세,경상
2018052400100618,2018년 5월 24일 23시,목요일,부산광역시 부산진구 개금동,경상사고,0,0,1,0,차대차 - 추돌,안전운전불이행,건조,맑음,단일로 - 기타,승용,여,26세,상해없음,승용,남,60세,경상
2018052400100619,2018년 5월 24일 23시,목요일,부산광역시 부산진구 부전동,경상사고,0,0,1,0,차대사람 - 기타,안전운전불이행,건조,맑음,단일로 - 기타,승용,남,52세,상해없음,보행자,남,33세,경상
2018052400100620,2018년 5월 24일 23시,목요일,부산광역시 사하구 당리동,중상사고,0,1,0,0,차대차 - 정면충돌,신호위반,건조,맑음,교차로 - 교차로안,승용,남,57세,상해없음,이륜,남,48세,중상
2018052500100004,2018년 5월 25일 00시,금요일,부산광역시 금정구 장전동,경상사고,0,0,1,0,차대사람 - 횡단중,안전운전불이행,건조,맑음,교차로 - 교차로부근,승용,남,32세,기타불명,보행자,남,44세,경상
2018052500100022,2018년 5월 25일 01시,금요일,부산광역시 북구 덕천동,중상사고,0,1,0,0,차대사람 - 횡단중,안전운전불이행,건조,맑음,교차로 - 교차로부근,승용,남,61세,상해없음,보행자,남,26세,중상
2018052500100038,2018년 5월 25일 02시,금요일,부산광역시 사상구 주례동,경상사고,0,0,1,0,차대사람 - 횡단중,중앙선침범,건조,맑음,단일로 - 기타,승용,남,62세,상해없음,보행자,여,66세,경상
2018052500100111,2018년 5월 25일 08시,금요일,부산광역시 금정구 노포동,경상사고,0,0,1,0,차대차 - 측면충돌,차로위반,건조,맑음,단일로 - 기타,화물,남,32세,상해없음,승용,남,77세,상해없음
2018052500100112,2018년 5월 25일 08시,금요일,부산광역시 연제구 거제동,경상사고,0,0,1,0,차대차 - 기타,차로위반,건조,맑음,단일로 - 기타,기타불명,기타불명,미분류,기타불명,이륜,남,34세,경상
2018052500100153,2018년 5월 25일 09시,금요일,부산광역시 서구 아미동1가,경상사고,0,0,1,0,차대차 - 측면충돌,안전운전불이행,건조,맑음,교차로 - 교차로안,이륜,남,24세,경상,승용,남,72세,상해없음
2018052500100195,2018년 5월 25일 10시,금요일,부산광역시 동구 좌천동,경상사고,0,0,1,0,차대차 - 추돌,안전운전불이행,건조,맑음,단일로 - 기타,승용,여,65세,상해없음,승용,남,63세,경상
2018052500100196,2018년 5월 25일 10시,금요일,부산광역시 부산진구 개금동,경상사고,0,0,1,0,차대사람 - 기타,안전운전불이행,건조,맑음,단일로 - 기타,승용,남,24세,상해없음,보행자,남,81세,경상
2018052500100197,2018년 5월 25일 10시,금요일,부산광역시 강서구 대저2동,경상사고,0,0,1,0,차대차 - 추돌,안전운전불이행,건조,맑음,단일로 - 기타,화물,남,64세,상해없음,화물,남,53세,경상
2018052500100262,2018년 5월 25일 12시,금요일,부산광역시 부산진구 부암동,부상신고사고,0,0,0,1,차대차 - 측면충돌,교차로운행방법위반,건조,맑음,교차로 - 교차로안,이륜,남,58세,부상신고,승용,남,71세,상해없음
2018052500100263,2018년 5월 25일 12시,금요일,부산광역시 사하구 하단동,경상사고,0,0,1,0,차대차 - 기타,안전운전불이행,건조,맑음,교차로 - 교차로부근,화물,남,43세,상해없음,승용,남,41세,경상
2018052500100289,2018년 5월 25일 13시,금요일,부산광역시 금정구 두구동,경상사고,0,0,1,0,차대차 - 측면충돌,안전운전불이행,건조,맑음,기타 - 기타,승용,남,65세,기타불명,승용,여,42세,경상
2018052500100327,2018년 5월 25일 14시,금요일,부산광역시 동래구 안락동,경상사고,0,0,1,0,차대차 - 측면충돌,안전운전불이행,건조,맑음,단일로 - 기타,승용,여,31세,상해없음,승용,남,54세,경상
2018052500100328,2018년 5월 25일 14시,금요일,부산광역시 부산진구 부전동,부상신고사고,0,0,0,1,차대차 - 기타,안전운전불이행,건조,맑음,단일로 - 기타,이륜,남,60세,부상신고,화물,남,68세,상해없음
2018052500100329,2018년 5월 25일 14시,금요일,부산광역시 금정구 장전동,부상신고사고,0,0,0,1,차대차 - 측면충돌,교차로운행방법위반,건조,맑음,교차로 - 교차로안,이륜,남,62세,부상신고,승용,여,60세,상해없음
2018052500100364,2018년 5월 25일 15시,금요일,부산광역시 남구 대연동,경상사고,0,0,1,0,차대사람 - 횡단중,보행자보호의무위반,건조,맑음,단일로 - 지하차도(도로)내,승용,남,60세,상해없음,보행자,남,9세,경상
2018052500100365,2018년 5월 25일 15시,금요일,부산광역시 동래구 명륜동,경상사고,0,0,1,0,차대사람 - 횡단중,신호위반,건조,맑음,교차로 - 교차로부근,승용,남,44세,상해없음,보행자,여,73세,경상
2018052500100366,2018년 5월 25일 15시,금요일,부산광역시 해운대구 우동,중상사고,0,1,0,0,차대차 - 측면충돌,교차로운행방법위반,건조,맑음,교차로 - 교차로안,승용,남,62세,상해없음,이륜,남,26세,중상
2018052500100367,2018년 5월 25일 15시,금요일,부산광역시 해운대구 반송동,경상사고,0,0,1,0,차대사람 - 횡단중,안전운전불이행,건조,맑음,교차로 - 교차로안,화물,남,56세,상해없음,보행자,남,68세,경상
2018052500100368,2018년 5월 25일 15시,금요일,부산광역시 해운대구 우동,중상사고,0,1,0,0,차대차 - 측면충돌,안전거리미확보,건조,맑음,교차로 - 교차로안,승용,여,34세,상해없음,개인형이동수단(PM),남,48세,중상
2018052500100400,2018년 5월 25일 16시,금요일,부산광역시 강서구 대저1동,중상사고,0,1,0,0,차대차 - 측면충돌,안전거리미확보,건조,맑음,단일로 - 교량,이륜,남,18세,상해없음,승용,남,57세,상해없음
2018052500100448,2018년 5월 25일 17시,금요일,부산광역시 금정구 부곡동,부상신고사고,0,0,0,1,차대차 - 측면충돌,기타,건조,맑음,단일로 - 기타,이륜,남,21세,부상신고,승용,여,47세,상해없음
2018052500100569,2018년 5월 25일 20시,금요일,부산광역시 부산진구 범천동,경상사고,0,0,1,0,차대차 - 측면충돌,안전운전불이행,건조,맑음,교차로 - 교차로부근,승용,남,59세,상해없음,승용,남,41세,경상
2018052500100570,2018년 5월 25일 20시,금요일,부산광역시 사하구 당리동,경상사고,0,0,1,0,차대차 - 기타,안전운전불이행,건조,맑음,단일로 - 기타,승용,여,52세,기타불명,승용,여,49세,경상
2018052500100609,2018년 5월 25일 21시,금요일,부산광역시 부산진구 양정동,부상신고사고,0,0,0,1,차대사람 - 횡단중,안전운전불이행,건조,맑음,단일로 - 기타,승용,남,37세,상해없음,보행자,남,51세,부상신고
2018052500100647,2018년 5월 25일 22시,금요일,부산광역시 강서구 명지동,경상사고,0,0,1,0,차대차 - 정면충돌,중앙선침범,건조,맑음,단일로 - 기타,승용,여,61세,상해없음,승용,남,26세,경상
2018052500100675,2018년 5월 25일 23시,금요일,부산광역시 동래구 수안동,경상사고,0,0,1,0,차대사람 - 기타,기타,건조,맑음,단일로 - 기타,승합,남,45세,상해없음,보행자,남,23세,경상
2018052600100006,2018년 5월 26일 00시,토요일,부산광역시 동래구 안락동,중상사고,0,1,0,0,차대차 - 추돌,안전운전불이행,건조,맑음,교차로 - 교차로부근,승용,남,38세,상해없음,승용,남,55세,중상
2018052600100007,2018년 5월 26일 00시,토요일,부산광역시 사상구 주례동,중상사고,0,1,0,0,차대사람 - 기타,안전운전불이행,건조,맑음,교차로 - 교차로부근,승용,여,36세,상해없음,보행자,남,43세,중상
2018052600100025,2018년 5월 26일 01시,토요일,부산광역시 수영구 민락동,중상사고,0,1,0,0,차대사람 - 횡단중,안전운전불이행,건조,맑음,단일로 - 기타,이륜,여,25세,상해없음,보행자,여,33세,중상
2018052600100094,2018년 5월 26일 06시,토요일,부산광역시 동구 좌천동,중상사고,0,1,0,0,차대차 - 기타,안전거리미확보,건조,맑음,교차로 - 교차로부근,승용,남,28세,상해없음,승용,남,36세,중상
2018052600100115,2018년 5월 26일 07시,토요일,부산광역시 금정구 청룡동,경상사고,0,0,1,0,차대차 - 기타,신호위반,건조,맑음,교차로 - 교차로안,승용,남,69세,상해없음,승용,남,35세,경상
2018052600100137,2018년 5월 26일 08시,토요일,부산광역시 동구 좌천동,중상사고,0,1,0,0,차대차 - 기타,기타,건조,맑음,단일로 - 고가도로위,특수,남,49세,상해없음,승용,남,29세,중상
2018052600100161,2018년 5월 26일 09시,토요일,부산광역시 영도구 봉래동4가,중상사고,0,1,0,0,차대사람 - 차도통행중,안전운전불이행,건조,맑음,교차로 - 교차로안,승합,여,57세,상해없음,보행자,여,77세,중상
2018052600100162,2018년 5월 26일 09시,토요일,부산광역시 강서구 명지동,중상사고,0,1,0,0,차대사람 - 기타,안전운전불이행,건조,맑음,단일로 - 기타,승용,여,33세,상해없음,보행자,여,55세,중상
2018052600100163,2018년 5월 26일 09시,토요일,부산광역시 사상구 괘법동,경상사고,0,0,1,0,차대차 - 측면충돌,안전운전불이행,건조,맑음,단일로 - 기타,승용,남,38세,상해없음,승용,남,52세,상해없음
2018052600100198,2018년 5월 26일 10시,토요일,부산광역시 동구 초량동,경상사고,0,0,2,0,차대차 - 기타,기타,건조,맑음,단일로 - 기타,승용,남,62세,경상,승용,여,53세,경상
2018052600100199,2018년 5월 26일 10시,토요일,부산광역시 동래구 온천동,경상사고,0,0,1,0,차대차 - 측면충돌,신호위반,건조,맑음,교차로 - 교차로안,승용,남,66세,상해없음,이륜,남,33세,경상
2018052600100200,2018년 5월 26일 10시,토요일,부산광역시 영도구 대평동1가,경상사고,0,0,1,0,차대차 - 측면충돌,안전운전불이행,건조,맑음,단일로 - 기타,이륜,남,27세,경상,승용,남,43세,상해없음
2018052600100201,2018년 5월 26일 10시,토요일,부산광역시 사하구 다대동,부상신고사고,0,0,0,1,차대차 - 기타,직진우회전진행방해,건조,맑음,교차로 - 교차로안,승용,남,52세,상해없음,이륜,남,63세,부상신고
2018052600100232,2018년 5월 26일 11시,토요일,부산광역시 사상구 엄궁동,경상사고,0,0,2,0,차대차 - 측면충돌,안전거리미확보,건조,맑음,기타 - 기타,화물,남,30세,경상,화물,남,44세,경상
2018052600100262,2018년 5월 26일 12시,토요일,부산광역시 중구 대청동4가,중상사고,0,1,0,0,차대사람 - 횡단중,안전운전불이행,건조,맑음,교차로 - 교차로안,승용,남,26세,상해없음,보행자,여,78세,중상
2018052600100263,2018년 5월 26일 12시,토요일,부산광역시 해운대구 우동,경상사고,0,0,3,0,차대차 - 기타,안전거리미확보,건조,맑음,교차로 - 교차로부근,승용,여,48세,상해없음,승용,남,32세,경상
2018052600100264,2018년 5월 26일 12시,토요일,부산광역시 부산진구 가야동,중상사고,0,3,1,0,차대차 - 측면충돌,신호위반,건조,맑음,교차로 - 교차로안,승용,남,46세,상해없음,승용,여,42세,중상
2018052600100265,2018년 5월 26일 12시,토요일,부산광역시 수영구 광안동,경상사고,0,0,2,0,차대차 - 측면충돌,교차로운행방법위반,건조,맑음,교차로 - 교차로부근,승용,여,55세,상해없음,승용,남,80세,경상
2018052600100266,2018년 5월 26일 12시,토요일,부산광역시 기장군 일광면,경상사고,0,0,2,0,차대차 - 측면충돌,직진우회전진행방해,건조,맑음,교차로 - 교차로안,승용,남,36세,경상,승용,여,38세,경상
2018052600100302,2018년 5월 26일 13시,토요일,부산광역시 서구 충무동1가,경상사고,0,0,1,0,차대차 - 측면충돌,안전거리미확보,건조,맑음,단일로 - 기타,승합,여,36세,상해없음,승용,남,53세,경상
2018052600100303,2018년 5월 26일 13시,토요일,부산광역시 수영구 민락동,경상사고,0,0,3,1,차대차 - 측면충돌,차로위반,건조,맑음,단일로 - 기타,승용,여,46세,상해없음,승용,남,44세,경상
2018052600100304,2018년 5월 26일 13시,토요일,부산광역시 기장군 정관읍,경상사고,0,0,2,0,차대차 - 추돌,안전운전불이행,건조,맑음,교차로 - 교차로부근,승용,남,56세,상해없음,승용,남,36세,경상
2018052600100341,2018년 5월 26일 14시,토요일,부산광역시 남구 우암동,중상사고,0,1,0,0,차대차 - 기타,교차로운행방법위반,건조,맑음,단일로 - 기타,승용,남,53세,상해없음,자전거,남,17세,중상
2018052600100342,2018년 5월 26일 14시,토요일,부산광역시 해운대구 좌동,경상사고,0,0,1,0,차대사람 - 기타,신호위반,건조,맑음,교차로 - 교차로횡단보도내,이륜,남,35세,상해없음,보행자,여,63세,경상
2018052600100343,2018년 5월 26일 14시,토요일,부산광역시 해운대구 송정동,경상사고,0,0,2,0,차대차 - 기타,안전운전불이행,건조,맑음,단일로 - 기타,승용,여,47세,상해없음,승용,남,43세,경상
2018052600100344,2018년 5월 26일 14시,토요일,부산광역시 사하구 하단동,경상사고,0,0,1,0,차대차 - 측면충돌,안전운전불이행,건조,맑음,기타 - 기타,승용,여,36세,상해없음,자전거,남,63세,경상
2018052600100345,2018년 5월 26일 14시,토요일,부산광역시 기장군 정관읍,경상사고,0,0,2,0,차대차 - 측면충돌,안전운전불이행,건조,맑음,단일로 - 기타,승용,남,46세,상해없음,승용,남,38세,경상
2018052600100381,2018년 5월 26일 15시,토요일,부산광역시 수영구 민락동,경상사고,0,0,1,0,차대차 - 기타,차로위반,건조,맑음,단일로 - 기타,화물,남,51세,상해없음,승용,남,48세,상해없음
2018052600100382,2018년 5월 26일 15시,토요일,부산광역시 사상구 모라동,경상사고,0,0,1,0,차대차 - 측면충돌,교차로운행방법위반,건조,맑음,단일로 - 기타,승용,여,42세,상해없음,원동기,남,46세,경상
2018052600100421,2018년 5월 26일 16시,토요일,부산광역시 북구 덕천동,경상사고,0,0,1,0,차대차 - 기타,중앙선침범,건조,맑음,단일로 - 기타,이륜,남,48세,경상,승용,남,43세,상해없음
2018052600100422,2018년 5월 26일 16시,토요일,부산광역시 동래구 명륜동,경상사고,0,0,1,0,차대차 - 추돌,안전운전불이행,건조,맑음,교차로 - 교차로안,이륜,남,33세,상해없음,이륜,남,29세,경상
2018052600100423,2018년 5월 26일 16시,토요일,부산광역시 강서구 송정동,경상사고,0,0,2,0,차대차 - 측면충돌,신호위반,건조,맑음,교차로 - 교차로부근,승용,여,41세,상해없음,승용,남,45세,경상
2018052600100467,2018년 5월 26일 17시,토요일,부산광역시 중구 보수동1가,경상사고,0,0,4,0,차대차 - 추돌,교차로운행방법위반,건조,맑음,교차로 - 교차로안,승용,남,51세,경상,승용,남,57세,경상
2018052600100468,2018년 5월 26일 17시,토요일,부산광역시 동래구 온천동,경상사고,0,0,1,0,차대차 - 측면충돌,안전운전불이행,건조,맑음,교차로 - 교차로안,이륜,남,19세,경상,승용,남,54세,상해없음
2018052600100469,2018년 5월 26일 17시,토요일,부산광역시 해운대구 반여동,부상신고사고,0,0,0,1,차대차 - 측면충돌,교차로운행방법위반,건조,맑음,교차로 - 교차로안,이륜,남,21세,부상신고,승용,남,42세,상해없음
2018052600100470,2018년 5월 26일 17시,토요일,부산광역시 금정구 장전동,중상사고,0,1,1,0,차대차 - 기타,안전운전불이행,건조,맑음,단일로 - 기타,승용,남,39세,상해없음,원동기,남,17세,경상
2018052600100471,2018년 5월 26일 17시,토요일,부산광역시 사하구 감천동,경상사고,0,0,1,0,차대차 - 측면충돌,안전운전불이행,건조,맑음,교차로 - 교차로부근,건설기계,남,27세,상해없음,승용,남,61세,경상
2018052600100518,2018년 5월 26일 18시,토요일,부산광역시 서구 남부민동,경상사고,0,0,1,0,차대차 - 기타,중앙선침범,건조,맑음,단일로 - 기타,승용,남,59세,상해없음,이륜,남,18세,경상
2018052600100519,2018년 5월 26일 18시,토요일,부산광역시 수영구 민락동,경상사고,0,0,1,0,차대차 - 추돌,안전운전불이행,건조,맑음,교차로 - 교차로안,승용,여,58세,상해없음,이륜,남,18세,경상
2018052600100520,2018년 5월 26일 18시,토요일,부산광역시 북구 만덕동,경상사고,0,0,1,0,차대차 - 측면충돌,안전운전불이행,건조,맑음,단일로 - 기타,승용,남,55세,상해없음,승용,남,56세,경상
2018052600100521,2018년 5월 26일 18시,토요일,부산광역시 부산진구 부암동,중상사고,0,1,0,0,차대차 - 기타,신호위반,건조,맑음,교차로 - 교차로안,승용,여,26세,상해없음,이륜,남,21세,중상
2018052600100522,2018년 5월 26일 18시,토요일,부산광역시 사하구 장림동,중상사고,0,1,0,0,차대차 - 기타,중앙선침범,건조,맑음,교차로 - 교차로부근,승용,남,39세,상해없음,승용,남,44세,중상
2018052600100523,2018년 5월 26일 18시,토요일,부산광역시 수영구 망미동,경상사고,0,0,1,0,차대차 - 기타,안전운전불이행,건조,맑음,단일로 - 기타,이륜,남,56세,경상,승용,남,22세,상해없음
2018052600100584,2018년 5월 26일 20시,토요일,부산광역시 북구 구포동,경상사고,0,0,1,0,차대차 - 추돌,안전운전불이행,건조,맑음,단일로 - 기타,승용,남,46세,상해없음,자전거,남,59세,경상
2018052600100585,2018년 5월 26일 20시,토요일,부산광역시 사하구 하단동,경상사고,0,0,1,0,차대차 - 기타,안전운전불이행,건조,맑음,단일로 - 기타,이륜,남,53세,상해없음,이륜,남,36세,경상
2018052600100608,2018년 5월 26일 21시,토요일,부산광역시 수영구 민락동,부상신고사고,0,0,0,1,차대사람 - 횡단중,보행자보호의무위반,건조,맑음,교차로 - 교차로횡단보도내,승용,남,55세,상해없음,보행자,여,18세,부상신고
2018052600100637,2018년 5월 26일 22시,토요일,부산광역시 동래구 안락동,중상사고,0,1,0,0,차대차 - 측면충돌,안전운전불이행,건조,맑음,단일로 - 기타,이륜,남,25세,상해없음,승용,여,30세,중상
2018052600100638,2018년 5월 26일 22시,토요일,부산광역시 사하구 괴정동,경상사고,0,0,1,0,차대사람 - 보도통행중,안전운전불이행,건조,맑음,단일로 - 기타,기타불명,기타불명,미분류,기타불명,보행자,여,57세,경상
2018052700100004,2018년 5월 27일 00시,일요일,부산광역시 서구 암남동,중상사고,0,1,1,0,차대차 - 측면충돌,신호위반,건조,맑음,교차로 - 교차로부근,승용,남,53세,중상,승용,남,25세,상해없음
2018052700100005,2018년 5월 27일 00시,일요일,부산광역시 수영구 남천동,중상사고,0,1,0,1,차대차 - 기타,신호위반,건조,맑음,교차로 - 교차로안,승용,여,61세,상해없음,승용,남,60세,부상신고
2018052700100006,2018년 5월 27일 00시,일요일,부산광역시 동래구 온천동,중상사고,0,1,0,0,차대차 - 정면충돌,신호위반,건조,맑음,교차로 - 교차로안,승용,남,24세,상해없음,이륜,남,31세,중상
2018052700100007,2018년 5월 27일 00시,일요일,부산광역시 연제구 거제동,경상사고,0,0,1,0,차대차 - 추돌,안전운전불이행,건조,맑음,단일로 - 기타,승용,여,41세,상해없음,승용,남,32세,경상
2018052700100040,2018년 5월 27일 02시,일요일,부산광역시 서구 부용동2가,경상사고,0,0,1,0,차대사람 - 기타,안전운전불이행,건조,맑음,기타 - 기타,승용,남,64세,상해없음,보행자,남,26세,경상
2018052700100041,2018년 5월 27일 02시,일요일,부산광역시 사하구 신평동,중상사고,0,1,0,0,차대사람 - 기타,안전운전불이행,건조,맑음,교차로 - 교차로안,승용,남,63세,상해없음,보행자,여,43세,중상
2018052700100067,2018년 5월 27일 04시,일요일,부산광역시 부산진구 부전동,경상사고,0,0,1,0,차대차 - 추돌,안전거리미확보,건조,맑음,단일로 - 기타,승용,남,26세,상해없음,승용,남,69세,경상
2018052700100072,2018년 5월 27일 05시,일요일,부산광역시 북구 구포동,중상사고,0,1,0,0,차대차 - 정면충돌,신호위반,건조,맑음,교차로 - 교차로안,승용,남,69세,상해없음,이륜,남,29세,중상
2018052700100112,2018년 5월 27일 09시,일요일,부산광역시 연제구 연산동,경상사고,0,0,1,0,차대차 - 측면충돌,신호위반,건조,맑음,교차로 - 교차로안,승용,남,30세,상해없음,승용,여,69세,경상
2018052700100169,2018년 5월 27일 12시,일요일,부산광역시 해운대구 반여동,사망사고,1,1,2,0,차대차 - 측면충돌,안전운전불이행,건조,맑음,교차로 - 교차로안,승용,남,61세,상해없음,승용,남,66세,중상
2018052700100267,2018년 5월 27일 16시,일요일,부산광역시 북구 화명동,중상사고,0,1,0,0,차대차 - 기타,기타,건조,맑음,단일로 - 기타,승용,여,61세,상해없음,원동기,남,63세,중상
2018052700100268,2018년 5월 27일 16시,일요일,부산광역시 기장군 기장읍,경상사고,0,0,3,0,차대차 - 정면충돌,신호위반,건조,맑음,교차로 - 교차로부근,승용,남,22세,상해없음,승용,남,36세,경상
2018052700100301,2018년 5월 27일 17시,일요일,부산광역시 북구 덕천동,경상사고,0,0,1,0,차대차 - 기타,안전운전불이행,건조,맑음,단일로 - 기타,승용,남,45세,상해없음,승용,남,43세,기타불명