사고번호,사고일시,요일,시군구,사고내용,사망자수,중상자수,경상자수,부상신고자수,사고유형,법규위반,노면상태,기상상태,도로형태,가해운전자 차종,가해운전자 성별,가해운전자 연령,가해운전자 상해정도,피해운전자 차종,피해운전자 성별,피해운전자 연령,피해운전자 상해정도
2018052700100302,2018년 5월 27일 17시,일요일,부산광역시 금정구 장전동,중상사고,0,1,1,0,차대차 - 기타,안전운전불이행,건조,맑음,단일로 - 기타,승용,남,54세,기타불명,이륜,남,59세,중상
2018052700100323,2018년 5월 27일 18시,일요일,부산광역시 강서구 명지동,중상사고,0,1,1,0,차대차 - 측면충돌,안전운전불이행,건조,맑음,교차로 - 교차로안,승용,여,27세,상해없음,승용,남,55세,경상
2018052700100352,2018년 5월 27일 19시,일요일,부산광역시 부산진구 전포동,경상사고,0,0,2,0,차대차 - 측면충돌,신호위반,건조,맑음,교차로 - 교차로안,승용,남,20세,상해없음,승용,남,49세,경상
2018052700100369,2018년 5월 27일 20시,일요일,부산광역시 해운대구 우동,경상사고,0,0,1,0,차대차 - 측면충돌,신호위반,건조,맑음,교차로 - 교차로횡단보도내,이륜,남,36세,상해없음,자전거,남,83세,경상
2018052700100439,2018년 5월 27일 23시,일요일,부산광역시 수영구 망미동,중상사고,0,1,0,0,차대차 - 측면충돌,신호위반,건조,맑음,교차로 - 교차로안,승용,남,66세,상해없음,승용,여,50세,중상
2018052800100012,2018년 5월 28일 01시,월요일,부산광역시 사하구 하단동,경상사고,0,0,1,0,차대차 - 기타,안전거리미확보,건조,맑음,단일로 - 기타,승용,남,31세,상해없음,승용,남,41세,상해없음
2018052800100013,2018년 5월 28일 01시,월요일,부산광역시 기장군 정관읍,경상사고,0,0,1,0,차대차 - 측면충돌,중앙선침범,건조,맑음,기타 - 기타,승용,남,54세,상해없음,승용,여,30세,경상
2018052800100027,2018년 5월 28일 03시,월요일,부산광역시 동래구 명륜동,경상사고,0,0,1,0,차대차 - 측면충돌,안전운전불이행,건조,맑음,단일로 - 기타,승용,여,48세,상해없음,승용,남,24세,경상
2018052800100028,2018년 5월 28일 03시,월요일,부산광역시 부산진구 양정동,중상사고,0,1,0,0,차대차 - 추돌,안전운전불이행,건조,맑음,교차로 - 교차로부근,승용,남,23세,상해없음,이륜,남,60세,중상
2018052800100067,2018년 5월 28일 07시,월요일,부산광역시 동래구 온천동,경상사고,0,0,1,0,차대차 - 추돌,안전거리미확보,건조,맑음,단일로 - 기타,승용,남,30세,상해없음,승용,남,29세,경상
2018052800100068,2018년 5월 28일 07시,월요일,부산광역시 금정구 부곡동,중상사고,0,1,0,0,차대사람 - 기타,보행자보호의무위반,건조,맑음,단일로 - 기타,승용,남,59세,상해없음,보행자,여,76세,중상
2018052800100069,2018년 5월 28일 07시,월요일,부산광역시 금정구 부곡동,경상사고,0,0,1,0,차대차 - 추돌,안전거리미확보,건조,맑음,단일로 - 기타,승용,남,27세,상해없음,승용,남,48세,경상
2018052800100101,2018년 5월 28일 08시,월요일,부산광역시 영도구 청학동,경상사고,0,0,1,0,차대차 - 추돌,안전운전불이행,건조,맑음,단일로 - 기타,화물,남,60세,상해없음,승용,남,41세,경상
2018052800100158,2018년 5월 28일 09시,월요일,부산광역시 중구 중앙동2가,경상사고,0,0,1,0,차대차 - 기타,안전거리미확보,젖음/습기,흐림,단일로 - 기타,승용,남,71세,상해없음,원동기,남,23세,경상
2018052800100159,2018년 5월 28일 09시,월요일,부산광역시 금정구 부곡동,중상사고,0,1,0,0,차대차 - 측면충돌,안전거리미확보,건조,맑음,교차로 - 교차로안,승용,남,65세,상해없음,자전거,여,59세,중상
2018052800100200,2018년 5월 28일 10시,월요일,부산광역시 사상구 주례동,부상신고사고,0,0,0,1,차대차 - 측면충돌,차로위반,건조,맑음,단일로 - 기타,화물,남,51세,상해없음,승용,남,71세,부상신고
2018052800100221,2018년 5월 28일 11시,월요일,부산광역시 사하구 다대동,중상사고,0,1,0,0,차대차 - 측면충돌,신호위반,젖음/습기,비,교차로 - 교차로안,승용,여,58세,상해없음,승용,남,25세,중상
2018052800100222,2018년 5월 28일 11시,월요일,부산광역시 강서구 명지동,경상사고,0,0,1,0,차대차 - 측면충돌,교차로운행방법위반,건조,맑음,교차로 - 교차로안,화물,남,43세,상해없음,승용,남,36세,경상
2018052800100223,2018년 5월 28일 11시,월요일,부산광역시 기장군 장안읍,중상사고,0,1,2,0,차대차 - 추돌,안전거리미확보,건조,맑음,단일로 - 기타,승용,여,40세,경상,특수,남,49세,경상
2018052800100255,2018년 5월 28일 12시,월요일,부산광역시 영도구 대교동1가,경상사고,0,0,1,0,차대차 - 측면충돌,안전운전불이행,건조,맑음,미분류 - 미분류,화물,남,43세,상해없음,원동기,남,56세,경상
2018052800100256,2018년 5월 28일 12시,월요일,부산광역시 부산진구 가야동,부상신고사고,0,0,0,1,차대차 - 측면충돌,교차로운행방법위반,건조,맑음,교차로 - 교차로안,원동기,남,61세,부상신고,승용,남,55세,상해없음
2018052800100257,2018년 5월 28일 12시,월요일,부산광역시 연제구 연산동,중상사고,0,1,0,0,차대사람 - 횡단중,신호위반,건조,맑음,단일로 - 기타,승용,남,40세,상해없음,보행자,여,51세,중상
2018052800100258,2018년 5월 28일 12시,월요일,부산광역시 사상구 감전동,경상사고,0,0,1,0,차대사람 - 기타,안전운전불이행,건조,맑음,단일로 - 기타,화물,남,56세,상해없음,보행자,남,57세,경상
2018052800100293,2018년 5월 28일 13시,월요일,부산광역시 사하구 괴정동,경상사고,0,0,1,0,차대차 - 추돌,안전운전불이행,젖음/습기,흐림,교차로 - 교차로안,승합,남,62세,기타불명,승용,여,56세,경상
2018052800100294,2018년 5월 28일 13시,월요일,부산광역시 연제구 연산동,경상사고,0,0,1,0,차대차 - 기타,교차로운행방법위반,건조,맑음,교차로 - 교차로안,승용,남,36세,상해없음,이륜,남,37세,경상
2018052800100378,2018년 5월 28일 16시,월요일,부산광역시 중구 보수동1가,경상사고,0,0,2,1,차대차 - 추돌,안전거리미확보,건조,맑음,교차로 - 교차로안,승용,남,78세,부상신고,승용,여,51세,경상
2018052800100420,2018년 5월 28일 17시,월요일,부산광역시 북구 덕천동,경상사고,0,0,1,0,차대차 - 추돌,안전운전불이행,건조,맑음,단일로 - 기타,승용,남,51세,상해없음,승용,남,42세,경상
2018052800100421,2018년 5월 28일 17시,월요일,부산광역시 부산진구 가야동,중상사고,0,1,0,0,차대사람 - 기타,안전운전불이행,건조,맑음,단일로 - 기타,승합,남,37세,상해없음,보행자,남,47세,중상
2018052800100462,2018년 5월 28일 18시,월요일,부산광역시 동래구 온천동,중상사고,0,1,0,0,차량단독 - 기타,기타,건조,맑음,교차로 - 교차로부근,승합,남,57세,상해없음,,,,
2018052800100463,2018년 5월 28일 18시,월요일,부산광역시 사하구 신평동,경상사고,0,0,1,0,차대차 - 기타,교차로운행방법위반,건조,맑음,교차로 - 교차로안,승용,여,42세,상해없음,승용,남,37세,경상
2018052800100464,2018년 5월 28일 18시,월요일,부산광역시 연제구 연산동,경상사고,0,0,1,0,차대차 - 기타,교차로운행방법위반,젖음/습기,비,교차로 - 교차로안,승용,남,43세,상해없음,승합,남,60세,상해없음
2018052800100504,2018년 5월 28일 19시,월요일,부산광역시 서구 부민동1가,중상사고,0,1,1,0,차대차 - 측면충돌,신호위반,젖음/습기,흐림,교차로 - 교차로안,승용,남,64세,상해없음,이륜,남,19세,경상
2018052800100505,2018년 5월 28일 19시,월요일,부산광역시 남구 문현동,경상사고,0,0,1,0,차대차 - 기타,차로위반,건조,맑음,교차로 - 교차로부근,승용,여,26세,상해없음,이륜,남,19세,경상
2018052800100506,2018년 5월 28일 19시,월요일,부산광역시 부산진구 부전동,부상신고사고,0,0,0,1,차대사람 - 차도통행중,안전운전불이행,건조,맑음,단일로 - 기타,화물,남,30세,상해없음,보행자,여,27세,부상신고
2018052800100508,2018년 5월 28일 19시,월요일,부산광역시 사하구 하단동,경상사고,0,0,1,0,차대차 - 기타,안전운전불이행,건조,맑음,기타 - 기타,승용,남,64세,상해없음,자전거,남,68세,경상
2018052800100569,2018년 5월 28일 21시,월요일,부산광역시 사상구 모라동,경상사고,0,0,1,0,차대사람 - 차도통행중,중앙선침범,젖음/습기,흐림,단일로 - 기타,승용,기타불명,미분류,기타불명,보행자,남,44세,경상
2018052800100594,2018년 5월 28일 22시,월요일,부산광역시 영도구 신선동1가,중상사고,0,1,2,0,차대차 - 측면충돌,중앙선침범,건조,맑음,단일로 - 기타,승용,남,28세,상해없음,승용,남,54세,중상
2018052800100595,2018년 5월 28일 22시,월요일,부산광역시 금정구 남산동,경상사고,0,0,1,0,차대차 - 기타,안전운전불이행,건조,기타,단일로 - 기타,승용,남,49세,기타불명,승용,여,46세,경상
2018052800100596,2018년 5월 28일 22시,월요일,부산광역시 연제구 연산동,경상사고,0,0,1,0,차대차 - 측면충돌,신호위반,건조,맑음,교차로 - 교차로안,승용,남,67세,상해없음,승용,남,55세,상해없음
2018052800100618,2018년 5월 28일 23시,월요일,부산광역시 금정구 구서동,경상사고,0,0,2,0,차대차 - 측면충돌,차로위반,건조,맑음,교차로 - 교차로부근,승용,여,43세,상해없음,승용,여,31세,경상
2018052900100053,2018년 5월 29일 07시,화요일,부산광역시 동구 범일동,경상사고,0,0,1,0,차대차 - 기타,차로위반,건조,맑음,단일로 - 기타,승용,남,22세,상해없음,승용,남,66세,경상
2018052900100054,2018년 5월 29일 07시,화요일,부산광역시 부산진구 양정동,중상사고,0,1,0,0,차대차 - 기타,신호위반,건조,맑음,교차로 - 교차로안,승용,남,52세,상해없음,이륜,남,78세,중상
2018052900100082,2018년 5월 29일 08시,화요일,부산광역시 영도구 봉래동4가,경상사고,0,0,2,0,차대차 - 추돌,안전거리미확보,건조,맑음,교차로 - 교차로부근,승용,남,63세,상해없음,승용,남,57세,경상
2018052900100083,2018년 5월 29일 08시,화요일,부산광역시 금정구 부곡동,경상사고,0,0,1,0,차대사람 - 횡단중,기타,건조,맑음,교차로 - 교차로안,승용,여,51세,상해없음,보행자,남,8세,경상
2018052900100084,2018년 5월 29일 08시,화요일,부산광역시 연제구 연산동,중상사고,0,1,0,1,차대차 - 측면충돌,안전운전불이행,건조,맑음,단일로 - 기타,자전거,남,14세,부상신고,이륜,남,32세,중상
2018052900100128,2018년 5월 29일 09시,화요일,부산광역시 중구 영주동,경상사고,0,0,1,0,차대차 - 기타,안전운전불이행,건조,맑음,주차장 - 주차장,승합,남,56세,상해없음,승용,남,35세,경상
2018052900100157,2018년 5월 29일 10시,화요일,부산광역시 남구 대연동,중상사고,0,1,0,0,차대차 - 측면충돌,안전운전불이행,건조,맑음,교차로 - 교차로안,화물,남,40세,상해없음,이륜,남,22세,중상
2018052900100158,2018년 5월 29일 10시,화요일,부산광역시 사하구 하단동,경상사고,0,0,1,0,차대차 - 기타,교차로운행방법위반,건조,맑음,교차로 - 교차로안,건설기계,남,37세,상해없음,승용,여,48세,경상
2018052900100159,2018년 5월 29일 10시,화요일,부산광역시 강서구 대저2동,중상사고,0,1,0,0,차대사람 - 횡단중,안전운전불이행,건조,맑음,단일로 - 기타,승용,여,57세,상해없음,보행자,여,51세,중상
2018052900100189,2018년 5월 29일 11시,화요일,부산광역시 사상구 학장동,경상사고,0,0,1,0,차대차 - 측면충돌,교차로운행방법위반,건조,맑음,교차로 - 교차로안,화물,남,39세,상해없음,화물,남,44세,경상
2018052900100219,2018년 5월 29일 12시,화요일,부산광역시 사상구 엄궁동,경상사고,0,0,2,0,차대차 - 측면충돌,안전운전불이행,건조,맑음,단일로 - 기타,화물,남,48세,상해없음,화물,남,35세,경상
2018052900100247,2018년 5월 29일 13시,화요일,부산광역시 해운대구 우동,중상사고,0,1,0,0,차대차 - 기타,안전운전불이행,기타,맑음,단일로 - 기타,이륜,남,49세,상해없음,이륜,남,54세,중상
2018052900100307,2018년 5월 29일 15시,화요일,부산광역시 영도구 영선동1가,중상사고,0,2,0,0,차대사람 - 보도통행중,보행자보호의무위반,건조,맑음,교차로 - 교차로횡단보도내,승용,남,47세,상해없음,보행자,여,70세,중상
2018052900100308,2018년 5월 29일 15시,화요일,부산광역시 부산진구 양정동,경상사고,0,0,1,0,차대차 - 기타,안전운전불이행,건조,맑음,교차로 - 교차로부근,화물,남,59세,상해없음,승합,남,48세,상해없음
2018052900100346,2018년 5월 29일 16시,화요일,부산광역시 금정구 노포동,경상사고,0,0,1,1,차대차 - 측면충돌,신호위반,건조,맑음,단일로 - 기타,화물,남,57세,부상신고,승용,남,49세,경상
2018052900100347,2018년 5월 29일 16시,화요일,부산광역시 사상구 삼락동,중상사고,0,1,1,0,차대차 - 측면충돌,신호위반,건조,맑음,교차로 - 교차로안,승용,여,53세,상해없음,승용,남,57세,경상
2018052900100397,2018년 5월 29일 17시,화요일,부산광역시 강서구 신호동,중상사고,0,1,1,0,차대사람 - 횡단중,보행자보호의무위반,건조,맑음,교차로 - 교차로부근,화물,남,38세,상해없음,보행자,여,66세,중상
2018052900100398,2018년 5월 29일 17시,화요일,부산광역시 사상구 삼락동,경상사고,0,0,1,0,차대사람 - 횡단중,안전운전불이행,건조,맑음,단일로 - 기타,자전거,남,22세,상해없음,보행자,여,68세,경상
2018052900100439,2018년 5월 29일 18시,화요일,부산광역시 중구 대청동1가,경상사고,0,0,1,0,차대사람 - 횡단중,안전운전불이행,건조,맑음,기타 - 기타,승용,여,42세,상해없음,보행자,남,23세,경상
2018052900100440,2018년 5월 29일 18시,화요일,부산광역시 동구 수정동,경상사고,0,0,2,0,차대차 - 정면충돌,중앙선침범,건조,맑음,단일로 - 기타,승합,남,47세,상해없음,승용,여,30세,경상
2018052900100441,2018년 5월 29일 18시,화요일,부산광역시 북구 구포동,경상사고,0,0,1,0,차대차 - 기타,안전운전불이행,건조,맑음,단일로 - 기타,승용,여,35세,상해없음,승용,남,24세,경상
2018052900100442,2018년 5월 29일 18시,화요일,부산광역시 동래구 온천동,경상사고,0,0,1,0,차대차 - 측면충돌,안전운전불이행,건조,맑음,교차로 - 교차로안,승용,남,52세,상해없음,승용,남,40세,경상
2018052900100443,2018년 5월 29일 18시,화요일,부산광역시 기장군 기장읍,경상사고,0,0,1,0,차대차 - 추돌,안전운전불이행,건조,맑음,단일로 - 기타,승용,남,52세,상해없음,이륜,남,67세,경상
2018052900100475,2018년 5월 29일 19시,화요일,부산광역시 수영구 민락동,경상사고,0,0,1,0,차대사람 - 보도통행중,안전운전불이행,건조,맑음,기타 - 기타,자전거,남,11세,상해없음,보행자,여,2세,경상
2018052900100476,2018년 5월 29일 19시,화요일,부산광역시 동래구 온천동,중상사고,0,2,1,0,차대차 - 추돌,안전운전불이행,건조,맑음,교차로 - 교차로부근,화물,남,55세,상해없음,승용,남,30세,중상
2018052900100477,2018년 5월 29일 19시,화요일,부산광역시 해운대구 재송동,경상사고,0,0,1,0,차대차 - 기타,안전운전불이행,건조,맑음,교차로 - 교차로안,승용,남,31세,상해없음,승용,남,54세,경상
2018052900100514,2018년 5월 29일 20시,화요일,부산광역시 금정구 부곡동,부상신고사고,0,0,0,1,차량단독 - 기타,안전운전불이행,건조,맑음,교차로 - 교차로부근,이륜,남,71세,부상신고,,,,
2018052900100575,2018년 5월 29일 22시,화요일,부산광역시 수영구 민락동,경상사고,0,0,2,0,차대차 - 측면충돌,신호위반,건조,맑음,교차로 - 교차로안,승용,남,30세,상해없음,승용,남,59세,경상
2018052900100605,2018년 5월 29일 23시,화요일,부산광역시 해운대구 좌동,중상사고,0,1,0,0,차대차 - 측면충돌,신호위반,건조,맑음,교차로 - 교차로안,승용,남,59세,상해없음,승용,남,31세,상해없음
2018053000100021,2018년 5월 30일 01시,수요일,부산광역시 부산진구 연지동,중상사고,0,1,0,0,차대차 - 측면충돌,신호위반,건조,맑음,교차로 - 교차로안,승용,남,68세,상해없음,이륜,남,28세,중상
2018053000100059,2018년 5월 30일 06시,수요일,부산광역시 강서구 대저2동,중상사고,0,1,0,0,차대차 - 기타,안전운전불이행,건조,맑음,단일로 - 기타,승용,남,55세,상해없음,승용,여,31세,중상
2018053000100081,2018년 5월 30일 07시,수요일,부산광역시 해운대구 재송동,경상사고,0,0,1,0,차대차 - 추돌,안전운전불이행,건조,맑음,교차로 - 교차로부근,승용,남,48세,상해없음,화물,남,54세,경상
2018053000100082,2018년 5월 30일 07시,수요일,부산광역시 사하구 감천동,중상사고,0,1,0,0,차대사람 - 횡단중,안전운전불이행,건조,흐림,단일로 - 기타,승용,남,58세,상해없음,보행자,여,77세,중상
2018053000100083,2018년 5월 30일 07시,수요일,부산광역시 수영구 망미동,경상사고,0,0,1,0,차대사람 - 기타,안전운전불이행,건조,맑음,단일로 - 기타,화물,남,55세,상해없음,보행자,남,13세,경상
2018053000100084,2018년 5월 30일 07시,수요일,부산광역시 사상구 엄궁동,중상사고,0,1,1,0,차대차 - 측면충돌,교차로운행방법위반,건조,맑음,교차로 - 교차로부근,승용,여,42세,상해없음,승합,남,57세,경상
2018053000100085,2018년 5월 30일 07시,수요일,부산광역시 사상구 주례동,경상사고,0,0,1,0,차대사람 - 횡단중,보행자보호의무위반,건조,맑음,단일로 - 기타,기타불명,기타불명,미분류,기타불명,보행자,남,14세,경상
2018053000100106,2018년 5월 30일 08시,수요일,부산광역시 부산진구 전포동,중상사고,0,1,0,0,차대차 - 측면충돌,안전거리미확보,건조,맑음,단일로 - 기타,승용,남,62세,상해없음,이륜,남,20세,중상
2018053000100156,2018년 5월 30일 09시,수요일,부산광역시 동래구 낙민동,중상사고,0,2,9,2,차대차 - 측면충돌,신호위반,건조,맑음,교차로 - 교차로안,승용,남,27세,상해없음,승합,남,57세,상해없음
2018053000100157,2018년 5월 30일 09시,수요일,부산광역시 사상구 감전동,경상사고,0,0,1,0,차대차 - 측면충돌,차로위반,건조,맑음,단일로 - 지하차도(도로)내,화물,남,58세,상해없음,승용,여,59세,경상
2018053000100181,2018년 5월 30일 10시,수요일,부산광역시 북구 구포동,중상사고,0,1,0,0,차량단독 - 기타,기타,건조,맑음,단일로 - 기타,승합,남,48세,상해없음,,,,
2018053000100182,2018년 5월 30일 10시,수요일,부산광역시 동래구 안락동,경상사고,0,0,1,0,차대사람 - 횡단중,보행자보호의무위반,건조,맑음,교차로 - 교차로횡단보도내,승용,남,72세,상해없음,보행자,여,37세,경상
2018053000100183,2018년 5월 30일 10시,수요일,부산광역시 강서구 명지동,경상사고,0,0,1,0,차대차 - 측면충돌,차로위반,건조,맑음,단일로 - 기타,화물,남,57세,상해없음,화물,남,50세,경상
2018053000100214,2018년 5월 30일 11시,수요일,부산광역시 남구 문현동,부상신고사고,0,0,0,1,차대차 - 측면충돌,차로위반,건조,맑음,교차로 - 교차로안,승용,여,43세,상해없음,승용,남,77세,부상신고
2018053000100215,2018년 5월 30일 11시,수요일,부산광역시 해운대구 좌동,중상사고,0,1,0,0,차대차 - 추돌,안전운전불이행,건조,맑음,단일로 - 기타,승용,남,47세,상해없음,원동기,남,37세,중상
2018053000100240,2018년 5월 30일 12시,수요일,부산광역시 북구 구포동,부상신고사고,0,0,0,1,차대차 - 기타,안전거리미확보,건조,맑음,단일로 - 기타,이륜,남,55세,부상신고,승용,남,68세,상해없음
2018053000100241,2018년 5월 30일 12시,수요일,부산광역시 금정구 구서동,경상사고,0,0,1,0,차대차 - 측면충돌,안전운전불이행,건조,맑음,교차로 - 교차로부근,승용,남,26세,상해없음,화물,여,55세,경상
2018053000100264,2018년 5월 30일 13시,수요일,부산광역시 부산진구 양정동,경상사고,0,0,1,0,차대차 - 측면충돌,안전운전불이행,건조,맑음,교차로 - 교차로안,승용,남,59세,상해없음,이륜,남,20세,경상
2018053000100297,2018년 5월 30일 14시,수요일,부산광역시 서구 서대신동3가,경상사고,0,0,1,0,차대사람 - 차도통행중,안전운전불이행,건조,맑음,단일로 - 기타,승용,여,34세,상해없음,보행자,남,11세,경상
2018053000100298,2018년 5월 30일 14시,수요일,부산광역시 금정구 부곡동,중상사고,0,1,0,0,차대차 - 추돌,안전거리미확보,건조,맑음,단일로 - 기타,승용,남,28세,상해없음,승용,여,49세,중상
2018053000100347,2018년 5월 30일 15시,수요일,부산광역시 수영구 남천동,경상사고,0,0,2,0,차대차 - 기타,차로위반,건조,맑음,단일로 - 기타,승합,남,34세,상해없음,승용,남,67세,상해없음
2018053000100348,2018년 5월 30일 15시,수요일,부산광역시 사하구 당리동,중상사고,0,1,0,0,차대사람 - 횡단중,보행자보호의무위반,건조,맑음,단일로 - 기타,승용,남,70세,상해없음,보행자,여,61세,중상
2018053000100349,2018년 5월 30일 15시,수요일,부산광역시 강서구 명지동,중상사고,0,1,0,0,차대차 - 측면충돌,중앙선침범,건조,맑음,단일로 - 기타,승용,남,62세,상해없음,이륜,남,32세,중상
2018053000100397,2018년 5월 30일 16시,수요일,부산광역시 서구 동대신동3가,중상사고,0,1,2,0,차대차 - 측면충돌,신호위반,건조,맑음,교차로 - 교차로안,승용,남,61세,상해없음,승용,남,68세,중상
2018053000100435,2018년 5월 30일 17시,수요일,부산광역시 수영구 광안동,중상사고,0,1,0,0,차대사람 - 횡단중,보행자보호의무위반,건조,맑음,단일로 - 기타,이륜,남,17세,상해없음,보행자,여,60세,중상
2018053000100436,2018년 5월 30일 17시,수요일,부산광역시 남구 대연동,경상사고,0,0,1,0,차대차 - 측면충돌,신호위반,건조,맑음,교차로 - 교차로안,승용,남,71세,상해없음,승용,여,48세,경상
2018053000100481,2018년 5월 30일 18시,수요일,부산광역시 부산진구 개금동,경상사고,0,0,1,0,차량단독 - 공작물충돌,안전운전불이행,건조,맑음,단일로 - 기타,이륜,남,22세,경상,,,,
2018053000100519,2018년 5월 30일 19시,수요일,부산광역시 북구 화명동,경상사고,0,0,1,0,차대차 - 기타,안전운전불이행,건조,맑음,단일로 - 기타,승용,남,74세,상해없음,이륜,남,44세,경상
2018053000100581,2018년 5월 30일 21시,수요일,부산광역시 부산진구 연지동,중상사고,0,1,0,0,차량단독 - 기타,안전운전불이행,건조,맑음,단일로 - 기타,승용,남,67세,상해없음,,,,
2018053000100629,2018년 5월 30일 23시,수요일,부산광역시 사하구 신평동,경상사고,0,0,1,0,차대차 - 추돌,안전운전불이행,건조,맑음,교차로 - 교차로부근,승용,남,51세,상해없음,승용,남,59세,경상
2018053100100004,2018년 5월 31일 00시,목요일,부산광역시 남구 문현동,중상사고,0,1,1,0,차대사람 - 횡단중,안전운전불이행,건조,맑음,단일로 - 기타,승용,남,45세,상해없음,보행자,여,67세,중상
2018053100100050,2018년 5월 31일 05시,목요일,부산광역시 부산진구 양정동,중상사고,0,1,0,0,차대차 - 기타,신호위반,건조,맑음,단일로 - 기타,승용,남,61세,상해없음,이륜,남,35세,중상
2018053100100067,2018년 5월 31일 06시,목요일,부산광역시 수영구 광안동,경상사고,0,0,1,0,차대차 - 후진중충돌,안전운전불이행,건조,맑음,단일로 - 기타,승용,남,29세,상해없음,승용,남,47세,상해없음
2018053100100068,2018년 5월 31일 06시,목요일,부산광역시 사상구 감전동,중상사고,0,1,1,2,차대차 - 측면충돌,안전거리미확보,건조,맑음,단일로 - 교량,특수,남,48세,상해없음,승용,남,28세,경상
2018053100100118,2018년 5월 31일 08시,목요일,부산광역시 사상구 괘법동,중상사고,0,1,3,1,차대차 - 측면충돌,안전운전불이행,건조,맑음,교차로 - 교차로안,승용,남,47세,부상신고,승용,여,38세,경상
2018053100100119,2018년 5월 31일 08시,목요일,부산광역시 사상구 감전동,경상사고,0,0,2,0,차대차 - 측면충돌,직진우회전진행방해,건조,맑음,교차로 - 교차로안,승용,남,30세,경상,승용,남,46세,상해없음
2018053100100184,2018년 5월 31일 09시,목요일,부산광역시 중구 중앙동2가,중상사고,0,1,0,0,차대차 - 측면충돌,안전운전불이행,건조,맑음,기타 - 기타,승용,남,58세,상해없음,이륜,남,58세,중상
2018053100100185,2018년 5월 31일 09시,목요일,부산광역시 동구 초량동,경상사고,0,0,1,0,차대사람 - 기타,기타,건조,맑음,단일로 - 기타,승용,남,51세,상해없음,보행자,남,43세,경상
2018053100100186,2018년 5월 31일 09시,목요일,부산광역시 남구 대연동,중상사고,0,1,0,0,차대차 - 측면충돌,안전운전불이행,건조,맑음,교차로 - 교차로안,승용,여,44세,상해없음,승용,여,57세,중상
2018053100100187,2018년 5월 31일 09시,목요일,부산광역시 동래구 명장동,경상사고,0,0,1,0,차대차 - 기타,안전운전불이행,건조,맑음,교차로 - 교차로부근,자전거,남,80세,경상,건설기계,남,78세,상해없음
2018053100100188,2018년 5월 31일 09시,목요일,부산광역시 동래구 명장동,경상사고,0,0,1,0,차대차 - 추돌,안전운전불이행,건조,맑음,단일로 - 기타,승합,남,59세,기타불명,이륜,남,56세,경상
2018053100100189,2018년 5월 31일 09시,목요일,부산광역시 부산진구 개금동,경상사고,0,0,2,0,차대차 - 추돌,안전운전불이행,건조,맑음,교차로 - 교차로안,화물,남,43세,상해없음,승용,여,53세,경상
2018053100100190,2018년 5월 31일 09시,목요일,부산광역시 수영구 망미동,경상사고,0,0,2,0,차대차 - 측면충돌,신호위반,건조,맑음,교차로 - 교차로안,승용,여,28세,상해없음,승용,남,37세,경상
2018053100100191,2018년 5월 31일 09시,목요일,부산광역시 강서구 화전동,중상사고,0,1,0,0,차대차 - 측면충돌,안전운전불이행,건조,맑음,교차로 - 교차로안,건설기계,남,57세,상해없음,화물,남,62세,중상
2018053100100224,2018년 5월 31일 10시,목요일,부산광역시 부산진구 양정동,중상사고,0,1,0,0,차대사람 - 횡단중,신호위반,건조,맑음,단일로 - 기타,승용,여,42세,상해없음,보행자,여,81세,중상
2018053100100249,2018년 5월 31일 11시,목요일,부산광역시 중구 중앙동4가,경상사고,0,0,3,1,차대차 - 측면충돌,교차로운행방법위반,건조,맑음,교차로 - 교차로안,승용,남,61세,부상신고,승용,여,35세,상해없음
2018053100100250,2018년 5월 31일 11시,목요일,부산광역시 해운대구 석대동,경상사고,0,0,1,0,차대차 - 측면충돌,신호위반,건조,맑음,교차로 - 교차로안,화물,남,25세,상해없음,이륜,남,67세,경상
2018053100100283,2018년 5월 31일 12시,목요일,부산광역시 동래구 수안동,중상사고,0,1,0,0,차대차 - 기타,안전운전불이행,건조,맑음,단일로 - 기타,승용,여,40세,상해없음,자전거,여,32세,중상
2018053100100284,2018년 5월 31일 12시,목요일,부산광역시 부산진구 가야동,경상사고,0,0,1,0,차대차 - 기타,안전운전불이행,건조,맑음,교차로 - 교차로부근,승용,남,22세,상해없음,승합,남,55세,상해없음
2018053100100285,2018년 5월 31일 12시,목요일,부산광역시 강서구 송정동,경상사고,0,0,1,0,차대차 - 기타,신호위반,건조,맑음,교차로 - 교차로안,화물,남,65세,상해없음,화물,남,36세,경상
2018053100100314,2018년 5월 31일 13시,목요일,부산광역시 부산진구 부전동,중상사고,0,1,2,0,차대차 - 추돌,안전거리미확보,건조,맑음,교차로 - 교차로부근,승용,여,33세,상해없음,승용,여,42세,중상
2018053100100343,2018년 5월 31일 14시,목요일,부산광역시 동래구 명륜동,경상사고,0,0,1,0,차대차 - 기타,안전거리미확보,건조,맑음,단일로 - 기타,승용,남,70세,상해없음,승용,남,29세,상해없음
2018053100100344,2018년 5월 31일 14시,목요일,부산광역시 동래구 복천동,중상사고,0,1,0,0,차대차 - 측면충돌,교차로운행방법위반,건조,맑음,교차로 - 교차로안,승용,여,19세,상해없음,승용,남,34세,중상
2018053100100384,2018년 5월 31일 15시,목요일,부산광역시 동래구 온천동,경상사고,0,0,3,0,차대차 - 측면충돌,안전운전불이행,건조,맑음,교차로 - 교차로안,승용,남,54세,상해없음,화물,남,59세,경상