사고번호,사고일시,요일,시군구,사고내용,사망자수,중상자수,경상자수,부상신고자수,사고유형,법규위반,노면상태,기상상태,도로형태,가해운전자 차종,가해운전자 성별,가해운전자 연령,가해운전자 상해정도,피해운전자 차종,피해운전자 성별,피해운전자 연령,피해운전자 상해정도
2018060400100206,2018년 6월 4일 10시,월요일,부산광역시 사상구 엄궁동,부상신고사고,0,0,0,1,차대차 - 기타,차로위반,건조,맑음,단일로 - 기타,화물,남,51세,상해없음,승용,여,39세,부상신고
2018060400100232,2018년 6월 4일 11시,월요일,부산광역시 동구 좌천동,경상사고,0,0,2,0,차대차 - 측면충돌,안전거리미확보,건조,맑음,교차로 - 교차로부근,승용,남,78세,경상,승용,여,29세,상해없음
2018060400100233,2018년 6월 4일 11시,월요일,부산광역시 북구 구포동,중상사고,0,1,1,0,차대차 - 후진중충돌,안전운전불이행,건조,맑음,교차로 - 교차로안,승용,남,68세,상해없음,승용,남,48세,중상
2018060400100262,2018년 6월 4일 12시,월요일,부산광역시 부산진구 부전동,경상사고,0,0,2,0,차대차 - 측면충돌,차로위반,건조,맑음,단일로 - 기타,승용,남,73세,상해없음,승용,남,25세,경상
2018060400100299,2018년 6월 4일 13시,월요일,부산광역시 남구 대연동,중상사고,0,2,2,0,차대차 - 측면충돌,신호위반,건조,맑음,교차로 - 교차로안,이륜,남,18세,경상,승용,남,48세,중상
2018060400100300,2018년 6월 4일 13시,월요일,부산광역시 부산진구 부전동,경상사고,0,0,1,0,차대사람 - 횡단중,안전운전불이행,건조,맑음,단일로 - 기타,승용,여,59세,상해없음,보행자,여,20세,경상
2018060400100331,2018년 6월 4일 14시,월요일,부산광역시 수영구 광안동,중상사고,0,1,0,0,차대사람 - 횡단중,신호위반,건조,맑음,기타 - 기타,승합,남,51세,상해없음,보행자,여,47세,중상
2018060400100332,2018년 6월 4일 14시,월요일,부산광역시 부산진구 당감동,중상사고,0,1,0,0,차대차 - 측면충돌,신호위반,건조,맑음,교차로 - 교차로안,승용,남,62세,상해없음,승용,남,41세,중상
2018060400100333,2018년 6월 4일 14시,월요일,부산광역시 강서구 범방동,중상사고,0,1,0,0,차대차 - 기타,신호위반,건조,맑음,교차로 - 교차로안,화물,남,46세,상해없음,이륜,남,53세,중상
2018060400100362,2018년 6월 4일 15시,월요일,부산광역시 동구 수정동,중상사고,0,1,0,0,차대사람 - 기타,보행자보호의무위반,건조,맑음,단일로 - 기타,승용,남,40세,상해없음,보행자,여,49세,중상
2018060400100363,2018년 6월 4일 15시,월요일,부산광역시 해운대구 재송동,중상사고,0,1,0,0,차대사람 - 보도통행중,기타,건조,맑음,단일로 - 기타,승용,여,52세,상해없음,보행자,남,65세,중상
2018060400100364,2018년 6월 4일 15시,월요일,부산광역시 사하구 하단동,중상사고,0,1,0,0,차대차 - 측면충돌,안전운전불이행,건조,맑음,단일로 - 지하차도(도로)내,화물,남,62세,상해없음,자전거,남,71세,중상
2018060400100365,2018년 6월 4일 15시,월요일,부산광역시 수영구 수영동,중상사고,0,1,0,0,차대차 - 측면충돌,중앙선침범,건조,맑음,단일로 - 기타,자전거,남,46세,상해없음,자전거,여,58세,중상
2018060400100396,2018년 6월 4일 16시,월요일,부산광역시 수영구 남천동,중상사고,0,1,0,0,차대차 - 측면충돌,안전운전불이행,건조,맑음,단일로 - 기타,원동기,남,15세,중상,승용,여,45세,상해없음
2018060400100397,2018년 6월 4일 16시,월요일,부산광역시 해운대구 재송동,경상사고,0,0,1,0,차대사람 - 기타,안전운전불이행,건조,맑음,단일로 - 기타,승용,여,43세,상해없음,보행자,남,80세,경상
2018060400100398,2018년 6월 4일 16시,월요일,부산광역시 금정구 부곡동,중상사고,0,1,0,0,차대차 - 측면충돌,안전운전불이행,건조,맑음,교차로 - 교차로안,승용,남,79세,상해없음,이륜,남,71세,중상
2018060400100440,2018년 6월 4일 17시,월요일,부산광역시 수영구 광안동,경상사고,0,0,1,0,차대차 - 기타,안전운전불이행,건조,맑음,단일로 - 기타,승용,남,42세,상해없음,이륜,여,45세,경상
2018060400100441,2018년 6월 4일 17시,월요일,부산광역시 동래구 온천동,중상사고,0,1,0,0,차대차 - 측면충돌,신호위반,건조,맑음,교차로 - 교차로안,승합,남,49세,상해없음,이륜,남,76세,중상
2018060400100442,2018년 6월 4일 17시,월요일,부산광역시 사하구 장림동,경상사고,0,0,1,0,차대차 - 측면충돌,직진우회전진행방해,건조,맑음,교차로 - 교차로안,화물,남,59세,상해없음,승합,남,37세,경상
2018060400100492,2018년 6월 4일 18시,월요일,부산광역시 해운대구 반송동,부상신고사고,0,0,0,1,차대사람 - 보도통행중,기타,건조,맑음,기타 - 기타,이륜,남,75세,상해없음,보행자,여,77세,부상신고
2018060400100534,2018년 6월 4일 19시,월요일,부산광역시 북구 금곡동,중상사고,0,1,0,0,차대사람 - 횡단중,신호위반,건조,맑음,교차로 - 교차로안,승용,여,27세,상해없음,보행자,여,68세,중상
2018060400100561,2018년 6월 4일 20시,월요일,부산광역시 연제구 연산동,중상사고,0,1,0,0,차대사람 - 기타,안전운전불이행,건조,맑음,단일로 - 기타,화물,남,51세,상해없음,보행자,여,67세,중상
2018060400100562,2018년 6월 4일 20시,월요일,부산광역시 기장군 장안읍,경상사고,0,0,1,0,차대차 - 기타,안전운전불이행,건조,맑음,단일로 - 기타,승용,남,49세,상해없음,이륜,남,37세,경상
2018060400100588,2018년 6월 4일 21시,월요일,부산광역시 남구 대연동,경상사고,0,0,1,0,차대차 - 기타,기타,건조,맑음,단일로 - 기타,승용,남,55세,상해없음,이륜,남,27세,경상
2018060400100618,2018년 6월 4일 22시,월요일,부산광역시 사하구 괴정동,중상사고,0,1,0,0,차대차 - 측면충돌,신호위반,건조,맑음,교차로 - 교차로부근,이륜,남,19세,중상,승용,남,51세,상해없음
2018060500100006,2018년 6월 5일 00시,화요일,부산광역시 서구 암남동,경상사고,0,0,1,0,차대차 - 기타,안전운전불이행,젖음/습기,맑음,단일로 - 기타,원동기,남,26세,경상,화물,남,60세,기타불명
2018060500100028,2018년 6월 5일 02시,화요일,부산광역시 부산진구 부암동,경상사고,0,0,1,0,차대차 - 기타,안전운전불이행,건조,맑음,교차로 - 교차로안,승용,남,52세,상해없음,승용,남,63세,기타불명
2018060500100029,2018년 6월 5일 02시,화요일,부산광역시 부산진구 전포동,경상사고,0,0,2,0,차대차 - 기타,안전운전불이행,건조,맑음,단일로 - 기타,승용,남,35세,상해없음,승용,남,63세,경상
2018060500100030,2018년 6월 5일 02시,화요일,부산광역시 연제구 연산동,경상사고,0,0,1,0,차대차 - 측면충돌,교차로운행방법위반,건조,맑음,교차로 - 교차로부근,승용,남,19세,상해없음,승용,남,63세,경상
2018060500100042,2018년 6월 5일 04시,화요일,부산광역시 부산진구 부전동,중상사고,0,1,0,0,차대사람 - 횡단중,안전운전불이행,건조,맑음,단일로 - 기타,원동기,남,23세,상해없음,보행자,남,48세,중상
2018060500100053,2018년 6월 5일 05시,화요일,부산광역시 서구 동대신동2가,경상사고,0,0,1,0,차량단독 - 공작물충돌,안전운전불이행,젖음/습기,맑음,단일로 - 고가도로위,승용,남,56세,상해없음,,,,
2018060500100083,2018년 6월 5일 07시,화요일,부산광역시 서구 동대신동3가,경상사고,0,0,1,0,차대차 - 기타,안전거리미확보,건조,맑음,단일로 - 기타,승용,남,57세,상해없음,승용,남,27세,경상
2018060500100084,2018년 6월 5일 07시,화요일,부산광역시 남구 용호동,경상사고,0,0,1,0,차대차 - 측면충돌,중앙선침범,젖음/습기,비,단일로 - 기타,승용,남,28세,상해없음,승용,여,31세,경상
2018060500100109,2018년 6월 5일 08시,화요일,부산광역시 해운대구 중동,중상사고,0,1,0,0,차대사람 - 기타,보행자보호의무위반,젖음/습기,비,교차로 - 교차로횡단보도내,승용,여,34세,상해없음,보행자,남,65세,중상
2018060500100155,2018년 6월 5일 09시,화요일,부산광역시 동구 초량동,경상사고,0,0,1,0,차대사람 - 차도통행중,안전운전불이행,건조,맑음,교차로 - 교차로부근,승용,남,75세,상해없음,보행자,여,41세,경상
2018060500100156,2018년 6월 5일 09시,화요일,부산광역시 동구 좌천동,경상사고,0,0,1,0,차량단독 - 전도전복 - 전도,안전운전불이행,젖음/습기,흐림,단일로 - 기타,원동기,남,44세,경상,미분류,미분류,미분류,미분류
2018060500100157,2018년 6월 5일 09시,화요일,부산광역시 수영구 광안동,경상사고,0,0,1,0,차대차 - 정면충돌,교차로운행방법위반,젖음/습기,비,단일로 - 기타,승용,여,27세,상해없음,화물,남,39세,경상
2018060500100158,2018년 6월 5일 09시,화요일,부산광역시 동래구 온천동,경상사고,0,0,1,0,차대차 - 기타,안전거리미확보,젖음/습기,비,단일로 - 기타,승용,남,58세,상해없음,승용,남,42세,경상
2018060500100197,2018년 6월 5일 10시,화요일,부산광역시 금정구 구서동,경상사고,0,0,1,0,차대차 - 기타,안전운전불이행,젖음/습기,비,단일로 - 기타,화물,남,69세,상해없음,특수,남,57세,경상
2018060500100222,2018년 6월 5일 11시,화요일,부산광역시 동구 수정동,경상사고,0,0,1,0,차대사람 - 횡단중,보행자보호의무위반,젖음/습기,비,단일로 - 기타,승용,남,66세,상해없음,보행자,여,55세,경상
2018060500100223,2018년 6월 5일 11시,화요일,부산광역시 연제구 연산동,중상사고,0,1,2,0,차대차 - 측면충돌,신호위반,건조,맑음,교차로 - 교차로안,승합,남,70세,상해없음,승용,남,48세,중상
2018060500100250,2018년 6월 5일 12시,화요일,부산광역시 남구 우암동,경상사고,0,0,1,0,차대차 - 추돌,안전운전불이행,건조,맑음,단일로 - 기타,승용,남,58세,상해없음,승용,여,36세,경상
2018060500100251,2018년 6월 5일 12시,화요일,부산광역시 금정구 부곡동,중상사고,0,1,0,1,차대차 - 측면충돌,안전거리미확보,젖음/습기,흐림,단일로 - 기타,화물,남,62세,부상신고,화물,남,70세,중상
2018060500100305,2018년 6월 5일 14시,화요일,부산광역시 동구 초량동,경상사고,0,0,1,0,차대사람 - 보도통행중,안전운전불이행,건조,맑음,기타 - 기타,승용,남,62세,상해없음,보행자,여,44세,경상
2018060500100346,2018년 6월 5일 15시,화요일,부산광역시 연제구 연산동,경상사고,0,0,1,0,차대차 - 측면충돌,직진우회전진행방해,건조,맑음,교차로 - 교차로부근,승용,남,59세,상해없음,승용,남,23세,경상
2018060500100387,2018년 6월 5일 16시,화요일,부산광역시 금정구 남산동,중상사고,0,1,0,0,차대사람 - 기타,안전운전불이행,건조,맑음,교차로 - 교차로안,화물,남,51세,상해없음,보행자,여,79세,중상
2018060500100388,2018년 6월 5일 16시,화요일,부산광역시 연제구 거제동,경상사고,0,0,2,0,차대차 - 측면충돌,직진우회전진행방해,건조,맑음,교차로 - 교차로부근,승용,남,41세,경상,화물,남,37세,경상
2018060500100389,2018년 6월 5일 16시,화요일,부산광역시 강서구 명지동,경상사고,0,0,1,0,차대사람 - 보도통행중,기타,건조,맑음,단일로 - 기타,화물,여,36세,상해없음,보행자,여,12세,경상
2018060500100390,2018년 6월 5일 16시,화요일,부산광역시 사상구 학장동,경상사고,0,0,1,0,차대차 - 측면충돌,차로위반,건조,맑음,단일로 - 지하차도(도로)내,승용,여,61세,상해없음,승용,남,52세,경상
2018060500100430,2018년 6월 5일 17시,화요일,부산광역시 영도구 청학동,경상사고,0,0,1,0,차대차 - 정면충돌,신호위반,건조,맑음,교차로 - 교차로안,승용,남,50세,상해없음,승용,여,55세,경상
2018060500100487,2018년 6월 5일 18시,화요일,부산광역시 중구 중앙동1가,중상사고,0,1,1,0,차대차 - 측면충돌,차로위반,건조,맑음,단일로 - 기타,승용,여,63세,경상,승용,여,35세,중상
2018060500100488,2018년 6월 5일 18시,화요일,부산광역시 남구 대연동,중상사고,0,1,0,0,차대차 - 측면충돌,안전운전불이행,건조,맑음,교차로 - 교차로안,자전거,남,14세,중상,승용,남,29세,상해없음
2018060500100489,2018년 6월 5일 18시,화요일,부산광역시 북구 덕천동,부상신고사고,0,0,0,1,차대차 - 기타,안전운전불이행,건조,맑음,단일로 - 기타,이륜,남,19세,부상신고,승용,남,25세,상해없음
2018060500100490,2018년 6월 5일 18시,화요일,부산광역시 동래구 온천동,중상사고,0,1,0,0,차대사람 - 기타,안전운전불이행,건조,맑음,단일로 - 기타,승합,남,49세,상해없음,보행자,여,39세,중상
2018060500100564,2018년 6월 5일 20시,화요일,부산광역시 북구 화명동,중상사고,0,1,0,0,차대사람 - 기타,안전운전불이행,건조,맑음,교차로 - 교차로부근,승용,여,52세,상해없음,보행자,여,50세,중상
2018060500100565,2018년 6월 5일 20시,화요일,부산광역시 북구 금곡동,경상사고,0,0,1,0,차대차 - 기타,안전운전불이행,건조,맑음,교차로 - 교차로부근,승용,여,60세,상해없음,승용,남,44세,경상
2018060500100566,2018년 6월 5일 20시,화요일,부산광역시 동래구 안락동,경상사고,0,0,1,0,차대차 - 추돌,안전운전불이행,건조,맑음,교차로 - 교차로부근,화물,남,61세,상해없음,승용,남,50세,경상
2018060500100601,2018년 6월 5일 21시,화요일,부산광역시 사하구 장림동,중상사고,0,1,0,0,차대사람 - 횡단중,안전운전불이행,건조,맑음,단일로 - 기타,화물,남,29세,상해없음,보행자,남,64세,중상
2018060500100631,2018년 6월 5일 22시,화요일,부산광역시 서구 서대신동2가,경상사고,0,0,1,0,차대사람 - 횡단중,안전운전불이행,건조,맑음,단일로 - 기타,승용,남,80세,상해없음,보행자,남,51세,경상
2018060500100632,2018년 6월 5일 22시,화요일,부산광역시 연제구 연산동,경상사고,0,0,1,0,차대차 - 추돌,중앙선침범,건조,맑음,단일로 - 기타,기타불명,기타불명,미분류,기타불명,원동기,남,28세,경상
2018060500100633,2018년 6월 5일 22시,화요일,부산광역시 수영구 수영동,중상사고,0,1,0,0,차대사람 - 차도통행중,안전운전불이행,건조,맑음,단일로 - 기타,승용,남,41세,상해없음,보행자,남,29세,중상
2018060500100660,2018년 6월 5일 23시,화요일,부산광역시 해운대구 재송동,경상사고,0,0,1,0,차대차 - 정면충돌,안전운전불이행,건조,맑음,교차로 - 교차로안,승용,여,31세,상해없음,승용,남,69세,경상
2018060600100010,2018년 6월 6일 00시,수요일,부산광역시 중구 남포동4가,중상사고,0,1,0,0,차대사람 - 횡단중,안전운전불이행,건조,맑음,기타 - 기타,승용,남,57세,상해없음,보행자,남,28세,중상
2018060600100027,2018년 6월 6일 01시,수요일,부산광역시 동래구 명륜동,경상사고,0,0,1,0,차대차 - 기타,안전운전불이행,건조,맑음,교차로 - 교차로안,자전거,남,49세,경상,승용,여,38세,상해없음
2018060600100057,2018년 6월 6일 03시,수요일,부산광역시 부산진구 부전동,경상사고,0,0,1,0,차대차 - 측면충돌,신호위반,건조,맑음,교차로 - 교차로안,승용,남,61세,상해없음,승용,남,37세,경상
2018060600100070,2018년 6월 6일 04시,수요일,부산광역시 사하구 괴정동,중상사고,0,1,0,0,차대사람 - 기타,안전운전불이행,건조,맑음,기타 - 기타,승용,남,68세,상해없음,보행자,남,21세,중상
2018060600100087,2018년 6월 6일 05시,수요일,부산광역시 사상구 괘법동,중상사고,0,2,1,2,차대사람 - 기타,교차로운행방법위반,건조,맑음,교차로 - 교차로부근,승용,남,24세,경상,보행자,남,26세,부상신고
2018060600100098,2018년 6월 6일 06시,수요일,부산광역시 사하구 신평동,경상사고,0,0,1,0,차대차 - 측면충돌,안전운전불이행,건조,맑음,기타 - 기타,승용,남,45세,경상,화물,남,48세,상해없음
2018060600100143,2018년 6월 6일 09시,수요일,부산광역시 부산진구 당감동,경상사고,0,0,1,0,차대차 - 기타,신호위반,건조,맑음,교차로 - 교차로안,화물,남,54세,상해없음,승용,남,36세,경상
2018060600100187,2018년 6월 6일 11시,수요일,부산광역시 금정구 구서동,경상사고,0,0,3,0,차대차 - 추돌,안전거리미확보,건조,맑음,단일로 - 기타,승용,남,32세,상해없음,승용,남,63세,경상
2018060600100220,2018년 6월 6일 12시,수요일,부산광역시 중구 부평동3가,경상사고,0,0,1,0,차대사람 - 횡단중,신호위반,건조,맑음,단일로 - 기타,이륜,여,21세,상해없음,보행자,남,64세,경상
2018060600100221,2018년 6월 6일 12시,수요일,부산광역시 북구 덕천동,중상사고,0,1,0,0,차대사람 - 횡단중,안전운전불이행,건조,맑음,단일로 - 기타,화물,남,59세,상해없음,보행자,여,73세,중상
2018060600100222,2018년 6월 6일 12시,수요일,부산광역시 부산진구 전포동,경상사고,0,0,1,0,차대차 - 측면충돌,안전운전불이행,건조,맑음,교차로 - 교차로안,화물,남,45세,상해없음,승용,여,32세,경상
2018060600100257,2018년 6월 6일 13시,수요일,부산광역시 남구 대연동,경상사고,0,0,2,0,차대차 - 추돌,안전거리미확보,건조,맑음,단일로 - 기타,승용,남,54세,상해없음,화물,남,60세,상해없음
2018060600100338,2018년 6월 6일 15시,수요일,부산광역시 동래구 온천동,중상사고,0,1,0,0,차대차 - 기타,중앙선침범,건조,맑음,단일로 - 기타,승용,남,63세,상해없음,승용,남,38세,중상
2018060600100374,2018년 6월 6일 16시,수요일,부산광역시 서구 부용동2가,경상사고,0,0,1,0,차대차 - 기타,교차로운행방법위반,건조,맑음,교차로 - 교차로부근,승용,남,64세,상해없음,승용,남,57세,상해없음
2018060600100375,2018년 6월 6일 16시,수요일,부산광역시 동래구 낙민동,경상사고,0,0,1,0,차대차 - 기타,안전거리미확보,건조,맑음,단일로 - 기타,승용,남,19세,상해없음,승용,남,54세,경상
2018060600100376,2018년 6월 6일 16시,수요일,부산광역시 동래구 명륜동,경상사고,0,0,1,0,차대차 - 측면충돌,안전운전불이행,건조,맑음,단일로 - 기타,이륜,남,61세,상해없음,승용,여,42세,경상
2018060600100377,2018년 6월 6일 16시,수요일,부산광역시 기장군 일광면,경상사고,0,0,2,0,차대차 - 측면충돌,중앙선침범,건조,맑음,단일로 - 고가도로위,승용,남,35세,상해없음,승용,여,39세,경상
2018060600100407,2018년 6월 6일 17시,수요일,부산광역시 사하구 장림동,중상사고,0,1,0,0,차대사람 - 기타,안전운전불이행,건조,맑음,교차로 - 교차로부근,화물,남,31세,기타불명,보행자,여,11세,중상
2018060600100408,2018년 6월 6일 17시,수요일,부산광역시 연제구 연산동,부상신고사고,0,0,0,1,차대차 - 측면충돌,직진우회전진행방해,건조,맑음,교차로 - 교차로안,이륜,남,22세,상해없음,이륜,남,24세,부상신고
2018060600100443,2018년 6월 6일 18시,수요일,부산광역시 중구 부평동3가,경상사고,0,0,1,0,차대사람 - 기타,안전운전불이행,건조,맑음,단일로 - 기타,승용,남,31세,상해없음,보행자,여,44세,경상
2018060600100444,2018년 6월 6일 18시,수요일,부산광역시 남구 대연동,경상사고,0,0,1,0,차대사람 - 기타,안전운전불이행,건조,맑음,단일로 - 기타,승용,남,30세,상해없음,보행자,남,50세,경상
2018060600100445,2018년 6월 6일 18시,수요일,부산광역시 동래구 온천동,중상사고,0,1,0,0,차대사람 - 차도통행중,안전운전불이행,건조,맑음,단일로 - 기타,승용,여,62세,상해없음,보행자,남,28세,중상
2018060600100474,2018년 6월 6일 19시,수요일,부산광역시 동래구 안락동,경상사고,0,0,1,0,차대차 - 측면충돌,안전운전불이행,건조,맑음,단일로 - 기타,원동기,남,35세,경상,승용,남,35세,상해없음
2018060600100475,2018년 6월 6일 19시,수요일,부산광역시 해운대구 우동,경상사고,0,0,1,0,차대사람 - 보도통행중,보행자보호의무위반,건조,맑음,기타 - 기타,기타불명,기타불명,미분류,기타불명,보행자,남,3세,경상
2018060600100476,2018년 6월 6일 19시,수요일,부산광역시 부산진구 부암동,부상신고사고,0,0,0,1,차대차 - 측면충돌,안전운전불이행,건조,맑음,단일로 - 기타,이륜,남,35세,부상신고,승용,남,43세,상해없음
2018060600100477,2018년 6월 6일 19시,수요일,부산광역시 사하구 괴정동,경상사고,0,0,1,0,차대사람 - 차도통행중,신호위반,건조,맑음,교차로 - 교차로부근,승용,여,49세,상해없음,보행자,여,39세,경상
2018060600100523,2018년 6월 6일 21시,수요일,부산광역시 남구 용호동,중상사고,0,1,0,0,차대차 - 기타,안전거리미확보,건조,맑음,단일로 - 기타,승용,남,56세,상해없음,이륜,남,36세,중상
2018060600100524,2018년 6월 6일 21시,수요일,부산광역시 해운대구 반여동,경상사고,0,0,1,0,차대차 - 측면충돌,교차로운행방법위반,건조,맑음,교차로 - 교차로안,승합,남,30세,상해없음,승용,남,35세,상해없음
2018060700100046,2018년 6월 7일 06시,목요일,부산광역시 강서구 대저2동,경상사고,0,0,1,1,차대차 - 측면충돌,차로위반,건조,맑음,단일로 - 기타,승용,여,63세,부상신고,승용,남,50세,상해없음
2018060700100047,2018년 6월 7일 06시,목요일,부산광역시 사상구 감전동,중상사고,0,1,1,1,차대차 - 추돌,차로위반,건조,맑음,단일로 - 기타,승용,남,66세,부상신고,승용,남,50세,경상
2018060700100065,2018년 6월 7일 07시,목요일,부산광역시 수영구 민락동,경상사고,0,0,1,0,차대차 - 기타,차로위반,건조,맑음,단일로 - 기타,승용,남,45세,상해없음,이륜,남,24세,경상
2018060700100085,2018년 6월 7일 08시,목요일,부산광역시 남구 용호동,중상사고,0,1,0,0,차대사람 - 횡단중,안전운전불이행,건조,맑음,교차로 - 교차로안,승용,남,63세,상해없음,보행자,여,36세,중상
2018060700100086,2018년 6월 7일 08시,목요일,부산광역시 북구 화명동,경상사고,0,0,1,0,차대차 - 기타,안전거리미확보,건조,맑음,단일로 - 기타,화물,남,72세,상해없음,승용,여,35세,경상
2018060700100087,2018년 6월 7일 08시,목요일,부산광역시 해운대구 반여동,경상사고,0,0,2,0,차대차 - 측면충돌,교차로운행방법위반,건조,맑음,교차로 - 교차로안,특수,남,59세,경상,승용,여,58세,경상
2018060700100088,2018년 6월 7일 08시,목요일,부산광역시 사하구 신평동,경상사고,0,0,2,0,차량단독 - 기타,안전운전불이행,건조,맑음,단일로 - 기타,승용,남,61세,상해없음,,,,
2018060700100171,2018년 6월 7일 10시,목요일,부산광역시 금정구 구서동,중상사고,0,1,0,0,차대사람 - 횡단중,신호위반,건조,맑음,교차로 - 교차로안,승용,여,61세,상해없음,보행자,여,62세,중상
2018060700100172,2018년 6월 7일 10시,목요일,부산광역시 강서구 신호동,경상사고,0,0,1,0,차대차 - 측면충돌,안전운전불이행,건조,맑음,교차로 - 교차로안,승용,여,33세,상해없음,승용,남,34세,경상
2018060700100201,2018년 6월 7일 11시,목요일,부산광역시 동래구 사직동,경상사고,0,0,1,0,차대차 - 측면충돌,안전운전불이행,건조,맑음,단일로 - 기타,승용,남,33세,상해없음,승용,남,55세,경상
2018060700100230,2018년 6월 7일 12시,목요일,부산광역시 해운대구 재송동,경상사고,0,0,1,0,차대차 - 추돌,안전거리미확보,건조,맑음,단일로 - 기타,승용,여,40세,상해없음,승용,여,58세,경상
2018060700100261,2018년 6월 7일 13시,목요일,부산광역시 남구 용호동,경상사고,0,0,1,0,차대차 - 측면충돌,교차로운행방법위반,건조,맑음,교차로 - 교차로안,승용,여,42세,상해없음,승용,남,74세,경상
2018060700100293,2018년 6월 7일 14시,목요일,부산광역시 금정구 남산동,경상사고,0,0,1,1,차대차 - 측면충돌,안전운전불이행,건조,맑음,단일로 - 기타,건설기계,남,61세,상해없음,승용,여,33세,부상신고
2018060700100294,2018년 6월 7일 14시,목요일,부산광역시 사상구 주례동,경상사고,0,0,1,0,차대차 - 측면충돌,안전운전불이행,건조,맑음,교차로 - 교차로안,화물,남,53세,상해없음,이륜,남,25세,경상
2018060700100321,2018년 6월 7일 15시,목요일,부산광역시 중구 부평동2가,경상사고,0,0,1,0,차대사람 - 차도통행중,안전운전불이행,건조,맑음,단일로 - 기타,승용,여,48세,상해없음,보행자,남,54세,경상
2018060700100322,2018년 6월 7일 15시,목요일,부산광역시 동구 범일동,중상사고,0,1,0,0,차대사람 - 보도통행중,보행자보호의무위반,건조,맑음,단일로 - 기타,승용,여,53세,상해없음,보행자,여,8세,중상
2018060700100323,2018년 6월 7일 15시,목요일,부산광역시 남구 대연동,경상사고,0,0,1,0,차대차 - 측면충돌,안전거리미확보,건조,맑음,단일로 - 기타,화물,남,54세,상해없음,승용,남,25세,경상
2018060700100390,2018년 6월 7일 17시,목요일,부산광역시 동구 초량동,중상사고,0,1,0,0,차대차 - 기타,안전운전불이행,건조,맑음,교차로 - 교차로부근,승용,여,58세,상해없음,승합,여,52세,상해없음
2018060700100391,2018년 6월 7일 17시,목요일,부산광역시 동구 수정동,중상사고,0,1,0,0,차량단독 - 기타,안전운전불이행,건조,맑음,단일로 - 기타,승합,남,45세,상해없음,,,,
2018060700100431,2018년 6월 7일 18시,목요일,부산광역시 서구 서대신동2가,경상사고,0,0,1,0,차대차 - 추돌,안전거리미확보,건조,맑음,교차로 - 교차로안,승용,남,50세,상해없음,승용,여,48세,경상
2018060700100432,2018년 6월 7일 18시,목요일,부산광역시 부산진구 가야동,경상사고,0,0,2,0,차대차 - 측면충돌,신호위반,건조,맑음,교차로 - 교차로안,승용,남,36세,경상,원동기,남,23세,경상
2018060700100478,2018년 6월 7일 19시,목요일,부산광역시 부산진구 당감동,경상사고,0,0,1,0,차대사람 - 횡단중,보행자보호의무위반,건조,맑음,단일로 - 기타,승용,여,43세,상해없음,보행자,여,11세,경상
2018060700100539,2018년 6월 7일 21시,목요일,부산광역시 중구 부평동2가,경상사고,0,0,1,0,차대차 - 측면충돌,안전운전불이행,건조,맑음,교차로 - 교차로안,승용,남,44세,상해없음,이륜,남,62세,경상
2018060700100540,2018년 6월 7일 21시,목요일,부산광역시 기장군 기장읍,경상사고,0,0,1,0,차대사람 - 기타,안전운전불이행,건조,맑음,단일로 - 기타,승용,남,27세,상해없음,보행자,남,35세,경상
2018060700100568,2018년 6월 7일 22시,목요일,부산광역시 남구 문현동,부상신고사고,0,0,0,1,차량단독 - 기타,안전운전불이행,건조,맑음,교차로 - 교차로부근,자전거,남,18세,부상신고,,,,
2018060700100592,2018년 6월 7일 23시,목요일,부산광역시 해운대구 중동,사망사고,1,0,0,0,차대사람 - 기타,안전운전불이행,기타,맑음,단일로 - 기타,화물,남,66세,상해없음,보행자,남,68세,사망
2018060800100007,2018년 6월 8일 00시,금요일,부산광역시 서구 부용동2가,경상사고,0,0,1,0,차대차 - 정면충돌,중앙선침범,건조,맑음,교차로 - 교차로안,승용,남,64세,상해없음,원동기,남,48세,경상
2018060800100017,2018년 6월 8일 01시,금요일,부산광역시 사하구 감천동,중상사고,0,1,0,0,차대차 - 기타,신호위반,건조,맑음,교차로 - 교차로안,이륜,남,40세,중상,승용,남,67세,상해없음
2018060800100018,2018년 6월 8일 01시,금요일,부산광역시 사상구 감전동,경상사고,0,0,1,0,차대사람 - 횡단중,안전운전불이행,건조,맑음,기타 - 기타,승용,남,59세,상해없음,보행자,남,40세,경상
2018060800100055,2018년 6월 8일 05시,금요일,부산광역시 북구 덕천동,중상사고,0,1,0,0,차대차 - 측면충돌,안전운전불이행,건조,맑음,교차로 - 교차로안,승용,남,29세,상해없음,원동기,남,19세,중상
2018060800100056,2018년 6월 8일 05시,금요일,부산광역시 수영구 망미동,경상사고,0,0,2,0,차대차 - 추돌,안전운전불이행,건조,맑음,단일로 - 기타,화물,남,65세,상해없음,승용,남,39세,경상
2018060800100057,2018년 6월 8일 05시,금요일,부산광역시 사상구 주례동,경상사고,0,0,1,0,차대차 - 측면충돌,차로위반,건조,맑음,단일로 - 기타,승용,여,22세,기타불명,승용,남,53세,경상
2018060800100074,2018년 6월 8일 06시,금요일,부산광역시 수영구 광안동,부상신고사고,0,0,0,1,차량단독 - 공작물충돌,안전운전불이행,건조,맑음,단일로 - 기타,이륜,남,25세,부상신고,,,,
2018060800100155,2018년 6월 8일 09시,금요일,부산광역시 동구 초량동,중상사고,0,1,0,0,차대차 - 기타,중앙선침범,건조,맑음,단일로 - 기타,화물,남,23세,상해없음,승용,남,67세,중상