사고번호,사고일시,요일,시군구,사고내용,사망자수,중상자수,경상자수,부상신고자수,사고유형,법규위반,노면상태,기상상태,도로형태,가해운전자 차종,가해운전자 성별,가해운전자 연령,가해운전자 상해정도,피해운전자 차종,피해운전자 성별,피해운전자 연령,피해운전자 상해정도
2018061500100425,2018년 6월 15일 17시,금요일,부산광역시 사상구 괘법동,경상사고,0,0,1,0,차대차 - 정면충돌,신호위반,건조,맑음,단일로 - 기타,이륜,남,73세,상해없음,승용,여,41세,경상
2018061500100473,2018년 6월 15일 18시,금요일,부산광역시 금정구 장전동,경상사고,0,0,1,0,차대사람 - 횡단중,보행자보호의무위반,건조,맑음,단일로 - 기타,승용,남,54세,상해없음,보행자,남,5세,경상
2018061500100474,2018년 6월 15일 18시,금요일,부산광역시 연제구 거제동,경상사고,0,0,1,0,차대사람 - 길가장자리구역통행중,안전운전불이행,건조,맑음,단일로 - 기타,승용,남,40세,상해없음,보행자,남,52세,경상
2018061500100521,2018년 6월 15일 19시,금요일,부산광역시 중구 광복동1가,경상사고,0,0,1,0,차대차 - 기타,차로위반,건조,맑음,단일로 - 기타,승용,여,45세,상해없음,승용,남,33세,경상
2018061500100522,2018년 6월 15일 19시,금요일,부산광역시 서구 동대신동3가,경상사고,0,0,1,0,차대차 - 후진중충돌,안전운전불이행,건조,맑음,단일로 - 기타,승용,남,21세,상해없음,이륜,남,70세,상해없음
2018061500100551,2018년 6월 15일 20시,금요일,부산광역시 해운대구 송정동,중상사고,0,1,0,0,차대차 - 측면충돌,기타,건조,맑음,교차로 - 교차로안,이륜,남,36세,중상,화물,남,65세,상해없음
2018061500100552,2018년 6월 15일 20시,금요일,부산광역시 해운대구 반여동,경상사고,0,0,1,0,차대차 - 측면충돌,안전거리미확보,건조,맑음,교차로 - 교차로부근,승용,여,55세,상해없음,승용,남,33세,경상
2018061500100553,2018년 6월 15일 20시,금요일,부산광역시 부산진구 부전동,중상사고,0,1,0,0,차대차 - 측면충돌,교차로운행방법위반,건조,맑음,단일로 - 기타,이륜,남,43세,기타불명,이륜,남,38세,중상
2018061500100554,2018년 6월 15일 20시,금요일,부산광역시 금정구 구서동,중상사고,0,1,1,0,차대차 - 추돌,안전운전불이행,건조,맑음,단일로 - 기타,승용,남,38세,상해없음,승용,여,46세,중상
2018061500100555,2018년 6월 15일 20시,금요일,부산광역시 사상구 엄궁동,부상신고사고,0,0,0,1,차대차 - 측면충돌,교차로운행방법위반,건조,맑음,교차로 - 교차로안,화물,남,53세,상해없음,승용,남,63세,부상신고
2018061500100556,2018년 6월 15일 20시,금요일,부산광역시 기장군 기장읍,중상사고,0,1,3,0,차대차 - 추돌,안전거리미확보,건조,맑음,단일로 - 기타,화물,남,35세,상해없음,승용,여,44세,경상
2018061500100591,2018년 6월 15일 21시,금요일,부산광역시 영도구 동삼동,경상사고,0,0,1,0,차대차 - 측면충돌,안전거리미확보,건조,맑음,단일로 - 기타,승용,남,66세,상해없음,이륜,남,20세,경상
2018061500100592,2018년 6월 15일 21시,금요일,부산광역시 영도구 영선동1가,경상사고,0,0,1,0,차대차 - 후진중충돌,불법유턴,건조,맑음,교차로 - 교차로안,승용,남,66세,상해없음,이륜,남,52세,경상
2018061500100629,2018년 6월 15일 22시,금요일,부산광역시 부산진구 개금동,경상사고,0,0,1,0,차대차 - 측면충돌,안전거리미확보,건조,맑음,단일로 - 기타,승용,남,61세,상해없음,이륜,남,49세,경상
2018061500100630,2018년 6월 15일 22시,금요일,부산광역시 강서구 지사동,중상사고,0,1,0,0,차대사람 - 차도통행중,안전운전불이행,건조,맑음,단일로 - 기타,승용,남,56세,상해없음,보행자,남,45세,중상
2018061500100668,2018년 6월 15일 23시,금요일,부산광역시 북구 구포동,중상사고,0,1,0,0,차대사람 - 횡단중,안전운전불이행,건조,맑음,단일로 - 기타,원동기,남,22세,상해없음,보행자,남,53세,중상
2018061600100003,2018년 6월 16일 00시,토요일,부산광역시 사하구 신평동,경상사고,0,0,2,0,차대차 - 기타,안전운전불이행,건조,맑음,교차로 - 교차로부근,승용,여,27세,상해없음,승용,남,24세,경상
2018061600100038,2018년 6월 16일 02시,토요일,부산광역시 동구 수정동,부상신고사고,0,0,0,1,차량단독 - 전도전복 - 전도,안전운전불이행,건조,맑음,단일로 - 기타,원동기,남,17세,부상신고,미분류,미분류,미분류,미분류
2018061600100039,2018년 6월 16일 02시,토요일,부산광역시 사하구 감천동,중상사고,0,1,0,0,차량단독 - 공작물충돌,안전운전불이행,건조,맑음,단일로 - 기타,이륜,남,17세,중상,,,,
2018061600100058,2018년 6월 16일 04시,토요일,부산광역시 해운대구 우동,경상사고,0,0,1,0,차대차 - 기타,교차로운행방법위반,기타,맑음,교차로 - 교차로안,승용,남,29세,상해없음,승용,여,23세,경상
2018061600100069,2018년 6월 16일 05시,토요일,부산광역시 금정구 회동동,부상신고사고,0,0,0,1,차대차 - 추돌,안전운전불이행,건조,맑음,단일로 - 교량,화물,남,48세,부상신고,건설기계,남,50세,기타불명
2018061600100096,2018년 6월 16일 07시,토요일,부산광역시 부산진구 가야동,경상사고,0,0,1,0,차대차 - 후진중충돌,안전운전불이행,건조,맑음,단일로 - 기타,승용,남,68세,상해없음,이륜,남,43세,경상
2018061600100111,2018년 6월 16일 08시,토요일,부산광역시 동래구 안락동,경상사고,0,0,1,0,차대차 - 측면충돌,안전운전불이행,건조,맑음,단일로 - 기타,화물,남,53세,상해없음,승용,여,24세,경상
2018061600100171,2018년 6월 16일 11시,토요일,부산광역시 서구 동대신동2가,중상사고,0,1,0,0,차대차 - 추돌,안전거리미확보,건조,맑음,교차로 - 교차로부근,승용,남,62세,상해없음,승용,여,29세,중상
2018061600100172,2018년 6월 16일 11시,토요일,부산광역시 사상구 엄궁동,경상사고,0,0,1,0,차대차 - 측면충돌,교차로운행방법위반,건조,맑음,교차로 - 교차로부근,승용,남,61세,상해없음,특수,남,40세,경상
2018061600100208,2018년 6월 16일 12시,토요일,부산광역시 금정구 장전동,중상사고,0,1,0,0,차대차 - 기타,기타,건조,맑음,교차로 - 교차로안,승용,남,57세,상해없음,이륜,남,56세,중상
2018061600100240,2018년 6월 16일 13시,토요일,부산광역시 수영구 남천동,경상사고,0,0,1,0,차대차 - 기타,안전거리미확보,건조,맑음,단일로 - 기타,승용,남,66세,상해없음,승용,남,45세,경상
2018061600100241,2018년 6월 16일 13시,토요일,부산광역시 북구 만덕동,중상사고,0,1,0,0,차대차 - 기타,안전운전불이행,건조,맑음,교차로 - 교차로안,승용,남,42세,상해없음,이륜,남,24세,중상
2018061600100242,2018년 6월 16일 13시,토요일,부산광역시 사상구 덕포동,경상사고,0,0,1,0,차대사람 - 길가장자리구역통행중,안전운전불이행,건조,맑음,기타 - 기타,승용,남,33세,상해없음,보행자,여,71세,경상
2018061600100243,2018년 6월 16일 13시,토요일,부산광역시 기장군 일광면,경상사고,0,0,1,0,차대사람 - 기타,안전운전불이행,건조,맑음,단일로 - 기타,승용,남,36세,상해없음,보행자,남,6세,경상
2018061600100244,2018년 6월 16일 13시,토요일,부산광역시 기장군 기장읍,경상사고,0,0,2,0,차대차 - 측면충돌,중앙선침범,건조,맑음,교차로 - 교차로부근,승용,여,49세,경상,승용,남,31세,경상
2018061600100279,2018년 6월 16일 14시,토요일,부산광역시 서구 토성동3가,부상신고사고,0,0,0,1,차대차 - 측면충돌,안전운전불이행,건조,맑음,교차로 - 교차로안,원동기,남,40세,부상신고,승용,남,45세,상해없음
2018061600100280,2018년 6월 16일 14시,토요일,부산광역시 사상구 괘법동,경상사고,0,0,1,0,차대사람 - 기타,안전운전불이행,건조,맑음,단일로 - 기타,자전거,남,45세,상해없음,보행자,여,62세,경상
2018061600100281,2018년 6월 16일 14시,토요일,부산광역시 사상구 주례동,경상사고,0,0,1,0,차대사람 - 횡단중,안전운전불이행,건조,맑음,단일로 - 지하차도(도로)내,기타불명,기타불명,미분류,기타불명,보행자,여,44세,경상
2018061600100356,2018년 6월 16일 16시,토요일,부산광역시 동구 초량동,경상사고,0,0,1,0,차대차 - 측면충돌,교차로운행방법위반,건조,맑음,교차로 - 교차로안,승용,남,36세,상해없음,이륜,남,51세,경상
2018061600100357,2018년 6월 16일 16시,토요일,부산광역시 동래구 안락동,경상사고,0,0,1,0,차대차 - 측면충돌,안전운전불이행,건조,맑음,단일로 - 기타,자전거,남,18세,경상,승용,남,58세,상해없음
2018061600100358,2018년 6월 16일 16시,토요일,부산광역시 연제구 거제동,중상사고,0,1,0,0,차대차 - 측면충돌,신호위반,건조,맑음,교차로 - 교차로안,승용,여,40세,상해없음,이륜,남,81세,중상
2018061600100403,2018년 6월 16일 17시,토요일,부산광역시 동래구 명장동,경상사고,0,0,6,1,차대차 - 측면충돌,안전운전불이행,건조,맑음,단일로 - 기타,승용,남,45세,부상신고,승용,남,37세,경상
2018061600100404,2018년 6월 16일 17시,토요일,부산광역시 기장군 장안읍,경상사고,0,0,1,0,차대차 - 측면충돌,안전운전불이행,건조,맑음,단일로 - 기타,승용,남,32세,상해없음,승용,남,61세,상해없음
2018061600100444,2018년 6월 16일 18시,토요일,부산광역시 해운대구 우동,경상사고,0,0,1,0,차대차 - 기타,차로위반,기타,맑음,단일로 - 기타,화물,남,51세,상해없음,승용,여,58세,경상
2018061600100445,2018년 6월 16일 18시,토요일,부산광역시 사상구 덕포동,경상사고,0,0,1,0,차대사람 - 횡단중,안전운전불이행,건조,맑음,단일로 - 기타,화물,남,59세,상해없음,보행자,여,50세,경상
2018061600100487,2018년 6월 16일 19시,토요일,부산광역시 서구 동대신동2가,경상사고,0,0,1,0,차대차 - 추돌,안전거리미확보,건조,맑음,단일로 - 기타,승용,남,25세,상해없음,승용,남,47세,경상
2018061600100488,2018년 6월 16일 19시,토요일,부산광역시 금정구 구서동,경상사고,0,0,1,0,차대차 - 기타,기타,건조,맑음,단일로 - 기타,승용,남,70세,상해없음,이륜,남,27세,경상
2018061600100517,2018년 6월 16일 20시,토요일,부산광역시 동구 좌천동,경상사고,0,0,1,0,차대차 - 기타,안전운전불이행,건조,맑음,단일로 - 기타,승합,남,66세,상해없음,승용,남,68세,경상
2018061600100518,2018년 6월 16일 20시,토요일,부산광역시 연제구 연산동,경상사고,0,0,1,0,차대차 - 측면충돌,안전운전불이행,건조,맑음,교차로 - 교차로부근,이륜,남,55세,상해없음,이륜,남,21세,경상
2018061600100551,2018년 6월 16일 21시,토요일,부산광역시 동래구 명륜동,경상사고,0,0,1,0,차량단독 - 기타,기타,건조,맑음,단일로 - 기타,승합,남,41세,상해없음,,,,
2018061600100552,2018년 6월 16일 21시,토요일,부산광역시 부산진구 전포동,경상사고,0,0,2,0,차대차 - 추돌,안전운전불이행,건조,맑음,단일로 - 기타,이륜,남,24세,상해없음,승용,남,69세,경상
2018061600100553,2018년 6월 16일 21시,토요일,부산광역시 금정구 서동,중상사고,0,1,0,0,차대사람 - 보도통행중,보행자보호의무위반,건조,맑음,단일로 - 기타,승용,남,33세,상해없음,보행자,남,31세,중상
2018061600100554,2018년 6월 16일 21시,토요일,부산광역시 금정구 구서동,중상사고,0,1,0,0,차대차 - 측면충돌,기타,건조,맑음,단일로 - 기타,승용,남,61세,상해없음,이륜,남,30세,중상
2018061600100578,2018년 6월 16일 22시,토요일,부산광역시 동구 수정동,경상사고,0,0,1,0,차대사람 - 기타,안전운전불이행,건조,맑음,교차로 - 교차로부근,이륜,남,19세,상해없음,보행자,여,60세,경상
2018061600100579,2018년 6월 16일 22시,토요일,부산광역시 서구 서대신동3가,경상사고,0,0,1,0,차대사람 - 횡단중,안전운전불이행,건조,맑음,단일로 - 기타,승용,남,22세,상해없음,보행자,남,60세,경상
2018061600100580,2018년 6월 16일 22시,토요일,부산광역시 북구 구포동,부상신고사고,0,0,0,1,차대차 - 측면충돌,안전거리미확보,건조,맑음,단일로 - 지하차도(도로)내,자전거,남,56세,부상신고,승용,남,68세,상해없음
2018061600100581,2018년 6월 16일 22시,토요일,부산광역시 사하구 신평동,중상사고,0,1,0,0,차대차 - 측면충돌,안전운전불이행,건조,맑음,교차로 - 교차로안,이륜,남,17세,중상,승용,남,31세,상해없음
2018061600100612,2018년 6월 16일 23시,토요일,부산광역시 북구 화명동,중상사고,0,1,0,0,차대차 - 후진중충돌,안전운전불이행,건조,맑음,교차로 - 교차로부근,승용,남,34세,상해없음,이륜,남,50세,중상
2018061600100613,2018년 6월 16일 23시,토요일,부산광역시 부산진구 연지동,중상사고,0,1,2,0,차대차 - 측면충돌,신호위반,건조,맑음,교차로 - 교차로안,승용,남,23세,상해없음,승용,남,65세,중상
2018061700100005,2018년 6월 17일 00시,일요일,부산광역시 중구 보수동2가,경상사고,0,0,1,0,차대사람 - 횡단중,신호위반,건조,맑음,교차로 - 교차로안,이륜,남,20세,상해없음,보행자,남,35세,경상
2018061700100006,2018년 6월 17일 00시,일요일,부산광역시 금정구 부곡동,경상사고,0,0,3,0,차대차 - 추돌,안전운전불이행,건조,맑음,단일로 - 교량,승용,남,36세,상해없음,승용,남,38세,경상
2018061700100039,2018년 6월 17일 02시,일요일,부산광역시 동래구 온천동,경상사고,0,0,1,0,차대차 - 추돌,안전운전불이행,건조,맑음,단일로 - 기타,승용,남,38세,상해없음,승용,남,58세,경상
2018061700100040,2018년 6월 17일 02시,일요일,부산광역시 부산진구 부암동,중상사고,0,1,0,0,차대차 - 기타,신호위반,건조,맑음,교차로 - 교차로안,승용,남,65세,상해없음,이륜,남,36세,중상
2018061700100057,2018년 6월 17일 03시,일요일,부산광역시 해운대구 우동,경상사고,0,0,2,0,차대차 - 기타,신호위반,건조,맑음,교차로 - 교차로안,승용,남,59세,경상,승용,남,26세,경상
2018061700100096,2018년 6월 17일 07시,일요일,부산광역시 연제구 연산동,경상사고,0,0,1,0,차대사람 - 길가장자리구역통행중,안전운전불이행,건조,맑음,단일로 - 기타,승용,남,63세,상해없음,보행자,남,22세,경상
2018061700100106,2018년 6월 17일 08시,일요일,부산광역시 동래구 명륜동,중상사고,0,2,0,0,차대차 - 측면충돌,안전거리미확보,건조,맑음,단일로 - 기타,화물,남,71세,상해없음,원동기,남,68세,중상
2018061700100107,2018년 6월 17일 08시,일요일,부산광역시 부산진구 당감동,중상사고,0,1,0,0,차대차 - 기타,교차로운행방법위반,건조,맑음,교차로 - 교차로안,화물,여,67세,상해없음,자전거,남,76세,중상
2018061700100108,2018년 6월 17일 08시,일요일,부산광역시 금정구 금사동,경상사고,0,0,1,0,차대차 - 기타,신호위반,건조,맑음,교차로 - 교차로안,승용,남,30세,상해없음,승용,남,71세,경상
2018061700100128,2018년 6월 17일 10시,일요일,부산광역시 동래구 온천동,중상사고,0,1,0,0,차대차 - 기타,안전거리미확보,건조,맑음,단일로 - 기타,승용,남,36세,상해없음,승합,남,49세,상해없음
2018061700100129,2018년 6월 17일 10시,일요일,부산광역시 사하구 하단동,경상사고,0,0,5,0,차대차 - 측면충돌,신호위반,건조,맑음,교차로 - 교차로안,승용,남,25세,상해없음,승용,남,23세,경상
2018061700100151,2018년 6월 17일 11시,일요일,부산광역시 동래구 안락동,경상사고,0,0,1,0,차대사람 - 횡단중,안전운전불이행,건조,맑음,단일로 - 기타,승용,남,39세,상해없음,보행자,여,7세,경상
2018061700100171,2018년 6월 17일 12시,일요일,부산광역시 사상구 괘법동,중상사고,0,1,0,0,차대차 - 기타,안전운전불이행,건조,맑음,단일로 - 기타,승용,남,54세,상해없음,이륜,남,30세,중상
2018061700100172,2018년 6월 17일 12시,일요일,부산광역시 기장군 장안읍,중상사고,0,1,2,2,차대차 - 추돌,안전운전불이행,건조,맑음,단일로 - 기타,승용,여,26세,상해없음,승용,남,74세,경상
2018061700100196,2018년 6월 17일 13시,일요일,부산광역시 북구 덕천동,경상사고,0,0,1,0,차대사람 - 기타,안전운전불이행,건조,맑음,단일로 - 기타,자전거,남,32세,상해없음,보행자,여,69세,경상
2018061700100232,2018년 6월 17일 14시,일요일,부산광역시 북구 만덕동,중상사고,0,1,0,0,차대사람 - 횡단중,신호위반,건조,맑음,단일로 - 기타,승용,남,63세,상해없음,보행자,여,68세,중상
2018061700100233,2018년 6월 17일 14시,일요일,부산광역시 금정구 금사동,경상사고,0,0,4,0,차대차 - 측면충돌,직진우회전진행방해,건조,맑음,교차로 - 교차로안,승용,여,36세,상해없음,화물,남,59세,경상
2018061700100371,2018년 6월 17일 19시,일요일,부산광역시 북구 구포동,경상사고,0,0,1,0,차대사람 - 기타,기타,건조,맑음,교차로 - 교차로부근,승용,남,49세,상해없음,보행자,남,12세,경상
2018061700100372,2018년 6월 17일 19시,일요일,부산광역시 사상구 덕포동,경상사고,0,0,1,0,차대차 - 추돌,안전운전불이행,건조,맑음,단일로 - 기타,승용,남,49세,상해없음,승용,남,22세,경상
2018061700100399,2018년 6월 17일 20시,일요일,부산광역시 남구 용호동,부상신고사고,0,0,0,1,차대차 - 측면충돌,안전운전불이행,건조,맑음,교차로 - 교차로안,승용,여,37세,상해없음,이륜,남,37세,부상신고
2018061700100442,2018년 6월 17일 22시,일요일,부산광역시 수영구 민락동,경상사고,0,0,4,1,차대차 - 측면충돌,안전운전불이행,건조,맑음,교차로 - 교차로부근,승용,남,19세,상해없음,화물,여,50세,경상
2018061700100443,2018년 6월 17일 22시,일요일,부산광역시 수영구 남천동,경상사고,0,0,2,0,차대차 - 추돌,안전운전불이행,건조,맑음,단일로 - 기타,승용,남,37세,상해없음,승용,여,27세,경상
2018061700100444,2018년 6월 17일 22시,일요일,부산광역시 부산진구 부전동,중상사고,0,1,0,0,차대사람 - 기타,안전운전불이행,건조,맑음,단일로 - 기타,승용,남,56세,상해없음,보행자,여,58세,중상
2018061700100445,2018년 6월 17일 22시,일요일,부산광역시 연제구 연산동,중상사고,0,1,0,0,차대차 - 측면충돌,신호위반,건조,맑음,교차로 - 교차로안,승용,남,49세,상해없음,이륜,남,20세,중상
2018061800100001,2018년 6월 18일 00시,월요일,부산광역시 부산진구 부전동,경상사고,0,0,2,0,차대차 - 정면충돌,직진우회전진행방해,건조,맑음,교차로 - 교차로안,승용,남,66세,상해없음,승용,남,28세,경상
2018061800100002,2018년 6월 18일 00시,월요일,부산광역시 사하구 괴정동,중상사고,0,2,0,0,차대사람 - 횡단중,신호위반,건조,맑음,단일로 - 기타,승용,남,57세,상해없음,보행자,남,18세,중상
2018061800100018,2018년 6월 18일 03시,월요일,부산광역시 남구 감만동,중상사고,0,1,0,0,차대차 - 측면충돌,신호위반,건조,맑음,교차로 - 교차로안,승용,남,64세,상해없음,화물,남,46세,중상
2018061800100030,2018년 6월 18일 05시,월요일,부산광역시 금정구 금사동,중상사고,0,1,0,0,차대사람 - 길가장자리구역통행중,안전운전불이행,건조,맑음,교차로 - 교차로부근,화물,남,57세,상해없음,보행자,남,60세,중상
2018061800100037,2018년 6월 18일 06시,월요일,부산광역시 사상구 주례동,경상사고,0,0,1,0,차대차 - 추돌,안전운전불이행,건조,맑음,단일로 - 고가도로위,건설기계,남,55세,상해없음,승용,남,52세,경상
2018061800100052,2018년 6월 18일 07시,월요일,부산광역시 북구 덕천동,경상사고,0,0,2,0,차대차 - 기타,안전운전불이행,건조,맑음,교차로 - 교차로안,승합,남,44세,상해없음,승용,남,47세,경상
2018061800100053,2018년 6월 18일 07시,월요일,부산광역시 사상구 엄궁동,경상사고,0,0,1,0,차대사람 - 기타,안전운전불이행,건조,맑음,교차로 - 교차로안,승용,남,67세,상해없음,보행자,남,63세,경상
2018061800100087,2018년 6월 18일 08시,월요일,부산광역시 서구 서대신동3가,경상사고,0,0,2,0,차대차 - 측면충돌,안전운전불이행,건조,맑음,단일로 - 기타,승용,여,34세,상해없음,승합,남,60세,경상
2018061800100088,2018년 6월 18일 08시,월요일,부산광역시 서구 아미동2가,경상사고,0,0,1,0,차대차 - 측면충돌,교차로운행방법위반,건조,맑음,교차로 - 교차로안,승용,남,53세,상해없음,승용,남,69세,경상
2018061800100089,2018년 6월 18일 08시,월요일,부산광역시 남구 대연동,경상사고,0,0,1,0,차대사람 - 횡단중,안전운전불이행,건조,맑음,단일로 - 기타,승용,여,80세,상해없음,보행자,여,71세,경상
2018061800100090,2018년 6월 18일 08시,월요일,부산광역시 수영구 민락동,경상사고,0,0,1,0,차대차 - 측면충돌,교차로운행방법위반,건조,맑음,교차로 - 교차로안,화물,남,70세,상해없음,승용,여,56세,경상
2018061800100091,2018년 6월 18일 08시,월요일,부산광역시 동래구 명장동,경상사고,0,0,1,0,차대차 - 측면충돌,교차로운행방법위반,건조,맑음,교차로 - 교차로안,승용,남,63세,상해없음,승용,여,31세,경상
2018061800100092,2018년 6월 18일 08시,월요일,부산광역시 해운대구 우동,경상사고,0,0,1,0,차대차 - 추돌,안전운전불이행,건조,맑음,단일로 - 교량,승용,여,50세,상해없음,승용,남,47세,경상
2018061800100146,2018년 6월 18일 09시,월요일,부산광역시 남구 문현동,경상사고,0,0,1,0,차대차 - 기타,신호위반,건조,맑음,교차로 - 교차로안,화물,남,50세,상해없음,승용,여,37세,경상
2018061800100185,2018년 6월 18일 10시,월요일,부산광역시 연제구 연산동,중상사고,0,1,0,1,차대차 - 기타,안전운전불이행,건조,맑음,단일로 - 기타,화물,남,35세,상해없음,이륜,남,42세,부상신고
2018061800100221,2018년 6월 18일 11시,월요일,부산광역시 사상구 모라동,부상신고사고,0,0,0,1,차대차 - 측면충돌,안전운전불이행,건조,맑음,단일로 - 기타,승용,남,48세,상해없음,승용,남,57세,부상신고
2018061800100250,2018년 6월 18일 12시,월요일,부산광역시 부산진구 양정동,중상사고,0,1,0,0,차대사람 - 기타,안전운전불이행,건조,맑음,단일로 - 기타,승용,여,55세,상해없음,보행자,남,71세,중상
2018061800100280,2018년 6월 18일 13시,월요일,부산광역시 중구 남포동5가,중상사고,0,1,0,0,차대차 - 측면충돌,안전운전불이행,건조,맑음,기타 - 기타,승용,남,52세,상해없음,이륜,남,48세,중상
2018061800100282,2018년 6월 18일 13시,월요일,부산광역시 사상구 엄궁동,부상신고사고,0,0,0,1,차대차 - 측면충돌,안전운전불이행,건조,맑음,단일로 - 기타,원동기,남,18세,부상신고,승합,남,47세,상해없음
2018061800100283,2018년 6월 18일 13시,월요일,부산광역시 사상구 감전동,부상신고사고,0,0,0,1,차대차 - 측면충돌,차로위반,건조,맑음,단일로 - 기타,이륜,남,69세,부상신고,특수,남,65세,상해없음
2018061800100314,2018년 6월 18일 14시,월요일,부산광역시 영도구 대교동2가,중상사고,0,1,0,0,차대사람 - 보도통행중,안전운전불이행,건조,맑음,단일로 - 기타,화물,남,66세,상해없음,보행자,남,75세,중상
2018061800100315,2018년 6월 18일 14시,월요일,부산광역시 사상구 덕포동,경상사고,0,0,1,0,차대사람 - 보도통행중,안전운전불이행,건조,맑음,단일로 - 기타,이륜,남,74세,상해없음,보행자,남,24세,경상
2018061800100350,2018년 6월 18일 15시,월요일,부산광역시 영도구 동삼동,중상사고,0,1,0,0,차대사람 - 차도통행중,안전운전불이행,건조,맑음,교차로 - 교차로부근,화물,남,34세,상해없음,보행자,남,79세,중상
2018061800100351,2018년 6월 18일 15시,월요일,부산광역시 부산진구 가야동,경상사고,0,0,3,0,차대차 - 추돌,안전거리미확보,건조,맑음,단일로 - 기타,승용,남,29세,경상,승용,여,37세,경상
2018061800100388,2018년 6월 18일 16시,월요일,부산광역시 수영구 민락동,경상사고,0,0,1,0,차대차 - 측면충돌,안전운전불이행,건조,맑음,교차로 - 교차로안,승용,여,49세,상해없음,이륜,남,68세,경상
2018061800100389,2018년 6월 18일 16시,월요일,부산광역시 해운대구 송정동,중상사고,0,1,0,0,차대차 - 기타,안전운전불이행,건조,맑음,교차로 - 교차로안,승용,여,59세,상해없음,이륜,남,57세,중상
2018061800100390,2018년 6월 18일 16시,월요일,부산광역시 해운대구 재송동,경상사고,0,0,1,0,차대사람 - 기타,안전운전불이행,기타,맑음,단일로 - 기타,승용,남,83세,상해없음,보행자,여,77세,경상
2018061800100391,2018년 6월 18일 16시,월요일,부산광역시 금정구 남산동,중상사고,0,1,0,0,차대사람 - 횡단중,신호위반,건조,맑음,교차로 - 교차로안,승용,여,47세,상해없음,보행자,여,29세,중상
2018061800100392,2018년 6월 18일 16시,월요일,부산광역시 연제구 연산동,경상사고,0,0,1,0,차대차 - 기타,안전운전불이행,건조,맑음,단일로 - 기타,승합,남,66세,상해없음,자전거,여,31세,경상
2018061800100432,2018년 6월 18일 17시,월요일,부산광역시 사하구 신평동,경상사고,0,0,1,0,차대차 - 기타,안전운전불이행,건조,맑음,단일로 - 기타,자전거,남,14세,경상,승용,남,29세,상해없음
2018061800100433,2018년 6월 18일 17시,월요일,부산광역시 연제구 연산동,경상사고,0,0,2,0,차대차 - 측면충돌,신호위반,건조,맑음,교차로 - 교차로안,승용,남,51세,상해없음,화물,남,40세,경상
2018061800100494,2018년 6월 18일 18시,월요일,부산광역시 남구 대연동,경상사고,0,0,1,0,차대차 - 기타,신호위반,건조,맑음,교차로 - 교차로안,승용,여,37세,상해없음,승용,여,41세,경상
2018061800100496,2018년 6월 18일 18시,월요일,부산광역시 해운대구 반송동,경상사고,0,0,1,0,차대사람 - 기타,안전운전불이행,건조,맑음,교차로 - 교차로부근,승용,여,51세,상해없음,보행자,남,12세,경상
2018061800100497,2018년 6월 18일 18시,월요일,부산광역시 사상구 삼락동,중상사고,0,1,0,0,차대사람 - 횡단중,안전운전불이행,건조,맑음,단일로 - 기타,화물,남,48세,상해없음,보행자,여,45세,중상
2018061800100551,2018년 6월 18일 19시,월요일,부산광역시 금정구 부곡동,중상사고,0,1,0,1,차대차 - 측면충돌,교차로운행방법위반,건조,맑음,교차로 - 교차로안,승용,여,39세,부상신고,승용,여,51세,중상
2018061800100579,2018년 6월 18일 20시,월요일,부산광역시 북구 덕천동,경상사고,0,0,1,0,차대차 - 측면충돌,안전운전불이행,건조,맑음,단일로 - 기타,승용,남,20세,상해없음,이륜,남,16세,경상
2018061800100580,2018년 6월 18일 20시,월요일,부산광역시 영도구 신선동2가,경상사고,0,0,1,0,차대사람 - 길가장자리구역통행중,안전운전불이행,건조,맑음,단일로 - 기타,승용,남,52세,상해없음,보행자,여,43세,경상
2018061800100581,2018년 6월 18일 20시,월요일,부산광역시 사상구 괘법동,중상사고,0,1,5,0,차대차 - 측면충돌,신호위반,건조,맑음,교차로 - 교차로안,승용,남,26세,상해없음,승용,남,57세,중상
2018061800100582,2018년 6월 18일 20시,월요일,부산광역시 사상구 주례동,경상사고,0,0,1,0,차대차 - 기타,안전거리미확보,건조,맑음,단일로 - 기타,승용,남,72세,상해없음,승용,남,59세,경상
2018061800100622,2018년 6월 18일 21시,월요일,부산광역시 중구 중앙동4가,경상사고,0,0,2,0,차대차 - 측면충돌,안전운전불이행,건조,맑음,교차로 - 교차로안,이륜,남,39세,경상,화물,남,60세,상해없음
2018061800100623,2018년 6월 18일 21시,월요일,부산광역시 해운대구 우동,경상사고,0,0,1,0,차대차 - 측면충돌,신호위반,건조,맑음,교차로 - 교차로안,승용,여,55세,상해없음,승용,남,20세,경상
2018061800100624,2018년 6월 18일 21시,월요일,부산광역시 해운대구 재송동,경상사고,0,0,1,0,차대차 - 측면충돌,신호위반,건조,맑음,교차로 - 교차로안,승용,남,63세,상해없음,승합,남,40세,상해없음
2018061800100625,2018년 6월 18일 21시,월요일,부산광역시 부산진구 부전동,경상사고,0,0,1,0,차대차 - 추돌,안전운전불이행,건조,맑음,교차로 - 교차로부근,승용,여,44세,상해없음,이륜,남,49세,경상
2018061800100626,2018년 6월 18일 21시,월요일,부산광역시 부산진구 연지동,부상신고사고,0,0,0,1,차대차 - 측면충돌,교차로운행방법위반,건조,맑음,교차로 - 교차로횡단보도내,승용,남,65세,상해없음,자전거,남,10세,상해없음