사고번호,사고일시,요일,시군구,사고내용,사망자수,중상자수,경상자수,부상신고자수,사고유형,법규위반,노면상태,기상상태,도로형태,가해운전자 차종,가해운전자 성별,가해운전자 연령,가해운전자 상해정도,피해운전자 차종,피해운전자 성별,피해운전자 연령,피해운전자 상해정도
2018061800100627,2018년 6월 18일 21시,월요일,부산광역시 금정구 장전동,경상사고,0,0,1,0,차대사람 - 횡단중,안전운전불이행,건조,맑음,교차로 - 교차로안,승용,여,24세,상해없음,보행자,여,53세,경상
2018061800100628,2018년 6월 18일 21시,월요일,부산광역시 사하구 장림동,중상사고,0,1,0,0,차대차 - 측면충돌,안전운전불이행,건조,맑음,단일로 - 기타,승용,남,40세,상해없음,이륜,남,22세,중상
2018061900100026,2018년 6월 19일 03시,화요일,부산광역시 수영구 광안동,부상신고사고,0,0,0,1,차대사람 - 차도통행중,안전운전불이행,건조,맑음,교차로 - 교차로부근,승용,남,32세,상해없음,보행자,남,23세,부상신고
2018061900100037,2018년 6월 19일 05시,화요일,부산광역시 부산진구 양정동,중상사고,0,1,0,0,차대차 - 측면충돌,안전거리미확보,건조,맑음,단일로 - 기타,자전거,남,40세,중상,화물,남,72세,상해없음
2018061900100060,2018년 6월 19일 07시,화요일,부산광역시 남구 용호동,중상사고,0,1,0,0,차대사람 - 기타,안전운전불이행,건조,맑음,단일로 - 기타,승용,남,48세,상해없음,보행자,여,77세,중상
2018061900100061,2018년 6월 19일 07시,화요일,부산광역시 금정구 서동,경상사고,0,0,1,0,차대차 - 측면충돌,안전운전불이행,건조,맑음,단일로 - 기타,건설기계,남,59세,상해없음,승용,남,36세,경상
2018061900100093,2018년 6월 19일 08시,화요일,부산광역시 동구 좌천동,경상사고,0,0,2,0,차대차 - 측면충돌,안전거리미확보,건조,맑음,교차로 - 교차로안,승용,남,63세,상해없음,승용,남,46세,경상
2018061900100133,2018년 6월 19일 09시,화요일,부산광역시 남구 대연동,사망사고,1,0,0,0,차대차 - 측면충돌,안전운전불이행,건조,맑음,단일로 - 기타,승용,여,38세,상해없음,자전거,남,62세,사망
2018061900100134,2018년 6월 19일 09시,화요일,부산광역시 동래구 낙민동,중상사고,0,1,0,0,차대차 - 측면충돌,안전운전불이행,건조,맑음,단일로 - 기타,화물,남,38세,상해없음,자전거,남,90세 이상,중상
2018061900100135,2018년 6월 19일 09시,화요일,부산광역시 금정구 부곡동,중상사고,0,1,0,0,차대사람 - 차도통행중,기타,건조,맑음,단일로 - 기타,승용,남,63세,상해없음,보행자,여,66세,중상
2018061900100172,2018년 6월 19일 10시,화요일,부산광역시 동래구 안락동,중상사고,0,1,0,0,차대차 - 추돌,안전운전불이행,건조,맑음,단일로 - 기타,승용,여,45세,상해없음,승용,남,27세,중상
2018061900100198,2018년 6월 19일 11시,화요일,부산광역시 남구 대연동,중상사고,0,1,0,0,차대차 - 측면충돌,안전운전불이행,건조,맑음,기타 - 기타,자전거,여,73세,중상,승용,여,40세,상해없음
2018061900100227,2018년 6월 19일 12시,화요일,부산광역시 해운대구 우동,중상사고,0,1,2,0,차대차 - 기타,안전운전불이행,건조,맑음,단일로 - 기타,승용,남,56세,상해없음,승용,남,58세,경상
2018061900100296,2018년 6월 19일 14시,화요일,부산광역시 동래구 사직동,경상사고,0,0,1,0,차대차 - 측면충돌,안전거리미확보,건조,맑음,단일로 - 기타,승용,남,35세,상해없음,승용,여,35세,경상
2018061900100297,2018년 6월 19일 14시,화요일,부산광역시 금정구 두구동,경상사고,0,0,2,0,차대차 - 측면충돌,안전운전불이행,건조,맑음,교차로 - 교차로안,화물,남,68세,상해없음,승용,여,57세,경상
2018061900100360,2018년 6월 19일 16시,화요일,부산광역시 북구 구포동,중상사고,0,1,0,1,차대차 - 기타,기타,건조,맑음,단일로 - 기타,화물,남,58세,상해없음,이륜,남,47세,중상
2018061900100361,2018년 6월 19일 16시,화요일,부산광역시 부산진구 부암동,경상사고,0,0,1,0,차대차 - 측면충돌,안전운전불이행,건조,맑음,단일로 - 기타,승용,남,60세,상해없음,승용,여,47세,경상
2018061900100402,2018년 6월 19일 17시,화요일,부산광역시 동구 범일동,경상사고,0,0,2,0,차대차 - 측면충돌,중앙선침범,젖음/습기,비,단일로 - 기타,승용,남,63세,상해없음,화물,남,69세,기타불명
2018061900100403,2018년 6월 19일 17시,화요일,부산광역시 해운대구 재송동,중상사고,0,1,2,0,차대차 - 기타,교차로운행방법위반,젖음/습기,비,교차로 - 교차로안,승용,남,62세,경상,승용,남,59세,경상
2018061900100404,2018년 6월 19일 17시,화요일,부산광역시 부산진구 당감동,경상사고,0,0,1,0,차대차 - 기타,기타,젖음/습기,비,단일로 - 기타,승용,남,54세,상해없음,이륜,남,20세,경상
2018061900100405,2018년 6월 19일 17시,화요일,부산광역시 사하구 다대동,중상사고,0,1,0,0,차대차 - 기타,안전운전불이행,건조,맑음,교차로 - 교차로안,이륜,남,39세,중상,승용,여,60세,상해없음
2018061900100445,2018년 6월 19일 18시,화요일,부산광역시 강서구 대저1동,중상사고,0,1,1,0,차대차 - 추돌,안전운전불이행,건조,맑음,교차로 - 교차로안,승용,남,68세,상해없음,승용,여,47세,중상
2018061900100481,2018년 6월 19일 19시,화요일,부산광역시 남구 대연동,경상사고,0,0,1,0,차대차 - 측면충돌,안전거리미확보,젖음/습기,비,단일로 - 기타,승용,남,32세,상해없음,승용,남,38세,경상
2018061900100482,2018년 6월 19일 19시,화요일,부산광역시 영도구 동삼동,중상사고,0,1,0,0,차대차 - 기타,교차로운행방법위반,젖음/습기,비,교차로 - 교차로안,승용,남,59세,상해없음,이륜,남,59세,중상
2018061900100483,2018년 6월 19일 19시,화요일,부산광역시 부산진구 부전동,중상사고,0,1,0,0,차대차 - 기타,직진우회전진행방해,젖음/습기,비,교차로 - 교차로안,승용,남,61세,상해없음,이륜,남,41세,중상
2018061900100484,2018년 6월 19일 19시,화요일,부산광역시 사상구 괘법동,부상신고사고,0,0,0,1,차대차 - 측면충돌,안전운전불이행,건조,맑음,교차로 - 교차로안,승용,남,41세,부상신고,승용,남,53세,상해없음
2018061900100513,2018년 6월 19일 20시,화요일,부산광역시 기장군 정관읍,경상사고,0,0,1,0,차대차 - 측면충돌,안전운전불이행,젖음/습기,비,단일로 - 기타,승용,남,56세,상해없음,이륜,남,37세,경상
2018061900100563,2018년 6월 19일 22시,화요일,부산광역시 서구 남부민동,경상사고,0,0,1,0,차대사람 - 횡단중,안전운전불이행,젖음/습기,비,기타 - 기타,승용,남,53세,상해없음,보행자,여,57세,경상
2018061900100564,2018년 6월 19일 22시,화요일,부산광역시 사하구 하단동,경상사고,0,0,1,0,차대사람 - 차도통행중,안전운전불이행,젖음/습기,비,단일로 - 기타,승용,여,48세,상해없음,보행자,남,24세,경상
2018062000100019,2018년 6월 20일 01시,수요일,부산광역시 동구 초량동,중상사고,0,1,0,0,차대사람 - 기타,안전운전불이행,젖음/습기,흐림,단일로 - 기타,승용,남,61세,상해없음,보행자,남,59세,중상
2018062000100045,2018년 6월 20일 04시,수요일,부산광역시 부산진구 부전동,중상사고,0,1,0,0,차대사람 - 차도통행중,안전운전불이행,건조,맑음,교차로 - 교차로안,승용,남,34세,상해없음,보행자,여,74세,중상
2018062000100093,2018년 6월 20일 08시,수요일,부산광역시 북구 구포동,경상사고,0,0,1,0,차대차 - 측면충돌,안전운전불이행,건조,맑음,단일로 - 기타,승용,여,45세,상해없음,승용,남,53세,경상
2018062000100094,2018년 6월 20일 08시,수요일,부산광역시 북구 만덕동,경상사고,0,0,1,0,차대차 - 추돌,안전거리미확보,건조,맑음,단일로 - 기타,승용,남,62세,상해없음,승용,남,38세,경상
2018062000100095,2018년 6월 20일 08시,수요일,부산광역시 연제구 연산동,경상사고,0,0,1,0,차대차 - 추돌,안전운전불이행,건조,맑음,단일로 - 기타,승용,남,20세,상해없음,승용,남,66세,경상
2018062000100122,2018년 6월 20일 09시,수요일,부산광역시 부산진구 당감동,중상사고,0,2,1,0,차대차 - 추돌,안전거리미확보,건조,맑음,단일로 - 터널,승용,남,32세,상해없음,승용,남,38세,중상
2018062000100123,2018년 6월 20일 09시,수요일,부산광역시 사상구 학장동,중상사고,0,1,0,0,차량단독 - 기타,안전운전불이행,건조,맑음,단일로 - 기타,승합,남,40세,상해없음,,,,
2018062000100149,2018년 6월 20일 10시,수요일,부산광역시 북구 덕천동,경상사고,0,0,1,0,차대차 - 추돌,안전운전불이행,건조,맑음,단일로 - 기타,승용,여,51세,상해없음,이륜,남,77세,경상
2018062000100175,2018년 6월 20일 11시,수요일,부산광역시 부산진구 연지동,중상사고,0,1,0,0,차대차 - 기타,안전운전불이행,건조,맑음,교차로 - 교차로부근,승용,남,59세,상해없음,원동기,남,56세,중상
2018062000100176,2018년 6월 20일 11시,수요일,부산광역시 사상구 감전동,부상신고사고,0,0,0,1,차대차 - 측면충돌,안전운전불이행,건조,맑음,교차로 - 교차로안,승합,남,28세,상해없음,승용,여,34세,부상신고
2018062000100215,2018년 6월 20일 12시,수요일,부산광역시 남구 용호동,경상사고,0,0,1,0,차대차 - 기타,안전운전불이행,건조,맑음,교차로 - 교차로안,승용,남,34세,상해없음,이륜,남,23세,경상
2018062000100216,2018년 6월 20일 12시,수요일,부산광역시 사하구 당리동,경상사고,0,0,1,0,차대차 - 측면충돌,안전운전불이행,건조,맑음,단일로 - 지하차도(도로)내,승용,여,34세,상해없음,승용,남,44세,기타불명
2018062000100217,2018년 6월 20일 12시,수요일,부산광역시 사하구 다대동,경상사고,0,0,1,0,차대차 - 기타,기타,건조,맑음,기타 - 기타,원동기,남,28세,경상,화물,남,35세,상해없음
2018062000100234,2018년 6월 20일 13시,수요일,부산광역시 동래구 온천동,경상사고,0,0,2,0,차대차 - 추돌,안전운전불이행,건조,흐림,단일로 - 기타,승합,남,67세,상해없음,승용,여,35세,경상
2018062000100235,2018년 6월 20일 13시,수요일,부산광역시 금정구 장전동,경상사고,0,0,2,0,차대차 - 추돌,안전운전불이행,건조,맑음,교차로 - 교차로부근,승용,남,25세,상해없음,승용,남,45세,경상
2018062000100236,2018년 6월 20일 13시,수요일,부산광역시 사하구 하단동,중상사고,0,1,0,0,차대차 - 기타,안전운전불이행,건조,맑음,교차로 - 교차로안,기타불명,기타불명,미분류,기타불명,이륜,남,56세,중상
2018062000100237,2018년 6월 20일 13시,수요일,부산광역시 연제구 거제동,중상사고,0,1,1,0,차대차 - 측면충돌,교차로운행방법위반,건조,맑음,교차로 - 교차로안,승용,여,58세,상해없음,승용,여,49세,중상
2018062000100261,2018년 6월 20일 14시,수요일,부산광역시 동구 초량동,중상사고,0,2,3,0,차대차 - 측면충돌,신호위반,건조,맑음,교차로 - 교차로부근,승용,여,39세,경상,승용,남,58세,중상
2018062000100262,2018년 6월 20일 14시,수요일,부산광역시 부산진구 양정동,경상사고,0,0,1,0,차대차 - 기타,직진우회전진행방해,건조,맑음,교차로 - 교차로안,승용,여,50세,상해없음,이륜,남,47세,경상
2018062000100297,2018년 6월 20일 15시,수요일,부산광역시 중구 대청동2가,경상사고,0,0,1,0,차대차 - 측면충돌,안전운전불이행,건조,맑음,단일로 - 기타,승용,여,27세,상해없음,화물,남,52세,경상
2018062000100298,2018년 6월 20일 15시,수요일,부산광역시 북구 금곡동,경상사고,0,0,2,0,차대차 - 추돌,안전거리미확보,건조,맑음,단일로 - 기타,화물,남,56세,상해없음,화물,남,57세,경상
2018062000100299,2018년 6월 20일 15시,수요일,부산광역시 부산진구 양정동,경상사고,0,0,1,0,차대사람 - 횡단중,안전운전불이행,건조,맑음,단일로 - 기타,승용,남,76세,상해없음,보행자,여,73세,경상
2018062000100342,2018년 6월 20일 16시,수요일,부산광역시 중구 보수동3가,경상사고,0,0,1,0,차대사람 - 횡단중,신호위반,건조,맑음,단일로 - 기타,승합,남,72세,상해없음,보행자,남,10세,경상
2018062000100343,2018년 6월 20일 16시,수요일,부산광역시 해운대구 좌동,중상사고,0,1,0,0,차대차 - 기타,안전거리미확보,건조,맑음,단일로 - 기타,화물,남,47세,상해없음,이륜,남,57세,중상
2018062000100383,2018년 6월 20일 17시,수요일,부산광역시 남구 용호동,경상사고,0,0,1,0,차대사람 - 기타,안전운전불이행,건조,맑음,교차로 - 교차로부근,승용,남,61세,상해없음,보행자,여,64세,경상
2018062000100422,2018년 6월 20일 18시,수요일,부산광역시 남구 대연동,경상사고,0,0,1,0,차대차 - 측면충돌,안전운전불이행,건조,맑음,교차로 - 교차로안,승용,여,44세,상해없음,승용,여,58세,경상
2018062000100423,2018년 6월 20일 18시,수요일,부산광역시 해운대구 재송동,중상사고,0,1,0,0,차대사람 - 횡단중,신호위반,건조,맑음,단일로 - 기타,승용,여,47세,상해없음,보행자,여,9세,중상
2018062000100424,2018년 6월 20일 18시,수요일,부산광역시 강서구 지사동,경상사고,0,0,1,0,차대사람 - 차도통행중,안전운전불이행,건조,맑음,단일로 - 기타,승용,남,32세,상해없음,보행자,남,5세,경상
2018062000100473,2018년 6월 20일 19시,수요일,부산광역시 동래구 안락동,중상사고,0,1,0,0,차대차 - 측면충돌,안전운전불이행,건조,맑음,교차로 - 교차로안,이륜,남,20세,상해없음,이륜,남,29세,중상
2018062000100496,2018년 6월 20일 20시,수요일,부산광역시 동래구 명장동,경상사고,0,0,1,0,차대차 - 측면충돌,신호위반,건조,맑음,교차로 - 교차로안,승용,남,39세,경상,승용,남,55세,상해없음
2018062000100528,2018년 6월 20일 21시,수요일,부산광역시 중구 보수동1가,경상사고,0,0,1,0,차대차 - 측면충돌,신호위반,건조,맑음,단일로 - 기타,승용,남,60세,상해없음,이륜,남,23세,경상
2018062000100529,2018년 6월 20일 21시,수요일,부산광역시 중구 부평동2가,경상사고,0,0,2,0,차대사람 - 횡단중,보행자보호의무위반,건조,맑음,교차로 - 교차로안,화물,여,52세,상해없음,보행자,여,35세,경상
2018062000100530,2018년 6월 20일 21시,수요일,부산광역시 서구 동대신동1가,경상사고,0,0,1,0,차대차 - 측면충돌,교차로운행방법위반,건조,맑음,교차로 - 교차로안,이륜,남,17세,상해없음,승용,남,22세,상해없음
2018062000100531,2018년 6월 20일 21시,수요일,부산광역시 남구 대연동,경상사고,0,0,1,0,차대사람 - 횡단중,안전운전불이행,건조,맑음,교차로 - 교차로부근,화물,남,45세,상해없음,보행자,여,79세,경상
2018062000100561,2018년 6월 20일 22시,수요일,부산광역시 수영구 민락동,중상사고,0,1,0,0,차대차 - 기타,안전운전불이행,건조,맑음,단일로 - 기타,자전거,남,36세,중상,승용,남,44세,상해없음
2018062000100562,2018년 6월 20일 22시,수요일,부산광역시 북구 화명동,중상사고,0,1,0,1,차대차 - 기타,신호위반,건조,맑음,교차로 - 교차로안,승용,여,45세,상해없음,승용,남,55세,부상신고
2018062000100585,2018년 6월 20일 23시,수요일,부산광역시 금정구 구서동,경상사고,0,0,1,1,차대차 - 측면충돌,차로위반,건조,맑음,단일로 - 기타,승용,남,70세,상해없음,이륜,남,24세,부상신고
2018062100100075,2018년 6월 21일 07시,목요일,부산광역시 서구 암남동,경상사고,0,0,2,0,차대차 - 측면충돌,교차로운행방법위반,건조,맑음,교차로 - 교차로안,승용,남,38세,경상,승용,남,38세,경상
2018062100100076,2018년 6월 21일 07시,목요일,부산광역시 연제구 연산동,경상사고,0,0,1,0,차대차 - 측면충돌,안전운전불이행,건조,맑음,교차로 - 교차로횡단보도내,승용,남,59세,상해없음,자전거,남,64세,경상
2018062100100105,2018년 6월 21일 08시,목요일,부산광역시 서구 부용동2가,경상사고,0,0,1,0,차대사람 - 기타,안전운전불이행,건조,맑음,단일로 - 기타,화물,남,50세,상해없음,보행자,남,71세,경상
2018062100100137,2018년 6월 21일 09시,목요일,부산광역시 연제구 거제동,경상사고,0,0,2,1,차대차 - 추돌,안전운전불이행,건조,맑음,단일로 - 기타,화물,남,51세,상해없음,승용,남,68세,경상
2018062100100169,2018년 6월 21일 10시,목요일,부산광역시 영도구 영선동3가,경상사고,0,0,1,0,차대사람 - 길가장자리구역통행중,안전운전불이행,건조,맑음,단일로 - 기타,화물,남,23세,상해없음,보행자,남,79세,경상
2018062100100170,2018년 6월 21일 10시,목요일,부산광역시 사하구 장림동,부상신고사고,0,0,0,1,차대차 - 측면충돌,안전운전불이행,건조,맑음,교차로 - 교차로부근,이륜,남,67세,부상신고,승용,남,26세,상해없음
2018062100100206,2018년 6월 21일 11시,목요일,부산광역시 연제구 연산동,경상사고,0,0,1,0,차대차 - 측면충돌,안전운전불이행,건조,맑음,단일로 - 기타,승용,여,42세,상해없음,이륜,남,35세,경상
2018062100100207,2018년 6월 21일 11시,목요일,부산광역시 강서구 범방동,경상사고,0,0,1,0,차량단독 - 기타,안전운전불이행,건조,맑음,교차로 - 교차로부근,특수,남,63세,경상,,,,
2018062100100255,2018년 6월 21일 13시,목요일,부산광역시 사상구 감전동,부상신고사고,0,0,0,1,차대차 - 기타,안전운전불이행,건조,맑음,교차로 - 교차로안,승용,남,63세,부상신고,화물,남,42세,상해없음
2018062100100278,2018년 6월 21일 14시,목요일,부산광역시 부산진구 가야동,중상사고,0,1,0,0,차대차 - 측면충돌,신호위반,건조,맑음,교차로 - 교차로안,승용,여,62세,상해없음,승용,남,63세,중상
2018062100100279,2018년 6월 21일 14시,목요일,부산광역시 부산진구 가야동,경상사고,0,0,1,0,차대차 - 측면충돌,안전운전불이행,건조,맑음,교차로 - 교차로부근,승용,여,55세,상해없음,승용,남,57세,경상
2018062100100280,2018년 6월 21일 14시,목요일,부산광역시 강서구 범방동,경상사고,0,0,1,0,차대차 - 측면충돌,안전운전불이행,건조,맑음,교차로 - 교차로부근,화물,남,57세,상해없음,승용,남,56세,경상
2018062100100352,2018년 6월 21일 16시,목요일,부산광역시 중구 남포동1가,중상사고,0,1,0,0,차대차 - 측면충돌,신호위반,건조,맑음,단일로 - 기타,승합,남,38세,상해없음,이륜,남,47세,중상
2018062100100353,2018년 6월 21일 16시,목요일,부산광역시 수영구 광안동,경상사고,0,0,1,0,차대사람 - 기타,안전운전불이행,건조,맑음,단일로 - 기타,승용,남,31세,상해없음,보행자,여,23세,경상
2018062100100403,2018년 6월 21일 17시,목요일,부산광역시 동구 초량동,경상사고,0,0,1,0,차대차 - 추돌,안전운전불이행,건조,맑음,교차로 - 교차로부근,승용,남,53세,상해없음,승용,남,47세,경상
2018062100100404,2018년 6월 21일 17시,목요일,부산광역시 남구 문현동,경상사고,0,0,2,0,차대차 - 측면충돌,안전거리미확보,건조,맑음,단일로 - 기타,이륜,남,35세,경상,이륜,남,17세,경상
2018062100100405,2018년 6월 21일 17시,목요일,부산광역시 사하구 하단동,중상사고,0,1,0,0,차대차 - 기타,안전운전불이행,건조,맑음,단일로 - 교량,승용,여,64세,상해없음,승용,남,47세,중상
2018062100100466,2018년 6월 21일 18시,목요일,부산광역시 해운대구 우동,경상사고,0,0,3,0,차대차 - 추돌,안전거리미확보,건조,맑음,단일로 - 기타,승용,남,51세,상해없음,승용,여,26세,상해없음
2018062100100467,2018년 6월 21일 18시,목요일,부산광역시 금정구 금사동,경상사고,0,0,1,0,차대차 - 기타,안전거리미확보,건조,맑음,단일로 - 기타,화물,남,23세,상해없음,승합,남,34세,상해없음
2018062100100513,2018년 6월 21일 19시,목요일,부산광역시 해운대구 좌동,중상사고,0,1,0,0,차대차 - 기타,교차로운행방법위반,건조,맑음,교차로 - 교차로안,승용,남,54세,상해없음,이륜,남,28세,중상
2018062100100546,2018년 6월 21일 20시,목요일,부산광역시 수영구 남천동,경상사고,0,0,1,0,차대사람 - 길가장자리구역통행중,안전운전불이행,건조,맑음,단일로 - 기타,화물,남,37세,상해없음,보행자,여,36세,경상
2018062100100547,2018년 6월 21일 20시,목요일,부산광역시 해운대구 반여동,중상사고,0,1,1,0,차대사람 - 횡단중,안전운전불이행,건조,맑음,교차로 - 교차로횡단보도내,승용,여,44세,상해없음,보행자,여,65세,중상
2018062100100548,2018년 6월 21일 20시,목요일,부산광역시 강서구 신호동,중상사고,0,1,0,0,차대사람 - 기타,안전운전불이행,건조,맑음,교차로 - 교차로부근,승용,남,24세,상해없음,보행자,남,43세,중상
2018062100100618,2018년 6월 21일 22시,목요일,부산광역시 남구 감만동,경상사고,0,0,1,0,차량단독 - 기타,안전운전불이행,기타,맑음,단일로 - 기타,원동기,남,37세,경상,,,,
2018062100100619,2018년 6월 21일 22시,목요일,부산광역시 해운대구 반여동,경상사고,0,0,1,0,차대차 - 측면충돌,안전운전불이행,건조,맑음,교차로 - 교차로부근,승용,남,59세,상해없음,승용,남,59세,경상
2018062100100641,2018년 6월 21일 23시,목요일,부산광역시 북구 구포동,경상사고,0,0,1,0,차대사람 - 기타,안전운전불이행,건조,맑음,단일로 - 기타,자전거,남,18세,상해없음,보행자,여,22세,경상
2018062100100642,2018년 6월 21일 23시,목요일,부산광역시 강서구 명지동,중상사고,0,1,2,0,차대차 - 측면충돌,신호위반,건조,맑음,교차로 - 교차로안,화물,남,46세,상해없음,승용,남,41세,경상
2018062100100643,2018년 6월 21일 23시,목요일,부산광역시 기장군 기장읍,경상사고,0,0,2,0,차대차 - 측면충돌,신호위반,건조,맑음,교차로 - 교차로안,승용,남,56세,상해없음,승용,남,46세,경상
2018062200100019,2018년 6월 22일 01시,금요일,부산광역시 수영구 남천동,중상사고,0,1,1,0,차대차 - 측면충돌,신호위반,건조,맑음,교차로 - 교차로안,승용,여,56세,상해없음,승용,남,64세,경상
2018062200100058,2018년 6월 22일 05시,금요일,부산광역시 사상구 괘법동,경상사고,0,0,2,0,차대차 - 측면충돌,신호위반,건조,맑음,교차로 - 교차로안,승용,남,59세,상해없음,화물,남,62세,경상
2018062200100059,2018년 6월 22일 05시,금요일,부산광역시 기장군 정관읍,중상사고,0,1,1,0,차대차 - 측면충돌,안전운전불이행,건조,맑음,단일로 - 기타,승용,여,48세,경상,승용,남,57세,중상
2018062200100130,2018년 6월 22일 08시,금요일,부산광역시 서구 남부민동,경상사고,0,0,1,0,차대사람 - 기타,안전운전불이행,건조,맑음,기타 - 기타,화물,남,32세,상해없음,보행자,여,38세,경상
2018062200100131,2018년 6월 22일 08시,금요일,부산광역시 북구 금곡동,경상사고,0,0,1,0,차대차 - 기타,중앙선침범,건조,맑음,단일로 - 기타,승용,남,26세,상해없음,승용,여,57세,경상
2018062200100132,2018년 6월 22일 08시,금요일,부산광역시 해운대구 우동,경상사고,0,0,1,0,차대사람 - 보도통행중,안전운전불이행,건조,맑음,단일로 - 기타,승용,여,70세,상해없음,보행자,여,13세,경상
2018062200100133,2018년 6월 22일 08시,금요일,부산광역시 기장군 기장읍,경상사고,0,0,1,0,차대사람 - 기타,안전운전불이행,건조,맑음,단일로 - 기타,승합,남,46세,상해없음,보행자,남,12세,경상
2018062200100174,2018년 6월 22일 09시,금요일,부산광역시 해운대구 중동,경상사고,0,0,1,0,차대차 - 측면충돌,교차로운행방법위반,건조,맑음,교차로 - 교차로안,승용,여,64세,상해없음,화물,남,36세,경상
2018062200100295,2018년 6월 22일 13시,금요일,부산광역시 동구 초량동,중상사고,0,1,0,0,차대사람 - 횡단중,보행자보호의무위반,건조,맑음,교차로 - 교차로안,승용,남,39세,상해없음,보행자,여,54세,중상
2018062200100296,2018년 6월 22일 13시,금요일,부산광역시 남구 용호동,경상사고,0,0,1,0,차대차 - 측면충돌,교차로운행방법위반,건조,맑음,단일로 - 기타,승용,여,34세,상해없음,자전거,여,37세,경상
2018062200100332,2018년 6월 22일 14시,금요일,부산광역시 서구 서대신동3가,중상사고,0,1,0,0,차대사람 - 기타,신호위반,건조,맑음,기타 - 기타,승용,여,31세,상해없음,보행자,여,8세,중상
2018062200100333,2018년 6월 22일 14시,금요일,부산광역시 남구 감만동,경상사고,0,0,1,0,차대차 - 기타,차로위반,건조,맑음,단일로 - 기타,화물,남,74세,상해없음,승용,남,55세,경상
2018062200100334,2018년 6월 22일 14시,금요일,부산광역시 해운대구 우동,경상사고,0,0,2,0,차대차 - 기타,안전운전불이행,건조,맑음,주차장 - 주차장,승용,여,33세,상해없음,승용,남,38세,경상
2018062200100335,2018년 6월 22일 14시,금요일,부산광역시 부산진구 부전동,경상사고,0,0,1,0,차대차 - 측면충돌,안전거리미확보,건조,맑음,단일로 - 고가도로위,승용,남,49세,상해없음,승용,여,36세,경상
2018062200100336,2018년 6월 22일 14시,금요일,부산광역시 금정구 남산동,경상사고,0,0,1,0,차대사람 - 횡단중,보행자보호의무위반,건조,맑음,교차로 - 교차로부근,승용,남,25세,상해없음,보행자,남,69세,경상
2018062200100337,2018년 6월 22일 14시,금요일,부산광역시 연제구 연산동,경상사고,0,0,1,0,차대사람 - 기타,안전운전불이행,건조,맑음,단일로 - 기타,승용,남,58세,상해없음,보행자,남,55세,경상
2018062200100377,2018년 6월 22일 15시,금요일,부산광역시 동래구 명장동,중상사고,0,2,0,0,차대차 - 측면충돌,안전거리미확보,건조,맑음,단일로 - 기타,원동기,남,70세,중상,건설기계,남,45세,상해없음
2018062200100428,2018년 6월 22일 16시,금요일,부산광역시 남구 감만동,중상사고,0,1,0,0,차대사람 - 기타,안전운전불이행,건조,맑음,단일로 - 기타,승용,여,57세,상해없음,보행자,여,86세,중상
2018062200100484,2018년 6월 22일 17시,금요일,부산광역시 금정구 부곡동,중상사고,0,1,0,1,차대차 - 측면충돌,교차로운행방법위반,건조,맑음,교차로 - 교차로부근,승용,남,18세,부상신고,승용,여,41세,중상
2018062200100485,2018년 6월 22일 17시,금요일,부산광역시 사하구 구평동,부상신고사고,0,0,0,1,차대사람 - 횡단중,안전운전불이행,건조,맑음,교차로 - 교차로부근,승용,남,30세,상해없음,보행자,여,29세,부상신고
2018062200100536,2018년 6월 22일 18시,금요일,부산광역시 남구 용호동,중상사고,0,1,0,0,차대차 - 측면충돌,교차로운행방법위반,건조,맑음,교차로 - 교차로안,승용,남,60세,상해없음,승용,남,48세,중상
2018062200100537,2018년 6월 22일 18시,금요일,부산광역시 사하구 괴정동,경상사고,0,0,1,0,차대사람 - 차도통행중,안전운전불이행,건조,맑음,단일로 - 지하차도(도로)내,승용,남,54세,상해없음,보행자,남,28세,경상
2018062200100538,2018년 6월 22일 18시,금요일,부산광역시 연제구 연산동,중상사고,0,1,0,0,차대차 - 기타,신호위반,건조,맑음,단일로 - 기타,승용,남,69세,상해없음,이륜,남,24세,중상
2018062200100592,2018년 6월 22일 19시,금요일,부산광역시 사상구 학장동,부상신고사고,0,0,0,1,차대차 - 기타,교차로운행방법위반,건조,맑음,교차로 - 교차로안,승용,여,52세,부상신고,승용,남,30세,상해없음
2018062200100636,2018년 6월 22일 20시,금요일,부산광역시 남구 대연동,경상사고,0,0,1,0,차대차 - 기타,안전운전불이행,건조,맑음,단일로 - 기타,원동기,남,18세,경상,승용,남,35세,기타불명
2018062200100637,2018년 6월 22일 20시,금요일,부산광역시 수영구 광안동,경상사고,0,0,1,0,차대차 - 기타,안전운전불이행,건조,맑음,교차로 - 교차로안,이륜,여,58세,경상,승용,남,51세,상해없음
2018062200100638,2018년 6월 22일 20시,금요일,부산광역시 해운대구 중동,경상사고,0,0,1,0,차대차 - 기타,안전거리미확보,건조,맑음,단일로 - 기타,기타불명,기타불명,미분류,기타불명,승합,남,48세,상해없음
2018062200100639,2018년 6월 22일 20시,금요일,부산광역시 연제구 거제동,중상사고,0,1,0,0,차대차 - 측면충돌,안전운전불이행,건조,맑음,교차로 - 교차로안,화물,남,41세,상해없음,자전거,남,42세,중상
2018062200100678,2018년 6월 22일 21시,금요일,부산광역시 서구 서대신동2가,경상사고,0,0,1,0,차대사람 - 기타,안전운전불이행,건조,맑음,단일로 - 기타,승용,남,56세,상해없음,보행자,남,65세,경상