사고번호,사고일시,요일,시군구,사고내용,사망자수,중상자수,경상자수,부상신고자수,사고유형,법규위반,노면상태,기상상태,도로형태,가해운전자 차종,가해운전자 성별,가해운전자 연령,가해운전자 상해정도,피해운전자 차종,피해운전자 성별,피해운전자 연령,피해운전자 상해정도
2018071200100487,2018년 7월 12일 19시,목요일,부산광역시 연제구 연산동,경상사고,0,0,1,0,차대사람 - 기타,안전운전불이행,건조,맑음,단일로 - 기타,화물,남,24세,상해없음,보행자,여,28세,경상
2018071200100548,2018년 7월 12일 21시,목요일,부산광역시 중구 남포동6가,중상사고,0,1,1,0,차대차 - 추돌,안전거리미확보,건조,맑음,교차로 - 교차로부근,승용,남,76세,상해없음,승용,여,43세,중상
2018071200100549,2018년 7월 12일 21시,목요일,부산광역시 부산진구 범천동,중상사고,0,1,0,0,차대차 - 기타,차로위반,건조,맑음,단일로 - 기타,승용,남,63세,상해없음,승용,남,35세,중상
2018071200100594,2018년 7월 12일 23시,목요일,부산광역시 해운대구 우동,중상사고,0,1,0,0,차대사람 - 횡단중,안전운전불이행,건조,맑음,단일로 - 기타,승용,남,60세,상해없음,보행자,남,69세,중상
2018071200100595,2018년 7월 12일 23시,목요일,부산광역시 수영구 망미동,경상사고,0,0,2,0,차대차 - 측면충돌,안전운전불이행,건조,맑음,단일로 - 기타,승용,남,35세,상해없음,승용,남,31세,경상
2018071300100017,2018년 7월 13일 01시,금요일,부산광역시 기장군 정관읍,부상신고사고,0,0,0,1,차량단독 - 기타,안전운전불이행,건조,맑음,단일로 - 교량,이륜,남,41세,부상신고,,,,
2018071300100025,2018년 7월 13일 02시,금요일,부산광역시 수영구 민락동,경상사고,0,0,2,0,차대차 - 정면충돌,신호위반,건조,맑음,교차로 - 교차로안,승용,남,40세,상해없음,승용,남,56세,경상
2018071300100041,2018년 7월 13일 04시,금요일,부산광역시 해운대구 우동,경상사고,0,0,1,0,차대차 - 추돌,안전거리미확보,건조,맑음,단일로 - 기타,승용,남,37세,상해없음,승용,남,35세,경상
2018071300100057,2018년 7월 13일 06시,금요일,부산광역시 금정구 부곡동,경상사고,0,0,1,0,차대차 - 추돌,안전거리미확보,건조,맑음,교차로 - 교차로부근,화물,남,52세,상해없음,승용,남,43세,경상
2018071300100076,2018년 7월 13일 07시,금요일,부산광역시 강서구 명지동,경상사고,0,0,1,0,차대차 - 측면충돌,신호위반,건조,맑음,교차로 - 교차로안,승용,남,32세,상해없음,승용,여,44세,경상
2018071300100104,2018년 7월 13일 08시,금요일,부산광역시 서구 암남동,경상사고,0,0,1,1,차대차 - 측면충돌,안전거리미확보,건조,맑음,단일로 - 기타,승용,여,53세,상해없음,승용,여,44세,경상
2018071300100105,2018년 7월 13일 08시,금요일,부산광역시 부산진구 당감동,중상사고,0,1,0,0,차대사람 - 기타,안전운전불이행,건조,맑음,단일로 - 지하차도(도로)내,이륜,남,57세,상해없음,보행자,남,43세,중상
2018071300100106,2018년 7월 13일 08시,금요일,부산광역시 부산진구 개금동,경상사고,0,0,1,0,차대차 - 측면충돌,교차로운행방법위반,건조,맑음,교차로 - 교차로안,승용,여,47세,상해없음,승용,여,56세,경상
2018071300100107,2018년 7월 13일 08시,금요일,부산광역시 금정구 남산동,경상사고,0,0,1,0,차대차 - 추돌,안전운전불이행,건조,맑음,단일로 - 기타,승용,남,53세,상해없음,승용,여,32세,경상
2018071300100158,2018년 7월 13일 09시,금요일,부산광역시 영도구 남항동1가,경상사고,0,0,1,0,차대차 - 측면충돌,교차로운행방법위반,건조,맑음,교차로 - 교차로안,승용,여,41세,상해없음,승용,여,45세,경상
2018071300100159,2018년 7월 13일 09시,금요일,부산광역시 강서구 송정동,중상사고,0,1,1,0,차대차 - 측면충돌,신호위반,건조,맑음,교차로 - 교차로안,화물,남,49세,경상,화물,남,41세,중상
2018071300100160,2018년 7월 13일 09시,금요일,부산광역시 강서구 죽동동,중상사고,0,1,0,0,차대차 - 추돌,안전운전불이행,건조,맑음,단일로 - 기타,화물,남,50세,상해없음,승용,남,71세,중상
2018071300100194,2018년 7월 13일 10시,금요일,부산광역시 동래구 온천동,중상사고,0,1,0,0,차대사람 - 횡단중,보행자보호의무위반,건조,맑음,교차로 - 교차로횡단보도내,승용,남,36세,상해없음,보행자,남,85세,중상
2018071300100221,2018년 7월 13일 11시,금요일,부산광역시 동래구 명장동,경상사고,0,0,1,0,차대차 - 기타,차로위반,건조,맑음,교차로 - 교차로안,이륜,남,66세,경상,승용,남,59세,상해없음
2018071300100222,2018년 7월 13일 11시,금요일,부산광역시 부산진구 연지동,중상사고,0,1,0,0,차대차 - 측면충돌,신호위반,건조,맑음,교차로 - 교차로횡단보도내,이륜,남,26세,상해없음,자전거,남,80세,중상
2018071300100241,2018년 7월 13일 12시,금요일,부산광역시 부산진구 가야동,중상사고,0,1,0,0,차대사람 - 기타,안전운전불이행,건조,맑음,단일로 - 기타,승용,남,36세,상해없음,보행자,여,56세,중상
2018071300100269,2018년 7월 13일 13시,금요일,부산광역시 서구 토성동4가,중상사고,0,1,0,0,차대사람 - 차도통행중,안전운전불이행,건조,맑음,단일로 - 기타,승용,여,62세,상해없음,보행자,여,69세,중상
2018071300100270,2018년 7월 13일 13시,금요일,부산광역시 사하구 장림동,중상사고,0,1,0,0,차대사람 - 횡단중,보행자보호의무위반,건조,맑음,기타 - 기타,승용,남,41세,상해없음,보행자,여,48세,중상
2018071300100325,2018년 7월 13일 15시,금요일,부산광역시 부산진구 부전동,중상사고,0,2,0,0,차대차 - 측면충돌,신호위반,건조,맑음,교차로 - 교차로안,이륜,남,24세,중상,이륜,남,19세,중상
2018071300100355,2018년 7월 13일 16시,금요일,부산광역시 연제구 연산동,경상사고,0,0,1,0,차대차 - 측면충돌,안전거리미확보,건조,맑음,단일로 - 기타,승용,남,48세,상해없음,원동기,남,32세,경상
2018071300100390,2018년 7월 13일 17시,금요일,부산광역시 해운대구 반여동,경상사고,0,0,1,0,차대차 - 측면충돌,안전거리미확보,건조,맑음,단일로 - 기타,승용,여,42세,상해없음,화물,남,36세,경상
2018071300100391,2018년 7월 13일 17시,금요일,부산광역시 부산진구 양정동,중상사고,0,1,0,0,차대차 - 측면충돌,불법유턴,건조,맑음,교차로 - 교차로안,승합,남,49세,상해없음,승용,남,53세,중상
2018071300100456,2018년 7월 13일 18시,금요일,부산광역시 부산진구 부전동,중상사고,0,1,3,0,차대차 - 측면충돌,신호위반,건조,맑음,교차로 - 교차로안,승용,남,63세,상해없음,승용,남,55세,경상
2018071300100457,2018년 7월 13일 18시,금요일,부산광역시 강서구 대저2동,중상사고,0,1,0,0,차대차 - 측면충돌,안전운전불이행,건조,맑음,교차로 - 교차로안,화물,남,37세,상해없음,이륜,여,62세,중상
2018071300100458,2018년 7월 13일 18시,금요일,부산광역시 사상구 덕포동,중상사고,0,2,1,0,차대차 - 측면충돌,직진우회전진행방해,건조,맑음,교차로 - 교차로안,승용,남,55세,상해없음,승용,남,38세,중상
2018071300100545,2018년 7월 13일 20시,금요일,부산광역시 수영구 광안동,중상사고,0,1,1,0,차대차 - 측면충돌,안전운전불이행,건조,맑음,단일로 - 기타,승용,남,25세,중상,승용,남,49세,경상
2018071300100546,2018년 7월 13일 20시,금요일,부산광역시 연제구 연산동,경상사고,0,0,2,0,차대차 - 측면충돌,안전거리미확보,건조,맑음,단일로 - 기타,승용,여,55세,상해없음,승용,남,38세,경상
2018071300100587,2018년 7월 13일 21시,금요일,부산광역시 기장군 일광면,중상사고,0,1,1,0,차대차 - 추돌,안전운전불이행,건조,맑음,단일로 - 기타,승용,남,47세,상해없음,화물,남,58세,경상
2018071300100613,2018년 7월 13일 22시,금요일,부산광역시 부산진구 양정동,중상사고,0,2,0,0,차대차 - 측면충돌,안전운전불이행,건조,맑음,단일로 - 기타,승용,여,45세,상해없음,승용,남,45세,중상
2018071300100642,2018년 7월 13일 23시,금요일,부산광역시 수영구 광안동,경상사고,0,0,1,0,차대차 - 측면충돌,안전운전불이행,건조,맑음,단일로 - 기타,승용,여,37세,상해없음,승용,남,40세,상해없음
2018071300100643,2018년 7월 13일 23시,금요일,부산광역시 동래구 수안동,경상사고,0,0,1,0,차대사람 - 보도통행중,기타,건조,맑음,단일로 - 기타,승합,남,58세,상해없음,보행자,남,48세,경상
2018071400100004,2018년 7월 14일 00시,토요일,부산광역시 수영구 광안동,부상신고사고,0,0,0,1,차량단독 - 공작물충돌,안전운전불이행,건조,맑음,단일로 - 기타,이륜,남,19세,부상신고,,,,
2018071400100056,2018년 7월 14일 04시,토요일,부산광역시 금정구 장전동,경상사고,0,0,3,0,차대차 - 측면충돌,직진우회전진행방해,건조,맑음,교차로 - 교차로안,승용,남,51세,상해없음,승용,남,68세,경상
2018071400100091,2018년 7월 14일 07시,토요일,부산광역시 사하구 하단동,경상사고,0,0,1,0,차대차 - 측면충돌,안전거리미확보,건조,맑음,단일로 - 기타,승용,남,47세,경상,건설기계,남,44세,기타불명
2018071400100105,2018년 7월 14일 08시,토요일,부산광역시 북구 구포동,중상사고,0,1,0,0,차대차 - 추돌,안전운전불이행,건조,맑음,단일로 - 기타,승용,남,25세,상해없음,승합,남,36세,중상
2018071400100201,2018년 7월 14일 11시,토요일,부산광역시 부산진구 부암동,중상사고,0,1,0,0,차대사람 - 차도통행중,신호위반,건조,맑음,교차로 - 교차로부근,승용,남,74세,상해없음,보행자,여,26세,중상
2018071400100273,2018년 7월 14일 13시,토요일,부산광역시 동구 좌천동,경상사고,0,0,2,0,차대차 - 측면충돌,신호위반,건조,맑음,교차로 - 교차로안,이륜,남,56세,상해없음,승용,남,64세,경상
2018071400100274,2018년 7월 14일 13시,토요일,부산광역시 사상구 학장동,경상사고,0,0,1,0,차대차 - 측면충돌,안전거리미확보,건조,맑음,단일로 - 지하차도(도로)내,건설기계,남,48세,상해없음,승용,남,25세,경상
2018071400100303,2018년 7월 14일 14시,토요일,부산광역시 서구 아미동2가,경상사고,0,0,1,0,차대사람 - 차도통행중,안전운전불이행,건조,맑음,단일로 - 기타,화물,남,44세,상해없음,보행자,남,11세,경상
2018071400100304,2018년 7월 14일 14시,토요일,부산광역시 북구 덕천동,중상사고,0,1,1,1,차대차 - 기타,안전거리미확보,건조,맑음,단일로 - 기타,화물,남,34세,상해없음,승용,남,49세,중상
2018071400100305,2018년 7월 14일 14시,토요일,부산광역시 부산진구 양정동,중상사고,0,1,0,0,차대차 - 추돌,안전운전불이행,건조,맑음,교차로 - 교차로안,이륜,남,49세,상해없음,이륜,남,35세,중상
2018071400100347,2018년 7월 14일 15시,토요일,부산광역시 연제구 연산동,경상사고,0,0,1,0,차대차 - 기타,기타,건조,맑음,단일로 - 기타,화물,남,57세,상해없음,이륜,남,33세,경상
2018071400100384,2018년 7월 14일 16시,토요일,부산광역시 남구 대연동,경상사고,0,0,1,0,차대차 - 추돌,신호위반,건조,맑음,교차로 - 교차로안,승용,여,21세,상해없음,승용,여,35세,경상
2018071400100385,2018년 7월 14일 16시,토요일,부산광역시 북구 화명동,경상사고,0,0,1,0,차대사람 - 기타,안전운전불이행,건조,맑음,단일로 - 기타,승용,남,42세,상해없음,보행자,여,23세,경상
2018071400100386,2018년 7월 14일 16시,토요일,부산광역시 동래구 온천동,경상사고,0,0,1,0,차대차 - 기타,안전운전불이행,건조,맑음,단일로 - 기타,승용,여,52세,상해없음,승용,남,58세,경상
2018071400100438,2018년 7월 14일 17시,토요일,부산광역시 동래구 사직동,부상신고사고,0,0,0,1,차대차 - 측면충돌,중앙선침범,건조,맑음,단일로 - 기타,이륜,남,65세,부상신고,승용,남,53세,상해없음
2018071400100439,2018년 7월 14일 17시,토요일,부산광역시 수영구 수영동,경상사고,0,0,2,0,차대차 - 측면충돌,안전운전불이행,건조,맑음,교차로 - 교차로부근,승용,여,71세,상해없음,승용,남,52세,경상
2018071400100509,2018년 7월 14일 19시,토요일,부산광역시 남구 문현동,중상사고,0,1,0,0,차대사람 - 길가장자리구역통행중,안전운전불이행,건조,맑음,교차로 - 교차로안,화물,남,62세,상해없음,보행자,남,25세,중상
2018071400100510,2018년 7월 14일 19시,토요일,부산광역시 수영구 남천동,경상사고,0,0,1,0,차대차 - 측면충돌,안전운전불이행,건조,맑음,단일로 - 기타,이륜,남,51세,상해없음,원동기,여,27세,경상
2018071400100511,2018년 7월 14일 19시,토요일,부산광역시 사하구 하단동,중상사고,0,1,0,0,차대차 - 측면충돌,교차로운행방법위반,건조,맑음,교차로 - 교차로안,승용,남,36세,상해없음,승용,남,51세,중상
2018071400100512,2018년 7월 14일 19시,토요일,부산광역시 강서구 미음동,경상사고,0,0,1,0,차대사람 - 기타,안전운전불이행,건조,맑음,단일로 - 기타,승합,남,64세,상해없음,보행자,여,72세,경상
2018071400100548,2018년 7월 14일 20시,토요일,부산광역시 강서구 성북동,중상사고,0,1,0,0,차량단독 - 전도전복 - 전도,기타,건조,맑음,단일로 - 기타,이륜,남,63세,중상,미분류,미분류,미분류,미분류
2018071400100549,2018년 7월 14일 20시,토요일,부산광역시 강서구 명지동,중상사고,0,1,0,0,차대사람 - 보도통행중,보행자보호의무위반,건조,맑음,교차로 - 교차로횡단보도내,화물,남,48세,상해없음,보행자,남,3세,중상
2018071400100584,2018년 7월 14일 21시,토요일,부산광역시 해운대구 재송동,경상사고,0,0,1,0,차대차 - 측면충돌,안전운전불이행,건조,맑음,교차로 - 교차로안,승용,남,61세,상해없음,승용,여,44세,경상
2018071400100585,2018년 7월 14일 21시,토요일,부산광역시 부산진구 부전동,경상사고,0,0,1,0,차대사람 - 기타,안전운전불이행,건조,맑음,단일로 - 기타,승용,남,58세,상해없음,보행자,남,67세,경상
2018071400100613,2018년 7월 14일 22시,토요일,부산광역시 해운대구 우동,경상사고,0,0,1,0,차대차 - 추돌,안전거리미확보,건조,맑음,단일로 - 기타,승용,남,27세,상해없음,승용,남,46세,경상
2018071400100637,2018년 7월 14일 23시,토요일,부산광역시 수영구 망미동,중상사고,0,1,0,0,차대사람 - 횡단중,안전운전불이행,건조,맑음,기타 - 기타,이륜,남,20세,상해없음,보행자,여,53세,중상
2018071400100638,2018년 7월 14일 23시,토요일,부산광역시 사상구 주례동,중상사고,0,1,8,0,차대차 - 추돌,안전운전불이행,건조,맑음,단일로 - 기타,승용,남,74세,기타불명,승용,남,56세,경상
2018071500100009,2018년 7월 15일 00시,일요일,부산광역시 중구 동광동1가,경상사고,0,0,1,0,차대차 - 기타,교차로운행방법위반,건조,맑음,교차로 - 교차로안,기타불명,기타불명,미분류,기타불명,이륜,남,16세,경상
2018071500100023,2018년 7월 15일 01시,일요일,부산광역시 남구 대연동,경상사고,0,0,1,0,차대차 - 기타,안전운전불이행,건조,맑음,교차로 - 교차로안,승용,남,50세,상해없음,승용,남,29세,경상
2018071500100090,2018년 7월 15일 08시,일요일,부산광역시 수영구 민락동,부상신고사고,0,0,0,1,차대차 - 추돌,안전운전불이행,건조,맑음,단일로 - 기타,이륜,남,34세,부상신고,승용,남,58세,상해없음
2018071500100091,2018년 7월 15일 08시,일요일,부산광역시 연제구 거제동,경상사고,0,0,1,0,차대차 - 기타,안전거리미확보,건조,맑음,단일로 - 기타,승용,남,75세,상해없음,승용,남,58세,상해없음
2018071500100105,2018년 7월 15일 09시,일요일,부산광역시 수영구 남천동,중상사고,0,1,0,0,차대차 - 기타,안전운전불이행,건조,맑음,기타 - 기타,화물,남,55세,상해없음,이륜,남,67세,중상
2018071500100106,2018년 7월 15일 09시,일요일,부산광역시 사상구 괘법동,중상사고,0,1,0,1,차대차 - 측면충돌,신호위반,건조,맑음,교차로 - 교차로부근,승용,여,43세,부상신고,이륜,남,49세,중상
2018071500100119,2018년 7월 15일 10시,일요일,부산광역시 사하구 괴정동,중상사고,0,2,2,0,차대차 - 측면충돌,안전거리미확보,건조,맑음,단일로 - 기타,승용,여,58세,상해없음,승용,남,53세,경상
2018071500100120,2018년 7월 15일 10시,일요일,부산광역시 사하구 괴정동,경상사고,0,0,1,0,차대사람 - 차도통행중,안전운전불이행,건조,맑음,교차로 - 교차로부근,승용,남,54세,상해없음,보행자,여,61세,경상
2018071500100140,2018년 7월 15일 11시,일요일,부산광역시 동래구 사직동,경상사고,0,0,2,0,차대차 - 추돌,안전거리미확보,건조,맑음,단일로 - 기타,승용,남,68세,상해없음,승용,남,50세,경상
2018071500100141,2018년 7월 15일 11시,일요일,부산광역시 동래구 사직동,부상신고사고,0,0,0,1,차량단독 - 전도전복 - 전도,기타,건조,맑음,단일로 - 기타,원동기,남,23세,부상신고,미분류,미분류,미분류,미분류
2018071500100169,2018년 7월 15일 12시,일요일,부산광역시 해운대구 우동,중상사고,0,1,0,0,차대사람 - 횡단중,신호위반,건조,맑음,단일로 - 기타,승용,남,26세,상해없음,보행자,남,75세,중상
2018071500100170,2018년 7월 15일 12시,일요일,부산광역시 사상구 감전동,중상사고,0,1,0,1,차대차 - 측면충돌,신호위반,건조,맑음,교차로 - 교차로안,이륜,남,30세,부상신고,이륜,남,31세,중상
2018071500100227,2018년 7월 15일 14시,일요일,부산광역시 연제구 연산동,경상사고,0,0,1,0,차대차 - 측면충돌,직진우회전진행방해,건조,맑음,단일로 - 기타,화물,남,46세,상해없음,이륜,남,29세,경상
2018071500100283,2018년 7월 15일 16시,일요일,부산광역시 동래구 수안동,경상사고,0,0,1,0,차대차 - 기타,안전운전불이행,건조,맑음,교차로 - 교차로안,이륜,남,58세,경상,승용,남,60세,상해없음
2018071500100284,2018년 7월 15일 16시,일요일,부산광역시 부산진구 당감동,중상사고,0,1,0,0,차대사람 - 기타,안전운전불이행,건조,맑음,단일로 - 기타,승용,여,53세,상해없음,보행자,여,73세,중상
2018071500100285,2018년 7월 15일 16시,일요일,부산광역시 부산진구 양정동,경상사고,0,0,2,0,차대차 - 기타,안전운전불이행,건조,맑음,단일로 - 기타,기타불명,기타불명,미분류,기타불명,승용,남,35세,경상
2018071500100318,2018년 7월 15일 17시,일요일,부산광역시 동래구 명장동,경상사고,0,0,1,0,차대차 - 측면충돌,안전거리미확보,건조,맑음,단일로 - 기타,이륜,여,52세,상해없음,이륜,남,23세,경상
2018071500100319,2018년 7월 15일 17시,일요일,부산광역시 기장군 정관읍,중상사고,0,1,0,0,차대차 - 측면충돌,안전운전불이행,건조,맑음,단일로 - 기타,승용,남,35세,상해없음,승용,남,58세,상해없음
2018071500100348,2018년 7월 15일 18시,일요일,부산광역시 강서구 명지동,부상신고사고,0,0,0,1,차대차 - 측면충돌,신호위반,건조,맑음,교차로 - 교차로안,승용,남,73세,상해없음,승용,남,28세,부상신고
2018071500100372,2018년 7월 15일 19시,일요일,부산광역시 연제구 연산동,중상사고,0,1,0,0,차대사람 - 횡단중,안전운전불이행,건조,맑음,단일로 - 기타,승용,남,36세,상해없음,보행자,여,34세,중상
2018071500100397,2018년 7월 15일 20시,일요일,부산광역시 수영구 망미동,경상사고,0,0,1,0,차대차 - 측면충돌,교차로운행방법위반,건조,맑음,교차로 - 교차로횡단보도내,승용,남,57세,상해없음,이륜,남,33세,경상
2018071500100425,2018년 7월 15일 21시,일요일,부산광역시 동구 범일동,경상사고,0,0,2,1,차대차 - 측면충돌,안전운전불이행,건조,맑음,교차로 - 교차로부근,승용,남,63세,상해없음,승용,남,58세,경상
2018071500100426,2018년 7월 15일 21시,일요일,부산광역시 동래구 명륜동,경상사고,0,0,1,0,차대사람 - 횡단중,안전운전불이행,건조,맑음,교차로 - 교차로부근,승용,남,48세,상해없음,보행자,남,58세,경상
2018071500100446,2018년 7월 15일 22시,일요일,부산광역시 금정구 장전동,경상사고,0,0,2,0,차대차 - 측면충돌,차로위반,건조,맑음,교차로 - 교차로부근,승용,남,22세,상해없음,이륜,남,18세,경상
2018071500100447,2018년 7월 15일 22시,일요일,부산광역시 사하구 하단동,경상사고,0,0,3,0,차대차 - 측면충돌,신호위반,건조,맑음,기타 - 기타,승용,여,45세,상해없음,승용,여,29세,경상
2018071500100448,2018년 7월 15일 22시,일요일,부산광역시 사하구 신평동,중상사고,0,1,2,0,차대차 - 정면충돌,신호위반,건조,맑음,기타 - 기타,이륜,남,24세,중상,승용,남,45세,상해없음
2018071500100468,2018년 7월 15일 23시,일요일,부산광역시 서구 토성동5가,중상사고,0,2,0,0,차대차 - 측면충돌,기타,건조,맑음,단일로 - 기타,승용,남,60세,상해없음,원동기,남,29세,중상
2018071500100469,2018년 7월 15일 23시,일요일,부산광역시 북구 만덕동,경상사고,0,0,5,0,차대차 - 측면충돌,교차로운행방법위반,건조,맑음,교차로 - 교차로안,승용,남,52세,상해없음,승용,남,20세,경상
2018071500100470,2018년 7월 15일 23시,일요일,부산광역시 동래구 사직동,중상사고,0,1,0,0,차대차 - 측면충돌,중앙선침범,건조,맑음,단일로 - 기타,이륜,남,22세,상해없음,원동기,남,22세,중상
2018071500100471,2018년 7월 15일 23시,일요일,부산광역시 해운대구 우동,경상사고,0,0,3,0,차대차 - 추돌,안전운전불이행,건조,맑음,단일로 - 기타,승용,남,42세,상해없음,승용,남,27세,경상
2018071600100005,2018년 7월 16일 00시,월요일,부산광역시 사하구 괴정동,경상사고,0,0,1,0,차대차 - 정면충돌,신호위반,건조,맑음,교차로 - 교차로안,승용,남,54세,상해없음,승용,남,45세,경상
2018071600100041,2018년 7월 16일 05시,월요일,부산광역시 영도구 대교동1가,경상사고,0,0,1,0,차대차 - 정면충돌,신호위반,건조,맑음,교차로 - 교차로안,승용,남,53세,상해없음,화물,남,61세,경상
2018071600100042,2018년 7월 16일 05시,월요일,부산광역시 사하구 괴정동,중상사고,0,1,0,0,차대차 - 측면충돌,신호위반,건조,맑음,교차로 - 교차로안,승용,남,19세,상해없음,승용,남,72세,중상
2018071600100065,2018년 7월 16일 07시,월요일,부산광역시 사상구 감전동,경상사고,0,0,1,0,차대사람 - 횡단중,보행자보호의무위반,건조,맑음,교차로 - 교차로안,화물,남,28세,상해없음,보행자,여,54세,경상
2018071600100093,2018년 7월 16일 08시,월요일,부산광역시 수영구 민락동,부상신고사고,0,0,0,1,차대차 - 측면충돌,안전운전불이행,건조,맑음,단일로 - 기타,이륜,남,53세,부상신고,승용,남,81세,상해없음
2018071600100094,2018년 7월 16일 08시,월요일,부산광역시 남구 대연동,부상신고사고,0,0,0,1,차대차 - 기타,교차로운행방법위반,건조,맑음,미분류 - 미분류,승용,남,35세,상해없음,승용,여,40세,부상신고
2018071600100095,2018년 7월 16일 08시,월요일,부산광역시 강서구 강동동,경상사고,0,0,1,0,차대차 - 정면충돌,중앙선침범,건조,맑음,단일로 - 기타,승용,남,50세,상해없음,승용,남,68세,경상
2018071600100150,2018년 7월 16일 09시,월요일,부산광역시 남구 용당동,경상사고,0,0,1,0,차대차 - 측면충돌,신호위반,건조,맑음,교차로 - 교차로안,승용,여,71세,상해없음,승용,남,56세,경상
2018071600100183,2018년 7월 16일 10시,월요일,부산광역시 해운대구 우동,중상사고,0,1,0,0,차대사람 - 횡단중,보행자보호의무위반,건조,맑음,교차로 - 교차로횡단보도내,화물,남,42세,상해없음,보행자,여,34세,중상
2018071600100184,2018년 7월 16일 10시,월요일,부산광역시 금정구 구서동,경상사고,0,0,2,0,차대차 - 측면충돌,직진우회전진행방해,건조,맑음,교차로 - 교차로안,승용,여,31세,경상,승용,남,76세,경상
2018071600100212,2018년 7월 16일 11시,월요일,부산광역시 동래구 온천동,경상사고,0,0,1,0,차대차 - 기타,안전운전불이행,건조,맑음,단일로 - 기타,승용,남,43세,기타불명,이륜,남,22세,경상
2018071600100213,2018년 7월 16일 11시,월요일,부산광역시 금정구 구서동,중상사고,0,1,0,0,차대차 - 측면충돌,직진우회전진행방해,건조,맑음,교차로 - 교차로안,승용,여,46세,상해없음,원동기,남,58세,중상
2018071600100214,2018년 7월 16일 11시,월요일,부산광역시 사상구 덕포동,경상사고,0,0,1,0,차대차 - 추돌,안전거리미확보,건조,맑음,단일로 - 기타,승합,남,45세,상해없음,승용,남,23세,경상
2018071600100276,2018년 7월 16일 13시,월요일,부산광역시 사하구 하단동,경상사고,0,0,2,0,차대차 - 기타,차로위반,건조,맑음,단일로 - 기타,승용,남,81세,상해없음,승용,남,23세,경상
2018071600100277,2018년 7월 16일 13시,월요일,부산광역시 강서구 성북동,사망사고,2,0,1,0,차대차 - 측면충돌,중앙선침범,건조,맑음,교차로 - 교차로부근,특수,남,55세,사망,특수,남,55세,경상
2018071600100350,2018년 7월 16일 15시,월요일,부산광역시 수영구 광안동,중상사고,0,3,0,0,차대차 - 측면충돌,안전운전불이행,건조,맑음,단일로 - 기타,승용,남,33세,상해없음,승합,여,63세,상해없음
2018071600100383,2018년 7월 16일 16시,월요일,부산광역시 해운대구 재송동,중상사고,0,1,0,0,차대사람 - 길가장자리구역통행중,중앙선침범,건조,맑음,단일로 - 기타,승용,여,56세,상해없음,보행자,여,26세,중상
2018071600100384,2018년 7월 16일 16시,월요일,부산광역시 부산진구 당감동,중상사고,0,1,0,0,차대차 - 기타,안전운전불이행,건조,맑음,교차로 - 교차로부근,승용,남,67세,상해없음,이륜,여,71세,중상
2018071600100385,2018년 7월 16일 16시,월요일,부산광역시 강서구 동선동,경상사고,0,0,2,0,차대차 - 추돌,안전운전불이행,건조,맑음,단일로 - 터널,승합,남,59세,상해없음,건설기계,남,58세,상해없음
2018071600100423,2018년 7월 16일 17시,월요일,부산광역시 강서구 동선동,경상사고,0,0,1,0,차대차 - 추돌,안전운전불이행,건조,맑음,단일로 - 기타,승용,남,46세,경상,화물,남,66세,상해없음
2018071600100424,2018년 7월 16일 17시,월요일,부산광역시 강서구 동선동,중상사고,0,1,0,0,차량단독 - 기타,기타,건조,맑음,단일로 - 기타,승합,남,64세,상해없음,,,,
2018071600100425,2018년 7월 16일 17시,월요일,부산광역시 사상구 감전동,중상사고,0,1,0,0,차대사람 - 기타,안전운전불이행,건조,맑음,단일로 - 지하차도(도로)내,화물,남,52세,상해없음,보행자,여,78세,중상
2018071600100478,2018년 7월 16일 18시,월요일,부산광역시 동구 좌천동,경상사고,0,0,1,0,차대차 - 측면충돌,안전운전불이행,건조,맑음,단일로 - 기타,승합,남,70세,상해없음,승용,여,37세,경상
2018071600100479,2018년 7월 16일 18시,월요일,부산광역시 연제구 거제동,경상사고,0,0,1,0,차대차 - 기타,안전운전불이행,건조,맑음,단일로 - 기타,화물,남,64세,상해없음,이륜,남,32세,경상
2018071600100528,2018년 7월 16일 19시,월요일,부산광역시 남구 대연동,경상사고,0,0,1,0,차대차 - 측면충돌,안전운전불이행,건조,맑음,교차로 - 교차로안,승용,남,58세,상해없음,승용,여,61세,경상
2018071600100559,2018년 7월 16일 20시,월요일,부산광역시 연제구 연산동,경상사고,0,0,1,0,차대차 - 측면충돌,안전거리미확보,건조,맑음,단일로 - 기타,승용,여,59세,상해없음,승용,남,42세,경상
2018071600100585,2018년 7월 16일 21시,월요일,부산광역시 사하구 당리동,부상신고사고,0,0,0,1,차대차 - 기타,불법유턴,건조,맑음,교차로 - 교차로안,자전거,남,14세,부상신고,승용,남,40세,상해없음
2018071600100586,2018년 7월 16일 21시,월요일,부산광역시 연제구 연산동,경상사고,0,0,1,0,차대차 - 측면충돌,중앙선침범,건조,맑음,교차로 - 교차로횡단보도내,이륜,남,14세,상해없음,이륜,남,20세,경상
2018071600100587,2018년 7월 16일 21시,월요일,부산광역시 기장군 기장읍,경상사고,0,0,1,0,차대차 - 기타,교차로운행방법위반,건조,맑음,교차로 - 교차로안,승용,남,55세,기타불명,승용,여,45세,경상
2018071700100026,2018년 7월 17일 02시,화요일,부산광역시 해운대구 중동,중상사고,0,1,0,0,차대차 - 추돌,신호위반,건조,맑음,교차로 - 교차로안,승용,남,40세,상해없음,이륜,남,27세,중상