사고번호,사고일시,요일,시군구,사고내용,사망자수,중상자수,경상자수,부상신고자수,사고유형,법규위반,노면상태,기상상태,도로형태,가해운전자 차종,가해운전자 성별,가해운전자 연령,가해운전자 상해정도,피해운전자 차종,피해운전자 성별,피해운전자 연령,피해운전자 상해정도
2018071700100059,2018년 7월 17일 05시,화요일,부산광역시 부산진구 당감동,중상사고,0,1,0,0,차대차 - 추돌,안전운전불이행,건조,맑음,단일로 - 터널,승용,남,34세,상해없음,화물,남,66세,중상
2018071700100081,2018년 7월 17일 07시,화요일,부산광역시 북구 구포동,경상사고,0,0,1,0,차대사람 - 기타,안전운전불이행,건조,맑음,교차로 - 교차로안,승용,여,50세,상해없음,보행자,여,61세,경상
2018071700100108,2018년 7월 17일 08시,화요일,부산광역시 해운대구 좌동,경상사고,0,0,1,0,차대사람 - 횡단중,안전운전불이행,건조,맑음,기타 - 기타,승용,여,37세,상해없음,보행자,여,13세,경상
2018071700100109,2018년 7월 17일 08시,화요일,부산광역시 수영구 수영동,경상사고,0,0,1,0,차대차 - 측면충돌,직진우회전진행방해,건조,맑음,교차로 - 교차로안,승용,남,58세,상해없음,승합,여,41세,경상
2018071700100110,2018년 7월 17일 08시,화요일,부산광역시 사상구 감전동,경상사고,0,0,2,0,차대차 - 측면충돌,교차로운행방법위반,건조,맑음,교차로 - 교차로안,건설기계,남,57세,상해없음,승용,남,59세,경상
2018071700100154,2018년 7월 17일 09시,화요일,부산광역시 북구 구포동,경상사고,0,0,2,0,차대차 - 측면충돌,신호위반,건조,맑음,단일로 - 기타,승용,남,27세,상해없음,화물,남,26세,경상
2018071700100155,2018년 7월 17일 09시,화요일,부산광역시 해운대구 좌동,중상사고,0,1,0,0,차대사람 - 기타,안전운전불이행,건조,맑음,단일로 - 기타,기타불명,기타불명,미분류,기타불명,보행자,남,81세,중상
2018071700100156,2018년 7월 17일 09시,화요일,부산광역시 사상구 학장동,중상사고,0,1,2,0,차대차 - 측면충돌,안전운전불이행,건조,맑음,단일로 - 고가도로위,특수,남,61세,상해없음,승용,남,38세,경상
2018071700100157,2018년 7월 17일 09시,화요일,부산광역시 강서구 대저1동,중상사고,0,1,0,0,차대차 - 추돌,안전운전불이행,건조,맑음,단일로 - 기타,승합,남,47세,상해없음,승용,남,33세,중상
2018071700100195,2018년 7월 17일 10시,화요일,부산광역시 서구 서대신동3가,경상사고,0,0,1,0,차대차 - 측면충돌,교차로운행방법위반,건조,맑음,교차로 - 교차로안,승용,남,19세,경상,화물,남,31세,상해없음
2018071700100196,2018년 7월 17일 10시,화요일,부산광역시 영도구 청학동,중상사고,0,2,1,0,차대차 - 측면충돌,안전운전불이행,건조,맑음,단일로 - 기타,승용,남,35세,상해없음,승용,남,45세,중상
2018071700100228,2018년 7월 17일 11시,화요일,부산광역시 영도구 청학동,경상사고,0,0,4,0,차대차 - 측면충돌,안전운전불이행,건조,맑음,단일로 - 기타,승용,여,50세,상해없음,승용,남,38세,경상
2018071700100229,2018년 7월 17일 11시,화요일,부산광역시 해운대구 좌동,중상사고,0,1,3,0,차대차 - 정면충돌,신호위반,건조,맑음,교차로 - 교차로안,승용,여,45세,상해없음,승용,여,49세,경상
2018071700100230,2018년 7월 17일 11시,화요일,부산광역시 사상구 주례동,경상사고,0,0,1,0,차대차 - 측면충돌,안전운전불이행,건조,맑음,단일로 - 지하차도(도로)내,건설기계,남,72세,상해없음,이륜,남,23세,경상
2018071700100274,2018년 7월 17일 12시,화요일,부산광역시 해운대구 반송동,중상사고,0,1,0,0,차대차 - 측면충돌,중앙선침범,건조,맑음,단일로 - 기타,자전거,남,54세,중상,승용,여,49세,상해없음
2018071700100275,2018년 7월 17일 12시,화요일,부산광역시 사상구 엄궁동,경상사고,0,0,2,0,차대차 - 측면충돌,안전운전불이행,건조,맑음,단일로 - 지하차도(도로)내,승용,남,60세,상해없음,이륜,남,24세,경상
2018071700100276,2018년 7월 17일 12시,화요일,부산광역시 사상구 감전동,경상사고,0,0,1,0,차대차 - 측면충돌,교차로운행방법위반,건조,맑음,교차로 - 교차로안,승용,남,60세,상해없음,승용,남,40세,경상
2018071700100305,2018년 7월 17일 13시,화요일,부산광역시 수영구 남천동,경상사고,0,0,4,0,차대차 - 추돌,안전운전불이행,건조,맑음,교차로 - 교차로안,화물,남,55세,상해없음,승용,여,26세,경상
2018071700100306,2018년 7월 17일 13시,화요일,부산광역시 동래구 안락동,중상사고,0,1,0,0,차대차 - 측면충돌,안전운전불이행,건조,맑음,교차로 - 교차로안,화물,남,33세,상해없음,이륜,남,60세,중상
2018071700100377,2018년 7월 17일 15시,화요일,부산광역시 북구 덕천동,경상사고,0,0,3,0,차대차 - 추돌,안전운전불이행,건조,맑음,단일로 - 기타,승용,남,72세,상해없음,승용,여,47세,경상
2018071700100422,2018년 7월 17일 16시,화요일,부산광역시 서구 암남동,경상사고,0,0,3,0,차대차 - 추돌,안전운전불이행,건조,맑음,단일로 - 기타,승용,남,61세,상해없음,승용,여,48세,경상
2018071700100423,2018년 7월 17일 16시,화요일,부산광역시 사하구 괴정동,경상사고,0,0,1,0,차대차 - 기타,안전운전불이행,건조,맑음,교차로 - 교차로안,이륜,남,23세,경상,승용,남,34세,상해없음
2018071700100424,2018년 7월 17일 16시,화요일,부산광역시 기장군 철마면,중상사고,0,2,0,0,차대차 - 추돌,안전운전불이행,건조,맑음,단일로 - 기타,승용,남,32세,상해없음,승용,남,43세,중상
2018071700100469,2018년 7월 17일 17시,화요일,부산광역시 남구 용호동,중상사고,0,1,0,0,차대사람 - 기타,교차로운행방법위반,건조,맑음,교차로 - 교차로부근,승용,남,46세,상해없음,보행자,여,48세,중상
2018071700100518,2018년 7월 17일 18시,화요일,부산광역시 해운대구 우동,중상사고,0,1,2,0,차대차 - 측면충돌,안전거리미확보,건조,맑음,단일로 - 기타,승용,남,84세,상해없음,승합,남,49세,상해없음
2018071700100558,2018년 7월 17일 19시,화요일,부산광역시 연제구 연산동,중상사고,0,1,0,0,차대차 - 측면충돌,기타,건조,맑음,단일로 - 기타,승용,남,69세,상해없음,이륜,남,45세,중상
2018071700100591,2018년 7월 17일 20시,화요일,부산광역시 북구 만덕동,경상사고,0,0,1,0,차대차 - 측면충돌,안전거리미확보,건조,맑음,단일로 - 기타,승용,남,66세,상해없음,승용,남,51세,경상
2018071700100592,2018년 7월 17일 20시,화요일,부산광역시 해운대구 우동,경상사고,0,0,1,0,차대차 - 기타,안전운전불이행,건조,맑음,교차로 - 교차로안,승용,남,39세,상해없음,승용,여,55세,경상
2018071700100658,2018년 7월 17일 22시,화요일,부산광역시 사하구 괴정동,중상사고,0,1,0,0,차대사람 - 횡단중,안전운전불이행,건조,맑음,단일로 - 기타,승용,여,39세,상해없음,보행자,여,70세,중상
2018071700100680,2018년 7월 17일 23시,화요일,부산광역시 서구 서대신동2가,경상사고,0,0,1,0,차대차 - 측면충돌,교차로운행방법위반,건조,맑음,교차로 - 교차로부근,승용,남,55세,상해없음,승용,남,55세,상해없음
2018071800100022,2018년 7월 18일 01시,수요일,부산광역시 수영구 민락동,중상사고,0,1,0,0,차대사람 - 기타,안전운전불이행,건조,맑음,단일로 - 기타,기타불명,기타불명,미분류,기타불명,보행자,남,58세,중상
2018071800100047,2018년 7월 18일 05시,수요일,부산광역시 부산진구 범천동,중상사고,0,1,1,0,차대차 - 기타,중앙선침범,건조,맑음,교차로 - 교차로부근,이륜,남,67세,상해없음,이륜,남,23세,중상
2018071800100059,2018년 7월 18일 06시,수요일,부산광역시 사상구 엄궁동,중상사고,0,1,0,0,차대사람 - 기타,안전운전불이행,건조,맑음,기타 - 기타,건설기계,남,55세,상해없음,보행자,여,63세,중상
2018071800100074,2018년 7월 18일 07시,수요일,부산광역시 강서구 미음동,중상사고,0,2,0,0,차대차 - 추돌,과속,건조,맑음,교차로 - 교차로부근,승용,남,32세,중상,승용,남,49세,중상
2018071800100107,2018년 7월 18일 08시,수요일,부산광역시 남구 용호동,경상사고,0,0,1,0,차대사람 - 기타,안전운전불이행,건조,맑음,단일로 - 기타,승합,남,42세,상해없음,보행자,남,14세,경상
2018071800100108,2018년 7월 18일 08시,수요일,부산광역시 부산진구 당감동,경상사고,0,0,1,0,차대차 - 측면충돌,안전운전불이행,건조,맑음,단일로 - 기타,승용,남,32세,상해없음,자전거,남,79세,경상
2018071800100149,2018년 7월 18일 09시,수요일,부산광역시 부산진구 개금동,중상사고,0,1,0,0,차대사람 - 횡단중,안전운전불이행,건조,맑음,교차로 - 교차로안,승용,남,58세,상해없음,보행자,여,70세,중상
2018071800100190,2018년 7월 18일 10시,수요일,부산광역시 해운대구 반여동,경상사고,0,0,1,0,차대차 - 추돌,안전운전불이행,건조,맑음,단일로 - 기타,승용,남,40세,상해없음,승용,남,61세,경상
2018071800100238,2018년 7월 18일 12시,수요일,부산광역시 남구 대연동,중상사고,0,1,0,0,차대사람 - 횡단중,보행자보호의무위반,건조,맑음,교차로 - 교차로부근,승용,남,60세,상해없음,보행자,여,68세,중상
2018071800100239,2018년 7월 18일 12시,수요일,부산광역시 북구 금곡동,경상사고,0,0,1,0,차대사람 - 횡단중,보행자보호의무위반,건조,맑음,단일로 - 기타,화물,남,63세,상해없음,보행자,여,72세,경상
2018071800100240,2018년 7월 18일 12시,수요일,부산광역시 영도구 신선동1가,중상사고,0,1,0,0,차대차 - 측면충돌,중앙선침범,건조,맑음,교차로 - 교차로부근,이륜,남,63세,상해없음,이륜,여,62세,중상
2018071800100241,2018년 7월 18일 12시,수요일,부산광역시 부산진구 부전동,경상사고,0,0,1,0,차대사람 - 기타,중앙선침범,건조,맑음,단일로 - 기타,이륜,남,25세,상해없음,보행자,남,24세,경상
2018071800100242,2018년 7월 18일 12시,수요일,부산광역시 연제구 연산동,중상사고,0,1,1,0,차대차 - 측면충돌,차로위반,건조,맑음,단일로 - 기타,특수,남,40세,상해없음,승용,남,37세,경상
2018071800100275,2018년 7월 18일 13시,수요일,부산광역시 서구 부용동2가,경상사고,0,0,1,0,차대차 - 기타,안전운전불이행,건조,맑음,교차로 - 교차로안,승용,여,56세,상해없음,원동기,남,19세,경상
2018071800100276,2018년 7월 18일 13시,수요일,부산광역시 북구 덕천동,경상사고,0,0,1,0,차대차 - 기타,안전운전불이행,건조,맑음,교차로 - 교차로안,승용,여,24세,상해없음,승용,여,51세,경상
2018071800100277,2018년 7월 18일 13시,수요일,부산광역시 북구 덕천동,중상사고,0,1,0,0,차대차 - 기타,신호위반,건조,맑음,교차로 - 교차로안,이륜,남,69세,상해없음,이륜,남,20세,중상
2018071800100302,2018년 7월 18일 14시,수요일,부산광역시 중구 영주동,경상사고,0,0,1,0,차대차 - 측면충돌,안전운전불이행,건조,맑음,단일로 - 기타,승용,여,73세,상해없음,승용,여,59세,경상
2018071800100303,2018년 7월 18일 14시,수요일,부산광역시 연제구 거제동,경상사고,0,0,2,0,차대차 - 측면충돌,안전거리미확보,건조,맑음,교차로 - 교차로부근,승용,남,69세,상해없음,승용,남,46세,상해없음
2018071800100336,2018년 7월 18일 15시,수요일,부산광역시 서구 토성동5가,경상사고,0,0,1,0,차대차 - 정면충돌,신호위반,건조,맑음,교차로 - 교차로안,화물,남,60세,상해없음,원동기,남,21세,경상
2018071800100371,2018년 7월 18일 16시,수요일,부산광역시 중구 대청동3가,중상사고,0,1,0,0,차대차 - 측면충돌,차로위반,건조,맑음,교차로 - 교차로안,승용,여,60세,상해없음,승용,남,43세,중상
2018071800100372,2018년 7월 18일 16시,수요일,부산광역시 남구 문현동,경상사고,0,0,1,0,차대사람 - 기타,안전운전불이행,건조,맑음,단일로 - 기타,승용,여,71세,상해없음,보행자,남,74세,경상
2018071800100373,2018년 7월 18일 16시,수요일,부산광역시 북구 덕천동,중상사고,0,1,0,0,차대사람 - 길가장자리구역통행중,안전운전불이행,건조,맑음,단일로 - 기타,승용,남,49세,상해없음,보행자,남,51세,중상
2018071800100374,2018년 7월 18일 16시,수요일,부산광역시 부산진구 가야동,중상사고,0,1,5,0,차대차 - 기타,안전운전불이행,건조,맑음,교차로 - 교차로부근,승용,여,37세,상해없음,승용,남,26세,경상
2018071800100375,2018년 7월 18일 16시,수요일,부산광역시 부산진구 전포동,경상사고,0,0,1,0,차대사람 - 기타,안전운전불이행,건조,맑음,교차로 - 교차로부근,승용,여,39세,상해없음,보행자,여,75세,경상
2018071800100416,2018년 7월 18일 17시,수요일,부산광역시 금정구 노포동,경상사고,0,0,1,0,차대차 - 기타,교차로운행방법위반,건조,맑음,교차로 - 교차로안,승용,남,61세,상해없음,승용,남,60세,경상
2018071800100417,2018년 7월 18일 17시,수요일,부산광역시 연제구 연산동,경상사고,0,0,1,0,차대차 - 측면충돌,안전운전불이행,건조,맑음,교차로 - 교차로부근,이륜,남,17세,상해없음,이륜,남,46세,경상
2018071800100463,2018년 7월 18일 18시,수요일,부산광역시 동래구 명륜동,사망사고,1,5,14,0,차대사람 - 횡단중,안전운전불이행,건조,맑음,단일로 - 기타,승합,남,60세,상해없음,보행자,여,61세,사망
2018071800100512,2018년 7월 18일 19시,수요일,부산광역시 수영구 남천동,중상사고,0,1,0,0,차대사람 - 길가장자리구역통행중,안전운전불이행,건조,맑음,교차로 - 교차로안,승용,남,57세,상해없음,보행자,남,72세,중상
2018071800100513,2018년 7월 18일 19시,수요일,부산광역시 수영구 광안동,경상사고,0,0,1,0,차대사람 - 보도통행중,보행자보호의무위반,건조,맑음,교차로 - 교차로부근,승용,남,29세,상해없음,보행자,여,40세,경상
2018071800100546,2018년 7월 18일 20시,수요일,부산광역시 남구 대연동,경상사고,0,0,1,0,차대사람 - 길가장자리구역통행중,안전운전불이행,건조,맑음,교차로 - 교차로부근,화물,남,58세,상해없음,보행자,남,46세,경상
2018071800100547,2018년 7월 18일 20시,수요일,부산광역시 북구 금곡동,경상사고,0,0,1,0,차대사람 - 횡단중,안전운전불이행,건조,맑음,단일로 - 기타,승용,여,52세,상해없음,보행자,남,67세,경상
2018071800100580,2018년 7월 18일 21시,수요일,부산광역시 연제구 연산동,중상사고,0,1,0,0,차대사람 - 차도통행중,안전운전불이행,건조,맑음,단일로 - 기타,승용,남,31세,상해없음,보행자,여,54세,중상
2018071800100611,2018년 7월 18일 22시,수요일,부산광역시 해운대구 우동,경상사고,0,0,1,0,차대차 - 추돌,안전운전불이행,건조,맑음,교차로 - 교차로부근,승용,남,46세,상해없음,승용,남,61세,경상
2018071800100612,2018년 7월 18일 22시,수요일,부산광역시 해운대구 재송동,경상사고,0,0,1,0,차대차 - 측면충돌,안전운전불이행,건조,맑음,단일로 - 기타,승용,여,55세,상해없음,승용,여,33세,경상
2018071800100636,2018년 7월 18일 23시,수요일,부산광역시 동래구 온천동,중상사고,0,2,4,0,차대차 - 측면충돌,교차로운행방법위반,건조,맑음,교차로 - 교차로안,승용,여,46세,중상,승용,남,60세,상해없음
2018071800100637,2018년 7월 18일 23시,수요일,부산광역시 해운대구 중동,중상사고,0,1,0,0,차대사람 - 횡단중,안전운전불이행,건조,맑음,교차로 - 교차로안,이륜,남,41세,상해없음,보행자,남,39세,중상
2018071900100027,2018년 7월 19일 02시,목요일,부산광역시 수영구 민락동,중상사고,0,1,0,0,차대사람 - 기타,교차로운행방법위반,건조,맑음,교차로 - 교차로부근,승용,남,68세,상해없음,보행자,여,23세,중상
2018071900100028,2018년 7월 19일 02시,목요일,부산광역시 연제구 연산동,중상사고,0,1,1,0,차대차 - 측면충돌,신호위반,건조,맑음,교차로 - 교차로안,승용,남,22세,상해없음,승용,여,22세,중상
2018071900100043,2018년 7월 19일 04시,목요일,부산광역시 영도구 청학동,경상사고,0,0,1,0,차대사람 - 길가장자리구역통행중,교차로운행방법위반,건조,맑음,교차로 - 교차로안,승용,남,68세,상해없음,보행자,남,29세,경상
2018071900100053,2018년 7월 19일 05시,목요일,부산광역시 남구 용호동,경상사고,0,0,1,0,차대차 - 측면충돌,신호위반,건조,맑음,교차로 - 교차로안,승용,남,71세,상해없음,자전거,남,72세,경상
2018071900100054,2018년 7월 19일 05시,목요일,부산광역시 부산진구 당감동,중상사고,0,1,1,0,차대차 - 기타,신호위반,건조,맑음,교차로 - 교차로안,화물,남,45세,상해없음,승용,남,60세,경상
2018071900100066,2018년 7월 19일 06시,목요일,부산광역시 동래구 온천동,경상사고,0,0,1,0,차대차 - 측면충돌,안전운전불이행,건조,맑음,교차로 - 교차로안,화물,남,50세,경상,승용,남,81세,상해없음
2018071900100067,2018년 7월 19일 06시,목요일,부산광역시 강서구 신호동,중상사고,0,1,0,0,차대차 - 측면충돌,안전운전불이행,건조,맑음,교차로 - 교차로안,승용,여,62세,상해없음,승용,남,42세,중상
2018071900100104,2018년 7월 19일 08시,목요일,부산광역시 수영구 광안동,경상사고,0,0,1,0,차대차 - 추돌,안전운전불이행,건조,맑음,단일로 - 기타,화물,남,29세,상해없음,승용,남,51세,경상
2018071900100105,2018년 7월 19일 08시,목요일,부산광역시 부산진구 부전동,중상사고,0,1,0,0,차대사람 - 기타,안전운전불이행,건조,맑음,단일로 - 기타,이륜,남,67세,중상,보행자,남,15세,상해없음
2018071900100106,2018년 7월 19일 08시,목요일,부산광역시 사하구 하단동,경상사고,0,0,2,0,차대차 - 측면충돌,안전거리미확보,건조,맑음,단일로 - 기타,승용,남,73세,상해없음,승용,여,38세,경상
2018071900100107,2018년 7월 19일 08시,목요일,부산광역시 연제구 연산동,경상사고,0,0,1,0,차대차 - 추돌,안전운전불이행,건조,맑음,단일로 - 기타,승용,여,54세,상해없음,승용,여,24세,경상
2018071900100108,2018년 7월 19일 08시,목요일,부산광역시 기장군 기장읍,경상사고,0,0,1,0,차대차 - 측면충돌,안전운전불이행,건조,맑음,단일로 - 기타,승용,여,33세,상해없음,승용,여,26세,경상
2018071900100161,2018년 7월 19일 09시,목요일,부산광역시 수영구 수영동,경상사고,0,0,1,0,차대차 - 측면충돌,안전운전불이행,건조,맑음,단일로 - 기타,건설기계,남,57세,상해없음,자전거,남,25세,경상
2018071900100209,2018년 7월 19일 10시,목요일,부산광역시 부산진구 범천동,경상사고,0,0,1,0,차대차 - 기타,교차로운행방법위반,건조,맑음,교차로 - 교차로안,승용,여,34세,상해없음,승합,남,40세,경상
2018071900100248,2018년 7월 19일 11시,목요일,부산광역시 동구 범일동,경상사고,0,0,1,0,차대차 - 추돌,안전거리미확보,건조,맑음,교차로 - 교차로안,승용,남,80세,상해없음,승용,여,61세,경상
2018071900100249,2018년 7월 19일 11시,목요일,부산광역시 영도구 청학동,경상사고,0,0,1,0,차대차 - 추돌,안전운전불이행,건조,맑음,단일로 - 기타,승용,남,45세,상해없음,화물,남,30세,경상
2018071900100313,2018년 7월 19일 13시,목요일,부산광역시 중구 영주동,중상사고,0,1,0,0,차대차 - 측면충돌,안전거리미확보,건조,맑음,단일로 - 기타,승용,남,34세,상해없음,이륜,남,52세,중상
2018071900100314,2018년 7월 19일 13시,목요일,부산광역시 금정구 두구동,경상사고,0,0,1,0,차대차 - 추돌,안전운전불이행,건조,맑음,단일로 - 기타,화물,남,69세,상해없음,승용,남,60세,상해없음
2018071900100315,2018년 7월 19일 13시,목요일,부산광역시 사하구 괴정동,중상사고,0,1,0,0,차대사람 - 기타,안전운전불이행,건조,맑음,단일로 - 기타,승용,여,57세,상해없음,보행자,남,76세,중상
2018071900100355,2018년 7월 19일 14시,목요일,부산광역시 부산진구 당감동,중상사고,0,1,0,0,차대차 - 측면충돌,신호위반,건조,맑음,교차로 - 교차로안,승합,남,60세,상해없음,이륜,남,43세,중상
2018071900100356,2018년 7월 19일 14시,목요일,부산광역시 금정구 금사동,부상신고사고,0,0,0,1,차대차 - 측면충돌,직진우회전진행방해,건조,맑음,교차로 - 교차로부근,원동기,남,60세,부상신고,화물,남,68세,상해없음
2018071900100357,2018년 7월 19일 14시,목요일,부산광역시 금정구 금사동,경상사고,0,0,2,0,차대차 - 측면충돌,기타,건조,맑음,교차로 - 교차로안,승용,여,56세,경상,승용,남,59세,경상
2018071900100374,2018년 7월 19일 15시,목요일,부산광역시 부산진구 범천동,중상사고,0,1,1,0,차대차 - 기타,신호위반,건조,맑음,교차로 - 교차로안,승용,여,42세,중상,승용,여,59세,경상
2018071900100414,2018년 7월 19일 16시,목요일,부산광역시 북구 구포동,경상사고,0,0,2,0,차대차 - 기타,안전거리미확보,건조,맑음,단일로 - 기타,승용,여,58세,경상,승용,여,27세,경상
2018071900100415,2018년 7월 19일 16시,목요일,부산광역시 기장군 기장읍,경상사고,0,0,1,0,차대차 - 기타,안전운전불이행,건조,맑음,교차로 - 교차로안,승용,남,62세,상해없음,승용,남,38세,경상
2018071900100465,2018년 7월 19일 17시,목요일,부산광역시 동구 초량동,경상사고,0,0,2,0,차대차 - 추돌,직진우회전진행방해,건조,맑음,교차로 - 교차로안,승용,여,30세,상해없음,승용,남,41세,경상
2018071900100466,2018년 7월 19일 17시,목요일,부산광역시 부산진구 개금동,중상사고,0,1,0,0,차대사람 - 횡단중,보행자보호의무위반,건조,맑음,교차로 - 교차로횡단보도내,승용,남,68세,상해없음,보행자,여,29세,중상
2018071900100467,2018년 7월 19일 17시,목요일,부산광역시 금정구 부곡동,중상사고,0,1,0,0,차대차 - 측면충돌,안전운전불이행,건조,맑음,교차로 - 교차로횡단보도내,승합,남,59세,상해없음,자전거,남,10세,중상
2018071900100522,2018년 7월 19일 18시,목요일,부산광역시 동구 수정동,부상신고사고,0,0,0,1,차대차 - 기타,안전운전불이행,건조,맑음,교차로 - 교차로안,자전거,남,21세,부상신고,승용,남,48세,상해없음
2018071900100523,2018년 7월 19일 18시,목요일,부산광역시 연제구 거제동,중상사고,0,1,1,0,차대사람 - 기타,안전운전불이행,건조,맑음,교차로 - 교차로안,승용,남,47세,상해없음,보행자,여,63세,중상
2018071900100524,2018년 7월 19일 18시,목요일,부산광역시 연제구 연산동,중상사고,0,1,0,0,차대차 - 측면충돌,직진우회전진행방해,건조,맑음,교차로 - 교차로안,이륜,여,62세,중상,승용,여,45세,상해없음
2018071900100574,2018년 7월 19일 19시,목요일,부산광역시 수영구 남천동,중상사고,0,3,3,0,차대차 - 기타,중앙선침범,건조,맑음,단일로 - 기타,승용,남,63세,경상,승용,남,61세,경상
2018071900100575,2018년 7월 19일 19시,목요일,부산광역시 동래구 사직동,경상사고,0,0,1,0,차대차 - 측면충돌,안전운전불이행,건조,맑음,단일로 - 기타,승용,여,63세,상해없음,특수,남,53세,경상
2018071900100576,2018년 7월 19일 19시,목요일,부산광역시 사하구 신평동,중상사고,0,1,0,0,차대차 - 측면충돌,안전운전불이행,건조,맑음,단일로 - 지하차도(도로)내,승용,남,54세,상해없음,자전거,남,62세,중상
2018071900100649,2018년 7월 19일 21시,목요일,부산광역시 사하구 장림동,중상사고,0,1,0,0,차대사람 - 횡단중,안전운전불이행,건조,맑음,단일로 - 기타,승용,여,52세,상해없음,보행자,남,17세,중상
2018071900100677,2018년 7월 19일 22시,목요일,부산광역시 동래구 온천동,중상사고,0,5,2,0,차대차 - 측면충돌,과속,건조,맑음,단일로 - 기타,승용,남,45세,상해없음,승용,남,49세,중상
2018071900100678,2018년 7월 19일 22시,목요일,부산광역시 동래구 온천동,중상사고,0,2,0,0,차대차 - 추돌,안전운전불이행,건조,맑음,단일로 - 터널,승용,남,45세,상해없음,승용,남,55세,중상
2018071900100679,2018년 7월 19일 22시,목요일,부산광역시 기장군 정관읍,경상사고,0,0,2,0,차대차 - 기타,안전운전불이행,건조,맑음,단일로 - 기타,화물,여,52세,상해없음,승용,여,35세,경상
2018072000100007,2018년 7월 20일 00시,금요일,부산광역시 부산진구 부전동,중상사고,0,1,0,0,차대사람 - 횡단중,안전운전불이행,건조,맑음,단일로 - 기타,승용,남,46세,상해없음,보행자,남,35세,중상
2018072000100022,2018년 7월 20일 01시,금요일,부산광역시 북구 화명동,경상사고,0,0,1,1,차량단독 - 공작물충돌,안전운전불이행,건조,맑음,단일로 - 기타,승용,여,60세,부상신고,,,,
2018072000100052,2018년 7월 20일 05시,금요일,부산광역시 부산진구 부전동,중상사고,0,1,0,0,차대사람 - 기타,안전운전불이행,건조,맑음,단일로 - 기타,승합,남,44세,상해없음,보행자,여,68세,중상
2018072000100053,2018년 7월 20일 05시,금요일,부산광역시 금정구 회동동,경상사고,0,0,1,0,차대차 - 측면충돌,안전거리미확보,건조,맑음,단일로 - 기타,화물,남,49세,상해없음,승용,남,23세,경상
2018072000100064,2018년 7월 20일 06시,금요일,부산광역시 부산진구 부전동,부상신고사고,0,0,0,1,차대차 - 측면충돌,안전거리미확보,건조,맑음,단일로 - 기타,이륜,남,77세,부상신고,화물,남,68세,상해없음
2018072000100111,2018년 7월 20일 08시,금요일,부산광역시 동래구 온천동,경상사고,0,0,1,0,차대사람 - 기타,안전운전불이행,건조,맑음,교차로 - 교차로안,승용,남,33세,상해없음,보행자,남,44세,경상
2018072000100112,2018년 7월 20일 08시,금요일,부산광역시 동래구 칠산동,중상사고,0,1,0,0,차대사람 - 차도통행중,안전운전불이행,건조,맑음,단일로 - 기타,승용,남,52세,상해없음,보행자,여,21세,중상
2018072000100169,2018년 7월 20일 09시,금요일,부산광역시 남구 용호동,경상사고,0,0,4,0,차대차 - 기타,교차로운행방법위반,건조,맑음,교차로 - 교차로안,승용,남,54세,경상,승용,남,67세,경상
2018072000100170,2018년 7월 20일 09시,금요일,부산광역시 부산진구 부전동,경상사고,0,0,1,0,차대차 - 기타,중앙선침범,건조,맑음,단일로 - 기타,승용,남,49세,상해없음,승용,남,31세,경상
2018072000100241,2018년 7월 20일 11시,금요일,부산광역시 동래구 온천동,경상사고,0,0,1,0,차대사람 - 횡단중,보행자보호의무위반,건조,맑음,교차로 - 교차로횡단보도내,승용,여,57세,상해없음,보행자,남,47세,경상
2018072000100242,2018년 7월 20일 11시,금요일,부산광역시 연제구 연산동,경상사고,0,0,1,0,차대차 - 측면충돌,안전거리미확보,건조,맑음,단일로 - 기타,특수,남,59세,상해없음,승용,여,45세,경상
2018072000100243,2018년 7월 20일 11시,금요일,부산광역시 사상구 감전동,경상사고,0,0,1,0,차대사람 - 기타,안전운전불이행,건조,맑음,교차로 - 교차로부근,승용,남,58세,상해없음,보행자,남,46세,경상
2018072000100276,2018년 7월 20일 12시,금요일,부산광역시 서구 충무동1가,경상사고,0,0,1,0,차대차 - 추돌,안전거리미확보,건조,맑음,교차로 - 교차로부근,승용,남,68세,상해없음,승용,여,42세,경상
2018072000100277,2018년 7월 20일 12시,금요일,부산광역시 동래구 수안동,중상사고,0,1,0,0,차대차 - 측면충돌,안전운전불이행,건조,맑음,교차로 - 교차로안,화물,남,55세,상해없음,승용,남,35세,중상
2018072000100278,2018년 7월 20일 12시,금요일,부산광역시 사하구 괴정동,중상사고,0,1,0,0,차대차 - 기타,안전운전불이행,건조,맑음,단일로 - 기타,자전거,남,71세,중상,승용,남,24세,상해없음
2018072000100317,2018년 7월 20일 13시,금요일,부산광역시 동래구 온천동,경상사고,0,0,2,0,차대차 - 추돌,교차로운행방법위반,건조,맑음,교차로 - 교차로안,화물,남,58세,상해없음,승용,남,25세,경상
2018072000100318,2018년 7월 20일 13시,금요일,부산광역시 해운대구 우동,중상사고,0,2,0,0,차량단독 - 공작물충돌,안전운전불이행,건조,맑음,기타 - 기타,승용,남,68세,중상,,,,
2018072000100319,2018년 7월 20일 13시,금요일,부산광역시 사하구 신평동,경상사고,0,0,1,0,차대차 - 기타,안전운전불이행,건조,기타,주차장 - 주차장,화물,남,58세,상해없음,승용,남,52세,경상
2018072000100354,2018년 7월 20일 14시,금요일,부산광역시 남구 대연동,중상사고,0,1,2,0,차대차 - 추돌,안전운전불이행,건조,맑음,단일로 - 터널,승용,남,39세,상해없음,승용,남,33세,중상