사고번호,사고일시,요일,시군구,사고내용,사망자수,중상자수,경상자수,부상신고자수,사고유형,법규위반,노면상태,기상상태,도로형태,가해운전자 차종,가해운전자 성별,가해운전자 연령,가해운전자 상해정도,피해운전자 차종,피해운전자 성별,피해운전자 연령,피해운전자 상해정도
2018072000100355,2018년 7월 20일 14시,금요일,부산광역시 동래구 명륜동,중상사고,0,1,0,0,차대사람 - 횡단중,신호위반,건조,맑음,단일로 - 기타,이륜,남,44세,상해없음,보행자,남,75세,중상
2018072000100399,2018년 7월 20일 15시,금요일,부산광역시 동래구 사직동,경상사고,0,0,1,0,차대차 - 측면충돌,교차로운행방법위반,건조,맑음,교차로 - 교차로안,승용,여,38세,상해없음,이륜,남,76세,경상
2018072000100400,2018년 7월 20일 15시,금요일,부산광역시 금정구 부곡동,경상사고,0,0,1,1,차대차 - 정면충돌,중앙선침범,건조,맑음,단일로 - 기타,승용,남,61세,부상신고,화물,남,40세,경상
2018072000100439,2018년 7월 20일 16시,금요일,부산광역시 해운대구 좌동,중상사고,0,1,0,0,차대사람 - 기타,보행자보호의무위반,기타,맑음,단일로 - 기타,승용,남,46세,상해없음,보행자,여,12세,중상
2018072000100440,2018년 7월 20일 16시,금요일,부산광역시 해운대구 반여동,부상신고사고,0,0,0,1,차대사람 - 기타,기타,기타,맑음,단일로 - 기타,승용,남,59세,상해없음,보행자,여,37세,부상신고
2018072000100441,2018년 7월 20일 16시,금요일,부산광역시 부산진구 가야동,중상사고,0,1,0,0,차대사람 - 횡단중,보행자보호의무위반,건조,맑음,교차로 - 교차로횡단보도내,승용,남,52세,상해없음,보행자,남,3세,중상
2018072000100489,2018년 7월 20일 17시,금요일,부산광역시 북구 만덕동,경상사고,0,0,2,0,차대차 - 기타,안전거리미확보,건조,맑음,교차로 - 교차로안,승용,남,59세,상해없음,승용,남,60세,경상
2018072000100490,2018년 7월 20일 17시,금요일,부산광역시 사하구 구평동,경상사고,0,0,1,0,차대차 - 기타,안전운전불이행,건조,맑음,단일로 - 기타,승용,남,39세,상해없음,이륜,남,54세,경상
2018072000100491,2018년 7월 20일 17시,금요일,부산광역시 사상구 학장동,부상신고사고,0,0,0,1,차대차 - 측면충돌,차로위반,건조,맑음,단일로 - 기타,화물,여,48세,상해없음,원동기,남,19세,부상신고
2018072000100554,2018년 7월 20일 18시,금요일,부산광역시 동래구 안락동,경상사고,0,0,1,0,차대차 - 측면충돌,교차로운행방법위반,건조,맑음,교차로 - 교차로안,이륜,기타불명,미분류,기타불명,원동기,남,35세,경상
2018072000100555,2018년 7월 20일 18시,금요일,부산광역시 강서구 명지동,경상사고,0,0,1,0,차대차 - 측면충돌,교차로운행방법위반,건조,맑음,교차로 - 교차로안,승용,남,34세,상해없음,이륜,남,24세,경상
2018072000100556,2018년 7월 20일 18시,금요일,부산광역시 사상구 덕포동,중상사고,0,1,0,0,차대차 - 측면충돌,안전거리미확보,건조,맑음,교차로 - 교차로부근,승용,남,65세,상해없음,이륜,남,39세,중상
2018072000100616,2018년 7월 20일 19시,금요일,부산광역시 사하구 당리동,경상사고,0,0,1,0,차량단독 - 기타,안전운전불이행,건조,맑음,단일로 - 기타,승합,남,62세,상해없음,,,,
2018072000100617,2018년 7월 20일 19시,금요일,부산광역시 연제구 연산동,경상사고,0,0,1,0,차대사람 - 횡단중,보행자보호의무위반,건조,맑음,교차로 - 교차로횡단보도내,승용,남,51세,상해없음,보행자,남,31세,경상
2018072000100660,2018년 7월 20일 20시,금요일,부산광역시 사상구 학장동,중상사고,0,1,0,0,차대사람 - 횡단중,안전운전불이행,건조,맑음,단일로 - 지하차도(도로)내,화물,남,57세,상해없음,보행자,여,36세,중상
2018072000100697,2018년 7월 20일 21시,금요일,부산광역시 남구 대연동,경상사고,0,0,1,0,차대차 - 측면충돌,안전운전불이행,건조,맑음,교차로 - 교차로안,자전거,남,22세,경상,승용,남,57세,상해없음
2018072000100698,2018년 7월 20일 21시,금요일,부산광역시 북구 구포동,부상신고사고,0,0,0,2,차대차 - 기타,교차로운행방법위반,건조,맑음,교차로 - 교차로안,승용,남,60세,상해없음,승용,남,26세,부상신고
2018072000100699,2018년 7월 20일 21시,금요일,부산광역시 동래구 온천동,중상사고,0,1,0,0,차대사람 - 차도통행중,안전운전불이행,건조,맑음,단일로 - 기타,승용,남,64세,상해없음,보행자,남,12세,중상
2018072000100700,2018년 7월 20일 21시,금요일,부산광역시 동래구 안락동,중상사고,0,1,1,0,차대차 - 정면충돌,중앙선침범,건조,맑음,단일로 - 기타,화물,남,63세,상해없음,승용,남,66세,중상
2018072000100701,2018년 7월 20일 21시,금요일,부산광역시 동래구 낙민동,경상사고,0,0,1,0,차대차 - 측면충돌,안전운전불이행,건조,맑음,단일로 - 기타,승용,남,67세,상해없음,승용,남,51세,경상
2018072000100702,2018년 7월 20일 21시,금요일,부산광역시 부산진구 연지동,부상신고사고,0,0,0,1,차대차 - 측면충돌,교차로운행방법위반,건조,맑음,교차로 - 교차로안,이륜,남,55세,부상신고,승용,남,62세,상해없음
2018072000100703,2018년 7월 20일 21시,금요일,부산광역시 금정구 구서동,경상사고,0,0,1,0,차대차 - 측면충돌,교차로운행방법위반,건조,맑음,교차로 - 교차로안,승용,남,66세,상해없음,승용,남,69세,경상
2018072000100704,2018년 7월 20일 21시,금요일,부산광역시 사상구 괘법동,경상사고,0,0,3,3,차대차 - 측면충돌,신호위반,건조,맑음,교차로 - 교차로안,승용,남,57세,상해없음,승합,남,62세,경상
2018072000100748,2018년 7월 20일 22시,금요일,부산광역시 동래구 사직동,부상신고사고,0,0,0,1,차대차 - 추돌,안전운전불이행,건조,맑음,교차로 - 교차로부근,승용,여,28세,상해없음,승용,남,55세,상해없음
2018072000100749,2018년 7월 20일 22시,금요일,부산광역시 해운대구 우동,경상사고,0,0,1,0,차대사람 - 보도통행중,신호위반,건조,맑음,단일로 - 기타,승용,남,23세,상해없음,보행자,남,33세,경상
2018072100100005,2018년 7월 21일 00시,토요일,부산광역시 남구 대연동,중상사고,0,1,0,0,차대차 - 측면충돌,안전운전불이행,건조,맑음,단일로 - 기타,승용,남,55세,상해없음,원동기,남,41세,중상
2018072100100006,2018년 7월 21일 00시,토요일,부산광역시 사하구 장림동,경상사고,0,0,1,0,차대사람 - 횡단중,안전운전불이행,건조,기타,단일로 - 기타,승용,남,60세,상해없음,보행자,여,17세,경상
2018072100100007,2018년 7월 21일 00시,토요일,부산광역시 사상구 괘법동,경상사고,0,0,1,0,차대사람 - 기타,안전운전불이행,건조,맑음,단일로 - 기타,승용,남,24세,상해없음,보행자,남,44세,경상
2018072100100030,2018년 7월 21일 01시,토요일,부산광역시 수영구 광안동,부상신고사고,0,0,0,1,차대차 - 측면충돌,신호위반,건조,맑음,교차로 - 교차로부근,승용,남,69세,상해없음,승용,남,53세,부상신고
2018072100100031,2018년 7월 21일 01시,토요일,부산광역시 부산진구 부전동,경상사고,0,0,1,0,차대차 - 기타,기타,건조,맑음,교차로 - 교차로안,승용,남,41세,상해없음,이륜,남,17세,경상
2018072100100032,2018년 7월 21일 01시,토요일,부산광역시 연제구 연산동,중상사고,0,1,2,0,차대차 - 추돌,안전운전불이행,건조,맑음,교차로 - 교차로부근,승용,남,36세,상해없음,승용,남,58세,경상
2018072100100043,2018년 7월 21일 02시,토요일,부산광역시 사상구 엄궁동,사망사고,1,0,0,1,차대차 - 측면충돌,신호위반,건조,맑음,교차로 - 교차로안,승용,남,41세,부상신고,이륜,남,38세,사망
2018072100100054,2018년 7월 21일 03시,토요일,부산광역시 동래구 낙민동,경상사고,0,0,1,0,차대사람 - 횡단중,안전운전불이행,건조,맑음,교차로 - 교차로안,승용,남,25세,상해없음,보행자,남,59세,경상
2018072100100067,2018년 7월 21일 04시,토요일,부산광역시 북구 덕천동,중상사고,0,1,0,0,차대사람 - 기타,안전운전불이행,건조,맑음,교차로 - 교차로안,승용,남,33세,상해없음,보행자,여,36세,중상
2018072100100084,2018년 7월 21일 05시,토요일,부산광역시 수영구 남천동,중상사고,0,1,2,1,차대차 - 측면충돌,중앙선침범,건조,맑음,교차로 - 교차로안,승용,남,26세,상해없음,승용,남,58세,상해없음
2018072100100114,2018년 7월 21일 07시,토요일,부산광역시 해운대구 좌동,경상사고,0,0,1,0,차대차 - 후진중충돌,안전운전불이행,건조,맑음,교차로 - 교차로부근,승용,여,52세,상해없음,승용,남,37세,경상
2018072100100129,2018년 7월 21일 08시,토요일,부산광역시 북구 만덕동,경상사고,0,0,1,0,차대사람 - 기타,안전운전불이행,건조,맑음,단일로 - 기타,승용,여,64세,상해없음,보행자,여,66세,경상
2018072100100130,2018년 7월 21일 08시,토요일,부산광역시 사상구 학장동,중상사고,0,2,0,0,차대차 - 측면충돌,직진우회전진행방해,건조,맑음,교차로 - 교차로안,화물,남,69세,상해없음,승용,남,74세,중상
2018072100100151,2018년 7월 21일 09시,토요일,부산광역시 영도구 청학동,경상사고,0,0,4,0,차대차 - 추돌,안전거리미확보,건조,맑음,단일로 - 기타,승용,남,58세,상해없음,승용,남,47세,경상
2018072100100152,2018년 7월 21일 09시,토요일,부산광역시 기장군 기장읍,중상사고,0,1,0,0,차대사람 - 횡단중,과속,건조,맑음,교차로 - 교차로안,승용,여,25세,상해없음,보행자,남,45세,중상
2018072100100178,2018년 7월 21일 10시,토요일,부산광역시 수영구 광안동,중상사고,0,1,0,0,차대사람 - 길가장자리구역통행중,안전운전불이행,건조,맑음,단일로 - 기타,승용,여,30세,상해없음,보행자,남,25세,중상
2018072100100179,2018년 7월 21일 10시,토요일,부산광역시 연제구 연산동,경상사고,0,0,1,0,차대사람 - 길가장자리구역통행중,안전운전불이행,건조,맑음,단일로 - 기타,승용,남,29세,상해없음,보행자,여,53세,경상
2018072100100209,2018년 7월 21일 11시,토요일,부산광역시 금정구 서동,경상사고,0,0,1,0,차대사람 - 기타,안전운전불이행,건조,맑음,단일로 - 기타,승용,여,69세,상해없음,보행자,여,71세,경상
2018072100100242,2018년 7월 21일 12시,토요일,부산광역시 부산진구 연지동,중상사고,0,1,0,0,차대차 - 기타,기타,건조,맑음,단일로 - 기타,승용,남,54세,상해없음,이륜,남,52세,중상
2018072100100280,2018년 7월 21일 13시,토요일,부산광역시 남구 대연동,중상사고,0,1,1,0,차대차 - 기타,안전운전불이행,건조,맑음,교차로 - 교차로안,승용,남,56세,경상,승용,남,25세,중상
2018072100100355,2018년 7월 21일 15시,토요일,부산광역시 북구 화명동,부상신고사고,0,0,0,1,차대차 - 측면충돌,차로위반,건조,맑음,단일로 - 기타,승용,남,72세,상해없음,승용,여,49세,부상신고
2018072100100357,2018년 7월 21일 15시,토요일,부산광역시 해운대구 우동,경상사고,0,0,1,0,차대차 - 측면충돌,안전운전불이행,건조,맑음,교차로 - 교차로안,승용,여,42세,상해없음,승용,여,60세,경상
2018072100100358,2018년 7월 21일 15시,토요일,부산광역시 부산진구 부전동,부상신고사고,0,0,0,1,차대차 - 기타,기타,건조,맑음,단일로 - 기타,승용,남,66세,상해없음,이륜,남,21세,부상신고
2018072100100420,2018년 7월 21일 17시,토요일,부산광역시 남구 용호동,부상신고사고,0,0,0,1,차대사람 - 차도통행중,안전운전불이행,건조,맑음,교차로 - 교차로안,승용,남,48세,상해없음,보행자,남,79세,부상신고
2018072100100421,2018년 7월 21일 17시,토요일,부산광역시 남구 대연동,경상사고,0,0,3,1,차대차 - 추돌,안전운전불이행,건조,맑음,단일로 - 기타,승용,남,47세,상해없음,승용,남,26세,경상
2018072100100465,2018년 7월 21일 18시,토요일,부산광역시 부산진구 부전동,부상신고사고,0,0,0,1,차대사람 - 횡단중,안전운전불이행,건조,맑음,단일로 - 기타,승용,여,57세,상해없음,보행자,남,34세,부상신고
2018072100100497,2018년 7월 21일 19시,토요일,부산광역시 남구 대연동,경상사고,0,0,1,0,차대차 - 측면충돌,안전운전불이행,건조,맑음,단일로 - 기타,승용,남,59세,상해없음,승용,여,57세,경상
2018072100100525,2018년 7월 21일 20시,토요일,부산광역시 수영구 광안동,경상사고,0,0,1,0,차대차 - 기타,신호위반,건조,맑음,단일로 - 기타,이륜,남,22세,상해없음,이륜,남,39세,경상
2018072100100526,2018년 7월 21일 20시,토요일,부산광역시 수영구 남천동,경상사고,0,0,1,0,차대사람 - 횡단중,보행자보호의무위반,건조,맑음,기타 - 기타,승용,남,65세,상해없음,보행자,남,30세,경상
2018072100100527,2018년 7월 21일 20시,토요일,부산광역시 영도구 봉래동4가,부상신고사고,0,0,0,1,차대차 - 측면충돌,안전운전불이행,건조,맑음,단일로 - 기타,이륜,남,76세,부상신고,승용,남,46세,기타불명
2018072100100559,2018년 7월 21일 21시,토요일,부산광역시 중구 중앙동2가,경상사고,0,0,2,1,차대차 - 측면충돌,차로위반,건조,맑음,단일로 - 기타,승용,남,54세,상해없음,승용,남,29세,경상
2018072100100560,2018년 7월 21일 21시,토요일,부산광역시 강서구 명지동,중상사고,0,1,0,0,차대차 - 측면충돌,안전거리미확보,건조,맑음,교차로 - 교차로부근,승용,여,51세,상해없음,이륜,남,47세,중상
2018072100100588,2018년 7월 21일 22시,토요일,부산광역시 남구 대연동,중상사고,0,1,0,0,차대사람 - 횡단중,신호위반,건조,맑음,단일로 - 기타,승용,남,61세,상해없음,보행자,여,19세,중상
2018072100100589,2018년 7월 21일 22시,토요일,부산광역시 연제구 연산동,경상사고,0,0,1,0,차대차 - 기타,직진우회전진행방해,건조,맑음,교차로 - 교차로안,승용,여,41세,상해없음,이륜,남,27세,경상
2018072100100618,2018년 7월 21일 23시,토요일,부산광역시 연제구 연산동,경상사고,0,0,2,0,차대차 - 기타,신호위반,건조,맑음,교차로 - 교차로안,승용,여,55세,상해없음,승합,남,53세,경상
2018072100100619,2018년 7월 21일 23시,토요일,부산광역시 강서구 명지동,중상사고,0,1,0,0,차대사람 - 횡단중,신호위반,건조,맑음,교차로 - 교차로안,화물,남,68세,상해없음,보행자,남,65세,중상
2018072200100008,2018년 7월 22일 00시,일요일,부산광역시 서구 암남동,경상사고,0,0,5,0,차대차 - 추돌,안전거리미확보,건조,맑음,단일로 - 기타,승용,남,59세,상해없음,승용,남,53세,경상
2018072200100009,2018년 7월 22일 00시,일요일,부산광역시 수영구 민락동,경상사고,0,0,2,0,차대차 - 측면충돌,신호위반,건조,맑음,교차로 - 교차로안,승용,남,28세,상해없음,승용,남,60세,경상
2018072200100044,2018년 7월 22일 03시,일요일,부산광역시 부산진구 부전동,경상사고,0,0,1,0,차대차 - 측면충돌,신호위반,건조,맑음,교차로 - 교차로안,승용,남,34세,상해없음,승용,남,47세,상해없음
2018072200100045,2018년 7월 22일 03시,일요일,부산광역시 부산진구 부전동,경상사고,0,0,1,0,차대사람 - 기타,안전운전불이행,건조,맑음,교차로 - 교차로안,승용,남,34세,상해없음,보행자,남,29세,경상
2018072200100082,2018년 7월 22일 07시,일요일,부산광역시 사상구 모라동,중상사고,0,1,1,0,차대차 - 측면충돌,안전운전불이행,건조,맑음,단일로 - 기타,화물,남,51세,상해없음,이륜,남,88세,중상
2018072200100112,2018년 7월 22일 09시,일요일,부산광역시 중구 영주동,경상사고,0,0,3,0,차대차 - 측면충돌,중앙선침범,건조,맑음,단일로 - 기타,승용,남,30세,상해없음,승용,남,44세,경상
2018072200100127,2018년 7월 22일 10시,일요일,부산광역시 중구 대청동1가,경상사고,0,0,1,0,차대차 - 기타,신호위반,건조,맑음,단일로 - 기타,승용,남,69세,상해없음,이륜,남,23세,경상
2018072200100152,2018년 7월 22일 11시,일요일,부산광역시 수영구 광안동,경상사고,0,0,1,0,차대사람 - 기타,보행자보호의무위반,건조,맑음,단일로 - 기타,승용,남,61세,상해없음,보행자,여,72세,경상
2018072200100153,2018년 7월 22일 11시,일요일,부산광역시 금정구 노포동,중상사고,0,1,0,0,차대사람 - 횡단중,신호위반,건조,맑음,단일로 - 기타,승용,여,52세,상해없음,보행자,여,77세,중상
2018072200100179,2018년 7월 22일 12시,일요일,부산광역시 동구 범일동,중상사고,0,1,0,0,차량단독 - 기타,안전운전불이행,건조,맑음,단일로 - 기타,승합,남,50세,상해없음,,,,
2018072200100180,2018년 7월 22일 12시,일요일,부산광역시 남구 대연동,경상사고,0,0,1,0,차대차 - 측면충돌,차로위반,건조,맑음,단일로 - 기타,승용,남,60세,상해없음,승용,남,49세,경상
2018072200100207,2018년 7월 22일 13시,일요일,부산광역시 부산진구 전포동,중상사고,0,1,0,0,차대차 - 기타,중앙선침범,건조,맑음,단일로 - 기타,이륜,남,27세,중상,승용,남,69세,상해없음
2018072200100208,2018년 7월 22일 13시,일요일,부산광역시 수영구 망미동,중상사고,0,1,0,0,차대차 - 측면충돌,안전운전불이행,건조,맑음,교차로 - 교차로부근,이륜,남,63세,상해없음,화물,남,60세,상해없음
2018072200100242,2018년 7월 22일 14시,일요일,부산광역시 부산진구 당감동,중상사고,0,1,0,0,차대사람 - 횡단중,안전운전불이행,건조,맑음,단일로 - 기타,승합,남,36세,상해없음,보행자,여,11세,중상
2018072200100280,2018년 7월 22일 15시,일요일,부산광역시 수영구 민락동,경상사고,0,0,2,0,차대차 - 기타,안전운전불이행,건조,맑음,단일로 - 기타,승용,남,60세,상해없음,승용,여,29세,경상
2018072200100281,2018년 7월 22일 15시,일요일,부산광역시 해운대구 재송동,경상사고,0,0,1,0,차대차 - 추돌,안전운전불이행,건조,맑음,단일로 - 기타,원동기,남,18세,경상,승용,여,26세,상해없음
2018072200100305,2018년 7월 22일 16시,일요일,부산광역시 영도구 봉래동4가,경상사고,0,0,1,0,차대차 - 추돌,안전운전불이행,건조,맑음,교차로 - 교차로안,화물,남,49세,상해없음,승용,남,62세,경상
2018072200100306,2018년 7월 22일 16시,일요일,부산광역시 해운대구 좌동,부상신고사고,0,0,0,1,차대차 - 측면충돌,안전운전불이행,건조,맑음,교차로 - 교차로횡단보도내,이륜,남,66세,부상신고,화물,남,57세,상해없음
2018072200100331,2018년 7월 22일 17시,일요일,부산광역시 부산진구 초읍동,경상사고,0,0,1,0,차대차 - 기타,안전운전불이행,건조,맑음,단일로 - 기타,승용,남,47세,상해없음,이륜,남,23세,경상
2018072200100332,2018년 7월 22일 17시,일요일,부산광역시 강서구 명지동,중상사고,0,1,0,0,차대사람 - 횡단중,신호위반,건조,맑음,교차로 - 교차로횡단보도내,승용,남,63세,상해없음,보행자,여,65세,중상
2018072200100333,2018년 7월 22일 17시,일요일,부산광역시 사상구 삼락동,중상사고,0,1,0,0,차대차 - 측면충돌,안전운전불이행,건조,맑음,단일로 - 지하차도(도로)내,승용,남,58세,상해없음,자전거,여,55세,중상
2018072200100334,2018년 7월 22일 17시,일요일,부산광역시 강서구 대저2동,경상사고,0,0,1,0,차대차 - 측면충돌,안전거리미확보,건조,맑음,단일로 - 기타,승합,남,65세,상해없음,승용,남,63세,경상
2018072200100366,2018년 7월 22일 18시,일요일,부산광역시 서구 동대신동1가,경상사고,0,0,1,0,차대차 - 측면충돌,교차로운행방법위반,건조,맑음,교차로 - 교차로안,승용,여,35세,상해없음,이륜,남,69세,경상
2018072200100401,2018년 7월 22일 19시,일요일,부산광역시 북구 덕천동,중상사고,0,1,0,0,차대사람 - 기타,신호위반,건조,맑음,단일로 - 기타,이륜,남,32세,상해없음,보행자,남,10세,중상
2018072200100402,2018년 7월 22일 19시,일요일,부산광역시 해운대구 재송동,경상사고,0,0,1,0,차대차 - 기타,안전운전불이행,건조,맑음,교차로 - 교차로부근,승용,여,48세,상해없음,승용,남,68세,경상
2018072200100403,2018년 7월 22일 19시,일요일,부산광역시 부산진구 당감동,경상사고,0,0,1,0,차대차 - 측면충돌,안전운전불이행,건조,맑음,단일로 - 기타,승용,여,47세,상해없음,원동기,남,33세,경상
2018072200100428,2018년 7월 22일 20시,일요일,부산광역시 해운대구 재송동,중상사고,0,2,0,0,차대차 - 추돌,안전운전불이행,건조,맑음,단일로 - 기타,승용,남,60세,상해없음,승용,남,51세,중상
2018072200100429,2018년 7월 22일 20시,일요일,부산광역시 부산진구 부전동,중상사고,0,1,0,0,차대사람 - 기타,안전운전불이행,건조,맑음,단일로 - 기타,승용,남,63세,상해없음,보행자,남,11세,중상
2018072200100458,2018년 7월 22일 21시,일요일,부산광역시 연제구 거제동,경상사고,0,0,4,0,차대차 - 측면충돌,안전거리미확보,건조,맑음,단일로 - 기타,승용,남,61세,상해없음,승용,남,56세,상해없음
2018072200100459,2018년 7월 22일 21시,일요일,부산광역시 기장군 기장읍,경상사고,0,0,2,0,차대차 - 측면충돌,안전운전불이행,건조,맑음,교차로 - 교차로부근,승용,남,25세,상해없음,승용,남,37세,경상
2018072200100503,2018년 7월 22일 23시,일요일,부산광역시 해운대구 우동,중상사고,0,1,0,0,차대차 - 기타,신호위반,건조,맑음,교차로 - 교차로횡단보도내,승용,여,22세,상해없음,자전거,여,50세,중상
2018072300100002,2018년 7월 23일 00시,월요일,부산광역시 동구 초량동,경상사고,0,0,1,0,차대차 - 측면충돌,안전운전불이행,건조,맑음,단일로 - 기타,승용,남,72세,상해없음,승용,남,26세,경상
2018072300100022,2018년 7월 23일 02시,월요일,부산광역시 서구 암남동,경상사고,0,0,1,0,차대차 - 추돌,안전운전불이행,건조,맑음,교차로 - 교차로부근,화물,남,68세,상해없음,이륜,남,21세,경상
2018072300100035,2018년 7월 23일 04시,월요일,부산광역시 남구 문현동,경상사고,0,0,1,0,차대차 - 추돌,안전운전불이행,건조,맑음,단일로 - 기타,승용,여,51세,상해없음,승용,남,57세,경상
2018072300100042,2018년 7월 23일 05시,월요일,부산광역시 북구 구포동,중상사고,0,1,0,0,차대사람 - 횡단중,신호위반,건조,맑음,단일로 - 지하차도(도로)내,승합,남,50세,상해없음,보행자,여,84세,중상
2018072300100043,2018년 7월 23일 05시,월요일,부산광역시 동래구 명장동,경상사고,0,0,1,0,차대차 - 측면충돌,교차로운행방법위반,건조,맑음,교차로 - 교차로안,승용,남,71세,상해없음,승용,남,58세,상해없음
2018072300100065,2018년 7월 23일 07시,월요일,부산광역시 북구 금곡동,중상사고,0,1,0,0,차대차 - 기타,신호위반,건조,맑음,교차로 - 교차로횡단보도내,승용,남,25세,상해없음,이륜,남,41세,중상
2018072300100098,2018년 7월 23일 08시,월요일,부산광역시 동구 초량동,중상사고,0,1,0,0,차대사람 - 보도통행중,보행자보호의무위반,건조,맑음,단일로 - 기타,화물,남,50세,상해없음,보행자,남,63세,중상
2018072300100099,2018년 7월 23일 08시,월요일,부산광역시 동래구 온천동,경상사고,0,0,1,1,차대차 - 추돌,안전운전불이행,건조,맑음,단일로 - 기타,승용,남,24세,상해없음,승용,남,32세,경상
2018072300100100,2018년 7월 23일 08시,월요일,부산광역시 동래구 온천동,경상사고,0,0,1,0,차대차 - 측면충돌,안전거리미확보,건조,맑음,단일로 - 기타,승용,남,35세,상해없음,승용,남,31세,경상
2018072300100101,2018년 7월 23일 08시,월요일,부산광역시 해운대구 반송동,부상신고사고,0,0,0,1,차대사람 - 길가장자리구역통행중,안전운전불이행,건조,맑음,단일로 - 기타,기타불명,기타불명,미분류,기타불명,보행자,여,14세,부상신고
2018072300100134,2018년 7월 23일 09시,월요일,부산광역시 사하구 신평동,부상신고사고,0,0,0,1,차대차 - 기타,안전운전불이행,건조,맑음,교차로 - 교차로안,자전거,남,83세,부상신고,화물,남,30세,상해없음
2018072300100135,2018년 7월 23일 09시,월요일,부산광역시 사상구 덕포동,경상사고,0,0,1,0,차대사람 - 차도통행중,보행자보호의무위반,건조,맑음,단일로 - 기타,승용,남,24세,상해없음,보행자,여,6세,경상
2018072300100168,2018년 7월 23일 10시,월요일,부산광역시 수영구 광안동,중상사고,0,1,0,0,차대차 - 측면충돌,교차로운행방법위반,건조,맑음,교차로 - 교차로안,승용,남,77세,상해없음,이륜,남,53세,중상
2018072300100169,2018년 7월 23일 10시,월요일,부산광역시 남구 대연동,경상사고,0,0,1,0,차대차 - 측면충돌,교차로운행방법위반,건조,맑음,교차로 - 교차로안,승용,남,64세,상해없음,승용,남,64세,경상
2018072300100170,2018년 7월 23일 10시,월요일,부산광역시 동래구 온천동,중상사고,0,1,0,0,차대차 - 측면충돌,교차로운행방법위반,건조,맑음,교차로 - 교차로안,승용,남,66세,상해없음,승용,남,45세,중상
2018072300100171,2018년 7월 23일 10시,월요일,부산광역시 금정구 부곡동,경상사고,0,0,1,0,차대차 - 측면충돌,안전거리미확보,건조,맑음,기타 - 기타,승용,여,69세,상해없음,승용,여,54세,경상
2018072300100203,2018년 7월 23일 11시,월요일,부산광역시 동구 범일동,경상사고,0,0,2,0,차대차 - 측면충돌,안전운전불이행,건조,맑음,교차로 - 교차로부근,승용,남,29세,상해없음,승용,남,38세,경상
2018072300100204,2018년 7월 23일 11시,월요일,부산광역시 해운대구 중동,경상사고,0,0,2,0,차대차 - 추돌,안전운전불이행,건조,맑음,교차로 - 교차로부근,건설기계,남,57세,상해없음,승용,여,47세,경상
2018072300100205,2018년 7월 23일 11시,월요일,부산광역시 기장군 기장읍,중상사고,0,1,0,0,차대차 - 측면충돌,안전운전불이행,건조,맑음,교차로 - 교차로안,승용,여,34세,상해없음,자전거,남,15세,중상
2018072300100265,2018년 7월 23일 13시,월요일,부산광역시 부산진구 전포동,경상사고,0,0,1,0,차대차 - 측면충돌,안전운전불이행,건조,맑음,교차로 - 교차로안,승용,여,73세,상해없음,이륜,남,47세,경상
2018072300100266,2018년 7월 23일 13시,월요일,부산광역시 강서구 대저2동,경상사고,0,0,1,0,차대차 - 추돌,안전운전불이행,건조,맑음,단일로 - 기타,승합,남,34세,상해없음,화물,남,55세,경상
2018072300100333,2018년 7월 23일 15시,월요일,부산광역시 동구 좌천동,중상사고,0,1,3,0,차대차 - 추돌,안전거리미확보,건조,맑음,단일로 - 고가도로위,특수,남,56세,상해없음,승용,남,39세,중상
2018072300100334,2018년 7월 23일 15시,월요일,부산광역시 해운대구 좌동,중상사고,0,1,0,0,차대사람 - 횡단중,보행자보호의무위반,건조,맑음,단일로 - 기타,승용,남,55세,상해없음,보행자,남,17세,중상
2018072300100335,2018년 7월 23일 15시,월요일,부산광역시 부산진구 양정동,경상사고,0,0,1,0,차대차 - 측면충돌,안전운전불이행,건조,맑음,단일로 - 기타,승용,남,19세,상해없음,이륜,남,21세,경상
2018072300100336,2018년 7월 23일 15시,월요일,부산광역시 강서구 강동동,경상사고,0,0,1,0,차대차 - 측면충돌,안전운전불이행,건조,맑음,교차로 - 교차로부근,승용,여,65세,상해없음,이륜,남,62세,경상
2018072300100375,2018년 7월 23일 16시,월요일,부산광역시 부산진구 범천동,경상사고,0,0,1,0,차대사람 - 차도통행중,안전운전불이행,건조,맑음,단일로 - 기타,화물,남,47세,상해없음,보행자,남,56세,경상
2018072300100421,2018년 7월 23일 17시,월요일,부산광역시 해운대구 송정동,경상사고,0,0,1,0,차대차 - 기타,안전운전불이행,건조,맑음,교차로 - 교차로안,승용,남,66세,상해없음,승용,남,36세,경상
2018072300100461,2018년 7월 23일 18시,월요일,부산광역시 동구 초량동,경상사고,0,0,1,0,차대차 - 기타,안전거리미확보,건조,맑음,단일로 - 기타,승용,여,37세,상해없음,승합,남,41세,상해없음
2018072300100462,2018년 7월 23일 18시,월요일,부산광역시 북구 덕천동,중상사고,0,1,0,0,차대사람 - 기타,안전운전불이행,건조,맑음,단일로 - 기타,승용,남,73세,상해없음,보행자,여,56세,중상
2018072300100463,2018년 7월 23일 18시,월요일,부산광역시 연제구 연산동,중상사고,0,1,0,0,차대차 - 측면충돌,신호위반,건조,맑음,교차로 - 교차로안,승용,여,40세,상해없음,이륜,남,36세,중상
2018072300100464,2018년 7월 23일 18시,월요일,부산광역시 연제구 연산동,경상사고,0,0,1,0,차대사람 - 차도통행중,안전운전불이행,건조,맑음,교차로 - 교차로부근,승용,여,56세,상해없음,보행자,남,59세,경상