사고번호,사고일시,요일,시군구,사고내용,사망자수,중상자수,경상자수,부상신고자수,사고유형,법규위반,노면상태,기상상태,도로형태,가해운전자 차종,가해운전자 성별,가해운전자 연령,가해운전자 상해정도,피해운전자 차종,피해운전자 성별,피해운전자 연령,피해운전자 상해정도
2018072700100154,2018년 7월 27일 09시,금요일,부산광역시 연제구 연산동,중상사고,0,1,0,0,차대차 - 측면충돌,신호위반,건조,맑음,교차로 - 교차로안,화물,남,28세,상해없음,승용,남,67세,중상
2018072700100155,2018년 7월 27일 09시,금요일,부산광역시 강서구 대저2동,경상사고,0,0,2,0,차대차 - 정면충돌,안전운전불이행,건조,맑음,단일로 - 기타,승용,남,41세,상해없음,승용,여,51세,경상
2018072700100156,2018년 7월 27일 09시,금요일,부산광역시 금정구 구서동,경상사고,0,0,1,0,차대차 - 측면충돌,안전운전불이행,건조,맑음,단일로 - 기타,화물,남,54세,상해없음,승용,여,38세,경상
2018072700100195,2018년 7월 27일 10시,금요일,부산광역시 동구 범일동,중상사고,0,1,0,0,차대차 - 추돌,안전운전불이행,건조,맑음,단일로 - 기타,화물,남,41세,상해없음,승용,남,68세,중상
2018072700100230,2018년 7월 27일 11시,금요일,부산광역시 금정구 부곡동,경상사고,0,0,4,0,차대차 - 추돌,안전거리미확보,건조,맑음,단일로 - 기타,승용,남,52세,상해없음,승용,여,42세,경상
2018072700100293,2018년 7월 27일 13시,금요일,부산광역시 북구 화명동,경상사고,0,0,3,0,차대차 - 측면충돌,차로위반,건조,맑음,단일로 - 기타,승용,여,38세,상해없음,승용,여,37세,경상
2018072700100294,2018년 7월 27일 13시,금요일,부산광역시 금정구 장전동,경상사고,0,0,1,0,차대차 - 측면충돌,차로위반,건조,맑음,단일로 - 기타,승용,남,23세,상해없음,이륜,남,28세,경상
2018072700100333,2018년 7월 27일 14시,금요일,부산광역시 서구 동대신동3가,부상신고사고,0,0,0,1,차대사람 - 횡단중,신호위반,건조,맑음,단일로 - 기타,기타불명,기타불명,미분류,기타불명,보행자,남,7세,부상신고
2018072700100334,2018년 7월 27일 14시,금요일,부산광역시 사상구 감전동,중상사고,0,1,0,0,차대사람 - 기타,안전운전불이행,건조,맑음,단일로 - 지하차도(도로)내,화물,남,34세,상해없음,보행자,여,72세,중상
2018072700100372,2018년 7월 27일 15시,금요일,부산광역시 동래구 사직동,경상사고,0,0,1,0,차대사람 - 보도통행중,보행자보호의무위반,건조,맑음,교차로 - 교차로안,승용,여,25세,상해없음,보행자,여,45세,경상
2018072700100373,2018년 7월 27일 15시,금요일,부산광역시 기장군 기장읍,경상사고,0,0,3,0,차대차 - 측면충돌,교차로운행방법위반,건조,맑음,교차로 - 교차로안,승용,여,25세,기타불명,승용,남,58세,경상
2018072700100415,2018년 7월 27일 16시,금요일,부산광역시 중구 보수동2가,중상사고,0,1,0,0,차대차 - 측면충돌,안전운전불이행,건조,맑음,교차로 - 교차로안,승용,남,39세,상해없음,이륜,남,37세,중상
2018072700100452,2018년 7월 27일 17시,금요일,부산광역시 수영구 남천동,중상사고,0,1,0,0,차대차 - 기타,중앙선침범,건조,맑음,단일로 - 기타,기타불명,기타불명,미분류,기타불명,원동기,남,30세,중상
2018072700100453,2018년 7월 27일 17시,금요일,부산광역시 영도구 동삼동,중상사고,0,1,0,0,차대사람 - 횡단중,안전운전불이행,건조,맑음,주차장 - 주차장,화물,남,42세,상해없음,보행자,여,72세,중상
2018072700100454,2018년 7월 27일 17시,금요일,부산광역시 강서구 송정동,경상사고,0,0,1,0,차대사람 - 횡단중,중앙선침범,건조,맑음,단일로 - 기타,승용,남,30세,상해없음,보행자,남,38세,경상
2018072700100508,2018년 7월 27일 18시,금요일,부산광역시 남구 대연동,경상사고,0,0,2,0,차대차 - 기타,안전운전불이행,건조,맑음,단일로 - 기타,승합,남,72세,상해없음,승용,여,50세,경상
2018072700100509,2018년 7월 27일 18시,금요일,부산광역시 해운대구 반여동,중상사고,0,1,0,0,차대차 - 기타,안전운전불이행,건조,맑음,단일로 - 기타,승용,남,25세,상해없음,이륜,남,43세,중상
2018072700100551,2018년 7월 27일 19시,금요일,부산광역시 중구 중앙동4가,경상사고,0,0,1,0,차대차 - 기타,안전운전불이행,건조,맑음,단일로 - 기타,기타불명,기타불명,미분류,기타불명,승용,남,68세,상해없음
2018072700100646,2018년 7월 27일 21시,금요일,부산광역시 영도구 신선동3가,부상신고사고,0,0,0,1,차량단독 - 공작물충돌,안전운전불이행,건조,맑음,단일로 - 기타,승용,남,66세,상해없음,,,,
2018072700100647,2018년 7월 27일 21시,금요일,부산광역시 부산진구 범천동,경상사고,0,0,2,0,차대차 - 기타,신호위반,건조,맑음,교차로 - 교차로안,승용,남,57세,상해없음,승용,남,66세,상해없음
2018072700100681,2018년 7월 27일 22시,금요일,부산광역시 부산진구 부전동,중상사고,0,1,0,0,차대차 - 기타,안전운전불이행,건조,맑음,단일로 - 기타,이륜,남,44세,상해없음,자전거,남,67세,중상
2018072700100713,2018년 7월 27일 23시,금요일,부산광역시 서구 서대신동2가,경상사고,0,0,1,0,차대차 - 기타,신호위반,건조,맑음,교차로 - 교차로안,화물,남,23세,상해없음,승용,남,60세,상해없음
2018072800100035,2018년 7월 28일 01시,토요일,부산광역시 해운대구 중동,경상사고,0,0,2,0,차대차 - 기타,안전운전불이행,건조,맑음,단일로 - 기타,승용,남,61세,상해없음,승용,남,55세,경상
2018072800100057,2018년 7월 28일 03시,토요일,부산광역시 수영구 남천동,경상사고,0,0,1,0,차대차 - 추돌,안전운전불이행,건조,맑음,단일로 - 기타,승용,남,29세,상해없음,승용,남,46세,경상
2018072800100068,2018년 7월 28일 04시,토요일,부산광역시 부산진구 전포동,사망사고,1,0,0,0,차량단독 - 기타,안전운전불이행,건조,맑음,단일로 - 기타,이륜,남,45세,사망,,,,
2018072800100077,2018년 7월 28일 05시,토요일,부산광역시 동구 범일동,경상사고,0,0,2,0,차대차 - 측면충돌,신호위반,건조,맑음,교차로 - 교차로부근,승용,남,74세,상해없음,승용,남,61세,경상
2018072800100078,2018년 7월 28일 05시,토요일,부산광역시 해운대구 중동,사망사고,1,1,0,0,차량단독 - 공작물충돌,안전운전불이행,건조,흐림,단일로 - 기타,이륜,남,24세,사망,,,,
2018072800100079,2018년 7월 28일 05시,토요일,부산광역시 부산진구 연지동,경상사고,0,0,1,0,차대차 - 기타,신호위반,건조,맑음,교차로 - 교차로안,승용,남,26세,상해없음,승용,남,65세,경상
2018072800100080,2018년 7월 28일 05시,토요일,부산광역시 금정구 부곡동,경상사고,0,0,1,0,차대사람 - 길가장자리구역통행중,안전운전불이행,건조,맑음,단일로 - 기타,기타불명,기타불명,미분류,기타불명,보행자,남,63세,경상
2018072800100081,2018년 7월 28일 05시,토요일,부산광역시 연제구 연산동,경상사고,0,0,1,0,차대사람 - 길가장자리구역통행중,안전운전불이행,건조,맑음,단일로 - 기타,승용,남,45세,상해없음,보행자,남,47세,경상
2018072800100093,2018년 7월 28일 06시,토요일,부산광역시 연제구 연산동,경상사고,0,0,2,0,차대차 - 추돌,안전운전불이행,건조,맑음,교차로 - 교차로부근,승용,남,45세,상해없음,승용,남,23세,경상
2018072800100110,2018년 7월 28일 07시,토요일,부산광역시 남구 대연동,중상사고,0,1,0,0,차대차 - 측면충돌,안전거리미확보,건조,맑음,단일로 - 기타,승용,남,65세,상해없음,원동기,남,69세,중상
2018072800100111,2018년 7월 28일 07시,토요일,부산광역시 기장군 정관읍,경상사고,0,0,2,0,차대차 - 측면충돌,안전거리미확보,건조,맑음,교차로 - 교차로부근,승합,여,49세,경상,승용,남,56세,상해없음
2018072800100147,2018년 7월 28일 09시,토요일,부산광역시 사상구 괘법동,경상사고,0,0,1,0,차대차 - 측면충돌,안전운전불이행,건조,맑음,교차로 - 교차로부근,화물,남,43세,상해없음,화물,남,45세,경상
2018072800100148,2018년 7월 28일 09시,토요일,부산광역시 기장군 정관읍,경상사고,0,0,2,0,차대차 - 측면충돌,안전운전불이행,건조,맑음,교차로 - 교차로횡단보도내,화물,남,39세,상해없음,승용,남,29세,경상
2018072800100207,2018년 7월 28일 11시,토요일,부산광역시 북구 구포동,경상사고,0,0,1,0,차대차 - 측면충돌,안전거리미확보,건조,맑음,단일로 - 지하차도(도로)내,승용,남,61세,상해없음,승용,남,51세,경상
2018072800100208,2018년 7월 28일 11시,토요일,부산광역시 금정구 남산동,경상사고,0,0,1,0,차대사람 - 횡단중,보행자보호의무위반,건조,맑음,교차로 - 교차로부근,승용,여,43세,상해없음,보행자,여,45세,경상
2018072800100209,2018년 7월 28일 11시,토요일,부산광역시 사하구 하단동,중상사고,0,1,0,0,차대차 - 기타,안전운전불이행,건조,맑음,단일로 - 기타,승용,남,45세,상해없음,자전거,남,75세,중상
2018072800100250,2018년 7월 28일 12시,토요일,부산광역시 사상구 엄궁동,경상사고,0,0,1,3,차대차 - 추돌,안전운전불이행,건조,맑음,단일로 - 지하차도(도로)내,승용,여,59세,상해없음,승용,여,38세,경상
2018072800100251,2018년 7월 28일 12시,토요일,부산광역시 기장군 정관읍,경상사고,0,0,3,0,차대차 - 추돌,안전운전불이행,건조,맑음,단일로 - 기타,건설기계,남,58세,상해없음,화물,남,42세,경상
2018072800100291,2018년 7월 28일 13시,토요일,부산광역시 중구 중앙동4가,중상사고,0,1,1,0,차대차 - 측면충돌,교차로운행방법위반,건조,맑음,교차로 - 교차로안,승용,여,50세,상해없음,승용,남,62세,중상
2018072800100292,2018년 7월 28일 13시,토요일,부산광역시 사하구 신평동,중상사고,0,1,0,0,차대차 - 기타,신호위반,건조,맑음,기타 - 기타,원동기,남,68세,중상,승용,남,37세,상해없음
2018072800100325,2018년 7월 28일 14시,토요일,부산광역시 중구 부평동2가,중상사고,0,1,0,0,차대사람 - 기타,안전운전불이행,건조,맑음,단일로 - 기타,승용,남,65세,상해없음,보행자,여,32세,중상
2018072800100326,2018년 7월 28일 14시,토요일,부산광역시 북구 구포동,경상사고,0,0,1,0,차대차 - 기타,교차로운행방법위반,건조,맑음,교차로 - 교차로안,화물,남,74세,상해없음,승용,여,53세,경상
2018072800100327,2018년 7월 28일 14시,토요일,부산광역시 부산진구 전포동,부상신고사고,0,0,0,1,차대차 - 기타,안전운전불이행,건조,맑음,교차로 - 교차로안,이륜,남,48세,부상신고,승합,남,59세,상해없음
2018072800100328,2018년 7월 28일 14시,토요일,부산광역시 사상구 학장동,경상사고,0,0,1,0,차대차 - 추돌,교차로운행방법위반,건조,맑음,교차로 - 교차로부근,화물,남,55세,기타불명,승용,남,28세,경상
2018072800100361,2018년 7월 28일 15시,토요일,부산광역시 부산진구 당감동,경상사고,0,0,1,0,차대차 - 기타,안전거리미확보,건조,맑음,단일로 - 기타,승용,남,34세,상해없음,이륜,남,31세,경상
2018072800100409,2018년 7월 28일 17시,토요일,부산광역시 중구 대청동4가,경상사고,0,0,1,0,차대차 - 측면충돌,안전거리미확보,건조,맑음,단일로 - 기타,승용,여,34세,상해없음,이륜,남,17세,경상
2018072800100410,2018년 7월 28일 17시,토요일,부산광역시 동래구 온천동,부상신고사고,0,0,0,1,차대차 - 측면충돌,안전운전불이행,건조,맑음,교차로 - 교차로부근,이륜,남,39세,부상신고,기타불명,기타불명,미분류,기타불명
2018072800100411,2018년 7월 28일 17시,토요일,부산광역시 부산진구 범천동,중상사고,0,1,1,0,차대차 - 측면충돌,안전운전불이행,건조,맑음,교차로 - 교차로안,이륜,남,75세,중상,승용,남,29세,경상
2018072800100412,2018년 7월 28일 17시,토요일,부산광역시 사상구 괘법동,경상사고,0,0,2,0,차대차 - 측면충돌,안전운전불이행,건조,맑음,교차로 - 교차로안,승용,남,67세,경상,승용,남,35세,경상
2018072800100446,2018년 7월 28일 18시,토요일,부산광역시 중구 남포동5가,경상사고,0,0,2,0,차대차 - 추돌,교차로운행방법위반,건조,맑음,교차로 - 교차로부근,승용,남,38세,상해없음,승용,남,25세,경상
2018072800100447,2018년 7월 28일 18시,토요일,부산광역시 북구 구포동,경상사고,0,0,1,0,차대차 - 측면충돌,안전운전불이행,건조,맑음,단일로 - 기타,승용,남,58세,상해없음,승용,여,25세,경상
2018072800100474,2018년 7월 28일 19시,토요일,부산광역시 서구 남부민동,경상사고,0,0,2,0,차대차 - 후진중충돌,안전운전불이행,건조,맑음,단일로 - 기타,승용,여,56세,상해없음,이륜,남,47세,경상
2018072800100501,2018년 7월 28일 20시,토요일,부산광역시 부산진구 가야동,경상사고,0,0,1,0,차대사람 - 기타,기타,건조,맑음,단일로 - 기타,기타불명,기타불명,미분류,기타불명,보행자,남,45세,경상
2018072800100528,2018년 7월 28일 21시,토요일,부산광역시 수영구 민락동,경상사고,0,0,1,0,차대차 - 기타,안전운전불이행,건조,맑음,교차로 - 교차로안,승용,남,22세,상해없음,승용,남,62세,경상
2018072800100529,2018년 7월 28일 21시,토요일,부산광역시 해운대구 좌동,경상사고,0,0,1,0,차대사람 - 횡단중,신호위반,건조,맑음,단일로 - 기타,승용,남,28세,상해없음,보행자,여,30세,경상
2018072800100530,2018년 7월 28일 21시,토요일,부산광역시 사상구 주례동,경상사고,0,0,1,0,차대차 - 측면충돌,안전운전불이행,건조,맑음,교차로 - 교차로부근,승용,남,48세,상해없음,승용,남,34세,상해없음
2018072800100559,2018년 7월 28일 22시,토요일,부산광역시 동래구 온천동,경상사고,0,0,1,0,차대차 - 측면충돌,안전거리미확보,건조,맑음,단일로 - 기타,승용,남,67세,경상,승용,남,49세,상해없음
2018072800100586,2018년 7월 28일 23시,토요일,부산광역시 부산진구 전포동,경상사고,0,0,1,0,차대차 - 측면충돌,안전운전불이행,건조,맑음,단일로 - 기타,이륜,남,29세,경상,승용,남,73세,상해없음
2018072800100587,2018년 7월 28일 23시,토요일,부산광역시 부산진구 범전동,경상사고,0,0,5,0,차대차 - 추돌,안전운전불이행,건조,맑음,단일로 - 기타,승용,남,30세,상해없음,승용,여,42세,경상
2018072900100002,2018년 7월 29일 00시,일요일,부산광역시 북구 화명동,경상사고,0,0,2,0,차대차 - 추돌,안전운전불이행,건조,맑음,단일로 - 기타,승용,남,29세,상해없음,승용,남,58세,상해없음
2018072900100033,2018년 7월 29일 02시,일요일,부산광역시 부산진구 부전동,경상사고,0,0,1,0,차대차 - 기타,신호위반,건조,맑음,교차로 - 교차로안,이륜,남,17세,상해없음,승용,남,67세,경상
2018072900100092,2018년 7월 29일 08시,일요일,부산광역시 부산진구 부전동,중상사고,0,1,0,0,차대차 - 기타,안전거리미확보,건조,맑음,교차로 - 교차로부근,승용,남,43세,상해없음,승합,남,56세,상해없음
2018072900100109,2018년 7월 29일 09시,일요일,부산광역시 부산진구 가야동,부상신고사고,0,0,0,1,차대차 - 측면충돌,중앙선침범,건조,맑음,교차로 - 교차로부근,화물,남,61세,상해없음,승용,여,49세,부상신고
2018072900100110,2018년 7월 29일 09시,일요일,부산광역시 사상구 모라동,경상사고,0,0,1,0,차대차 - 측면충돌,안전운전불이행,건조,맑음,교차로 - 교차로부근,승용,남,64세,상해없음,승합,남,64세,경상
2018072900100130,2018년 7월 29일 10시,일요일,부산광역시 북구 덕천동,경상사고,0,0,1,1,차대차 - 기타,교차로운행방법위반,건조,맑음,교차로 - 교차로안,승용,여,28세,경상,승용,남,34세,부상신고
2018072900100148,2018년 7월 29일 11시,일요일,부산광역시 수영구 남천동,경상사고,0,0,2,0,차대차 - 기타,안전운전불이행,건조,맑음,단일로 - 기타,승용,남,52세,상해없음,승용,남,36세,경상
2018072900100149,2018년 7월 29일 11시,일요일,부산광역시 해운대구 우동,중상사고,0,1,0,0,차대사람 - 기타,안전운전불이행,건조,맑음,단일로 - 기타,승용,여,64세,상해없음,보행자,여,73세,중상
2018072900100171,2018년 7월 29일 12시,일요일,부산광역시 수영구 광안동,경상사고,0,0,1,0,차대차 - 측면충돌,안전운전불이행,건조,맑음,교차로 - 교차로안,승용,남,35세,상해없음,승용,남,36세,경상
2018072900100195,2018년 7월 29일 13시,일요일,부산광역시 서구 동대신동3가,중상사고,0,1,0,0,차대차 - 측면충돌,안전운전불이행,건조,맑음,단일로 - 기타,승용,여,33세,상해없음,자전거,남,65세,중상
2018072900100196,2018년 7월 29일 13시,일요일,부산광역시 부산진구 가야동,경상사고,0,0,3,0,차대차 - 측면충돌,안전거리미확보,건조,맑음,단일로 - 고가도로위,승용,남,23세,상해없음,승용,남,45세,경상
2018072900100197,2018년 7월 29일 13시,일요일,부산광역시 사상구 엄궁동,경상사고,0,0,1,0,차대차 - 추돌,안전운전불이행,건조,맑음,단일로 - 지하차도(도로)내,승용,여,46세,상해없음,승용,남,56세,경상
2018072900100232,2018년 7월 29일 14시,일요일,부산광역시 남구 대연동,경상사고,0,0,3,0,차대차 - 기타,교차로운행방법위반,건조,맑음,교차로 - 교차로안,승용,남,69세,상해없음,승용,남,26세,상해없음
2018072900100233,2018년 7월 29일 14시,일요일,부산광역시 금정구 장전동,경상사고,0,0,1,0,차대차 - 측면충돌,안전운전불이행,건조,맑음,단일로 - 기타,승용,남,38세,경상,승용,남,61세,상해없음
2018072900100259,2018년 7월 29일 15시,일요일,부산광역시 해운대구 중동,경상사고,0,0,2,0,차대차 - 추돌,안전운전불이행,건조,맑음,단일로 - 기타,승용,여,34세,상해없음,승용,남,27세,경상
2018072900100290,2018년 7월 29일 16시,일요일,부산광역시 서구 충무동1가,경상사고,0,0,3,0,차대차 - 측면충돌,차로위반,건조,맑음,단일로 - 기타,승용,남,29세,상해없음,승용,남,50세,경상
2018072900100291,2018년 7월 29일 16시,일요일,부산광역시 금정구 장전동,경상사고,0,0,1,0,차대사람 - 횡단중,안전운전불이행,건조,맑음,단일로 - 기타,승용,남,63세,상해없음,보행자,여,28세,경상
2018072900100292,2018년 7월 29일 16시,일요일,부산광역시 기장군 일광면,경상사고,0,0,3,0,차대차 - 측면충돌,안전거리미확보,건조,맑음,단일로 - 기타,승용,남,55세,상해없음,승용,남,58세,경상
2018072900100323,2018년 7월 29일 17시,일요일,부산광역시 연제구 거제동,경상사고,0,0,2,0,차대차 - 측면충돌,안전운전불이행,건조,맑음,단일로 - 기타,승용,남,36세,상해없음,승용,여,40세,경상
2018072900100362,2018년 7월 29일 18시,일요일,부산광역시 해운대구 우동,중상사고,0,1,0,0,차대차 - 기타,교차로운행방법위반,건조,맑음,교차로 - 교차로안,승용,남,30세,상해없음,승용,남,76세,중상
2018072900100363,2018년 7월 29일 18시,일요일,부산광역시 부산진구 전포동,경상사고,0,0,2,0,차대차 - 기타,안전거리미확보,건조,맑음,단일로 - 기타,승용,남,58세,상해없음,승용,남,63세,상해없음
2018072900100364,2018년 7월 29일 18시,일요일,부산광역시 사상구 덕포동,부상신고사고,0,0,0,1,차대차 - 측면충돌,중앙선침범,건조,맑음,단일로 - 기타,원동기,남,55세,부상신고,승합,남,37세,상해없음
2018072900100392,2018년 7월 29일 19시,일요일,부산광역시 수영구 광안동,경상사고,0,0,2,0,차대차 - 기타,안전운전불이행,건조,맑음,단일로 - 기타,승용,남,60세,상해없음,승용,남,30세,경상
2018072900100393,2018년 7월 29일 19시,일요일,부산광역시 연제구 연산동,중상사고,0,1,0,0,차대사람 - 횡단중,안전운전불이행,건조,맑음,교차로 - 교차로부근,승용,남,40세,상해없음,보행자,남,62세,중상
2018072900100416,2018년 7월 29일 20시,일요일,부산광역시 금정구 부곡동,경상사고,0,0,1,0,차대사람 - 보도통행중,보행자보호의무위반,건조,맑음,교차로 - 교차로안,승용,여,24세,상해없음,보행자,남,62세,경상
2018072900100452,2018년 7월 29일 21시,일요일,부산광역시 북구 화명동,중상사고,0,1,1,0,차대사람 - 횡단중,보행자보호의무위반,젖음/습기,비,교차로 - 교차로횡단보도내,승용,남,31세,상해없음,보행자,남,19세,중상
2018072900100453,2018년 7월 29일 21시,일요일,부산광역시 동래구 안락동,경상사고,0,0,3,0,차대차 - 기타,신호위반,건조,맑음,교차로 - 교차로안,이륜,남,26세,경상,승합,남,51세,상해없음
2018072900100454,2018년 7월 29일 21시,일요일,부산광역시 해운대구 중동,중상사고,0,1,0,0,차대사람 - 횡단중,안전운전불이행,건조,맑음,교차로 - 교차로부근,기타불명,기타불명,미분류,기타불명,보행자,여,35세,중상
2018072900100475,2018년 7월 29일 22시,일요일,부산광역시 서구 남부민동,중상사고,0,1,0,0,차대사람 - 횡단중,안전운전불이행,젖음/습기,흐림,단일로 - 기타,승용,여,31세,상해없음,보행자,여,64세,중상
2018072900100491,2018년 7월 29일 23시,일요일,부산광역시 해운대구 좌동,경상사고,0,0,6,0,차대차 - 기타,신호위반,건조,맑음,교차로 - 교차로안,승용,남,28세,경상,승용,여,23세,경상
2018073000100014,2018년 7월 30일 01시,월요일,부산광역시 부산진구 부전동,중상사고,0,1,0,0,차대사람 - 횡단중,신호위반,건조,맑음,단일로 - 기타,승용,남,64세,상해없음,보행자,여,59세,중상
2018073000100042,2018년 7월 30일 05시,월요일,부산광역시 사하구 다대동,중상사고,0,1,0,0,차대차 - 추돌,안전운전불이행,건조,맑음,교차로 - 교차로부근,승용,남,25세,상해없음,승용,남,65세,중상
2018073000100051,2018년 7월 30일 06시,월요일,부산광역시 북구 구포동,중상사고,0,1,0,0,차대차 - 기타,중앙선침범,건조,맑음,단일로 - 기타,농기계,남,85세,상해없음,이륜,남,27세,중상
2018073000100052,2018년 7월 30일 06시,월요일,부산광역시 해운대구 우동,경상사고,0,0,1,0,차대차 - 추돌,안전운전불이행,건조,맑음,단일로 - 기타,승용,남,25세,상해없음,승용,남,64세,경상
2018073000100099,2018년 7월 30일 08시,월요일,부산광역시 사상구 감전동,경상사고,0,0,1,0,차대차 - 측면충돌,안전운전불이행,건조,맑음,교차로 - 교차로안,이륜,남,58세,경상,승용,여,22세,상해없음
2018073000100143,2018년 7월 30일 09시,월요일,부산광역시 사상구 학장동,경상사고,0,0,1,0,차대차 - 측면충돌,신호위반,건조,맑음,교차로 - 교차로안,이륜,남,46세,경상,승용,여,61세,상해없음
2018073000100175,2018년 7월 30일 10시,월요일,부산광역시 서구 동대신동1가,경상사고,0,0,1,0,차대차 - 측면충돌,중앙선침범,건조,맑음,단일로 - 기타,승용,남,42세,상해없음,승용,남,34세,경상
2018073000100176,2018년 7월 30일 10시,월요일,부산광역시 북구 만덕동,중상사고,0,2,0,0,차대차 - 측면충돌,안전운전불이행,건조,맑음,단일로 - 기타,승용,여,52세,상해없음,승용,남,34세,중상
2018073000100177,2018년 7월 30일 10시,월요일,부산광역시 부산진구 범천동,부상신고사고,0,0,0,1,차대차 - 기타,안전운전불이행,건조,맑음,단일로 - 기타,이륜,남,55세,부상신고,승용,남,71세,상해없음
2018073000100178,2018년 7월 30일 10시,월요일,부산광역시 사상구 감전동,경상사고,0,0,2,0,차대차 - 측면충돌,안전거리미확보,건조,맑음,단일로 - 지하차도(도로)내,승용,남,57세,상해없음,승용,남,32세,경상
2018073000100179,2018년 7월 30일 10시,월요일,부산광역시 기장군 장안읍,사망사고,1,0,0,0,차량단독 - 공작물충돌,안전운전불이행,건조,맑음,교차로 - 교차로부근,이륜,남,83세,사망,,,,
2018073000100208,2018년 7월 30일 11시,월요일,부산광역시 동래구 낙민동,경상사고,0,0,1,0,차대사람 - 길가장자리구역통행중,안전운전불이행,건조,맑음,단일로 - 기타,화물,남,67세,상해없음,보행자,남,46세,경상
2018073000100209,2018년 7월 30일 11시,월요일,부산광역시 영도구 신선동2가,중상사고,0,1,0,0,차대차 - 측면충돌,안전운전불이행,건조,맑음,단일로 - 기타,승용,남,67세,상해없음,승합,남,44세,상해없음
2018073000100258,2018년 7월 30일 12시,월요일,부산광역시 서구 암남동,경상사고,0,0,1,0,차대차 - 추돌,안전거리미확보,건조,맑음,단일로 - 기타,특수,남,53세,상해없음,승용,남,44세,경상
2018073000100259,2018년 7월 30일 12시,월요일,부산광역시 영도구 남항동1가,경상사고,0,0,1,0,차대차 - 측면충돌,안전운전불이행,건조,맑음,단일로 - 기타,승용,남,59세,상해없음,승용,남,49세,경상
2018073000100260,2018년 7월 30일 12시,월요일,부산광역시 사하구 괴정동,경상사고,0,0,1,0,차대차 - 기타,중앙선침범,건조,맑음,기타 - 기타,원동기,여,52세,경상,승용,남,25세,상해없음
2018073000100261,2018년 7월 30일 12시,월요일,부산광역시 사상구 감전동,중상사고,0,1,0,0,차대차 - 추돌,안전운전불이행,건조,맑음,단일로 - 지하차도(도로)내,화물,남,40세,상해없음,이륜,남,60세,중상
2018073000100292,2018년 7월 30일 13시,월요일,부산광역시 부산진구 부전동,경상사고,0,0,1,0,차대사람 - 횡단중,보행자보호의무위반,건조,맑음,단일로 - 기타,승용,남,66세,상해없음,보행자,남,39세,경상
2018073000100331,2018년 7월 30일 14시,월요일,부산광역시 북구 화명동,중상사고,0,1,0,0,차대사람 - 횡단중,안전운전불이행,건조,맑음,단일로 - 기타,승용,남,27세,상해없음,보행자,남,8세,중상
2018073000100332,2018년 7월 30일 14시,월요일,부산광역시 금정구 장전동,경상사고,0,0,1,0,차대사람 - 기타,안전운전불이행,건조,맑음,단일로 - 기타,승용,남,41세,상해없음,보행자,여,16세,경상
2018073000100333,2018년 7월 30일 14시,월요일,부산광역시 강서구 대저2동,중상사고,0,2,0,0,차대차 - 측면충돌,안전운전불이행,건조,맑음,단일로 - 기타,승용,남,39세,상해없음,승용,여,40세,중상
2018073000100374,2018년 7월 30일 15시,월요일,부산광역시 서구 서대신동1가,중상사고,0,1,0,0,차대차 - 후진중충돌,안전운전불이행,건조,맑음,단일로 - 기타,승용,남,63세,상해없음,승용,남,37세,중상
2018073000100375,2018년 7월 30일 15시,월요일,부산광역시 해운대구 반여동,경상사고,0,0,2,1,차대차 - 측면충돌,교차로운행방법위반,건조,맑음,교차로 - 교차로안,승합,남,57세,상해없음,승용,남,63세,부상신고
2018073000100376,2018년 7월 30일 15시,월요일,부산광역시 부산진구 전포동,경상사고,0,0,1,0,차대차 - 기타,차로위반,건조,맑음,교차로 - 교차로안,승용,남,36세,상해없음,승용,남,41세,상해없음
2018073000100377,2018년 7월 30일 15시,월요일,부산광역시 연제구 연산동,경상사고,0,0,1,0,차대차 - 추돌,안전운전불이행,건조,맑음,단일로 - 기타,화물,남,58세,상해없음,승용,남,31세,경상
2018073000100406,2018년 7월 30일 16시,월요일,부산광역시 동래구 안락동,부상신고사고,0,0,0,1,차대차 - 기타,안전운전불이행,건조,맑음,단일로 - 기타,기타불명,기타불명,미분류,기타불명,승용,여,55세,부상신고
2018073000100407,2018년 7월 30일 16시,월요일,부산광역시 사하구 다대동,경상사고,0,0,1,0,차대사람 - 기타,안전운전불이행,건조,맑음,기타 - 기타,승용,남,48세,상해없음,보행자,남,5세,경상
2018073000100449,2018년 7월 30일 17시,월요일,부산광역시 사하구 감천동,경상사고,0,0,1,0,차대차 - 측면충돌,안전운전불이행,건조,맑음,교차로 - 교차로안,화물,남,57세,상해없음,승용,남,74세,경상
2018073000100500,2018년 7월 30일 18시,월요일,부산광역시 동래구 온천동,경상사고,0,0,1,0,차대차 - 측면충돌,안전운전불이행,건조,맑음,교차로 - 교차로안,승합,남,43세,상해없음,이륜,남,17세,경상
2018073000100501,2018년 7월 30일 18시,월요일,부산광역시 금정구 장전동,경상사고,0,0,1,0,차대사람 - 기타,안전운전불이행,건조,맑음,단일로 - 기타,이륜,남,18세,상해없음,보행자,남,33세,경상
2018073000100502,2018년 7월 30일 18시,월요일,부산광역시 금정구 부곡동,중상사고,0,1,0,0,차대사람 - 기타,안전운전불이행,건조,맑음,단일로 - 기타,이륜,남,60세,상해없음,보행자,여,9세,중상
2018073000100549,2018년 7월 30일 19시,월요일,부산광역시 해운대구 재송동,중상사고,0,2,1,0,차량단독 - 도로외이탈 - 기타,안전운전불이행,건조,맑음,단일로 - 기타,승용,여,58세,경상,,,,