사고번호,사고일시,요일,시군구,사고내용,사망자수,중상자수,경상자수,부상신고자수,사고유형,법규위반,노면상태,기상상태,도로형태,가해운전자 차종,가해운전자 성별,가해운전자 연령,가해운전자 상해정도,피해운전자 차종,피해운전자 성별,피해운전자 연령,피해운전자 상해정도
2018080700100254,2018년 8월 7일 13시,화요일,부산광역시 사상구 엄궁동,중상사고,0,1,0,0,차대사람 - 기타,안전운전불이행,건조,맑음,단일로 - 지하차도(도로)내,이륜,남,21세,상해없음,보행자,여,55세,중상
2018080700100287,2018년 8월 7일 14시,화요일,부산광역시 남구 대연동,부상신고사고,0,0,0,1,차대차 - 추돌,안전운전불이행,건조,맑음,교차로 - 교차로안,이륜,남,38세,부상신고,승용,남,64세,상해없음
2018080700100288,2018년 8월 7일 14시,화요일,부산광역시 남구 용호동,경상사고,0,0,1,0,차대차 - 기타,안전운전불이행,건조,맑음,단일로 - 기타,승용,남,55세,상해없음,원동기,남,33세,경상
2018080700100289,2018년 8월 7일 14시,화요일,부산광역시 금정구 장전동,경상사고,0,0,1,0,차대차 - 후진중충돌,안전운전불이행,건조,맑음,기타 - 기타,화물,남,74세,상해없음,이륜,남,19세,경상
2018080700100319,2018년 8월 7일 15시,화요일,부산광역시 남구 대연동,경상사고,0,0,2,0,차대차 - 추돌,안전운전불이행,건조,맑음,단일로 - 기타,승용,남,55세,상해없음,승용,남,49세,경상
2018080700100320,2018년 8월 7일 15시,화요일,부산광역시 기장군 기장읍,중상사고,0,1,0,0,차대사람 - 보도통행중,보행자보호의무위반,건조,맑음,단일로 - 기타,승용,남,76세,상해없음,보행자,여,58세,중상
2018080700100394,2018년 8월 7일 17시,화요일,부산광역시 사상구 삼락동,경상사고,0,0,1,1,차대차 - 측면충돌,직진우회전진행방해,건조,맑음,교차로 - 교차로안,이륜,남,35세,부상신고,승용,여,48세,상해없음
2018080700100441,2018년 8월 7일 18시,화요일,부산광역시 부산진구 범천동,경상사고,0,0,1,0,차대사람 - 차도통행중,안전운전불이행,건조,맑음,단일로 - 기타,승용,남,59세,상해없음,보행자,남,60세,경상
2018080700100487,2018년 8월 7일 19시,화요일,부산광역시 해운대구 석대동,경상사고,0,0,1,0,차대차 - 측면충돌,교차로운행방법위반,건조,맑음,교차로 - 교차로안,승용,남,30세,상해없음,승용,남,37세,경상
2018080700100505,2018년 8월 7일 20시,화요일,부산광역시 부산진구 개금동,경상사고,0,0,1,0,차대차 - 정면충돌,교차로운행방법위반,건조,맑음,교차로 - 교차로안,이륜,남,23세,상해없음,이륜,남,25세,경상
2018080700100560,2018년 8월 7일 22시,화요일,부산광역시 남구 대연동,경상사고,0,0,1,0,차대차 - 측면충돌,안전운전불이행,건조,맑음,교차로 - 교차로안,화물,남,55세,상해없음,자전거,남,26세,경상
2018080700100581,2018년 8월 7일 23시,화요일,부산광역시 동래구 명장동,경상사고,0,0,1,0,차대차 - 측면충돌,안전운전불이행,건조,맑음,교차로 - 교차로안,승용,남,28세,상해없음,승용,여,36세,경상
2018080800100002,2018년 8월 8일 00시,수요일,부산광역시 남구 대연동,경상사고,0,0,2,0,차대차 - 기타,안전운전불이행,건조,맑음,교차로 - 교차로부근,승용,남,54세,경상,화물,남,54세,경상
2018080800100003,2018년 8월 8일 00시,수요일,부산광역시 동래구 수안동,경상사고,0,0,1,0,차대차 - 추돌,안전운전불이행,건조,맑음,단일로 - 기타,승용,남,28세,상해없음,승용,남,58세,경상
2018080800100035,2018년 8월 8일 04시,수요일,부산광역시 수영구 광안동,중상사고,0,1,0,0,차대사람 - 길가장자리구역통행중,안전운전불이행,건조,맑음,단일로 - 기타,화물,남,40세,상해없음,보행자,여,48세,중상
2018080800100036,2018년 8월 8일 04시,수요일,부산광역시 사하구 괴정동,중상사고,0,1,0,0,차량단독 - 기타,안전운전불이행,건조,맑음,단일로 - 기타,이륜,남,27세,중상,,,,
2018080800100134,2018년 8월 8일 09시,수요일,부산광역시 동래구 사직동,경상사고,0,0,2,0,차대차 - 측면충돌,안전운전불이행,건조,맑음,단일로 - 기타,자전거,남,59세,경상,승용,여,49세,경상
2018080800100165,2018년 8월 8일 10시,수요일,부산광역시 동래구 온천동,경상사고,0,0,1,2,차대차 - 측면충돌,신호위반,건조,맑음,교차로 - 교차로안,승용,여,24세,부상신고,승용,남,32세,경상
2018080800100166,2018년 8월 8일 10시,수요일,부산광역시 부산진구 개금동,경상사고,0,0,1,0,차대사람 - 횡단중,기타,건조,맑음,단일로 - 기타,화물,남,47세,상해없음,보행자,남,7세,경상
2018080800100167,2018년 8월 8일 10시,수요일,부산광역시 연제구 거제동,중상사고,0,1,0,0,차대차 - 측면충돌,신호위반,건조,맑음,교차로 - 교차로부근,화물,남,33세,상해없음,이륜,여,46세,중상
2018080800100168,2018년 8월 8일 10시,수요일,부산광역시 연제구 연산동,경상사고,0,0,1,0,차대차 - 측면충돌,안전운전불이행,건조,맑음,단일로 - 기타,승용,여,67세,상해없음,화물,남,50세,경상
2018080800100169,2018년 8월 8일 10시,수요일,부산광역시 사상구 감전동,중상사고,0,1,0,0,차대차 - 측면충돌,교차로운행방법위반,건조,맑음,교차로 - 교차로부근,승용,남,55세,상해없음,승용,남,33세,중상
2018080800100191,2018년 8월 8일 11시,수요일,부산광역시 남구 대연동,부상신고사고,0,0,0,1,차대차 - 추돌,안전운전불이행,건조,맑음,단일로 - 기타,승용,여,29세,상해없음,승용,남,61세,부상신고
2018080800100192,2018년 8월 8일 11시,수요일,부산광역시 부산진구 부암동,경상사고,0,0,1,0,차대사람 - 기타,안전운전불이행,건조,맑음,단일로 - 기타,승용,남,54세,상해없음,보행자,여,16세,경상
2018080800100193,2018년 8월 8일 11시,수요일,부산광역시 강서구 송정동,중상사고,0,1,0,0,차대차 - 기타,신호위반,건조,맑음,교차로 - 교차로안,승용,남,49세,상해없음,이륜,남,66세,중상
2018080800100219,2018년 8월 8일 12시,수요일,부산광역시 연제구 거제동,경상사고,0,0,2,1,차대차 - 추돌,안전운전불이행,건조,맑음,단일로 - 기타,승합,남,50세,상해없음,승용,여,39세,경상
2018080800100250,2018년 8월 8일 13시,수요일,부산광역시 연제구 연산동,경상사고,0,0,1,0,차대차 - 측면충돌,차로위반,건조,맑음,단일로 - 기타,이륜,남,20세,상해없음,승용,남,37세,상해없음
2018080800100275,2018년 8월 8일 14시,수요일,부산광역시 동구 초량동,경상사고,0,0,1,0,차량단독 - 기타,안전운전불이행,건조,맑음,단일로 - 기타,승용,남,39세,상해없음,,,,
2018080800100276,2018년 8월 8일 14시,수요일,부산광역시 부산진구 양정동,경상사고,0,0,1,0,차대차 - 정면충돌,중앙선침범,건조,맑음,단일로 - 기타,이륜,여,45세,경상,화물,남,27세,상해없음
2018080800100277,2018년 8월 8일 14시,수요일,부산광역시 부산진구 부전동,경상사고,0,0,1,0,차대차 - 기타,안전거리미확보,건조,맑음,단일로 - 기타,이륜,남,19세,경상,승용,여,57세,상해없음
2018080800100310,2018년 8월 8일 15시,수요일,부산광역시 남구 대연동,중상사고,0,1,0,0,차대차 - 추돌,안전운전불이행,건조,맑음,단일로 - 터널,승용,남,45세,상해없음,이륜,남,27세,중상
2018080800100311,2018년 8월 8일 15시,수요일,부산광역시 강서구 명지동,경상사고,0,0,1,0,차대차 - 후진중충돌,안전운전불이행,건조,맑음,교차로 - 교차로부근,화물,남,63세,상해없음,승용,남,40세,경상
2018080800100347,2018년 8월 8일 16시,수요일,부산광역시 수영구 광안동,경상사고,0,0,1,0,차대차 - 후진중충돌,안전운전불이행,건조,맑음,단일로 - 기타,승용,여,43세,상해없음,자전거,남,56세,경상
2018080800100348,2018년 8월 8일 16시,수요일,부산광역시 해운대구 중동,부상신고사고,0,0,0,1,차대차 - 측면충돌,안전운전불이행,건조,맑음,단일로 - 지하차도(도로)내,승용,남,38세,부상신고,승용,여,68세,상해없음
2018080800100349,2018년 8월 8일 16시,수요일,부산광역시 부산진구 가야동,경상사고,0,0,1,0,차대사람 - 기타,안전운전불이행,건조,맑음,교차로 - 교차로부근,화물,남,40세,상해없음,보행자,여,83세,경상
2018080800100350,2018년 8월 8일 16시,수요일,부산광역시 사하구 하단동,경상사고,0,0,1,0,차대사람 - 기타,안전운전불이행,건조,맑음,단일로 - 기타,자전거,남,14세,기타불명,보행자,남,54세,경상
2018080800100376,2018년 8월 8일 17시,수요일,부산광역시 중구 중앙동4가,경상사고,0,0,2,0,차대차 - 측면충돌,교차로운행방법위반,건조,맑음,교차로 - 교차로안,승용,남,50세,상해없음,이륜,남,64세,경상
2018080800100377,2018년 8월 8일 17시,수요일,부산광역시 중구 남포동4가,중상사고,0,1,0,0,차대차 - 기타,안전운전불이행,건조,맑음,단일로 - 기타,승용,남,57세,상해없음,승용,남,48세,중상
2018080800100378,2018년 8월 8일 17시,수요일,부산광역시 부산진구 부암동,중상사고,0,1,0,0,차대사람 - 횡단중,신호위반,건조,맑음,교차로 - 교차로부근,승합,남,44세,상해없음,보행자,남,58세,중상
2018080800100379,2018년 8월 8일 17시,수요일,부산광역시 사하구 장림동,중상사고,0,1,0,0,차대차 - 기타,중앙선침범,건조,맑음,단일로 - 기타,화물,남,55세,상해없음,이륜,남,46세,중상
2018080800100420,2018년 8월 8일 18시,수요일,부산광역시 남구 용당동,중상사고,0,1,0,0,차대차 - 기타,교차로운행방법위반,건조,맑음,교차로 - 교차로부근,승용,남,46세,상해없음,이륜,남,78세,중상
2018080800100421,2018년 8월 8일 18시,수요일,부산광역시 북구 화명동,경상사고,0,0,1,0,차대차 - 기타,안전운전불이행,건조,맑음,단일로 - 기타,화물,남,57세,상해없음,승용,여,60세,경상
2018080800100422,2018년 8월 8일 18시,수요일,부산광역시 부산진구 개금동,경상사고,0,0,4,0,차대차 - 측면충돌,안전운전불이행,건조,맑음,단일로 - 기타,승용,남,49세,상해없음,승용,남,32세,경상
2018080800100423,2018년 8월 8일 18시,수요일,부산광역시 금정구 금사동,경상사고,0,0,1,0,차대차 - 측면충돌,안전운전불이행,건조,맑음,교차로 - 교차로안,승용,남,47세,상해없음,자전거,남,28세,경상
2018080800100459,2018년 8월 8일 19시,수요일,부산광역시 부산진구 부전동,경상사고,0,0,1,0,차대사람 - 길가장자리구역통행중,안전운전불이행,건조,맑음,단일로 - 기타,승용,남,19세,상해없음,보행자,여,51세,경상
2018080800100460,2018년 8월 8일 19시,수요일,부산광역시 금정구 서동,경상사고,0,0,1,0,차대사람 - 기타,보행자보호의무위반,건조,맑음,교차로 - 교차로안,승용,남,59세,상해없음,보행자,남,65세,경상
2018080800100461,2018년 8월 8일 19시,수요일,부산광역시 연제구 거제동,경상사고,0,0,1,0,차대차 - 측면충돌,안전운전불이행,건조,맑음,단일로 - 기타,승용,남,76세,상해없음,승용,남,55세,경상
2018080800100516,2018년 8월 8일 21시,수요일,부산광역시 동구 범일동,경상사고,0,0,1,0,차대차 - 측면충돌,신호위반,건조,맑음,단일로 - 기타,이륜,기타불명,미분류,기타불명,이륜,남,51세,경상
2018080800100517,2018년 8월 8일 21시,수요일,부산광역시 금정구 구서동,중상사고,0,1,0,0,차대사람 - 횡단중,보행자보호의무위반,건조,맑음,교차로 - 교차로안,승합,남,23세,상해없음,보행자,여,63세,중상
2018080800100561,2018년 8월 8일 23시,수요일,부산광역시 해운대구 우동,중상사고,0,1,0,0,차대차 - 측면충돌,안전운전불이행,건조,맑음,교차로 - 교차로안,기타불명,기타불명,미분류,기타불명,원동기,여,59세,중상
2018080800100562,2018년 8월 8일 23시,수요일,부산광역시 금정구 구서동,경상사고,0,0,1,0,차대차 - 추돌,안전운전불이행,건조,맑음,단일로 - 기타,승합,남,45세,상해없음,화물,남,51세,경상
2018080900100008,2018년 8월 9일 00시,목요일,부산광역시 사상구 괘법동,경상사고,0,0,1,0,차대차 - 측면충돌,직진우회전진행방해,건조,맑음,교차로 - 교차로안,승용,남,30세,상해없음,이륜,남,49세,경상
2018080900100024,2018년 8월 9일 01시,목요일,부산광역시 남구 대연동,중상사고,0,1,0,0,차대사람 - 기타,안전운전불이행,건조,맑음,교차로 - 교차로부근,화물,남,27세,상해없음,보행자,여,21세,중상
2018080900100025,2018년 8월 9일 01시,목요일,부산광역시 기장군 정관읍,중상사고,0,1,0,0,차대사람 - 횡단중,안전운전불이행,건조,맑음,교차로 - 교차로부근,승용,남,66세,상해없음,보행자,남,17세,중상
2018080900100033,2018년 8월 9일 02시,목요일,부산광역시 해운대구 좌동,부상신고사고,0,0,0,1,차대차 - 측면충돌,차로위반,건조,맑음,단일로 - 기타,승용,남,62세,상해없음,이륜,남,28세,부상신고
2018080900100039,2018년 8월 9일 03시,목요일,부산광역시 금정구 장전동,경상사고,0,0,1,0,차대사람 - 횡단중,안전운전불이행,건조,맑음,단일로 - 기타,승용,남,19세,상해없음,보행자,여,20세,경상
2018080900100046,2018년 8월 9일 04시,목요일,부산광역시 부산진구 초읍동,중상사고,0,1,0,0,차대사람 - 기타,안전운전불이행,건조,맑음,단일로 - 기타,승용,남,22세,상해없음,보행자,여,83세,중상
2018080900100056,2018년 8월 9일 05시,목요일,부산광역시 해운대구 반송동,경상사고,0,0,2,0,차대차 - 기타,안전거리미확보,기타,맑음,단일로 - 기타,승용,여,48세,경상,승용,남,64세,경상
2018080900100068,2018년 8월 9일 06시,목요일,부산광역시 동래구 낙민동,중상사고,0,1,0,0,차대차 - 기타,안전운전불이행,건조,맑음,교차로 - 교차로안,화물,남,62세,상해없음,자전거,남,80세,중상
2018080900100069,2018년 8월 9일 06시,목요일,부산광역시 부산진구 당감동,경상사고,0,0,1,0,차대차 - 측면충돌,안전운전불이행,건조,맑음,단일로 - 기타,승용,남,53세,상해없음,이륜,남,22세,경상
2018080900100085,2018년 8월 9일 07시,목요일,부산광역시 사하구 하단동,부상신고사고,0,0,0,1,차대차 - 측면충돌,안전거리미확보,건조,맑음,기타 - 기타,승용,남,48세,부상신고,건설기계,남,40세,상해없음
2018080900100086,2018년 8월 9일 07시,목요일,부산광역시 강서구 대저1동,경상사고,0,0,1,0,차대차 - 추돌,안전운전불이행,건조,맑음,단일로 - 기타,승용,남,43세,상해없음,승용,남,46세,경상
2018080900100112,2018년 8월 9일 08시,목요일,부산광역시 사하구 하단동,경상사고,0,0,2,0,차대차 - 기타,교차로운행방법위반,건조,맑음,교차로 - 교차로안,승용,여,43세,경상,승용,여,38세,경상
2018080900100143,2018년 8월 9일 09시,목요일,부산광역시 동구 초량동,경상사고,0,0,1,0,차대차 - 기타,안전운전불이행,건조,맑음,단일로 - 기타,승용,남,38세,상해없음,원동기,남,22세,경상
2018080900100144,2018년 8월 9일 09시,목요일,부산광역시 부산진구 부전동,경상사고,0,0,1,0,차대사람 - 길가장자리구역통행중,안전운전불이행,건조,맑음,단일로 - 기타,승용,남,54세,상해없음,보행자,여,25세,경상
2018080900100145,2018년 8월 9일 09시,목요일,부산광역시 금정구 장전동,경상사고,0,0,1,0,차대사람 - 길가장자리구역통행중,안전운전불이행,건조,맑음,단일로 - 기타,승용,남,64세,상해없음,보행자,여,48세,경상
2018080900100173,2018년 8월 9일 10시,목요일,부산광역시 중구 남포동6가,경상사고,0,0,1,0,차대차 - 기타,기타,건조,맑음,단일로 - 기타,승용,남,32세,상해없음,승합,남,55세,상해없음
2018080900100174,2018년 8월 9일 10시,목요일,부산광역시 수영구 광안동,경상사고,0,0,3,0,차대차 - 기타,안전운전불이행,건조,맑음,단일로 - 기타,승용,남,65세,상해없음,승용,남,26세,경상
2018080900100175,2018년 8월 9일 10시,목요일,부산광역시 부산진구 가야동,중상사고,0,2,0,0,차대차 - 기타,차로위반,건조,맑음,단일로 - 기타,승용,남,65세,상해없음,이륜,남,51세,중상
2018080900100176,2018년 8월 9일 10시,목요일,부산광역시 사상구 엄궁동,중상사고,0,1,0,0,차대차 - 기타,교차로운행방법위반,건조,맑음,교차로 - 교차로안,화물,남,68세,상해없음,화물,남,47세,중상
2018080900100207,2018년 8월 9일 11시,목요일,부산광역시 동구 범일동,경상사고,0,0,1,0,차대차 - 추돌,안전운전불이행,건조,맑음,단일로 - 기타,화물,남,43세,상해없음,이륜,남,44세,경상
2018080900100238,2018년 8월 9일 12시,목요일,부산광역시 수영구 남천동,경상사고,0,0,5,0,차대차 - 기타,안전운전불이행,건조,맑음,교차로 - 교차로부근,승용,여,47세,경상,승용,남,27세,경상
2018080900100239,2018년 8월 9일 12시,목요일,부산광역시 남구 대연동,경상사고,0,0,1,0,차대차 - 측면충돌,교차로운행방법위반,건조,맑음,교차로 - 교차로안,승용,남,36세,상해없음,승용,여,46세,경상
2018080900100240,2018년 8월 9일 12시,목요일,부산광역시 부산진구 양정동,부상신고사고,0,0,0,1,차대차 - 측면충돌,안전운전불이행,건조,맑음,단일로 - 기타,이륜,남,57세,부상신고,승용,남,39세,상해없음
2018080900100269,2018년 8월 9일 13시,목요일,부산광역시 금정구 장전동,경상사고,0,0,1,0,차대사람 - 기타,안전운전불이행,건조,맑음,단일로 - 기타,승용,남,29세,상해없음,보행자,남,36세,경상
2018080900100270,2018년 8월 9일 13시,목요일,부산광역시 기장군 기장읍,중상사고,0,1,0,0,차량단독 - 공작물충돌,안전운전불이행,건조,맑음,단일로 - 기타,승용,남,47세,상해없음,,,,
2018080900100307,2018년 8월 9일 14시,목요일,부산광역시 서구 암남동,경상사고,0,0,1,0,차대차 - 측면충돌,안전운전불이행,건조,맑음,교차로 - 교차로안,승용,남,48세,상해없음,승용,남,53세,경상
2018080900100380,2018년 8월 9일 16시,목요일,부산광역시 서구 부용동2가,경상사고,0,0,1,0,차대차 - 측면충돌,신호위반,건조,맑음,교차로 - 교차로안,승용,남,36세,상해없음,이륜,남,18세,경상
2018080900100381,2018년 8월 9일 16시,목요일,부산광역시 서구 아미동1가,경상사고,0,0,1,0,차대사람 - 길가장자리구역통행중,안전운전불이행,건조,맑음,단일로 - 기타,승합,남,64세,상해없음,보행자,여,56세,경상
2018080900100417,2018년 8월 9일 17시,목요일,부산광역시 부산진구 부전동,경상사고,0,0,1,0,차대사람 - 길가장자리구역통행중,안전운전불이행,건조,맑음,교차로 - 교차로안,기타불명,기타불명,미분류,기타불명,보행자,남,22세,경상
2018080900100418,2018년 8월 9일 17시,목요일,부산광역시 북구 덕천동,경상사고,0,0,1,0,차대차 - 추돌,안전운전불이행,건조,맑음,단일로 - 기타,승용,남,64세,상해없음,승용,남,37세,경상
2018080900100458,2018년 8월 9일 18시,목요일,부산광역시 금정구 구서동,중상사고,0,1,0,0,차대차 - 기타,안전거리미확보,건조,맑음,단일로 - 기타,승용,여,38세,상해없음,이륜,남,51세,중상
2018080900100504,2018년 8월 9일 19시,목요일,부산광역시 연제구 거제동,경상사고,0,0,1,0,차대차 - 측면충돌,안전운전불이행,젖음/습기,비,교차로 - 교차로부근,승용,남,58세,상해없음,이륜,남,65세,경상
2018080900100537,2018년 8월 9일 20시,목요일,부산광역시 부산진구 범전동,중상사고,0,1,0,0,차대차 - 기타,기타,건조,맑음,단일로 - 기타,이륜,남,27세,중상,승용,남,24세,상해없음
2018080900100538,2018년 8월 9일 20시,목요일,부산광역시 부산진구 부전동,경상사고,0,0,1,0,차대차 - 기타,안전거리미확보,건조,맑음,단일로 - 기타,승용,여,32세,상해없음,승합,남,43세,상해없음
2018080900100562,2018년 8월 9일 21시,목요일,부산광역시 영도구 동삼동,경상사고,0,0,1,0,차대차 - 측면충돌,안전운전불이행,젖음/습기,비,단일로 - 기타,승용,여,49세,상해없음,이륜,남,56세,경상
2018080900100585,2018년 8월 9일 22시,목요일,부산광역시 사상구 주례동,경상사고,0,0,1,0,차대차 - 측면충돌,차로위반,젖음/습기,비,단일로 - 기타,승용,남,49세,상해없음,승용,남,36세,경상
2018080900100614,2018년 8월 9일 23시,목요일,부산광역시 서구 충무동3가,경상사고,0,0,1,0,차대사람 - 차도통행중,안전운전불이행,건조,맑음,단일로 - 기타,승용,남,77세,상해없음,보행자,남,28세,경상
2018080900100615,2018년 8월 9일 23시,목요일,부산광역시 수영구 민락동,경상사고,0,0,2,0,차대차 - 측면충돌,교차로운행방법위반,건조,맑음,교차로 - 교차로안,승용,남,36세,상해없음,승용,남,43세,경상
2018080900100616,2018년 8월 9일 23시,목요일,부산광역시 사하구 장림동,부상신고사고,0,0,0,1,차대차 - 기타,안전운전불이행,건조,맑음,단일로 - 기타,원동기,남,19세,부상신고,승용,남,54세,상해없음
2018080900100617,2018년 8월 9일 23시,목요일,부산광역시 사하구 하단동,경상사고,0,0,1,0,차대사람 - 기타,안전운전불이행,젖음/습기,기타,단일로 - 기타,승용,남,40세,상해없음,보행자,남,62세,경상
2018081000100001,2018년 8월 10일 00시,금요일,부산광역시 중구 중앙동2가,경상사고,0,0,1,0,차대차 - 측면충돌,안전운전불이행,건조,맑음,단일로 - 기타,승용,남,24세,상해없음,승용,남,70세,경상
2018081000100002,2018년 8월 10일 00시,금요일,부산광역시 동구 좌천동,사망사고,1,0,0,0,차대사람 - 기타,과속,건조,맑음,단일로 - 기타,승용,남,61세,상해없음,보행자,남,84세,사망
2018081000100003,2018년 8월 10일 00시,금요일,부산광역시 부산진구 부전동,경상사고,0,0,1,0,차대차 - 기타,안전운전불이행,건조,맑음,교차로 - 교차로부근,이륜,남,21세,경상,승용,남,32세,상해없음
2018081000100028,2018년 8월 10일 02시,금요일,부산광역시 동구 초량동,부상신고사고,0,0,0,1,차대차 - 기타,안전거리미확보,건조,맑음,교차로 - 교차로안,이륜,남,38세,부상신고,승용,남,57세,상해없음
2018081000100066,2018년 8월 10일 06시,금요일,부산광역시 중구 영주동,중상사고,0,1,0,0,차대사람 - 차도통행중,안전운전불이행,건조,맑음,단일로 - 기타,화물,남,48세,상해없음,보행자,여,89세,중상
2018081000100067,2018년 8월 10일 06시,금요일,부산광역시 북구 구포동,중상사고,0,1,0,0,차대사람 - 횡단중,보행자보호의무위반,건조,맑음,교차로 - 교차로횡단보도내,승합,남,63세,상해없음,보행자,남,80세,중상
2018081000100068,2018년 8월 10일 06시,금요일,부산광역시 금정구 서동,경상사고,0,0,1,0,차대사람 - 차도통행중,안전운전불이행,건조,흐림,단일로 - 기타,화물,남,36세,상해없음,보행자,여,63세,경상
2018081000100069,2018년 8월 10일 06시,금요일,부산광역시 사상구 모라동,경상사고,0,0,2,0,차대사람 - 횡단중,안전운전불이행,건조,맑음,교차로 - 교차로안,승용,남,56세,경상,보행자,남,58세,경상
2018081000100110,2018년 8월 10일 08시,금요일,부산광역시 남구 용호동,중상사고,0,1,0,0,차대차 - 기타,안전운전불이행,건조,맑음,교차로 - 교차로안,이륜,남,63세,중상,승용,남,42세,상해없음
2018081000100111,2018년 8월 10일 08시,금요일,부산광역시 남구 문현동,부상신고사고,0,0,0,1,차대사람 - 기타,안전운전불이행,건조,맑음,단일로 - 기타,화물,남,56세,상해없음,보행자,여,70세,부상신고
2018081000100112,2018년 8월 10일 08시,금요일,부산광역시 남구 감만동,중상사고,0,1,0,0,차대사람 - 기타,안전운전불이행,건조,맑음,단일로 - 기타,기타불명,기타불명,미분류,기타불명,보행자,여,79세,중상
2018081000100113,2018년 8월 10일 08시,금요일,부산광역시 수영구 광안동,경상사고,0,0,1,0,차대차 - 기타,안전운전불이행,건조,맑음,단일로 - 기타,승용,여,55세,상해없음,이륜,남,25세,경상
2018081000100114,2018년 8월 10일 08시,금요일,부산광역시 북구 덕천동,경상사고,0,0,1,0,차대차 - 기타,안전운전불이행,건조,맑음,단일로 - 기타,건설기계,남,51세,상해없음,승용,남,48세,경상
2018081000100142,2018년 8월 10일 09시,금요일,부산광역시 부산진구 전포동,중상사고,0,1,1,0,차대차 - 측면충돌,안전거리미확보,건조,맑음,교차로 - 교차로부근,승용,여,57세,중상,승용,남,77세,경상
2018081000100166,2018년 8월 10일 10시,금요일,부산광역시 금정구 서동,중상사고,0,1,0,0,차대사람 - 기타,안전운전불이행,건조,맑음,단일로 - 기타,화물,남,54세,상해없음,보행자,남,64세,중상
2018081000100197,2018년 8월 10일 11시,금요일,부산광역시 서구 남부민동,경상사고,0,0,2,0,차대차 - 측면충돌,교차로운행방법위반,건조,맑음,교차로 - 교차로안,승용,남,50세,경상,승용,남,62세,경상
2018081000100198,2018년 8월 10일 11시,금요일,부산광역시 남구 대연동,경상사고,0,0,1,0,차대차 - 측면충돌,안전운전불이행,건조,맑음,단일로 - 기타,승용,남,68세,상해없음,승용,남,29세,경상
2018081000100300,2018년 8월 10일 14시,금요일,부산광역시 남구 대연동,부상신고사고,0,0,0,1,차대사람 - 차도통행중,안전운전불이행,건조,맑음,단일로 - 기타,승용,여,24세,상해없음,보행자,여,42세,부상신고
2018081000100301,2018년 8월 10일 14시,금요일,부산광역시 수영구 민락동,중상사고,0,1,0,0,차대차 - 기타,안전운전불이행,건조,흐림,교차로 - 교차로안,원동기,남,49세,중상,승합,남,61세,상해없음
2018081000100302,2018년 8월 10일 14시,금요일,부산광역시 금정구 구서동,경상사고,0,0,2,0,차대차 - 측면충돌,안전운전불이행,건조,맑음,단일로 - 기타,승용,남,28세,상해없음,승용,여,42세,경상
2018081000100303,2018년 8월 10일 14시,금요일,부산광역시 강서구 미음동,경상사고,0,0,1,0,차대차 - 후진중충돌,불법유턴,건조,맑음,단일로 - 기타,화물,남,67세,상해없음,승용,여,39세,경상
2018081000100340,2018년 8월 10일 15시,금요일,부산광역시 부산진구 가야동,중상사고,0,1,0,0,차대사람 - 횡단중,안전운전불이행,건조,흐림,교차로 - 교차로안,승용,남,67세,상해없음,보행자,여,72세,중상
2018081000100341,2018년 8월 10일 15시,금요일,부산광역시 부산진구 부전동,경상사고,0,0,1,0,차대사람 - 기타,보행자보호의무위반,건조,맑음,교차로 - 교차로안,화물,남,56세,상해없음,보행자,여,31세,경상
2018081000100342,2018년 8월 10일 15시,금요일,부산광역시 사상구 모라동,중상사고,0,1,0,0,차대차 - 측면충돌,안전운전불이행,건조,맑음,단일로 - 지하차도(도로)내,자전거,남,68세,중상,화물,남,42세,상해없음
2018081000100384,2018년 8월 10일 16시,금요일,부산광역시 중구 남포동5가,경상사고,0,0,1,0,차대차 - 기타,안전운전불이행,건조,맑음,단일로 - 기타,승용,남,46세,상해없음,이륜,남,49세,경상
2018081000100385,2018년 8월 10일 16시,금요일,부산광역시 연제구 연산동,경상사고,0,0,1,0,차대차 - 측면충돌,교차로운행방법위반,건조,맑음,교차로 - 교차로안,화물,남,66세,상해없음,승용,남,59세,경상
2018081000100421,2018년 8월 10일 17시,금요일,부산광역시 중구 중앙동4가,경상사고,0,0,2,0,차대차 - 측면충돌,안전운전불이행,건조,맑음,교차로 - 교차로안,승용,남,60세,상해없음,승용,남,43세,상해없음
2018081000100422,2018년 8월 10일 17시,금요일,부산광역시 동구 범일동,중상사고,0,1,0,0,차대차 - 기타,안전운전불이행,건조,맑음,교차로 - 교차로부근,기타불명,기타불명,미분류,기타불명,원동기,남,45세,중상
2018081000100423,2018년 8월 10일 17시,금요일,부산광역시 해운대구 송정동,경상사고,0,0,1,0,차대차 - 추돌,안전거리미확보,건조,맑음,단일로 - 기타,승용,남,45세,상해없음,승합,남,57세,상해없음
2018081000100424,2018년 8월 10일 17시,금요일,부산광역시 사하구 다대동,경상사고,0,0,1,0,차대사람 - 횡단중,신호위반,건조,맑음,교차로 - 교차로횡단보도내,화물,남,70세,상해없음,보행자,여,51세,경상
2018081000100425,2018년 8월 10일 17시,금요일,부산광역시 강서구 신호동,중상사고,0,1,0,0,차대사람 - 횡단중,안전운전불이행,건조,맑음,교차로 - 교차로안,승용,남,33세,상해없음,보행자,남,11세,중상
2018081000100473,2018년 8월 10일 18시,금요일,부산광역시 기장군 정관읍,경상사고,0,0,1,0,차대차 - 추돌,안전거리미확보,젖음/습기,비,교차로 - 교차로부근,화물,남,51세,상해없음,승용,남,37세,경상
2018081000100518,2018년 8월 10일 19시,금요일,부산광역시 해운대구 우동,경상사고,0,0,1,0,차대차 - 측면충돌,안전거리미확보,건조,맑음,단일로 - 기타,승용,여,47세,상해없음,승용,남,37세,경상