사고번호,사고일시,요일,시군구,사고내용,사망자수,중상자수,경상자수,부상신고자수,사고유형,법규위반,노면상태,기상상태,도로형태,가해운전자 차종,가해운전자 성별,가해운전자 연령,가해운전자 상해정도,피해운전자 차종,피해운전자 성별,피해운전자 연령,피해운전자 상해정도
2018081000100519,2018년 8월 10일 19시,금요일,부산광역시 금정구 서동,경상사고,0,0,1,0,차대사람 - 차도통행중,교차로운행방법위반,건조,맑음,교차로 - 교차로안,화물,남,54세,상해없음,보행자,남,64세,경상
2018081000100560,2018년 8월 10일 20시,금요일,부산광역시 영도구 청학동,중상사고,0,1,0,0,차대사람 - 횡단중,안전운전불이행,건조,맑음,교차로 - 교차로안,승용,남,51세,상해없음,보행자,여,38세,중상
2018081000100561,2018년 8월 10일 20시,금요일,부산광역시 부산진구 부전동,부상신고사고,0,0,0,1,차대사람 - 기타,안전운전불이행,건조,맑음,단일로 - 기타,승용,여,26세,상해없음,보행자,남,44세,부상신고
2018081000100598,2018년 8월 10일 21시,금요일,부산광역시 수영구 광안동,경상사고,0,0,1,0,차대사람 - 횡단중,안전운전불이행,건조,맑음,교차로 - 교차로부근,승용,남,26세,상해없음,보행자,남,34세,경상
2018081000100599,2018년 8월 10일 21시,금요일,부산광역시 기장군 기장읍,경상사고,0,0,1,0,차대차 - 측면충돌,안전운전불이행,건조,맑음,교차로 - 교차로부근,승용,여,60세,상해없음,이륜,남,30세,경상
2018081000100652,2018년 8월 10일 23시,금요일,부산광역시 동구 초량동,경상사고,0,0,2,0,차대차 - 측면충돌,안전운전불이행,건조,맑음,교차로 - 교차로안,승용,남,69세,상해없음,승용,남,36세,경상
2018081000100653,2018년 8월 10일 23시,금요일,부산광역시 수영구 민락동,부상신고사고,0,0,0,1,차대차 - 기타,신호위반,건조,맑음,교차로 - 교차로안,승용,여,23세,상해없음,이륜,남,50세,부상신고
2018081000100654,2018년 8월 10일 23시,금요일,부산광역시 금정구 구서동,중상사고,0,1,0,0,차대차 - 측면충돌,교차로운행방법위반,건조,맑음,교차로 - 교차로안,승용,남,48세,상해없음,승용,남,59세,상해없음
2018081100100007,2018년 8월 11일 00시,토요일,부산광역시 부산진구 초읍동,중상사고,0,1,0,0,차대차 - 측면충돌,신호위반,건조,맑음,교차로 - 교차로안,승용,남,49세,상해없음,이륜,남,27세,중상
2018081100100031,2018년 8월 11일 01시,토요일,부산광역시 부산진구 부전동,경상사고,0,0,4,0,차대차 - 측면충돌,신호위반,건조,맑음,교차로 - 교차로안,승용,남,31세,상해없음,승용,남,55세,경상
2018081100100047,2018년 8월 11일 02시,토요일,부산광역시 북구 화명동,중상사고,0,1,1,0,차대차 - 측면충돌,안전운전불이행,건조,맑음,교차로 - 교차로부근,승용,남,62세,상해없음,승용,남,43세,중상
2018081100100068,2018년 8월 11일 05시,토요일,부산광역시 부산진구 부전동,경상사고,0,0,1,0,차대차 - 측면충돌,안전거리미확보,건조,맑음,단일로 - 기타,승용,남,69세,상해없음,승용,여,56세,경상
2018081100100081,2018년 8월 11일 06시,토요일,부산광역시 동래구 명륜동,중상사고,0,1,0,0,차대차 - 기타,안전운전불이행,건조,맑음,교차로 - 교차로안,기타불명,기타불명,미분류,기타불명,이륜,남,52세,중상
2018081100100095,2018년 8월 11일 07시,토요일,부산광역시 동구 초량동,중상사고,0,2,4,0,차대차 - 측면충돌,안전운전불이행,건조,맑음,단일로 - 기타,승용,남,27세,상해없음,승합,남,63세,경상
2018081100100096,2018년 8월 11일 07시,토요일,부산광역시 북구 화명동,사망사고,1,1,0,0,차량단독 - 기타,안전운전불이행,건조,맑음,단일로 - 기타,이륜,남,22세,사망,,,,
2018081100100115,2018년 8월 11일 08시,토요일,부산광역시 강서구 송정동,중상사고,0,1,0,0,차대차 - 측면충돌,중앙선침범,건조,맑음,단일로 - 기타,승용,남,29세,상해없음,건설기계,남,45세,중상
2018081100100116,2018년 8월 11일 08시,토요일,부산광역시 강서구 대저1동,경상사고,0,0,3,0,차대차 - 추돌,안전거리미확보,건조,맑음,단일로 - 기타,승용,남,35세,상해없음,승용,남,57세,경상
2018081100100141,2018년 8월 11일 09시,토요일,부산광역시 동구 좌천동,중상사고,0,1,0,0,차대차 - 측면충돌,안전거리미확보,건조,맑음,교차로 - 교차로부근,화물,여,56세,상해없음,원동기,남,30세,중상
2018081100100165,2018년 8월 11일 10시,토요일,부산광역시 동구 수정동,경상사고,0,0,1,0,차대차 - 측면충돌,안전거리미확보,건조,맑음,단일로 - 기타,화물,남,56세,상해없음,승용,남,38세,경상
2018081100100166,2018년 8월 11일 10시,토요일,부산광역시 사상구 감전동,경상사고,0,0,1,0,차대차 - 기타,안전운전불이행,건조,맑음,교차로 - 교차로안,기타불명,기타불명,미분류,기타불명,기타불명,여,68세,경상
2018081100100196,2018년 8월 11일 11시,토요일,부산광역시 사상구 감전동,경상사고,0,0,1,0,차대차 - 추돌,안전거리미확보,건조,맑음,단일로 - 지하차도(도로)내,건설기계,남,60세,상해없음,승용,여,41세,경상
2018081100100259,2018년 8월 11일 13시,토요일,부산광역시 동구 범일동,경상사고,0,0,1,0,차대차 - 추돌,안전거리미확보,건조,맑음,교차로 - 교차로부근,승용,남,39세,상해없음,승용,남,44세,경상
2018081100100260,2018년 8월 11일 13시,토요일,부산광역시 부산진구 부전동,경상사고,0,0,1,0,차대사람 - 횡단중,보행자보호의무위반,건조,맑음,단일로 - 기타,승용,남,50세,상해없음,보행자,남,36세,경상
2018081100100300,2018년 8월 11일 14시,토요일,부산광역시 동래구 명륜동,경상사고,0,0,3,0,차대차 - 측면충돌,안전운전불이행,건조,흐림,교차로 - 교차로안,승용,여,52세,상해없음,이륜,남,46세,경상
2018081100100337,2018년 8월 11일 15시,토요일,부산광역시 동구 범일동,중상사고,0,1,0,0,차대사람 - 기타,안전운전불이행,건조,맑음,단일로 - 기타,화물,남,55세,상해없음,보행자,여,64세,중상
2018081100100373,2018년 8월 11일 16시,토요일,부산광역시 북구 만덕동,경상사고,0,0,1,0,차대차 - 측면충돌,안전운전불이행,건조,맑음,교차로 - 교차로안,화물,남,54세,상해없음,승용,여,40세,경상
2018081100100407,2018년 8월 11일 17시,토요일,부산광역시 금정구 부곡동,중상사고,0,1,0,0,차대사람 - 길가장자리구역통행중,안전운전불이행,건조,맑음,단일로 - 기타,승용,여,47세,상해없음,보행자,여,77세,중상
2018081100100443,2018년 8월 11일 18시,토요일,부산광역시 남구 대연동,경상사고,0,0,1,0,차대사람 - 차도통행중,안전운전불이행,건조,맑음,단일로 - 기타,자전거,남,20세,상해없음,보행자,남,79세,경상
2018081100100473,2018년 8월 11일 19시,토요일,부산광역시 동구 초량동,경상사고,0,0,2,0,차대사람 - 횡단중,보행자보호의무위반,건조,맑음,교차로 - 교차로횡단보도내,승용,여,48세,상해없음,보행자,여,48세,경상
2018081100100502,2018년 8월 11일 20시,토요일,부산광역시 서구 동대신동2가,중상사고,0,1,0,0,차대사람 - 기타,안전운전불이행,건조,맑음,교차로 - 교차로부근,승용,남,64세,상해없음,보행자,남,61세,중상
2018081100100503,2018년 8월 11일 20시,토요일,부산광역시 사하구 장림동,중상사고,0,1,0,0,차대차 - 기타,차로위반,건조,맑음,단일로 - 기타,승용,여,53세,상해없음,이륜,남,18세,중상
2018081100100504,2018년 8월 11일 20시,토요일,부산광역시 강서구 지사동,경상사고,0,0,2,0,차대사람 - 횡단중,보행자보호의무위반,건조,맑음,단일로 - 기타,승용,남,30세,상해없음,보행자,여,5세,경상
2018081100100527,2018년 8월 11일 21시,토요일,부산광역시 남구 용호동,중상사고,0,1,0,0,차대차 - 측면충돌,신호위반,건조,맑음,교차로 - 교차로안,승용,남,37세,상해없음,이륜,남,53세,중상
2018081100100528,2018년 8월 11일 21시,토요일,부산광역시 해운대구 우동,경상사고,0,0,1,0,차대차 - 기타,안전운전불이행,건조,맑음,교차로 - 교차로부근,승용,남,28세,상해없음,승용,남,68세,경상
2018081100100529,2018년 8월 11일 21시,토요일,부산광역시 부산진구 전포동,경상사고,0,0,1,0,차대차 - 기타,안전운전불이행,건조,맑음,교차로 - 교차로부근,승용,남,63세,상해없음,이륜,남,42세,경상
2018081100100550,2018년 8월 11일 22시,토요일,부산광역시 사하구 감천동,경상사고,0,0,1,0,차량단독 - 기타,기타,건조,맑음,교차로 - 교차로안,이륜,남,60세,경상,,,,
2018081100100568,2018년 8월 11일 23시,토요일,부산광역시 북구 구포동,중상사고,0,1,1,0,차대차 - 기타,안전운전불이행,건조,맑음,단일로 - 기타,승용,남,44세,상해없음,승용,남,60세,경상
2018081200100019,2018년 8월 12일 01시,일요일,부산광역시 수영구 남천동,경상사고,0,0,1,0,차대사람 - 길가장자리구역통행중,안전운전불이행,건조,맑음,단일로 - 기타,승용,남,64세,상해없음,보행자,남,30세,경상
2018081200100032,2018년 8월 12일 02시,일요일,부산광역시 부산진구 당감동,부상신고사고,0,0,0,1,차량단독 - 공작물충돌,안전운전불이행,건조,맑음,단일로 - 기타,승용,남,38세,부상신고,,,,
2018081200100058,2018년 8월 12일 04시,일요일,부산광역시 해운대구 재송동,사망사고,1,0,0,0,차대차 - 정면충돌,신호위반,건조,흐림,교차로 - 교차로안,이륜,남,29세,사망,승용,남,55세,상해없음
2018081200100066,2018년 8월 12일 05시,일요일,부산광역시 부산진구 부전동,경상사고,0,0,1,0,차대차 - 추돌,안전운전불이행,건조,맑음,단일로 - 기타,승용,남,27세,상해없음,승용,남,31세,경상
2018081200100076,2018년 8월 12일 06시,일요일,부산광역시 연제구 연산동,경상사고,0,0,1,0,차대사람 - 차도통행중,안전운전불이행,건조,맑음,단일로 - 기타,승용,남,65세,상해없음,보행자,여,60세,경상
2018081200100097,2018년 8월 12일 08시,일요일,부산광역시 해운대구 반송동,경상사고,0,0,2,0,차대차 - 추돌,안전운전불이행,건조,맑음,단일로 - 기타,승용,남,52세,상해없음,화물,남,34세,경상
2018081200100111,2018년 8월 12일 09시,일요일,부산광역시 부산진구 초읍동,부상신고사고,0,0,0,1,차대차 - 측면충돌,교차로운행방법위반,건조,맑음,교차로 - 교차로안,이륜,남,59세,부상신고,승용,남,46세,상해없음
2018081200100128,2018년 8월 12일 10시,일요일,부산광역시 사상구 덕포동,중상사고,0,4,1,0,차대차 - 측면충돌,안전운전불이행,건조,맑음,교차로 - 교차로안,승용,남,40세,상해없음,승용,남,40세,중상
2018081200100139,2018년 8월 12일 11시,일요일,부산광역시 수영구 민락동,중상사고,0,1,0,0,차대차 - 측면충돌,안전운전불이행,건조,맑음,교차로 - 교차로안,승용,여,28세,상해없음,이륜,남,19세,중상
2018081200100165,2018년 8월 12일 12시,일요일,부산광역시 부산진구 전포동,경상사고,0,0,1,0,차대차 - 기타,안전거리미확보,건조,맑음,단일로 - 기타,승용,남,47세,상해없음,이륜,남,62세,경상
2018081200100185,2018년 8월 12일 13시,일요일,부산광역시 수영구 광안동,중상사고,0,1,0,0,차대사람 - 횡단중,보행자보호의무위반,건조,맑음,교차로 - 교차로안,승합,남,48세,상해없음,보행자,남,38세,중상
2018081200100186,2018년 8월 12일 13시,일요일,부산광역시 남구 대연동,경상사고,0,0,1,0,차대차 - 측면충돌,교차로운행방법위반,건조,맑음,교차로 - 교차로부근,승용,남,64세,상해없음,승용,여,64세,경상
2018081200100222,2018년 8월 12일 14시,일요일,부산광역시 영도구 청학동,중상사고,0,1,0,0,차대사람 - 횡단중,신호위반,건조,맑음,단일로 - 기타,화물,남,66세,상해없음,보행자,여,41세,중상
2018081200100285,2018년 8월 12일 16시,일요일,부산광역시 동래구 안락동,중상사고,0,1,0,0,차대사람 - 횡단중,안전운전불이행,건조,맑음,교차로 - 교차로안,승용,남,32세,상해없음,보행자,여,63세,중상
2018081200100286,2018년 8월 12일 16시,일요일,부산광역시 영도구 청학동,경상사고,0,0,1,0,차대사람 - 횡단중,신호위반,건조,맑음,단일로 - 기타,승용,남,65세,상해없음,보행자,여,81세,경상
2018081200100318,2018년 8월 12일 17시,일요일,부산광역시 서구 동대신동1가,경상사고,0,0,1,0,차대차 - 측면충돌,안전거리미확보,건조,맑음,단일로 - 기타,승용,남,38세,상해없음,승합,남,65세,상해없음
2018081200100319,2018년 8월 12일 17시,일요일,부산광역시 부산진구 부전동,중상사고,0,1,0,0,차량단독 - 기타,안전운전불이행,건조,맑음,단일로 - 기타,승용,남,31세,상해없음,,,,
2018081200100320,2018년 8월 12일 17시,일요일,부산광역시 강서구 대저1동,중상사고,0,3,1,0,차대차 - 기타,안전거리미확보,건조,맑음,단일로 - 기타,화물,여,59세,상해없음,승용,여,48세,중상
2018081200100342,2018년 8월 12일 18시,일요일,부산광역시 동구 초량동,경상사고,0,0,1,0,차대차 - 측면충돌,안전운전불이행,건조,맑음,단일로 - 고가도로위,승용,남,53세,상해없음,승용,남,32세,경상
2018081200100363,2018년 8월 12일 19시,일요일,부산광역시 영도구 봉래동1가,중상사고,0,1,0,0,차량단독 - 공작물충돌,안전운전불이행,건조,맑음,단일로 - 기타,자전거,남,69세,중상,,,,
2018081200100364,2018년 8월 12일 19시,일요일,부산광역시 강서구 명지동,경상사고,0,0,2,0,차대차 - 측면충돌,교차로운행방법위반,건조,맑음,교차로 - 교차로안,승용,남,66세,상해없음,승용,남,75세,상해없음
2018081200100392,2018년 8월 12일 20시,일요일,부산광역시 금정구 금성동,중상사고,0,4,0,0,차대차 - 측면충돌,중앙선침범,건조,맑음,단일로 - 기타,승용,남,69세,상해없음,승용,남,65세,중상
2018081200100417,2018년 8월 12일 21시,일요일,부산광역시 북구 구포동,사망사고,1,0,0,0,차대사람 - 횡단중,안전운전불이행,건조,맑음,단일로 - 기타,승용,남,54세,상해없음,보행자,남,70세,사망
2018081300100011,2018년 8월 13일 01시,월요일,부산광역시 해운대구 석대동,경상사고,0,0,1,0,차량단독 - 기타,안전운전불이행,건조,맑음,교차로 - 교차로부근,승용,남,67세,상해없음,,,,
2018081300100020,2018년 8월 13일 02시,월요일,부산광역시 남구 대연동,경상사고,0,0,1,0,차량단독 - 공작물충돌,안전운전불이행,건조,맑음,단일로 - 기타,승용,남,21세,상해없음,,,,
2018081300100035,2018년 8월 13일 04시,월요일,부산광역시 사하구 괴정동,중상사고,0,1,0,0,차대차 - 기타,신호위반,건조,맑음,교차로 - 교차로안,승용,남,67세,상해없음,승용,남,26세,중상
2018081300100051,2018년 8월 13일 06시,월요일,부산광역시 남구 용호동,중상사고,0,1,0,0,차대차 - 기타,안전운전불이행,건조,맑음,교차로 - 교차로부근,화물,남,37세,중상,승용,남,37세,상해없음
2018081300100052,2018년 8월 13일 06시,월요일,부산광역시 연제구 거제동,중상사고,0,1,1,0,차대차 - 측면충돌,안전운전불이행,건조,맑음,교차로 - 교차로부근,승용,여,22세,상해없음,화물,남,53세,중상
2018081300100068,2018년 8월 13일 07시,월요일,부산광역시 부산진구 당감동,중상사고,0,1,0,0,차대사람 - 횡단중,안전운전불이행,건조,맑음,단일로 - 기타,화물,남,65세,상해없음,보행자,여,71세,중상
2018081300100107,2018년 8월 13일 08시,월요일,부산광역시 금정구 부곡동,경상사고,0,0,1,0,차대차 - 정면충돌,신호위반,건조,맑음,교차로 - 교차로안,승용,남,65세,상해없음,이륜,남,86세,경상
2018081300100178,2018년 8월 13일 10시,월요일,부산광역시 사하구 장림동,경상사고,0,0,1,0,차대차 - 측면충돌,기타,건조,맑음,교차로 - 교차로부근,이륜,남,63세,경상,특수,남,70세,상해없음
2018081300100179,2018년 8월 13일 10시,월요일,부산광역시 연제구 연산동,중상사고,0,1,0,0,차대사람 - 길가장자리구역통행중,안전운전불이행,건조,맑음,교차로 - 교차로부근,원동기,남,44세,상해없음,보행자,남,21세,중상
2018081300100214,2018년 8월 13일 11시,월요일,부산광역시 부산진구 부전동,경상사고,0,0,1,0,차대차 - 측면충돌,안전거리미확보,건조,맑음,교차로 - 교차로안,화물,남,47세,상해없음,승용,여,52세,경상
2018081300100215,2018년 8월 13일 11시,월요일,부산광역시 사하구 장림동,경상사고,0,0,1,0,차대차 - 기타,안전운전불이행,건조,맑음,단일로 - 기타,이륜,남,61세,경상,승합,남,45세,상해없음
2018081300100216,2018년 8월 13일 11시,월요일,부산광역시 연제구 연산동,경상사고,0,0,1,0,차대사람 - 기타,안전운전불이행,건조,맑음,단일로 - 기타,승용,남,19세,상해없음,보행자,여,58세,경상
2018081300100250,2018년 8월 13일 12시,월요일,부산광역시 해운대구 우동,경상사고,0,0,2,0,차대차 - 측면충돌,기타,건조,맑음,교차로 - 교차로안,승용,남,18세,경상,승용,남,48세,경상
2018081300100287,2018년 8월 13일 13시,월요일,부산광역시 북구 덕천동,경상사고,0,0,1,0,차대차 - 측면충돌,안전운전불이행,건조,맑음,단일로 - 기타,승용,남,59세,상해없음,승용,남,37세,경상
2018081300100322,2018년 8월 13일 14시,월요일,부산광역시 금정구 노포동,경상사고,0,0,1,0,차대차 - 측면충돌,안전거리미확보,건조,맑음,단일로 - 기타,승용,남,53세,상해없음,승용,여,31세,경상
2018081300100323,2018년 8월 13일 14시,월요일,부산광역시 사하구 하단동,경상사고,0,0,2,0,차대차 - 기타,안전운전불이행,건조,맑음,단일로 - 기타,승용,남,68세,상해없음,승용,남,33세,경상
2018081300100324,2018년 8월 13일 14시,월요일,부산광역시 사상구 주례동,중상사고,0,1,0,0,차대차 - 측면충돌,안전거리미확보,건조,맑음,단일로 - 기타,승용,여,46세,상해없음,이륜,남,32세,중상
2018081300100365,2018년 8월 13일 15시,월요일,부산광역시 동래구 안락동,경상사고,0,0,1,0,차대차 - 측면충돌,안전운전불이행,건조,맑음,단일로 - 기타,승용,남,59세,상해없음,승용,여,61세,경상
2018081300100366,2018년 8월 13일 15시,월요일,부산광역시 해운대구 좌동,경상사고,0,0,4,0,차대차 - 측면충돌,안전운전불이행,건조,맑음,교차로 - 교차로안,승용,남,32세,상해없음,승합,남,68세,경상
2018081300100403,2018년 8월 13일 16시,월요일,부산광역시 사하구 신평동,중상사고,0,1,0,0,차대차 - 기타,안전운전불이행,건조,맑음,기타 - 기타,승용,여,34세,중상,특수,남,57세,상해없음
2018081300100405,2018년 8월 13일 16시,월요일,부산광역시 사하구 하단동,경상사고,0,0,1,0,차대차 - 기타,안전운전불이행,건조,맑음,단일로 - 기타,승용,여,63세,상해없음,승용,여,60세,경상
2018081300100406,2018년 8월 13일 16시,월요일,부산광역시 강서구 녹산동,중상사고,0,1,0,0,차대차 - 측면충돌,안전운전불이행,건조,맑음,단일로 - 기타,건설기계,남,55세,상해없음,승용,여,34세,중상
2018081300100439,2018년 8월 13일 17시,월요일,부산광역시 동래구 온천동,중상사고,0,1,0,0,차대사람 - 횡단중,보행자보호의무위반,건조,맑음,교차로 - 교차로부근,승용,남,62세,상해없음,보행자,여,67세,중상
2018081300100440,2018년 8월 13일 17시,월요일,부산광역시 사상구 주례동,경상사고,0,0,1,0,차대차 - 측면충돌,안전운전불이행,건조,맑음,교차로 - 교차로안,승용,남,67세,상해없음,승용,여,39세,경상
2018081300100441,2018년 8월 13일 17시,월요일,부산광역시 사상구 엄궁동,경상사고,0,0,1,0,차대차 - 측면충돌,교차로운행방법위반,건조,맑음,교차로 - 교차로부근,승용,남,54세,기타불명,승용,남,54세,상해없음
2018081300100492,2018년 8월 13일 18시,월요일,부산광역시 남구 대연동,경상사고,0,0,1,0,차대차 - 기타,안전운전불이행,건조,맑음,기타 - 기타,이륜,남,23세,상해없음,이륜,남,36세,경상
2018081300100493,2018년 8월 13일 18시,월요일,부산광역시 영도구 영선동2가,경상사고,0,0,1,0,차대차 - 측면충돌,안전운전불이행,건조,맑음,교차로 - 교차로안,승용,여,41세,상해없음,자전거,남,18세,경상
2018081300100494,2018년 8월 13일 18시,월요일,부산광역시 부산진구 양정동,경상사고,0,0,1,0,차대차 - 측면충돌,안전운전불이행,건조,맑음,단일로 - 기타,이륜,남,23세,경상,승용,여,31세,상해없음
2018081300100495,2018년 8월 13일 18시,월요일,부산광역시 사하구 하단동,중상사고,0,1,0,0,차대차 - 측면충돌,안전운전불이행,건조,맑음,단일로 - 기타,이륜,남,56세,중상,승용,남,58세,상해없음
2018081300100496,2018년 8월 13일 18시,월요일,부산광역시 기장군 정관읍,경상사고,0,0,1,0,차대사람 - 횡단중,보행자보호의무위반,건조,맑음,교차로 - 교차로횡단보도내,승용,여,54세,상해없음,보행자,남,9세,경상
2018081300100537,2018년 8월 13일 19시,월요일,부산광역시 남구 문현동,중상사고,0,1,0,0,차대사람 - 횡단중,보행자보호의무위반,건조,맑음,단일로 - 기타,승용,남,51세,상해없음,보행자,여,43세,중상
2018081300100538,2018년 8월 13일 19시,월요일,부산광역시 수영구 민락동,중상사고,0,1,2,0,차대차 - 기타,교차로운행방법위반,건조,맑음,교차로 - 교차로안,승용,남,67세,경상,승용,남,33세,중상
2018081300100539,2018년 8월 13일 19시,월요일,부산광역시 사상구 괘법동,중상사고,0,1,1,0,차대차 - 추돌,안전운전불이행,건조,맑음,단일로 - 지하차도(도로)내,화물,남,49세,상해없음,승용,여,53세,중상
2018081300100540,2018년 8월 13일 19시,월요일,부산광역시 사상구 주례동,부상신고사고,0,0,0,1,차대차 - 추돌,안전운전불이행,건조,맑음,단일로 - 기타,승용,남,43세,상해없음,승용,남,62세,부상신고
2018081300100541,2018년 8월 13일 19시,월요일,부산광역시 기장군 철마면,중상사고,0,1,0,0,차대차 - 측면충돌,안전운전불이행,건조,맑음,교차로 - 교차로부근,승합,남,58세,상해없음,자전거,남,77세,중상
2018081300100582,2018년 8월 13일 20시,월요일,부산광역시 부산진구 개금동,중상사고,0,1,0,0,차대차 - 기타,안전운전불이행,건조,맑음,단일로 - 기타,승용,남,39세,상해없음,원동기,남,36세,중상
2018081300100583,2018년 8월 13일 20시,월요일,부산광역시 사상구 엄궁동,경상사고,0,0,1,0,차대차 - 추돌,안전거리미확보,건조,맑음,단일로 - 지하차도(도로)내,화물,남,51세,상해없음,승용,남,39세,경상
2018081300100584,2018년 8월 13일 20시,월요일,부산광역시 사상구 학장동,부상신고사고,0,0,0,1,차대차 - 측면충돌,중앙선침범,건조,맑음,교차로 - 교차로안,자전거,남,62세,부상신고,승용,남,48세,상해없음
2018081300100641,2018년 8월 13일 22시,월요일,부산광역시 해운대구 중동,중상사고,0,1,0,0,차대사람 - 횡단중,안전운전불이행,건조,맑음,단일로 - 기타,승용,남,25세,상해없음,보행자,여,58세,중상
2018081400100007,2018년 8월 14일 00시,화요일,부산광역시 사하구 괴정동,경상사고,0,0,2,2,차대차 - 기타,안전운전불이행,건조,맑음,단일로 - 기타,원동기,남,16세,부상신고,승용,남,33세,경상
2018081400100025,2018년 8월 14일 01시,화요일,부산광역시 동구 범일동,중상사고,0,1,3,0,차대차 - 기타,신호위반,건조,맑음,교차로 - 교차로안,승용,남,51세,상해없음,승용,남,62세,중상
2018081400100041,2018년 8월 14일 03시,화요일,부산광역시 사상구 괘법동,경상사고,0,0,3,0,차대사람 - 길가장자리구역통행중,안전운전불이행,건조,맑음,단일로 - 기타,승용,남,32세,기타불명,보행자,여,23세,경상
2018081400100057,2018년 8월 14일 05시,화요일,부산광역시 중구 보수동1가,경상사고,0,0,2,0,차대차 - 측면충돌,안전운전불이행,건조,맑음,교차로 - 교차로안,승용,남,41세,경상,승용,여,77세,경상
2018081400100058,2018년 8월 14일 05시,화요일,부산광역시 남구 용호동,중상사고,0,1,0,0,차대차 - 추돌,안전운전불이행,건조,맑음,단일로 - 기타,승용,남,57세,상해없음,자전거,남,75세,중상
2018081400100081,2018년 8월 14일 07시,화요일,부산광역시 북구 구포동,경상사고,0,0,1,0,차대차 - 측면충돌,안전거리미확보,건조,맑음,단일로 - 지하차도(도로)내,원동기,남,53세,경상,승용,남,48세,상해없음
2018081400100082,2018년 8월 14일 07시,화요일,부산광역시 금정구 구서동,경상사고,0,0,1,0,차대차 - 측면충돌,안전거리미확보,건조,맑음,단일로 - 기타,승용,남,36세,상해없음,이륜,남,38세,경상
2018081400100083,2018년 8월 14일 07시,화요일,부산광역시 강서구 미음동,경상사고,0,0,2,0,차대차 - 측면충돌,신호위반,건조,맑음,교차로 - 교차로안,승용,남,43세,상해없음,화물,남,44세,경상
2018081400100084,2018년 8월 14일 07시,화요일,부산광역시 사상구 괘법동,중상사고,0,1,0,0,차대사람 - 횡단중,보행자보호의무위반,건조,맑음,교차로 - 교차로부근,화물,남,66세,상해없음,보행자,여,31세,중상
2018081400100157,2018년 8월 14일 09시,화요일,부산광역시 남구 문현동,중상사고,0,1,0,0,차대사람 - 기타,신호위반,건조,맑음,단일로 - 기타,승용,여,58세,상해없음,보행자,여,70세,중상
2018081400100158,2018년 8월 14일 09시,화요일,부산광역시 동래구 명륜동,경상사고,0,0,1,0,차대차 - 측면충돌,안전거리미확보,건조,맑음,단일로 - 기타,화물,남,58세,상해없음,승용,남,33세,경상
2018081400100159,2018년 8월 14일 09시,화요일,부산광역시 금정구 남산동,중상사고,0,1,0,0,차대차 - 추돌,안전운전불이행,건조,맑음,단일로 - 기타,원동기,남,78세,상해없음,화물,여,51세,중상
2018081400100186,2018년 8월 14일 10시,화요일,부산광역시 영도구 대교동1가,중상사고,0,1,0,0,차대차 - 추돌,안전운전불이행,건조,맑음,단일로 - 기타,승합,남,71세,상해없음,이륜,남,32세,중상
2018081400100187,2018년 8월 14일 10시,화요일,부산광역시 금정구 부곡동,경상사고,0,0,1,0,차대차 - 추돌,안전운전불이행,건조,맑음,단일로 - 기타,승용,여,38세,상해없음,화물,남,61세,경상
2018081400100216,2018년 8월 14일 11시,화요일,부산광역시 부산진구 당감동,경상사고,0,0,3,0,차대차 - 추돌,안전운전불이행,건조,맑음,단일로 - 기타,승용,남,62세,상해없음,승용,남,46세,경상
2018081400100217,2018년 8월 14일 11시,화요일,부산광역시 사상구 괘법동,경상사고,0,0,1,0,차대사람 - 횡단중,안전운전불이행,건조,맑음,교차로 - 교차로횡단보도내,화물,남,56세,기타불명,보행자,남,44세,경상
2018081400100280,2018년 8월 14일 13시,화요일,부산광역시 동구 좌천동,중상사고,0,1,0,0,차대차 - 추돌,안전운전불이행,건조,맑음,교차로 - 교차로부근,화물,남,40세,상해없음,자전거,남,63세,중상
2018081400100281,2018년 8월 14일 13시,화요일,부산광역시 영도구 대평동1가,경상사고,0,0,1,0,차대차 - 측면충돌,직진우회전진행방해,건조,맑음,교차로 - 교차로안,이륜,남,39세,경상,승합,남,49세,상해없음
2018081400100282,2018년 8월 14일 13시,화요일,부산광역시 부산진구 양정동,부상신고사고,0,0,0,1,차대차 - 기타,신호위반,건조,맑음,교차로 - 교차로안,이륜,남,44세,부상신고,승용,남,48세,상해없음
2018081400100283,2018년 8월 14일 13시,화요일,부산광역시 사하구 다대동,중상사고,0,1,0,1,차대차 - 기타,안전운전불이행,건조,맑음,기타 - 기타,자전거,남,62세,부상신고,자전거,여,22세,중상
2018081400100284,2018년 8월 14일 13시,화요일,부산광역시 사하구 감천동,중상사고,0,1,3,0,차대차 - 기타,안전운전불이행,건조,맑음,단일로 - 기타,화물,여,52세,중상,승용,남,55세,경상
2018081400100315,2018년 8월 14일 14시,화요일,부산광역시 연제구 연산동,중상사고,0,1,0,0,차대사람 - 횡단중,보행자보호의무위반,건조,맑음,교차로 - 교차로안,승용,남,39세,상해없음,보행자,여,75세,중상
2018081400100427,2018년 8월 14일 17시,화요일,부산광역시 동래구 온천동,중상사고,0,3,0,0,차대차 - 추돌,안전거리미확보,건조,맑음,단일로 - 기타,화물,남,56세,상해없음,승용,남,51세,중상
2018081400100428,2018년 8월 14일 17시,화요일,부산광역시 기장군 기장읍,중상사고,0,1,2,0,차대차 - 측면충돌,안전거리미확보,건조,맑음,단일로 - 기타,승용,여,36세,상해없음,승용,여,39세,경상