사고번호,사고일시,요일,시군구,사고내용,사망자수,중상자수,경상자수,부상신고자수,사고유형,법규위반,노면상태,기상상태,도로형태,가해운전자 차종,가해운전자 성별,가해운전자 연령,가해운전자 상해정도,피해운전자 차종,피해운전자 성별,피해운전자 연령,피해운전자 상해정도
2018082100100350,2018년 8월 21일 15시,화요일,부산광역시 서구 부용동2가,경상사고,0,0,1,0,차대사람 - 보도통행중,안전운전불이행,건조,맑음,단일로 - 기타,승용,남,63세,상해없음,보행자,여,미분류,경상
2018082100100351,2018년 8월 21일 15시,화요일,부산광역시 부산진구 부전동,중상사고,0,1,0,0,차대차 - 기타,직진우회전진행방해,건조,맑음,교차로 - 교차로안,이륜,남,54세,중상,승용,남,62세,상해없음
2018082100100352,2018년 8월 21일 15시,화요일,부산광역시 연제구 연산동,중상사고,0,1,0,0,차대차 - 측면충돌,과속,건조,맑음,교차로 - 교차로안,승용,남,53세,상해없음,이륜,남,23세,중상
2018082100100398,2018년 8월 21일 16시,화요일,부산광역시 부산진구 연지동,경상사고,0,0,1,0,차대차 - 기타,신호위반,건조,맑음,교차로 - 교차로안,승용,여,77세,상해없음,이륜,여,62세,경상
2018082100100443,2018년 8월 21일 17시,화요일,부산광역시 북구 덕천동,중상사고,0,1,1,0,차대사람 - 보도통행중,신호위반,건조,맑음,단일로 - 기타,이륜,남,17세,상해없음,보행자,여,25세,중상
2018082100100444,2018년 8월 21일 17시,화요일,부산광역시 사하구 괴정동,중상사고,0,2,10,6,차대차 - 기타,안전거리미확보,건조,맑음,단일로 - 기타,특수,남,52세,상해없음,승합,남,53세,부상신고
2018082100100445,2018년 8월 21일 17시,화요일,부산광역시 연제구 연산동,중상사고,0,1,0,0,차대사람 - 횡단중,보행자보호의무위반,건조,맑음,단일로 - 기타,승용,여,62세,상해없음,보행자,여,85세,중상
2018082100100446,2018년 8월 21일 17시,화요일,부산광역시 강서구 송정동,중상사고,0,1,1,0,차대차 - 추돌,안전운전불이행,건조,맑음,단일로 - 기타,화물,남,43세,상해없음,승용,남,68세,경상
2018082100100447,2018년 8월 21일 17시,화요일,부산광역시 강서구 명지동,중상사고,0,1,2,0,차대차 - 추돌,안전운전불이행,건조,맑음,교차로 - 교차로부근,승용,남,57세,상해없음,승합,남,57세,경상
2018082100100499,2018년 8월 21일 18시,화요일,부산광역시 부산진구 양정동,경상사고,0,0,1,0,차대차 - 기타,신호위반,건조,맑음,단일로 - 기타,승용,여,61세,상해없음,자전거,남,85세,경상
2018082100100539,2018년 8월 21일 19시,화요일,부산광역시 사하구 신평동,중상사고,0,1,0,0,차대차 - 추돌,신호위반,건조,기타,교차로 - 교차로안,이륜,남,20세,중상,승용,여,29세,상해없음
2018082100100569,2018년 8월 21일 20시,화요일,부산광역시 수영구 수영동,경상사고,0,0,2,0,차대차 - 추돌,안전운전불이행,건조,맑음,단일로 - 기타,승용,남,48세,상해없음,승용,남,28세,경상
2018082100100609,2018년 8월 21일 21시,화요일,부산광역시 남구 문현동,경상사고,0,0,4,2,차대차 - 측면충돌,안전운전불이행,건조,맑음,교차로 - 교차로안,승용,남,58세,상해없음,승용,남,61세,경상
2018082100100610,2018년 8월 21일 21시,화요일,부산광역시 사하구 장림동,경상사고,0,0,1,0,차대차 - 기타,안전거리미확보,건조,기타,단일로 - 기타,승용,남,36세,상해없음,이륜,남,16세,경상
2018082200100023,2018년 8월 22일 02시,수요일,부산광역시 연제구 연산동,경상사고,0,0,1,0,차대사람 - 횡단중,안전운전불이행,건조,맑음,단일로 - 기타,승용,남,24세,상해없음,보행자,남,65세,경상
2018082200100059,2018년 8월 22일 06시,수요일,부산광역시 금정구 두구동,경상사고,0,0,1,0,차대차 - 추돌,안전운전불이행,건조,맑음,단일로 - 기타,승용,여,55세,상해없음,승용,남,25세,경상
2018082200100081,2018년 8월 22일 07시,수요일,부산광역시 동래구 사직동,중상사고,0,1,0,0,차대차 - 측면충돌,안전운전불이행,건조,맑음,단일로 - 기타,승합,남,67세,상해없음,이륜,남,72세,중상
2018082200100115,2018년 8월 22일 08시,수요일,부산광역시 북구 만덕동,경상사고,0,0,1,0,차대차 - 기타,안전거리미확보,건조,맑음,단일로 - 기타,건설기계,남,42세,기타불명,승용,여,47세,경상
2018082200100116,2018년 8월 22일 08시,수요일,부산광역시 금정구 금사동,경상사고,0,0,1,0,차대차 - 측면충돌,신호위반,건조,맑음,교차로 - 교차로안,승용,남,47세,상해없음,원동기,남,22세,경상
2018082200100117,2018년 8월 22일 08시,수요일,부산광역시 강서구 신호동,경상사고,0,0,1,0,차대차 - 기타,안전거리미확보,건조,맑음,교차로 - 교차로부근,승용,남,50세,상해없음,승용,남,25세,경상
2018082200100118,2018년 8월 22일 08시,수요일,부산광역시 사상구 엄궁동,경상사고,0,0,1,0,차대차 - 측면충돌,안전거리미확보,건조,맑음,교차로 - 교차로부근,승용,남,50세,상해없음,승용,남,58세,경상
2018082200100119,2018년 8월 22일 08시,수요일,부산광역시 사상구 엄궁동,경상사고,0,0,1,0,차대차 - 측면충돌,교차로운행방법위반,건조,맑음,교차로 - 교차로안,승용,남,47세,상해없음,승용,남,69세,경상
2018082200100154,2018년 8월 22일 09시,수요일,부산광역시 사하구 신평동,중상사고,0,1,0,0,차대차 - 기타,신호위반,건조,맑음,교차로 - 교차로안,승용,남,56세,상해없음,승용,여,65세,중상
2018082200100155,2018년 8월 22일 09시,수요일,부산광역시 사하구 신평동,중상사고,0,1,0,4,차대차 - 측면충돌,교차로운행방법위반,건조,맑음,교차로 - 교차로부근,승용,남,74세,상해없음,화물,남,60세,부상신고
2018082200100218,2018년 8월 22일 11시,수요일,부산광역시 북구 금곡동,중상사고,0,1,0,0,차대사람 - 기타,보행자보호의무위반,건조,맑음,단일로 - 기타,승용,여,60세,상해없음,보행자,여,58세,중상
2018082200100219,2018년 8월 22일 11시,수요일,부산광역시 금정구 부곡동,경상사고,0,0,1,0,차대차 - 측면충돌,교차로운행방법위반,건조,맑음,교차로 - 교차로안,승용,여,51세,상해없음,승용,남,72세,경상
2018082200100250,2018년 8월 22일 12시,수요일,부산광역시 수영구 광안동,경상사고,0,0,3,0,차대차 - 추돌,안전운전불이행,건조,맑음,교차로 - 교차로안,승용,남,61세,상해없음,승용,남,37세,경상
2018082200100281,2018년 8월 22일 13시,수요일,부산광역시 사상구 감전동,부상신고사고,0,0,0,1,차대차 - 측면충돌,기타,건조,맑음,단일로 - 지하차도(도로)내,화물,남,53세,상해없음,승용,여,43세,부상신고
2018082200100321,2018년 8월 22일 14시,수요일,부산광역시 수영구 남천동,중상사고,0,1,0,0,차대차 - 측면충돌,교차로운행방법위반,건조,맑음,교차로 - 교차로안,승용,여,57세,상해없음,이륜,남,28세,중상
2018082200100322,2018년 8월 22일 14시,수요일,부산광역시 동래구 명장동,경상사고,0,0,1,0,차대사람 - 기타,안전운전불이행,건조,맑음,단일로 - 지하차도(도로)내,승용,남,61세,상해없음,보행자,남,28세,경상
2018082200100323,2018년 8월 22일 14시,수요일,부산광역시 부산진구 범전동,경상사고,0,0,1,0,차대차 - 기타,신호위반,건조,맑음,교차로 - 교차로안,승용,여,57세,상해없음,이륜,남,39세,경상
2018082200100324,2018년 8월 22일 14시,수요일,부산광역시 사상구 감전동,경상사고,0,0,1,0,차대차 - 후진중충돌,안전운전불이행,건조,맑음,주차장 - 주차장,승용,남,61세,상해없음,이륜,남,42세,상해없음
2018082200100354,2018년 8월 22일 15시,수요일,부산광역시 중구 보수동3가,중상사고,0,1,0,0,차대차 - 측면충돌,안전운전불이행,건조,맑음,단일로 - 기타,승용,남,65세,상해없음,이륜,여,21세,중상
2018082200100355,2018년 8월 22일 15시,수요일,부산광역시 연제구 연산동,경상사고,0,0,1,0,차대차 - 후진중충돌,안전운전불이행,건조,맑음,교차로 - 교차로안,승용,여,39세,상해없음,승용,여,49세,경상
2018082200100356,2018년 8월 22일 15시,수요일,부산광역시 사상구 괘법동,경상사고,0,0,1,0,차대차 - 측면충돌,안전운전불이행,건조,맑음,단일로 - 지하차도(도로)내,자전거,남,63세,경상,화물,남,58세,상해없음
2018082200100396,2018년 8월 22일 16시,수요일,부산광역시 동래구 온천동,중상사고,0,1,0,0,차대차 - 기타,안전운전불이행,건조,맑음,교차로 - 교차로부근,승용,남,57세,상해없음,승용,남,49세,중상
2018082200100397,2018년 8월 22일 16시,수요일,부산광역시 금정구 서동,부상신고사고,0,0,0,1,차대사람 - 횡단중,안전운전불이행,건조,맑음,교차로 - 교차로안,화물,남,61세,상해없음,보행자,남,65세,부상신고
2018082200100435,2018년 8월 22일 17시,수요일,부산광역시 북구 화명동,사망사고,1,0,0,0,차대차 - 기타,안전운전불이행,건조,맑음,단일로 - 교량,승용,남,48세,상해없음,화물,남,62세,상해없음
2018082200100436,2018년 8월 22일 17시,수요일,부산광역시 부산진구 초읍동,중상사고,0,1,0,0,차대사람 - 횡단중,보행자보호의무위반,건조,맑음,단일로 - 기타,승용,남,40세,상해없음,보행자,여,67세,중상
2018082200100437,2018년 8월 22일 17시,수요일,부산광역시 부산진구 양정동,중상사고,0,1,0,0,차대차 - 정면충돌,교차로운행방법위반,건조,맑음,교차로 - 교차로안,승용,남,66세,상해없음,자전거,남,38세,중상
2018082200100438,2018년 8월 22일 17시,수요일,부산광역시 강서구 송정동,중상사고,0,1,0,0,차대차 - 측면충돌,안전운전불이행,건조,맑음,교차로 - 교차로부근,화물,남,57세,상해없음,승용,남,29세,중상
2018082200100487,2018년 8월 22일 18시,수요일,부산광역시 사하구 하단동,중상사고,0,1,0,0,차대사람 - 기타,안전운전불이행,건조,맑음,단일로 - 기타,승용,남,53세,상해없음,보행자,여,41세,중상
2018082200100488,2018년 8월 22일 18시,수요일,부산광역시 연제구 연산동,부상신고사고,0,0,0,1,차대사람 - 기타,안전운전불이행,건조,맑음,단일로 - 기타,승합,남,56세,상해없음,보행자,여,52세,부상신고
2018082200100526,2018년 8월 22일 19시,수요일,부산광역시 남구 대연동,중상사고,0,2,2,1,차대차 - 측면충돌,신호위반,건조,맑음,교차로 - 교차로안,승용,여,48세,중상,승용,여,37세,경상
2018082200100527,2018년 8월 22일 19시,수요일,부산광역시 동래구 낙민동,사망사고,1,0,0,0,차대사람 - 횡단중,보행자보호의무위반,건조,맑음,교차로 - 교차로횡단보도내,승용,남,24세,상해없음,보행자,여,26세,사망
2018082200100528,2018년 8월 22일 19시,수요일,부산광역시 동래구 명륜동,부상신고사고,0,0,0,1,차대차 - 측면충돌,안전운전불이행,건조,맑음,교차로 - 교차로안,이륜,남,18세,부상신고,승용,남,52세,상해없음
2018082200100529,2018년 8월 22일 19시,수요일,부산광역시 해운대구 중동,중상사고,0,1,0,0,차대사람 - 길가장자리구역통행중,안전운전불이행,건조,맑음,단일로 - 기타,승용,남,16세,상해없음,보행자,남,41세,중상
2018082200100569,2018년 8월 22일 20시,수요일,부산광역시 남구 용호동,경상사고,0,0,1,0,차대차 - 추돌,안전운전불이행,건조,맑음,교차로 - 교차로안,화물,남,56세,상해없음,승용,남,25세,경상
2018082200100570,2018년 8월 22일 20시,수요일,부산광역시 수영구 광안동,경상사고,0,0,1,0,차대차 - 측면충돌,안전운전불이행,건조,맑음,단일로 - 기타,이륜,남,27세,경상,승용,남,34세,상해없음
2018082200100571,2018년 8월 22일 20시,수요일,부산광역시 연제구 연산동,중상사고,0,2,1,0,차대사람 - 길가장자리구역통행중,안전운전불이행,건조,맑음,교차로 - 교차로부근,승용,여,44세,상해없음,보행자,남,66세,중상
2018082200100599,2018년 8월 22일 21시,수요일,부산광역시 수영구 광안동,경상사고,0,0,1,0,차대사람 - 횡단중,보행자보호의무위반,건조,맑음,교차로 - 교차로횡단보도내,승용,남,53세,상해없음,보행자,여,29세,경상
2018082200100601,2018년 8월 22일 21시,수요일,부산광역시 사하구 장림동,경상사고,0,0,1,0,차대차 - 기타,안전운전불이행,건조,맑음,단일로 - 기타,승용,남,47세,상해없음,이륜,남,17세,경상
2018082200100654,2018년 8월 22일 23시,수요일,부산광역시 동구 수정동,경상사고,0,0,3,0,차대차 - 추돌,안전운전불이행,건조,맑음,교차로 - 교차로부근,승용,남,37세,상해없음,승용,남,51세,경상
2018082300100009,2018년 8월 23일 00시,목요일,부산광역시 금정구 노포동,중상사고,0,3,0,0,차대차 - 추돌,안전운전불이행,건조,맑음,단일로 - 터널,승용,남,23세,상해없음,승용,남,64세,중상
2018082300100025,2018년 8월 23일 01시,목요일,부산광역시 부산진구 부전동,경상사고,0,0,1,0,차대차 - 측면충돌,중앙선침범,건조,맑음,단일로 - 기타,승용,남,68세,상해없음,이륜,남,25세,경상
2018082300100034,2018년 8월 23일 02시,목요일,부산광역시 동구 초량동,중상사고,0,2,0,0,차대차 - 추돌,안전운전불이행,건조,맑음,단일로 - 기타,승용,남,68세,상해없음,승용,남,58세,중상
2018082300100041,2018년 8월 23일 04시,목요일,부산광역시 사상구 주례동,경상사고,0,0,1,0,차대차 - 기타,안전운전불이행,젖음/습기,비,단일로 - 기타,승용,여,70세,상해없음,승용,남,32세,경상
2018082300100087,2018년 8월 23일 08시,목요일,부산광역시 동구 초량동,중상사고,0,1,0,0,차대차 - 측면충돌,안전거리미확보,건조,흐림,단일로 - 기타,승용,여,45세,상해없음,이륜,남,57세,중상
2018082300100116,2018년 8월 23일 09시,목요일,부산광역시 동구 수정동,중상사고,0,1,0,0,차대사람 - 횡단중,보행자보호의무위반,건조,맑음,교차로 - 교차로횡단보도내,화물,남,78세,상해없음,보행자,여,59세,중상
2018082300100188,2018년 8월 23일 12시,목요일,부산광역시 중구 남포동4가,중상사고,0,1,0,0,차대사람 - 횡단중,안전운전불이행,건조,맑음,단일로 - 기타,화물,남,60세,상해없음,보행자,여,51세,중상
2018082300100293,2018년 8월 23일 17시,목요일,부산광역시 사하구 하단동,경상사고,0,0,1,1,차대차 - 측면충돌,안전운전불이행,건조,맑음,단일로 - 지하차도(도로)내,승용,여,53세,부상신고,승용,남,65세,경상
2018082300100294,2018년 8월 23일 17시,목요일,부산광역시 사상구 감전동,경상사고,0,0,2,0,차대차 - 기타,안전거리미확보,젖음/습기,비,교차로 - 교차로부근,승합,여,47세,경상,화물,남,59세,경상
2018082300100335,2018년 8월 23일 18시,목요일,부산광역시 부산진구 가야동,경상사고,0,0,1,0,차대차 - 추돌,안전거리미확보,건조,맑음,단일로 - 기타,승용,남,41세,상해없음,승용,남,46세,경상
2018082300100336,2018년 8월 23일 18시,목요일,부산광역시 사상구 학장동,부상신고사고,0,0,0,1,차대차 - 기타,차로위반,건조,맑음,단일로 - 기타,기타불명,기타불명,미분류,기타불명,승용,남,39세,부상신고
2018082300100378,2018년 8월 23일 19시,목요일,부산광역시 동구 초량동,중상사고,0,1,0,0,차대사람 - 기타,안전운전불이행,건조,맑음,교차로 - 교차로안,승용,남,56세,상해없음,보행자,남,64세,중상
2018082300100379,2018년 8월 23일 19시,목요일,부산광역시 북구 덕천동,부상신고사고,0,0,0,1,차대차 - 기타,교차로운행방법위반,건조,맑음,교차로 - 교차로안,원동기,남,50세,부상신고,승용,남,63세,상해없음
2018082300100380,2018년 8월 23일 19시,목요일,부산광역시 동래구 사직동,경상사고,0,0,1,0,차대차 - 측면충돌,교차로운행방법위반,젖음/습기,비,교차로 - 교차로안,승용,남,35세,상해없음,승용,남,69세,상해없음
2018082300100441,2018년 8월 23일 21시,목요일,부산광역시 동래구 사직동,경상사고,0,0,1,0,차대차 - 기타,안전거리미확보,건조,맑음,단일로 - 기타,기타불명,기타불명,미분류,기타불명,이륜,남,20세,경상
2018082300100442,2018년 8월 23일 21시,목요일,부산광역시 부산진구 전포동,경상사고,0,0,1,1,차대차 - 추돌,안전운전불이행,건조,맑음,단일로 - 기타,승용,남,32세,상해없음,승용,남,52세,경상
2018082300100443,2018년 8월 23일 21시,목요일,부산광역시 연제구 연산동,경상사고,0,0,1,0,차대차 - 측면충돌,차로위반,건조,맑음,단일로 - 기타,승용,남,59세,상해없음,이륜,남,63세,경상
2018082400100004,2018년 8월 24일 00시,금요일,부산광역시 동래구 안락동,경상사고,0,0,1,0,차대차 - 추돌,안전운전불이행,젖음/습기,맑음,단일로 - 기타,승용,남,59세,상해없음,승용,남,34세,경상
2018082400100005,2018년 8월 24일 00시,금요일,부산광역시 연제구 연산동,경상사고,0,0,1,0,차대차 - 측면충돌,직진우회전진행방해,젖음/습기,비,교차로 - 교차로안,승용,여,54세,상해없음,이륜,남,24세,경상
2018082400100057,2018년 8월 24일 05시,금요일,부산광역시 사하구 하단동,중상사고,0,1,0,0,차대사람 - 횡단중,안전운전불이행,젖음/습기,비,단일로 - 기타,승용,남,21세,상해없음,보행자,여,72세,중상
2018082400100092,2018년 8월 24일 08시,금요일,부산광역시 동래구 사직동,경상사고,0,0,1,0,차량단독 - 기타,기타,건조,맑음,단일로 - 기타,승합,남,59세,상해없음,,,,
2018082400100115,2018년 8월 24일 09시,금요일,부산광역시 연제구 연산동,경상사고,0,0,1,0,차대차 - 측면충돌,신호위반,건조,맑음,교차로 - 교차로안,화물,남,37세,상해없음,승용,남,67세,경상
2018082400100116,2018년 8월 24일 09시,금요일,부산광역시 강서구 구랑동,경상사고,0,0,1,0,차대차 - 기타,안전운전불이행,건조,맑음,단일로 - 기타,특수,남,44세,상해없음,승용,여,41세,경상
2018082400100146,2018년 8월 24일 10시,금요일,부산광역시 북구 금곡동,중상사고,0,1,0,0,차대사람 - 기타,안전운전불이행,건조,맑음,단일로 - 기타,승용,남,66세,상해없음,보행자,남,90세 이상,중상
2018082400100147,2018년 8월 24일 10시,금요일,부산광역시 기장군 기장읍,중상사고,0,1,0,0,차대차 - 측면충돌,교차로운행방법위반,건조,맑음,기타 - 기타,화물,남,60세,상해없음,이륜,남,25세,중상
2018082400100174,2018년 8월 24일 11시,금요일,부산광역시 중구 보수동1가,부상신고사고,0,0,0,1,차대차 - 측면충돌,안전운전불이행,건조,맑음,교차로 - 교차로부근,이륜,남,57세,부상신고,화물,남,50세,상해없음
2018082400100213,2018년 8월 24일 12시,금요일,부산광역시 부산진구 부전동,경상사고,0,0,1,0,차대차 - 추돌,안전거리미확보,건조,맑음,교차로 - 교차로부근,승용,남,38세,상해없음,화물,남,65세,상해없음
2018082400100214,2018년 8월 24일 12시,금요일,부산광역시 기장군 기장읍,경상사고,0,0,1,0,차대차 - 측면충돌,안전운전불이행,건조,맑음,기타 - 기타,원동기,남,56세,상해없음,승용,남,50세,경상
2018082400100238,2018년 8월 24일 13시,금요일,부산광역시 서구 동대신동2가,중상사고,0,1,0,0,차대차 - 추돌,안전운전불이행,건조,맑음,교차로 - 교차로안,화물,남,58세,상해없음,원동기,남,59세,중상
2018082400100239,2018년 8월 24일 13시,금요일,부산광역시 영도구 동삼동,경상사고,0,0,1,0,차량단독 - 공작물충돌,안전운전불이행,젖음/습기,흐림,단일로 - 기타,이륜,남,24세,경상,,,,
2018082400100240,2018년 8월 24일 13시,금요일,부산광역시 부산진구 가야동,부상신고사고,0,0,0,1,차대차 - 측면충돌,안전운전불이행,건조,맑음,교차로 - 교차로안,이륜,남,69세,부상신고,화물,남,53세,상해없음
2018082400100267,2018년 8월 24일 14시,금요일,부산광역시 남구 용호동,경상사고,0,0,1,0,차대차 - 기타,안전운전불이행,건조,맑음,교차로 - 교차로안,화물,남,69세,상해없음,승용,남,26세,경상
2018082400100268,2018년 8월 24일 14시,금요일,부산광역시 동래구 명륜동,경상사고,0,0,1,0,차대사람 - 횡단중,신호위반,건조,맑음,교차로 - 교차로횡단보도내,승용,남,32세,상해없음,보행자,남,7세,경상
2018082400100269,2018년 8월 24일 14시,금요일,부산광역시 수영구 망미동,경상사고,0,0,1,0,차대차 - 추돌,안전운전불이행,건조,맑음,단일로 - 기타,승용,여,55세,상해없음,화물,여,56세,경상
2018082400100334,2018년 8월 24일 16시,금요일,부산광역시 해운대구 재송동,중상사고,0,1,0,0,차대차 - 측면충돌,안전운전불이행,건조,맑음,단일로 - 기타,원동기,남,45세,상해없음,승합,남,34세,상해없음
2018082400100335,2018년 8월 24일 16시,금요일,부산광역시 해운대구 우동,경상사고,0,0,1,0,차대차 - 측면충돌,차로위반,건조,맑음,단일로 - 기타,승용,여,63세,상해없음,승용,남,35세,경상
2018082400100336,2018년 8월 24일 16시,금요일,부산광역시 부산진구 전포동,경상사고,0,0,1,0,차대사람 - 기타,안전운전불이행,건조,맑음,단일로 - 기타,승용,남,44세,상해없음,보행자,여,43세,경상
2018082400100361,2018년 8월 24일 17시,금요일,부산광역시 동구 초량동,경상사고,0,0,1,0,차대차 - 추돌,안전거리미확보,건조,맑음,교차로 - 교차로부근,화물,남,70세,상해없음,승용,남,51세,경상
2018082400100362,2018년 8월 24일 17시,금요일,부산광역시 사상구 덕포동,부상신고사고,0,0,0,1,차대사람 - 기타,안전운전불이행,건조,맑음,교차로 - 교차로안,승합,남,67세,상해없음,보행자,남,5세,부상신고
2018082400100405,2018년 8월 24일 18시,금요일,부산광역시 동래구 사직동,경상사고,0,0,1,0,차대차 - 기타,교차로운행방법위반,건조,맑음,교차로 - 교차로안,승용,여,44세,상해없음,승용,여,28세,경상
2018082400100406,2018년 8월 24일 18시,금요일,부산광역시 부산진구 개금동,경상사고,0,0,1,0,차대사람 - 횡단중,보행자보호의무위반,건조,맑음,단일로 - 기타,승용,남,76세,상해없음,보행자,여,60세,경상
2018082400100407,2018년 8월 24일 18시,금요일,부산광역시 기장군 기장읍,중상사고,0,1,0,0,차대사람 - 기타,안전운전불이행,건조,맑음,기타 - 기타,화물,남,70세,상해없음,보행자,여,76세,중상
2018082400100447,2018년 8월 24일 19시,금요일,부산광역시 북구 구포동,경상사고,0,0,1,0,차대차 - 기타,신호위반,건조,맑음,단일로 - 기타,승용,남,67세,상해없음,자전거,남,49세,경상
2018082400100448,2018년 8월 24일 19시,금요일,부산광역시 동래구 명륜동,경상사고,0,0,1,0,차대차 - 추돌,안전거리미확보,건조,맑음,단일로 - 기타,승용,남,21세,상해없음,승용,남,69세,경상
2018082400100491,2018년 8월 24일 20시,금요일,부산광역시 강서구 대저1동,경상사고,0,0,1,0,차대차 - 기타,직진우회전진행방해,건조,맑음,교차로 - 교차로부근,화물,남,53세,상해없음,자전거,남,33세,경상
2018082400100492,2018년 8월 24일 20시,금요일,부산광역시 사상구 주례동,중상사고,0,1,0,0,차대차 - 측면충돌,신호위반,건조,맑음,단일로 - 기타,이륜,남,24세,중상,승용,남,58세,상해없음
2018082400100493,2018년 8월 24일 20시,금요일,부산광역시 사상구 엄궁동,경상사고,0,0,2,0,차대차 - 측면충돌,차로위반,건조,맑음,단일로 - 기타,승용,남,62세,경상,승용,여,29세,경상
2018082400100551,2018년 8월 24일 22시,금요일,부산광역시 동래구 사직동,경상사고,0,0,1,0,차대사람 - 횡단중,보행자보호의무위반,건조,맑음,교차로 - 교차로부근,승용,남,40세,상해없음,보행자,남,51세,경상
2018082400100552,2018년 8월 24일 22시,금요일,부산광역시 영도구 청학동,경상사고,0,0,1,0,차대차 - 측면충돌,안전운전불이행,건조,맑음,교차로 - 교차로부근,화물,남,66세,상해없음,승합,남,43세,경상
2018082400100553,2018년 8월 24일 22시,금요일,부산광역시 영도구 대교동2가,경상사고,0,0,1,0,차대차 - 측면충돌,안전거리미확보,건조,맑음,단일로 - 기타,이륜,남,47세,상해없음,승용,여,37세,경상
2018082400100554,2018년 8월 24일 22시,금요일,부산광역시 부산진구 부전동,경상사고,0,0,1,0,차량단독 - 기타,안전운전불이행,건조,맑음,단일로 - 기타,이륜,여,16세,상해없음,,,,
2018082400100555,2018년 8월 24일 22시,금요일,부산광역시 기장군 기장읍,경상사고,0,0,1,0,차대차 - 기타,안전거리미확보,건조,맑음,단일로 - 기타,승용,남,28세,상해없음,승용,남,37세,경상
2018082400100585,2018년 8월 24일 23시,금요일,부산광역시 기장군 철마면,중상사고,0,2,1,0,차대차 - 추돌,안전운전불이행,건조,맑음,단일로 - 터널,승용,남,24세,상해없음,승용,남,35세,중상
2018082500100009,2018년 8월 25일 00시,토요일,부산광역시 동래구 안락동,경상사고,0,0,2,0,차대차 - 기타,안전운전불이행,건조,맑음,단일로 - 기타,승용,남,45세,상해없음,승용,남,26세,경상
2018082500100010,2018년 8월 25일 00시,토요일,부산광역시 해운대구 좌동,중상사고,0,1,0,0,차대차 - 추돌,과속,젖음/습기,맑음,단일로 - 기타,승용,여,28세,상해없음,승용,남,36세,중상
2018082500100040,2018년 8월 25일 01시,토요일,부산광역시 중구 중앙동4가,경상사고,0,0,6,0,차대차 - 측면충돌,신호위반,건조,맑음,교차로 - 교차로안,승용,남,58세,상해없음,승용,남,61세,경상
2018082500100060,2018년 8월 25일 02시,토요일,부산광역시 중구 중앙동3가,중상사고,0,1,3,0,차대차 - 추돌,안전운전불이행,건조,맑음,교차로 - 교차로부근,승용,남,27세,상해없음,승용,남,50세,경상
2018082500100061,2018년 8월 25일 02시,토요일,부산광역시 해운대구 우동,경상사고,0,0,1,0,차대사람 - 횡단중,보행자보호의무위반,건조,맑음,단일로 - 기타,승용,남,21세,상해없음,보행자,여,29세,경상
2018082500100093,2018년 8월 25일 05시,토요일,부산광역시 남구 용호동,사망사고,1,0,0,0,차대사람 - 횡단중,보행자보호의무위반,건조,맑음,단일로 - 기타,승용,남,54세,상해없음,보행자,여,76세,사망
2018082500100104,2018년 8월 25일 06시,토요일,부산광역시 사하구 장림동,경상사고,0,0,1,0,차대차 - 정면충돌,신호위반,건조,맑음,교차로 - 교차로안,승용,남,50세,상해없음,승용,남,45세,경상
2018082500100113,2018년 8월 25일 07시,토요일,부산광역시 남구 문현동,경상사고,0,0,1,0,차대사람 - 기타,안전운전불이행,건조,맑음,단일로 - 기타,승용,남,25세,상해없음,보행자,남,60세,경상
2018082500100130,2018년 8월 25일 08시,토요일,부산광역시 남구 감만동,중상사고,0,1,0,0,차량단독 - 기타,안전운전불이행,건조,맑음,단일로 - 기타,승합,남,56세,상해없음,,,,
2018082500100131,2018년 8월 25일 08시,토요일,부산광역시 동래구 낙민동,경상사고,0,0,3,0,차대차 - 측면충돌,안전운전불이행,건조,흐림,단일로 - 기타,승용,남,59세,상해없음,승용,남,29세,경상
2018082500100132,2018년 8월 25일 08시,토요일,부산광역시 금정구 구서동,중상사고,0,2,0,0,차대차 - 측면충돌,신호위반,건조,맑음,교차로 - 교차로안,이륜,남,49세,중상,승용,여,53세,중상
2018082500100133,2018년 8월 25일 08시,토요일,부산광역시 강서구 구랑동,경상사고,0,0,1,0,차대차 - 측면충돌,안전운전불이행,건조,맑음,단일로 - 기타,건설기계,남,59세,상해없음,승용,남,47세,경상
2018082500100152,2018년 8월 25일 09시,토요일,부산광역시 해운대구 재송동,중상사고,0,1,0,0,차대차 - 기타,신호위반,기타,맑음,단일로 - 기타,승합,남,30세,상해없음,승용,여,58세,중상
2018082500100153,2018년 8월 25일 09시,토요일,부산광역시 금정구 장전동,경상사고,0,0,1,0,차대사람 - 기타,보행자보호의무위반,건조,맑음,교차로 - 교차로안,화물,남,58세,상해없음,보행자,여,71세,경상
2018082500100177,2018년 8월 25일 10시,토요일,부산광역시 동구 초량동,중상사고,0,1,0,0,차대사람 - 횡단중,안전운전불이행,건조,맑음,교차로 - 교차로안,승용,여,77세,상해없음,보행자,여,75세,중상
2018082500100178,2018년 8월 25일 10시,토요일,부산광역시 강서구 명지동,경상사고,0,0,1,0,차대사람 - 기타,안전운전불이행,건조,맑음,단일로 - 기타,승용,남,31세,상해없음,보행자,여,67세,경상
2018082500100216,2018년 8월 25일 11시,토요일,부산광역시 동구 초량동,중상사고,0,1,0,0,차대사람 - 횡단중,보행자보호의무위반,건조,맑음,교차로 - 교차로횡단보도내,승합,남,54세,상해없음,보행자,여,48세,중상