사고번호,사고일시,요일,시군구,사고내용,사망자수,중상자수,경상자수,부상신고자수,사고유형,법규위반,노면상태,기상상태,도로형태,가해운전자 차종,가해운전자 성별,가해운전자 연령,가해운전자 상해정도,피해운전자 차종,피해운전자 성별,피해운전자 연령,피해운전자 상해정도
2018090600100181,2018년 9월 6일 11시,목요일,부산광역시 기장군 정관읍,경상사고,0,0,1,0,차대차 - 측면충돌,안전운전불이행,건조,맑음,교차로 - 교차로부근,승용,남,59세,상해없음,승용,여,38세,경상
2018090600100182,2018년 9월 6일 11시,목요일,부산광역시 기장군 정관읍,중상사고,0,1,0,0,차대차 - 기타,직진우회전진행방해,건조,맑음,교차로 - 교차로안,화물,남,52세,상해없음,이륜,남,54세,중상
2018090600100203,2018년 9월 6일 12시,목요일,부산광역시 북구 구포동,경상사고,0,0,1,0,차량단독 - 기타,안전운전불이행,건조,맑음,단일로 - 기타,승합,남,41세,상해없음,,,,
2018090600100230,2018년 9월 6일 13시,목요일,부산광역시 부산진구 전포동,경상사고,0,0,2,0,차대차 - 측면충돌,안전운전불이행,건조,맑음,단일로 - 기타,건설기계,남,57세,경상,승용,여,60세,경상
2018090600100231,2018년 9월 6일 13시,목요일,부산광역시 사상구 감전동,경상사고,0,0,1,0,차대차 - 측면충돌,차로위반,건조,맑음,단일로 - 기타,화물,남,70세,상해없음,화물,남,51세,경상
2018090600100263,2018년 9월 6일 14시,목요일,부산광역시 중구 대청동4가,경상사고,0,0,1,0,차대차 - 추돌,안전운전불이행,건조,맑음,교차로 - 교차로부근,승용,남,64세,상해없음,승용,남,34세,경상
2018090600100264,2018년 9월 6일 14시,목요일,부산광역시 동구 초량동,중상사고,0,1,0,0,차대사람 - 차도통행중,안전운전불이행,건조,맑음,교차로 - 교차로부근,화물,남,60세,상해없음,보행자,여,62세,중상
2018090600100291,2018년 9월 6일 15시,목요일,부산광역시 서구 암남동,경상사고,0,0,2,0,차대차 - 추돌,안전운전불이행,건조,맑음,단일로 - 기타,승용,남,30세,경상,화물,남,59세,경상
2018090600100311,2018년 9월 6일 16시,목요일,부산광역시 해운대구 우동,경상사고,0,0,1,0,차대차 - 기타,안전운전불이행,건조,맑음,교차로 - 교차로안,승용,여,38세,상해없음,자전거,남,15세,경상
2018090600100312,2018년 9월 6일 16시,목요일,부산광역시 해운대구 우동,부상신고사고,0,0,0,1,차대차 - 기타,안전거리미확보,건조,맑음,단일로 - 기타,승용,남,45세,상해없음,이륜,남,41세,부상신고
2018090600100356,2018년 9월 6일 17시,목요일,부산광역시 동구 범일동,경상사고,0,0,1,0,차대차 - 측면충돌,안전거리미확보,건조,맑음,단일로 - 기타,승합,남,76세,상해없음,승용,남,51세,상해없음
2018090600100357,2018년 9월 6일 17시,목요일,부산광역시 동래구 사직동,경상사고,0,0,1,0,차대사람 - 차도통행중,안전운전불이행,건조,맑음,단일로 - 기타,승합,남,53세,상해없음,보행자,남,48세,경상
2018090600100358,2018년 9월 6일 17시,목요일,부산광역시 동래구 안락동,경상사고,0,0,1,0,차대차 - 기타,신호위반,건조,맑음,교차로 - 교차로안,승용,남,39세,상해없음,승합,남,44세,상해없음
2018090600100390,2018년 9월 6일 18시,목요일,부산광역시 남구 대연동,중상사고,0,1,0,0,차대차 - 기타,안전운전불이행,건조,맑음,교차로 - 교차로안,승용,남,71세,상해없음,승용,남,48세,상해없음
2018090600100391,2018년 9월 6일 18시,목요일,부산광역시 북구 만덕동,중상사고,0,1,0,0,차대차 - 기타,안전거리미확보,젖음/습기,흐림,단일로 - 기타,승용,여,40세,상해없음,이륜,남,23세,중상
2018090600100392,2018년 9월 6일 18시,목요일,부산광역시 해운대구 우동,중상사고,0,1,0,0,차대차 - 측면충돌,신호위반,건조,맑음,교차로 - 교차로안,승용,여,54세,상해없음,승용,여,60세,중상
2018090600100393,2018년 9월 6일 18시,목요일,부산광역시 강서구 명지동,경상사고,0,0,1,0,차대사람 - 차도통행중,안전운전불이행,건조,맑음,단일로 - 기타,이륜,남,28세,상해없음,보행자,여,12세,경상
2018090600100481,2018년 9월 6일 20시,목요일,부산광역시 동구 범일동,중상사고,0,1,0,0,차대사람 - 기타,안전운전불이행,건조,맑음,단일로 - 기타,승용,남,69세,상해없음,보행자,여,77세,중상
2018090600100482,2018년 9월 6일 20시,목요일,부산광역시 동구 초량동,중상사고,0,1,0,0,차대차 - 기타,신호위반,건조,맑음,교차로 - 교차로횡단보도내,승용,남,67세,상해없음,원동기,남,41세,중상
2018090600100508,2018년 9월 6일 21시,목요일,부산광역시 동구 좌천동,경상사고,0,0,2,0,차대차 - 추돌,신호위반,건조,맑음,교차로 - 교차로안,특수,남,59세,상해없음,승용,남,77세,경상
2018090600100509,2018년 9월 6일 21시,목요일,부산광역시 강서구 명지동,중상사고,0,1,0,0,차대차 - 측면충돌,안전거리미확보,건조,맑음,단일로 - 기타,승용,남,34세,상해없음,이륜,남,17세,중상
2018090600100540,2018년 9월 6일 22시,목요일,부산광역시 북구 덕천동,경상사고,0,0,1,0,차대차 - 기타,안전운전불이행,건조,맑음,단일로 - 기타,승용,남,42세,상해없음,승용,남,62세,경상
2018090600100541,2018년 9월 6일 22시,목요일,부산광역시 사하구 감천동,중상사고,0,1,1,0,차대차 - 추돌,직진우회전진행방해,건조,맑음,교차로 - 교차로안,승용,여,56세,상해없음,원동기,남,46세,경상
2018090700100033,2018년 9월 7일 02시,금요일,부산광역시 금정구 구서동,경상사고,0,0,2,0,차대차 - 추돌,안전운전불이행,건조,맑음,교차로 - 교차로부근,승용,남,32세,상해없음,화물,남,53세,경상
2018090700100040,2018년 9월 7일 03시,금요일,부산광역시 수영구 민락동,중상사고,0,1,0,0,차대사람 - 기타,안전운전불이행,건조,맑음,단일로 - 기타,승용,남,47세,상해없음,보행자,남,66세,중상
2018090700100061,2018년 9월 7일 05시,금요일,부산광역시 중구 부평동2가,중상사고,0,1,0,0,차대사람 - 횡단중,안전운전불이행,젖음/습기,비,단일로 - 기타,승용,남,62세,상해없음,보행자,남,79세,중상
2018090700100063,2018년 9월 7일 05시,금요일,부산광역시 강서구 봉림동,경상사고,0,0,2,0,차대차 - 추돌,안전운전불이행,젖음/습기,비,단일로 - 교량,화물,남,65세,경상,화물,남,45세,경상
2018090700100081,2018년 9월 7일 06시,금요일,부산광역시 연제구 연산동,중상사고,0,1,0,0,차대사람 - 기타,안전운전불이행,건조,맑음,교차로 - 교차로안,승용,남,61세,상해없음,보행자,여,66세,중상
2018090700100094,2018년 9월 7일 07시,금요일,부산광역시 부산진구 범전동,중상사고,0,1,0,0,차대사람 - 횡단중,신호위반,젖음/습기,비,교차로 - 교차로횡단보도내,승용,남,42세,상해없음,보행자,남,65세,중상
2018090700100134,2018년 9월 7일 08시,금요일,부산광역시 수영구 광안동,중상사고,0,1,0,0,차대사람 - 기타,안전운전불이행,젖음/습기,비,교차로 - 교차로안,승용,남,38세,상해없음,보행자,남,71세,중상
2018090700100180,2018년 9월 7일 09시,금요일,부산광역시 남구 문현동,중상사고,0,1,0,0,차대차 - 측면충돌,신호위반,젖음/습기,비,교차로 - 교차로안,승용,남,68세,상해없음,승용,여,55세,중상
2018090700100181,2018년 9월 7일 09시,금요일,부산광역시 동래구 안락동,경상사고,0,0,1,0,차대사람 - 차도통행중,안전운전불이행,젖음/습기,비,단일로 - 지하차도(도로)내,기타불명,기타불명,미분류,기타불명,보행자,남,81세,경상
2018090700100221,2018년 9월 7일 10시,금요일,부산광역시 남구 대연동,경상사고,0,0,1,0,차대차 - 추돌,안전운전불이행,젖음/습기,비,교차로 - 교차로부근,화물,남,50세,상해없음,승용,남,62세,경상
2018090700100252,2018년 9월 7일 11시,금요일,부산광역시 북구 구포동,경상사고,0,0,1,0,차대사람 - 기타,안전운전불이행,건조,맑음,단일로 - 기타,승용,남,62세,상해없음,보행자,여,20세,경상
2018090700100253,2018년 9월 7일 11시,금요일,부산광역시 해운대구 중동,중상사고,0,1,0,0,차대차 - 정면충돌,중앙선침범,건조,흐림,단일로 - 기타,승용,남,25세,상해없음,승용,남,63세,중상
2018090700100254,2018년 9월 7일 11시,금요일,부산광역시 강서구 대저2동,중상사고,0,4,5,0,차대차 - 측면충돌,신호위반,젖음/습기,흐림,교차로 - 교차로안,승합,남,53세,상해없음,화물,남,53세,중상
2018090700100320,2018년 9월 7일 13시,금요일,부산광역시 중구 남포동6가,중상사고,0,1,0,0,차대차 - 기타,교차로운행방법위반,건조,맑음,교차로 - 교차로안,승용,여,40세,상해없음,자전거,남,69세,중상
2018090700100353,2018년 9월 7일 14시,금요일,부산광역시 강서구 구랑동,경상사고,0,0,1,0,차대차 - 측면충돌,안전거리미확보,건조,맑음,단일로 - 기타,화물,남,36세,상해없음,화물,남,28세,경상
2018090700100387,2018년 9월 7일 15시,금요일,부산광역시 금정구 부곡동,경상사고,0,0,1,0,차대차 - 추돌,안전운전불이행,건조,맑음,교차로 - 교차로안,승용,여,40세,상해없음,승용,여,50세,경상
2018090700100427,2018년 9월 7일 16시,금요일,부산광역시 남구 문현동,부상신고사고,0,0,0,1,차대차 - 기타,안전운전불이행,건조,맑음,단일로 - 기타,자전거,남,14세,부상신고,승용,남,49세,상해없음
2018090700100469,2018년 9월 7일 17시,금요일,부산광역시 부산진구 당감동,경상사고,0,0,1,0,차대차 - 측면충돌,안전거리미확보,건조,맑음,단일로 - 기타,승용,여,44세,상해없음,승용,남,28세,경상
2018090700100470,2018년 9월 7일 17시,금요일,부산광역시 사하구 구평동,경상사고,0,0,2,0,차대차 - 측면충돌,안전운전불이행,건조,맑음,단일로 - 기타,승용,남,65세,상해없음,승용,남,27세,경상
2018090700100471,2018년 9월 7일 17시,금요일,부산광역시 사상구 삼락동,경상사고,0,0,1,0,차대차 - 추돌,안전운전불이행,건조,맑음,단일로 - 기타,승용,남,51세,상해없음,승용,여,24세,경상
2018090700100505,2018년 9월 7일 18시,금요일,부산광역시 해운대구 재송동,중상사고,0,1,0,0,차대차 - 기타,안전운전불이행,젖음/습기,비,단일로 - 기타,승용,여,35세,상해없음,이륜,남,28세,중상
2018090700100506,2018년 9월 7일 18시,금요일,부산광역시 금정구 장전동,중상사고,0,1,0,0,차대사람 - 횡단중,안전운전불이행,젖음/습기,비,교차로 - 교차로안,승용,남,32세,상해없음,보행자,남,71세,중상
2018090700100507,2018년 9월 7일 18시,금요일,부산광역시 사하구 감천동,경상사고,0,0,1,0,차대사람 - 기타,안전운전불이행,건조,맑음,단일로 - 기타,승용,남,28세,상해없음,보행자,남,15세,경상
2018090700100508,2018년 9월 7일 18시,금요일,부산광역시 사하구 괴정동,경상사고,0,0,1,0,차대차 - 추돌,직진우회전진행방해,건조,맑음,교차로 - 교차로안,승용,여,61세,상해없음,승용,남,58세,경상
2018090700100563,2018년 9월 7일 19시,금요일,부산광역시 북구 덕천동,중상사고,0,1,0,0,차대사람 - 길가장자리구역통행중,안전운전불이행,건조,맑음,교차로 - 교차로부근,승용,남,42세,상해없음,보행자,여,14세,중상
2018090700100564,2018년 9월 7일 19시,금요일,부산광역시 동래구 수안동,경상사고,0,0,1,0,차대차 - 측면충돌,안전운전불이행,건조,맑음,교차로 - 교차로안,승용,여,40세,상해없음,승용,여,28세,경상
2018090700100565,2018년 9월 7일 19시,금요일,부산광역시 부산진구 범천동,경상사고,0,0,2,0,차대차 - 추돌,안전운전불이행,건조,맑음,단일로 - 기타,승용,남,69세,상해없음,승용,남,36세,경상
2018090700100608,2018년 9월 7일 20시,금요일,부산광역시 금정구 구서동,경상사고,0,0,2,0,차대차 - 기타,교차로운행방법위반,건조,맑음,교차로 - 교차로안,승용,여,57세,상해없음,승용,남,58세,경상
2018090700100636,2018년 9월 7일 21시,금요일,부산광역시 동구 초량동,경상사고,0,0,1,0,차대사람 - 횡단중,안전운전불이행,건조,맑음,단일로 - 기타,이륜,남,42세,상해없음,보행자,여,64세,경상
2018090700100637,2018년 9월 7일 21시,금요일,부산광역시 수영구 광안동,경상사고,0,0,1,0,차대차 - 기타,차로위반,건조,맑음,교차로 - 교차로부근,승용,여,47세,상해없음,이륜,남,31세,경상
2018090700100690,2018년 9월 7일 23시,금요일,부산광역시 서구 남부민동,경상사고,0,0,1,1,차대차 - 추돌,안전거리미확보,젖음/습기,흐림,단일로 - 기타,이륜,남,54세,부상신고,승용,남,68세,경상
2018090700100691,2018년 9월 7일 23시,금요일,부산광역시 남구 대연동,중상사고,0,1,0,0,차대사람 - 기타,안전운전불이행,건조,맑음,교차로 - 교차로부근,승용,남,22세,상해없음,보행자,남,28세,중상
2018090700100692,2018년 9월 7일 23시,금요일,부산광역시 해운대구 중동,경상사고,0,0,1,0,차대사람 - 길가장자리구역통행중,안전운전불이행,건조,맑음,단일로 - 기타,승용,남,33세,상해없음,보행자,남,43세,경상
2018090700100693,2018년 9월 7일 23시,금요일,부산광역시 부산진구 부전동,부상신고사고,0,0,0,1,차대사람 - 기타,신호위반,건조,맑음,단일로 - 기타,기타불명,기타불명,미분류,기타불명,보행자,여,23세,부상신고
2018090800100034,2018년 9월 8일 01시,토요일,부산광역시 금정구 장전동,중상사고,0,1,0,0,차대차 - 측면충돌,안전운전불이행,건조,흐림,단일로 - 기타,이륜,남,19세,중상,승용,남,61세,상해없음
2018090800100049,2018년 9월 8일 02시,토요일,부산광역시 남구 문현동,경상사고,0,0,1,0,차대사람 - 기타,안전운전불이행,건조,맑음,단일로 - 기타,승용,남,40세,상해없음,보행자,여,26세,경상
2018090800100075,2018년 9월 8일 04시,토요일,부산광역시 남구 문현동,경상사고,0,0,1,0,차대차 - 정면충돌,안전운전불이행,건조,맑음,교차로 - 교차로안,승용,남,38세,상해없음,승용,남,57세,경상
2018090800100076,2018년 9월 8일 04시,토요일,부산광역시 부산진구 부전동,경상사고,0,0,2,0,차대차 - 측면충돌,안전운전불이행,건조,맑음,단일로 - 기타,승용,남,23세,상해없음,승용,남,52세,경상
2018090800100077,2018년 9월 8일 04시,토요일,부산광역시 사하구 괴정동,경상사고,0,0,1,0,차량단독 - 기타,안전운전불이행,건조,맑음,단일로 - 기타,이륜,남,35세,경상,,,,
2018090800100192,2018년 9월 8일 10시,토요일,부산광역시 남구 대연동,중상사고,0,1,0,0,차대사람 - 기타,안전운전불이행,건조,맑음,교차로 - 교차로안,승용,여,64세,상해없음,보행자,여,70세,중상
2018090800100193,2018년 9월 8일 10시,토요일,부산광역시 부산진구 부전동,중상사고,0,1,0,0,차대사람 - 기타,안전운전불이행,건조,맑음,교차로 - 교차로부근,승용,여,58세,상해없음,보행자,남,88세,중상
2018090800100226,2018년 9월 8일 11시,토요일,부산광역시 남구 대연동,경상사고,0,0,2,0,차대차 - 기타,안전운전불이행,건조,맑음,단일로 - 기타,화물,남,61세,상해없음,승용,남,78세,경상
2018090800100227,2018년 9월 8일 11시,토요일,부산광역시 북구 화명동,경상사고,0,0,2,2,차대차 - 추돌,안전운전불이행,건조,맑음,단일로 - 기타,승용,여,42세,상해없음,승용,남,69세,경상
2018090800100228,2018년 9월 8일 11시,토요일,부산광역시 해운대구 반여동,경상사고,0,0,1,0,차대차 - 측면충돌,신호위반,건조,맑음,교차로 - 교차로안,승합,남,54세,상해없음,승용,남,49세,경상
2018090800100272,2018년 9월 8일 12시,토요일,부산광역시 중구 부평동4가,경상사고,0,0,1,0,차대차 - 측면충돌,안전운전불이행,건조,맑음,단일로 - 기타,승용,여,51세,경상,승용,남,45세,상해없음
2018090800100273,2018년 9월 8일 12시,토요일,부산광역시 서구 충무동1가,경상사고,0,0,1,0,차대차 - 측면충돌,안전거리미확보,건조,맑음,교차로 - 교차로부근,승용,남,32세,상해없음,승용,남,62세,경상
2018090800100274,2018년 9월 8일 12시,토요일,부산광역시 동래구 안락동,중상사고,0,1,0,0,차대사람 - 횡단중,보행자보호의무위반,건조,맑음,단일로 - 기타,승용,여,60세,상해없음,보행자,여,5세,중상
2018090800100275,2018년 9월 8일 12시,토요일,부산광역시 부산진구 전포동,부상신고사고,0,0,0,1,차대차 - 측면충돌,안전운전불이행,건조,맑음,단일로 - 기타,이륜,남,47세,부상신고,승용,남,43세,상해없음
2018090800100276,2018년 9월 8일 12시,토요일,부산광역시 금정구 구서동,경상사고,0,0,1,0,차대사람 - 차도통행중,안전운전불이행,건조,맑음,단일로 - 기타,화물,남,49세,상해없음,보행자,여,59세,경상
2018090800100277,2018년 9월 8일 12시,토요일,부산광역시 사하구 괴정동,중상사고,0,1,1,0,차대차 - 측면충돌,안전거리미확보,건조,맑음,기타 - 기타,승용,여,66세,상해없음,승용,남,31세,경상
2018090800100319,2018년 9월 8일 13시,토요일,부산광역시 북구 덕천동,경상사고,0,0,1,0,차대차 - 측면충돌,교차로운행방법위반,건조,맑음,교차로 - 교차로안,승용,여,60세,상해없음,승용,여,26세,경상
2018090800100355,2018년 9월 8일 14시,토요일,부산광역시 수영구 수영동,경상사고,0,0,4,0,차대차 - 기타,안전운전불이행,건조,맑음,단일로 - 기타,승용,남,33세,상해없음,승용,여,34세,경상
2018090800100356,2018년 9월 8일 14시,토요일,부산광역시 해운대구 우동,중상사고,0,2,5,12,차대차 - 측면충돌,신호위반,건조,맑음,단일로 - 기타,승합,여,49세,상해없음,승합,남,45세,경상
2018090800100392,2018년 9월 8일 15시,토요일,부산광역시 북구 구포동,중상사고,0,1,0,0,차대차 - 기타,안전거리미확보,건조,맑음,단일로 - 기타,이륜,남,70세,중상,화물,남,51세,상해없음
2018090800100420,2018년 9월 8일 16시,토요일,부산광역시 사상구 학장동,경상사고,0,0,1,0,차대사람 - 횡단중,보행자보호의무위반,건조,맑음,단일로 - 지하차도(도로)내,승용,남,54세,상해없음,보행자,남,40세,경상
2018090800100464,2018년 9월 8일 17시,토요일,부산광역시 부산진구 당감동,중상사고,0,1,0,0,차대사람 - 차도통행중,안전운전불이행,건조,맑음,교차로 - 교차로부근,승용,남,52세,상해없음,보행자,여,88세,중상
2018090800100505,2018년 9월 8일 18시,토요일,부산광역시 수영구 민락동,경상사고,0,0,1,0,차대차 - 기타,안전운전불이행,건조,맑음,교차로 - 교차로안,승용,남,61세,상해없음,이륜,남,19세,경상
2018090800100506,2018년 9월 8일 18시,토요일,부산광역시 금정구 부곡동,중상사고,0,1,0,0,차대차 - 기타,기타,건조,맑음,단일로 - 기타,승용,남,57세,상해없음,원동기,남,25세,중상
2018090800100541,2018년 9월 8일 19시,토요일,부산광역시 수영구 광안동,중상사고,0,1,0,1,차대차 - 기타,안전운전불이행,건조,흐림,단일로 - 기타,승용,남,30세,상해없음,자전거,남,21세,부상신고
2018090800100578,2018년 9월 8일 20시,토요일,부산광역시 연제구 연산동,중상사고,0,1,0,0,차대차 - 측면충돌,중앙선침범,건조,맑음,단일로 - 기타,승용,남,42세,상해없음,이륜,남,30세,중상
2018090800100605,2018년 9월 8일 21시,토요일,부산광역시 남구 대연동,경상사고,0,0,3,0,차대차 - 측면충돌,교차로운행방법위반,건조,맑음,교차로 - 교차로안,승용,남,30세,상해없음,승용,남,35세,경상
2018090800100606,2018년 9월 8일 21시,토요일,부산광역시 부산진구 전포동,경상사고,0,0,1,0,차대차 - 기타,안전거리미확보,건조,맑음,교차로 - 교차로부근,승용,여,24세,상해없음,승합,남,61세,상해없음
2018090800100632,2018년 9월 8일 22시,토요일,부산광역시 중구 광복동1가,중상사고,0,1,0,0,차대사람 - 횡단중,안전운전불이행,건조,맑음,단일로 - 기타,승용,남,36세,상해없음,보행자,여,42세,중상
2018090800100633,2018년 9월 8일 22시,토요일,부산광역시 부산진구 부전동,경상사고,0,0,1,0,차대사람 - 기타,안전운전불이행,젖음/습기,흐림,단일로 - 기타,승용,남,24세,상해없음,보행자,남,26세,경상
2018090800100661,2018년 9월 8일 23시,토요일,부산광역시 강서구 명지동,중상사고,0,1,2,0,차대차 - 추돌,안전운전불이행,건조,맑음,교차로 - 교차로부근,승용,남,35세,상해없음,승용,여,28세,중상
2018090900100019,2018년 9월 9일 01시,일요일,부산광역시 해운대구 좌동,경상사고,0,0,2,0,차대차 - 후진중충돌,안전운전불이행,젖음/습기,흐림,교차로 - 교차로부근,승용,여,54세,상해없음,승합,남,48세,경상
2018090900100020,2018년 9월 9일 01시,일요일,부산광역시 사하구 당리동,중상사고,0,1,0,0,차대차 - 측면충돌,안전운전불이행,건조,맑음,단일로 - 기타,이륜,남,16세,중상,승용,남,40세,상해없음
2018090900100040,2018년 9월 9일 02시,일요일,부산광역시 남구 문현동,경상사고,0,0,1,0,차대차 - 추돌,신호위반,건조,맑음,교차로 - 교차로부근,승용,남,30세,상해없음,승용,남,59세,경상
2018090900100041,2018년 9월 9일 02시,일요일,부산광역시 동래구 명륜동,경상사고,0,0,1,0,차대사람 - 차도통행중,안전운전불이행,건조,맑음,단일로 - 기타,승용,남,70세,상해없음,보행자,남,22세,경상
2018090900100060,2018년 9월 9일 04시,일요일,부산광역시 부산진구 가야동,경상사고,0,0,1,0,차대사람 - 기타,안전운전불이행,건조,맑음,기타 - 기타,승용,남,62세,상해없음,보행자,남,59세,경상
2018090900100061,2018년 9월 9일 04시,일요일,부산광역시 부산진구 당감동,중상사고,0,1,0,0,차대사람 - 횡단중,안전운전불이행,건조,맑음,교차로 - 교차로안,승용,남,55세,상해없음,보행자,여,85세,중상
2018090900100070,2018년 9월 9일 05시,일요일,부산광역시 동래구 명장동,경상사고,0,0,1,0,차대차 - 측면충돌,교차로운행방법위반,건조,맑음,교차로 - 교차로안,승용,남,73세,상해없음,승용,남,65세,상해없음
2018090900100071,2018년 9월 9일 05시,일요일,부산광역시 부산진구 부전동,경상사고,0,0,1,0,차대사람 - 기타,안전운전불이행,건조,맑음,단일로 - 기타,승용,남,25세,상해없음,보행자,여,24세,경상
2018090900100072,2018년 9월 9일 05시,일요일,부산광역시 부산진구 범전동,경상사고,0,0,1,0,차대차 - 추돌,안전운전불이행,건조,맑음,단일로 - 기타,승용,남,28세,상해없음,화물,남,50세,경상
2018090900100257,2018년 9월 9일 14시,일요일,부산광역시 동구 범일동,경상사고,0,0,1,0,차대차 - 기타,차로위반,건조,맑음,단일로 - 기타,승용,여,30세,상해없음,승용,남,60세,상해없음
2018090900100333,2018년 9월 9일 16시,일요일,부산광역시 서구 부용동2가,중상사고,0,1,0,0,차대사람 - 길가장자리구역통행중,안전운전불이행,건조,맑음,단일로 - 기타,승용,여,35세,상해없음,보행자,남,63세,중상
2018090900100362,2018년 9월 9일 17시,일요일,부산광역시 중구 영주동,중상사고,0,1,0,0,차대차 - 측면충돌,안전운전불이행,건조,맑음,기타 - 기타,화물,남,52세,상해없음,승용,남,65세,상해없음
2018090900100363,2018년 9월 9일 17시,일요일,부산광역시 금정구 부곡동,경상사고,0,0,1,0,차대차 - 측면충돌,교차로운행방법위반,건조,맑음,교차로 - 교차로안,승용,남,76세,상해없음,승용,남,66세,경상
2018090900100364,2018년 9월 9일 17시,일요일,부산광역시 연제구 연산동,중상사고,0,1,0,0,차대차 - 측면충돌,신호위반,건조,맑음,교차로 - 교차로안,승용,남,26세,상해없음,이륜,남,22세,중상
2018090900100430,2018년 9월 9일 19시,일요일,부산광역시 부산진구 초읍동,경상사고,0,0,1,0,차대차 - 측면충돌,교차로운행방법위반,건조,맑음,교차로 - 교차로안,승용,여,31세,상해없음,승용,남,61세,경상
2018090900100431,2018년 9월 9일 19시,일요일,부산광역시 사상구 엄궁동,중상사고,0,1,1,0,차대사람 - 횡단중,신호위반,건조,맑음,단일로 - 기타,승용,남,33세,상해없음,보행자,여,28세,중상
2018090900100458,2018년 9월 9일 20시,일요일,부산광역시 해운대구 좌동,중상사고,0,1,0,0,차대차 - 측면충돌,신호위반,건조,맑음,교차로 - 교차로안,승용,남,67세,상해없음,이륜,남,24세,중상
2018090900100484,2018년 9월 9일 21시,일요일,부산광역시 남구 감만동,경상사고,0,0,1,0,차대사람 - 기타,안전운전불이행,건조,맑음,교차로 - 교차로안,승용,남,55세,상해없음,보행자,여,77세,경상
2018090900100485,2018년 9월 9일 21시,일요일,부산광역시 해운대구 재송동,경상사고,0,0,1,0,차대사람 - 횡단중,안전운전불이행,건조,맑음,단일로 - 기타,승용,남,24세,상해없음,보행자,여,15세,경상
2018090900100527,2018년 9월 9일 23시,일요일,부산광역시 동구 초량동,경상사고,0,0,1,0,차대차 - 기타,안전운전불이행,건조,맑음,교차로 - 교차로부근,이륜,남,16세,기타불명,화물,남,53세,상해없음
2018090900100528,2018년 9월 9일 23시,일요일,부산광역시 부산진구 전포동,중상사고,0,2,0,0,차대차 - 기타,교차로운행방법위반,건조,맑음,교차로 - 교차로안,승용,남,64세,상해없음,승용,남,63세,중상
2018091000100009,2018년 9월 10일 00시,월요일,부산광역시 부산진구 초읍동,경상사고,0,0,1,0,차대차 - 측면충돌,교차로운행방법위반,건조,맑음,교차로 - 교차로안,승용,남,62세,상해없음,승용,남,66세,경상
2018091000100026,2018년 9월 10일 02시,월요일,부산광역시 동래구 온천동,경상사고,0,0,1,0,차대차 - 기타,신호위반,건조,맑음,교차로 - 교차로안,승용,남,66세,상해없음,이륜,남,30세,경상
2018091000100032,2018년 9월 10일 04시,월요일,부산광역시 연제구 연산동,경상사고,0,0,1,0,차대차 - 추돌,안전운전불이행,건조,맑음,교차로 - 교차로부근,이륜,남,27세,상해없음,승용,남,77세,상해없음
2018091000100040,2018년 9월 10일 05시,월요일,부산광역시 사하구 감천동,경상사고,0,0,2,0,차대차 - 기타,안전거리미확보,건조,맑음,기타 - 기타,승용,남,45세,경상,승용,남,64세,경상
2018091000100053,2018년 9월 10일 06시,월요일,부산광역시 북구 구포동,경상사고,0,0,1,0,차대차 - 기타,안전거리미확보,건조,맑음,단일로 - 기타,화물,남,39세,상해없음,승용,남,45세,경상
2018091000100074,2018년 9월 10일 07시,월요일,부산광역시 동래구 안락동,경상사고,0,0,1,0,차대차 - 측면충돌,안전운전불이행,건조,맑음,교차로 - 교차로안,승용,여,29세,상해없음,승용,남,70세,상해없음
2018091000100075,2018년 9월 10일 07시,월요일,부산광역시 수영구 수영동,경상사고,0,0,1,0,차대차 - 측면충돌,교차로운행방법위반,건조,맑음,교차로 - 교차로안,화물,남,56세,상해없음,승용,남,45세,경상
2018091000100119,2018년 9월 10일 08시,월요일,부산광역시 사상구 덕포동,부상신고사고,0,0,0,1,차대차 - 측면충돌,안전운전불이행,건조,맑음,단일로 - 기타,자전거,여,58세,부상신고,승용,여,35세,상해없음
2018091000100185,2018년 9월 10일 09시,월요일,부산광역시 동구 좌천동,경상사고,0,0,4,0,차대차 - 추돌,안전운전불이행,건조,맑음,단일로 - 터널,화물,남,28세,상해없음,승용,남,58세,경상
2018091000100186,2018년 9월 10일 09시,월요일,부산광역시 동구 초량동,경상사고,0,0,1,0,차대차 - 측면충돌,교차로운행방법위반,건조,맑음,교차로 - 교차로안,승용,여,55세,상해없음,승용,남,67세,경상
2018091000100187,2018년 9월 10일 09시,월요일,부산광역시 부산진구 전포동,경상사고,0,0,1,0,차대사람 - 기타,보행자보호의무위반,건조,맑음,교차로 - 교차로안,화물,남,59세,상해없음,보행자,여,63세,경상
2018091000100188,2018년 9월 10일 09시,월요일,부산광역시 연제구 연산동,경상사고,0,0,1,0,차대차 - 기타,안전운전불이행,건조,맑음,단일로 - 기타,이륜,여,54세,상해없음,승용,남,35세,경상
2018091000100189,2018년 9월 10일 09시,월요일,부산광역시 연제구 연산동,경상사고,0,0,2,0,차대차 - 측면충돌,안전거리미확보,건조,맑음,단일로 - 기타,승용,여,46세,상해없음,승용,남,65세,경상
2018091000100228,2018년 9월 10일 10시,월요일,부산광역시 강서구 성북동,경상사고,0,0,1,0,차대차 - 추돌,안전운전불이행,건조,맑음,단일로 - 기타,특수,남,41세,상해없음,화물,남,70세,경상
2018091000100262,2018년 9월 10일 11시,월요일,부산광역시 서구 암남동,중상사고,0,1,0,0,차대사람 - 횡단중,안전운전불이행,건조,맑음,단일로 - 기타,화물,남,37세,상해없음,보행자,남,81세,중상