사고번호,사고일시,요일,시군구,사고내용,사망자수,중상자수,경상자수,부상신고자수,사고유형,법규위반,노면상태,기상상태,도로형태,가해운전자 차종,가해운전자 성별,가해운전자 연령,가해운전자 상해정도,피해운전자 차종,피해운전자 성별,피해운전자 연령,피해운전자 상해정도
2018091000100263,2018년 9월 10일 11시,월요일,부산광역시 부산진구 전포동,중상사고,0,2,1,0,차대차 - 측면충돌,직진우회전진행방해,건조,맑음,교차로 - 교차로부근,승용,남,36세,중상,승용,남,61세,경상
2018091000100293,2018년 9월 10일 12시,월요일,부산광역시 중구 남포동1가,중상사고,0,1,0,0,차대사람 - 횡단중,안전운전불이행,건조,맑음,단일로 - 기타,승용,여,30세,상해없음,보행자,여,56세,중상
2018091000100294,2018년 9월 10일 12시,월요일,부산광역시 북구 구포동,경상사고,0,0,1,0,차대차 - 측면충돌,안전거리미확보,건조,맑음,단일로 - 기타,승용,여,41세,상해없음,이륜,남,22세,경상
2018091000100295,2018년 9월 10일 12시,월요일,부산광역시 금정구 장전동,경상사고,0,0,1,0,차대차 - 기타,안전운전불이행,건조,맑음,단일로 - 기타,승용,남,42세,상해없음,이륜,남,28세,경상
2018091000100296,2018년 9월 10일 12시,월요일,부산광역시 사상구 엄궁동,경상사고,0,0,1,0,차대차 - 측면충돌,안전운전불이행,건조,맑음,교차로 - 교차로안,승용,남,40세,상해없음,승용,여,60세,경상
2018091000100328,2018년 9월 10일 13시,월요일,부산광역시 금정구 노포동,경상사고,0,0,1,0,차대차 - 기타,차로위반,건조,맑음,단일로 - 기타,승합,남,58세,상해없음,승용,여,62세,상해없음
2018091000100329,2018년 9월 10일 13시,월요일,부산광역시 강서구 생곡동,경상사고,0,0,1,0,차대사람 - 기타,보행자보호의무위반,건조,맑음,교차로 - 교차로횡단보도내,승용,남,53세,상해없음,보행자,남,23세,경상
2018091000100357,2018년 9월 10일 14시,월요일,부산광역시 부산진구 부전동,부상신고사고,0,0,0,1,차대차 - 기타,중앙선침범,건조,맑음,교차로 - 교차로부근,이륜,남,20세,상해없음,이륜,남,69세,부상신고
2018091000100398,2018년 9월 10일 15시,월요일,부산광역시 수영구 광안동,경상사고,0,0,1,0,차대사람 - 기타,안전운전불이행,건조,맑음,단일로 - 기타,화물,남,58세,상해없음,보행자,남,42세,경상
2018091000100399,2018년 9월 10일 15시,월요일,부산광역시 동래구 안락동,경상사고,0,0,1,0,차대차 - 기타,안전운전불이행,건조,맑음,단일로 - 기타,승용,남,57세,상해없음,승용,남,54세,상해없음
2018091000100400,2018년 9월 10일 15시,월요일,부산광역시 금정구 남산동,경상사고,0,0,1,0,차대차 - 추돌,안전거리미확보,건조,맑음,교차로 - 교차로부근,승용,남,79세,상해없음,승용,남,36세,경상
2018091000100401,2018년 9월 10일 15시,월요일,부산광역시 강서구 대저1동,경상사고,0,0,1,0,차대차 - 측면충돌,중앙선침범,건조,맑음,단일로 - 기타,화물,남,56세,상해없음,화물,남,46세,경상
2018091000100441,2018년 9월 10일 16시,월요일,부산광역시 부산진구 양정동,중상사고,0,1,0,0,차대차 - 기타,안전운전불이행,건조,맑음,단일로 - 기타,승용,남,34세,상해없음,자전거,남,60세,중상
2018091000100442,2018년 9월 10일 16시,월요일,부산광역시 부산진구 전포동,경상사고,0,0,2,0,차대차 - 추돌,안전거리미확보,건조,맑음,단일로 - 기타,승용,여,39세,상해없음,승용,여,27세,경상
2018091000100443,2018년 9월 10일 16시,월요일,부산광역시 금정구 구서동,경상사고,0,0,2,4,차량단독 - 공작물충돌,기타,건조,맑음,단일로 - 기타,승합,남,58세,상해없음,,,,
2018091000100444,2018년 9월 10일 16시,월요일,부산광역시 사상구 모라동,부상신고사고,0,0,0,1,차대차 - 기타,안전운전불이행,건조,맑음,단일로 - 기타,자전거,남,79세,부상신고,승합,남,60세,상해없음
2018091000100496,2018년 9월 10일 17시,월요일,부산광역시 연제구 연산동,부상신고사고,0,0,0,1,차대사람 - 횡단중,안전운전불이행,건조,맑음,교차로 - 교차로횡단보도내,기타불명,기타불명,미분류,기타불명,보행자,남,51세,부상신고
2018091000100544,2018년 9월 10일 18시,월요일,부산광역시 동구 범일동,중상사고,0,1,0,0,차대사람 - 보도통행중,보행자보호의무위반,건조,맑음,단일로 - 기타,승용,남,38세,상해없음,보행자,남,8세,중상
2018091000100545,2018년 9월 10일 18시,월요일,부산광역시 북구 구포동,경상사고,0,0,4,0,차대차 - 측면충돌,안전운전불이행,건조,맑음,교차로 - 교차로부근,승용,남,65세,상해없음,승용,여,50세,경상
2018091000100546,2018년 9월 10일 18시,월요일,부산광역시 기장군 기장읍,경상사고,0,0,1,0,차대사람 - 기타,안전운전불이행,건조,맑음,단일로 - 기타,승합,남,47세,상해없음,보행자,여,78세,경상
2018091000100597,2018년 9월 10일 19시,월요일,부산광역시 수영구 남천동,경상사고,0,0,1,1,차대차 - 측면충돌,차로위반,건조,맑음,단일로 - 기타,승용,여,60세,상해없음,승용,남,22세,부상신고
2018091000100598,2018년 9월 10일 19시,월요일,부산광역시 해운대구 재송동,경상사고,0,0,2,0,차대차 - 기타,안전운전불이행,건조,맑음,교차로 - 교차로부근,승용,여,51세,경상,승합,남,42세,경상
2018091000100599,2018년 9월 10일 19시,월요일,부산광역시 사상구 괘법동,경상사고,0,0,1,0,차대사람 - 길가장자리구역통행중,안전운전불이행,건조,맑음,단일로 - 기타,승용,남,63세,상해없음,보행자,남,49세,경상
2018091000100600,2018년 9월 10일 19시,월요일,부산광역시 사상구 주례동,부상신고사고,0,0,0,2,차대차 - 측면충돌,교차로운행방법위반,건조,맑음,단일로 - 기타,화물,남,57세,부상신고,승합,남,70세,상해없음
2018091000100640,2018년 9월 10일 20시,월요일,부산광역시 수영구 남천동,경상사고,0,0,1,0,차대차 - 기타,교차로운행방법위반,건조,맑음,교차로 - 교차로안,승용,여,47세,상해없음,승용,남,58세,경상
2018091000100677,2018년 9월 10일 21시,월요일,부산광역시 남구 대연동,경상사고,0,0,1,0,차대차 - 측면충돌,교차로운행방법위반,건조,맑음,단일로 - 기타,승용,여,44세,상해없음,승용,남,64세,경상
2018091000100678,2018년 9월 10일 21시,월요일,부산광역시 영도구 청학동,중상사고,0,1,0,0,차량단독 - 공작물충돌,안전운전불이행,건조,맑음,단일로 - 교량,승용,남,37세,상해없음,,,,
2018091000100679,2018년 9월 10일 21시,월요일,부산광역시 부산진구 부전동,부상신고사고,0,0,0,1,차대차 - 기타,과속,건조,맑음,교차로 - 교차로부근,이륜,남,26세,부상신고,이륜,남,24세,상해없음
2018091000100711,2018년 9월 10일 22시,월요일,부산광역시 부산진구 양정동,경상사고,0,0,1,0,차대차 - 기타,차로위반,건조,맑음,단일로 - 기타,승용,남,59세,상해없음,승용,남,55세,경상
2018091000100712,2018년 9월 10일 22시,월요일,부산광역시 사상구 주례동,중상사고,0,1,0,0,차대사람 - 횡단중,안전운전불이행,건조,맑음,교차로 - 교차로부근,승용,남,29세,상해없음,보행자,남,25세,중상
2018091000100731,2018년 9월 10일 23시,월요일,부산광역시 수영구 민락동,경상사고,0,0,1,0,차대차 - 추돌,안전운전불이행,건조,맑음,교차로 - 교차로안,이륜,남,19세,상해없음,승용,남,32세,경상
2018091000100732,2018년 9월 10일 23시,월요일,부산광역시 북구 덕천동,중상사고,0,1,0,0,차대차 - 기타,안전운전불이행,건조,맑음,교차로 - 교차로안,승용,남,64세,상해없음,이륜,남,36세,중상
2018091100100004,2018년 9월 11일 00시,화요일,부산광역시 사상구 괘법동,경상사고,0,0,1,0,차대사람 - 길가장자리구역통행중,안전운전불이행,건조,맑음,교차로 - 교차로안,승용,남,39세,상해없음,보행자,남,21세,경상
2018091100100015,2018년 9월 11일 01시,화요일,부산광역시 사하구 괴정동,경상사고,0,0,1,0,차대사람 - 횡단중,안전운전불이행,건조,기타,단일로 - 기타,이륜,남,49세,상해없음,보행자,남,63세,경상
2018091100100026,2018년 9월 11일 02시,화요일,부산광역시 동래구 명륜동,경상사고,0,0,2,0,차대차 - 측면충돌,신호위반,건조,맑음,교차로 - 교차로부근,승용,남,65세,상해없음,원동기,남,33세,경상
2018091100100030,2018년 9월 11일 03시,화요일,부산광역시 중구 부평동3가,사망사고,1,0,0,0,차대사람 - 횡단중,보행자보호의무위반,건조,맑음,단일로 - 기타,화물,남,77세,상해없음,보행자,여,58세,사망
2018091100100036,2018년 9월 11일 04시,화요일,부산광역시 사상구 괘법동,중상사고,0,1,0,0,차대사람 - 기타,안전운전불이행,건조,맑음,단일로 - 기타,승용,남,61세,상해없음,보행자,남,55세,중상
2018091100100058,2018년 9월 11일 06시,화요일,부산광역시 수영구 민락동,경상사고,0,0,3,0,차대차 - 측면충돌,안전운전불이행,건조,맑음,단일로 - 기타,화물,남,57세,상해없음,승용,남,64세,경상
2018091100100094,2018년 9월 11일 08시,화요일,부산광역시 부산진구 부전동,경상사고,0,0,1,0,차대차 - 기타,안전거리미확보,건조,맑음,단일로 - 기타,승용,여,55세,상해없음,승용,남,63세,상해없음
2018091100100178,2018년 9월 11일 10시,화요일,부산광역시 부산진구 당감동,경상사고,0,0,3,0,차대차 - 측면충돌,교차로운행방법위반,건조,흐림,교차로 - 교차로안,화물,남,52세,상해없음,승합,남,36세,상해없음
2018091100100211,2018년 9월 11일 11시,화요일,부산광역시 수영구 광안동,경상사고,0,0,1,0,차대차 - 추돌,안전운전불이행,건조,맑음,단일로 - 기타,승용,여,49세,경상,특수,남,61세,상해없음
2018091100100212,2018년 9월 11일 11시,화요일,부산광역시 사상구 학장동,중상사고,0,1,0,0,차대차 - 측면충돌,안전거리미확보,건조,맑음,단일로 - 지하차도(도로)내,화물,남,50세,상해없음,승용,여,61세,중상
2018091100100241,2018년 9월 11일 12시,화요일,부산광역시 강서구 송정동,중상사고,0,3,0,0,차대차 - 측면충돌,신호위반,건조,맑음,교차로 - 교차로안,화물,남,64세,중상,승용,남,44세,중상
2018091100100242,2018년 9월 11일 12시,화요일,부산광역시 기장군 기장읍,중상사고,0,1,0,0,차대사람 - 기타,안전운전불이행,건조,맑음,단일로 - 기타,승용,남,27세,상해없음,보행자,여,79세,중상
2018091100100261,2018년 9월 11일 13시,화요일,부산광역시 중구 부평동2가,중상사고,0,1,0,0,차량단독 - 기타,기타,건조,맑음,단일로 - 기타,승합,남,59세,상해없음,,,,
2018091100100298,2018년 9월 11일 14시,화요일,부산광역시 동래구 안락동,경상사고,0,0,1,0,차대사람 - 길가장자리구역통행중,안전운전불이행,건조,맑음,단일로 - 기타,승용,남,49세,상해없음,보행자,여,62세,경상
2018091100100322,2018년 9월 11일 15시,화요일,부산광역시 부산진구 부암동,경상사고,0,0,1,1,차대차 - 기타,기타,건조,맑음,단일로 - 기타,화물,남,34세,부상신고,승합,남,42세,경상
2018091100100323,2018년 9월 11일 15시,화요일,부산광역시 강서구 명지동,경상사고,0,0,2,0,차대차 - 측면충돌,교차로운행방법위반,건조,맑음,교차로 - 교차로안,승용,남,56세,상해없음,승용,남,35세,경상
2018091100100434,2018년 9월 11일 18시,화요일,부산광역시 연제구 연산동,중상사고,0,1,0,0,차대사람 - 차도통행중,안전운전불이행,건조,맑음,단일로 - 기타,원동기,남,19세,상해없음,보행자,여,70세,중상
2018091100100471,2018년 9월 11일 19시,화요일,부산광역시 영도구 영선동1가,중상사고,0,1,0,0,차대차 - 정면충돌,안전운전불이행,건조,맑음,교차로 - 교차로안,승용,여,44세,상해없음,이륜,남,15세,중상
2018091100100518,2018년 9월 11일 20시,화요일,부산광역시 서구 충무동1가,경상사고,0,0,1,1,차대차 - 기타,교차로운행방법위반,건조,맑음,교차로 - 교차로부근,승용,여,54세,부상신고,승용,남,58세,경상
2018091100100519,2018년 9월 11일 20시,화요일,부산광역시 북구 화명동,중상사고,0,1,0,0,차대차 - 기타,안전운전불이행,건조,맑음,교차로 - 교차로부근,승용,여,55세,상해없음,이륜,남,17세,중상
2018091100100520,2018년 9월 11일 20시,화요일,부산광역시 부산진구 부전동,경상사고,0,0,1,0,차대사람 - 기타,안전운전불이행,건조,맑음,단일로 - 기타,승용,남,48세,상해없음,보행자,여,21세,경상
2018091100100548,2018년 9월 11일 21시,화요일,부산광역시 남구 문현동,중상사고,0,1,0,0,차대사람 - 횡단중,안전운전불이행,건조,맑음,교차로 - 교차로안,화물,여,62세,상해없음,보행자,여,55세,중상
2018091100100589,2018년 9월 11일 23시,화요일,부산광역시 북구 구포동,경상사고,0,0,2,0,차대차 - 기타,안전운전불이행,건조,맑음,교차로 - 교차로안,승용,남,56세,상해없음,승용,남,23세,경상
2018091100100590,2018년 9월 11일 23시,화요일,부산광역시 사하구 장림동,경상사고,0,0,3,0,차대차 - 기타,신호위반,건조,맑음,교차로 - 교차로안,승합,남,41세,상해없음,승용,남,31세,경상
2018091200100029,2018년 9월 12일 02시,수요일,부산광역시 부산진구 부전동,경상사고,0,0,1,0,차대차 - 추돌,교차로운행방법위반,건조,맑음,교차로 - 교차로안,승용,남,68세,상해없음,이륜,남,18세,상해없음
2018091200100044,2018년 9월 12일 04시,수요일,부산광역시 부산진구 부전동,중상사고,0,1,0,0,차대사람 - 횡단중,안전운전불이행,건조,맑음,단일로 - 기타,승용,남,60세,상해없음,보행자,남,23세,중상
2018091200100045,2018년 9월 12일 04시,수요일,부산광역시 수영구 망미동,중상사고,0,1,0,0,차대차 - 추돌,안전운전불이행,건조,맑음,교차로 - 교차로부근,승용,남,32세,상해없음,승용,남,64세,중상
2018091200100081,2018년 9월 12일 07시,수요일,부산광역시 강서구 명지동,중상사고,0,1,0,0,차대차 - 추돌,안전운전불이행,건조,맑음,단일로 - 기타,승용,여,43세,상해없음,승용,남,28세,상해없음
2018091200100082,2018년 9월 12일 07시,수요일,부산광역시 기장군 기장읍,중상사고,0,1,0,0,차대차 - 기타,불법유턴,건조,맑음,단일로 - 기타,자전거,남,71세,중상,승용,여,47세,상해없음
2018091200100120,2018년 9월 12일 08시,수요일,부산광역시 금정구 부곡동,중상사고,0,1,0,0,차대사람 - 보도통행중,보행자보호의무위반,건조,맑음,단일로 - 기타,승용,남,64세,기타불명,보행자,여,63세,중상
2018091200100121,2018년 9월 12일 08시,수요일,부산광역시 강서구 미음동,경상사고,0,0,10,0,차대차 - 측면충돌,교차로운행방법위반,건조,맑음,교차로 - 교차로안,승용,여,48세,경상,승합,남,66세,경상
2018091200100175,2018년 9월 12일 09시,수요일,부산광역시 서구 남부민동,중상사고,0,1,0,0,차대사람 - 횡단중,안전운전불이행,건조,맑음,단일로 - 기타,승합,남,56세,상해없음,보행자,여,20세,중상
2018091200100176,2018년 9월 12일 09시,수요일,부산광역시 수영구 광안동,경상사고,0,0,1,0,차대차 - 추돌,안전운전불이행,건조,맑음,단일로 - 기타,승용,여,37세,상해없음,승용,남,63세,경상
2018091200100215,2018년 9월 12일 10시,수요일,부산광역시 중구 광복동2가,중상사고,0,1,1,0,차대차 - 측면충돌,안전운전불이행,건조,맑음,단일로 - 기타,승용,남,64세,상해없음,승용,남,59세,상해없음
2018091200100216,2018년 9월 12일 10시,수요일,부산광역시 부산진구 범천동,부상신고사고,0,0,0,1,차대차 - 기타,안전거리미확보,건조,맑음,단일로 - 기타,이륜,남,59세,부상신고,승용,여,22세,상해없음
2018091200100256,2018년 9월 12일 11시,수요일,부산광역시 사하구 신평동,중상사고,0,1,0,0,차대사람 - 횡단중,신호위반,건조,맑음,교차로 - 교차로횡단보도내,승용,남,67세,상해없음,보행자,여,62세,중상
2018091200100299,2018년 9월 12일 12시,수요일,부산광역시 사상구 주례동,경상사고,0,0,1,0,차대차 - 기타,안전거리미확보,건조,맑음,교차로 - 교차로부근,화물,남,25세,상해없음,승용,남,73세,상해없음
2018091200100369,2018년 9월 12일 14시,수요일,부산광역시 부산진구 범천동,경상사고,0,0,1,0,차대차 - 측면충돌,안전운전불이행,건조,맑음,교차로 - 교차로안,원동기,남,23세,상해없음,승용,여,35세,경상
2018091200100370,2018년 9월 12일 14시,수요일,부산광역시 금정구 구서동,중상사고,0,1,0,0,차대차 - 기타,신호위반,건조,맑음,단일로 - 기타,승용,남,43세,상해없음,이륜,남,40세,중상
2018091200100406,2018년 9월 12일 15시,수요일,부산광역시 동구 초량동,경상사고,0,0,1,1,차대차 - 측면충돌,교차로운행방법위반,건조,맑음,교차로 - 교차로안,승용,남,57세,부상신고,승용,남,22세,경상
2018091200100456,2018년 9월 12일 16시,수요일,부산광역시 동구 범일동,경상사고,0,0,1,0,차량단독 - 기타,안전운전불이행,건조,맑음,단일로 - 기타,승합,남,57세,상해없음,,,,
2018091200100457,2018년 9월 12일 16시,수요일,부산광역시 북구 덕천동,중상사고,0,1,0,0,차대차 - 기타,안전거리미확보,건조,맑음,단일로 - 기타,승용,여,41세,상해없음,이륜,남,50세,중상
2018091200100458,2018년 9월 12일 16시,수요일,부산광역시 기장군 기장읍,경상사고,0,0,1,0,차대사람 - 기타,안전운전불이행,건조,맑음,단일로 - 기타,승용,남,64세,상해없음,보행자,여,17세,경상
2018091200100502,2018년 9월 12일 17시,수요일,부산광역시 해운대구 재송동,중상사고,0,1,1,0,차대차 - 측면충돌,안전운전불이행,건조,맑음,단일로 - 기타,승용,여,62세,상해없음,승용,남,47세,중상
2018091200100548,2018년 9월 12일 18시,수요일,부산광역시 동래구 안락동,경상사고,0,0,1,0,차대차 - 추돌,안전거리미확보,건조,맑음,단일로 - 기타,승용,여,41세,상해없음,이륜,남,38세,경상
2018091200100549,2018년 9월 12일 18시,수요일,부산광역시 부산진구 전포동,중상사고,0,1,0,0,차대차 - 기타,안전운전불이행,건조,맑음,교차로 - 교차로안,이륜,남,69세,중상,승용,남,29세,상해없음
2018091200100604,2018년 9월 12일 19시,수요일,부산광역시 북구 구포동,경상사고,0,0,1,0,차대차 - 기타,안전운전불이행,건조,맑음,단일로 - 기타,이륜,남,19세,경상,승용,남,64세,상해없음
2018091200100649,2018년 9월 12일 20시,수요일,부산광역시 동구 수정동,중상사고,0,1,0,0,차대차 - 기타,안전운전불이행,건조,맑음,단일로 - 기타,승용,남,57세,상해없음,이륜,남,50세,중상
2018091200100650,2018년 9월 12일 20시,수요일,부산광역시 해운대구 반여동,경상사고,0,0,2,0,차대차 - 측면충돌,직진우회전진행방해,건조,맑음,단일로 - 기타,승용,여,56세,상해없음,이륜,남,17세,경상
2018091200100651,2018년 9월 12일 20시,수요일,부산광역시 강서구 대저1동,경상사고,0,0,1,0,차대차 - 추돌,안전운전불이행,건조,맑음,단일로 - 기타,승용,남,67세,상해없음,승용,남,29세,경상
2018091200100652,2018년 9월 12일 20시,수요일,부산광역시 사상구 학장동,경상사고,0,0,1,0,차대사람 - 횡단중,안전운전불이행,건조,맑음,교차로 - 교차로안,승용,남,36세,상해없음,보행자,여,66세,경상
2018091200100709,2018년 9월 12일 22시,수요일,부산광역시 금정구 오륜동,경상사고,0,0,1,0,차대차 - 기타,안전운전불이행,건조,맑음,단일로 - 기타,승용,여,56세,기타불명,승용,여,44세,경상
2018091200100710,2018년 9월 12일 22시,수요일,부산광역시 연제구 거제동,경상사고,0,0,2,0,차대차 - 기타,안전운전불이행,건조,맑음,교차로 - 교차로안,승용,남,22세,상해없음,승용,남,62세,경상
2018091300100019,2018년 9월 13일 01시,목요일,부산광역시 동래구 안락동,중상사고,0,1,5,0,차대차 - 측면충돌,신호위반,건조,맑음,교차로 - 교차로안,승용,남,62세,상해없음,승용,남,26세,경상
2018091300100040,2018년 9월 13일 03시,목요일,부산광역시 해운대구 좌동,경상사고,0,0,1,0,차대차 - 기타,안전운전불이행,젖음/습기,흐림,단일로 - 기타,승용,남,37세,상해없음,승용,남,38세,경상
2018091300100047,2018년 9월 13일 04시,목요일,부산광역시 남구 대연동,중상사고,0,1,0,0,차대사람 - 횡단중,신호위반,건조,맑음,단일로 - 기타,승용,남,60세,상해없음,보행자,남,38세,중상
2018091300100048,2018년 9월 13일 04시,목요일,부산광역시 동래구 온천동,중상사고,0,1,0,0,차대차 - 추돌,안전운전불이행,건조,맑음,단일로 - 기타,승용,남,41세,중상,승용,남,68세,기타불명
2018091300100049,2018년 9월 13일 04시,목요일,부산광역시 부산진구 부전동,중상사고,0,1,1,0,차대차 - 기타,신호위반,건조,맑음,교차로 - 교차로안,승용,남,21세,상해없음,승용,남,68세,경상
2018091300100072,2018년 9월 13일 06시,목요일,부산광역시 동구 범일동,경상사고,0,0,1,0,차대차 - 측면충돌,안전운전불이행,건조,맑음,단일로 - 기타,승용,여,49세,상해없음,화물,남,62세,경상
2018091300100111,2018년 9월 13일 08시,목요일,부산광역시 사하구 당리동,경상사고,0,0,1,0,차대사람 - 기타,안전운전불이행,건조,흐림,단일로 - 기타,승용,여,34세,상해없음,보행자,남,14세,경상
2018091300100156,2018년 9월 13일 09시,목요일,부산광역시 동래구 수안동,중상사고,0,1,0,0,차량단독 - 기타,안전운전불이행,건조,맑음,단일로 - 기타,승합,남,57세,상해없음,,,,
2018091300100157,2018년 9월 13일 09시,목요일,부산광역시 사하구 괴정동,경상사고,0,0,1,0,차대사람 - 차도통행중,안전운전불이행,건조,맑음,단일로 - 기타,승용,여,35세,상해없음,보행자,남,23세,경상
2018091300100180,2018년 9월 13일 10시,목요일,부산광역시 동구 범일동,경상사고,0,0,1,0,차대차 - 기타,안전운전불이행,건조,맑음,단일로 - 기타,승용,남,71세,상해없음,승용,남,52세,경상
2018091300100181,2018년 9월 13일 10시,목요일,부산광역시 사하구 신평동,경상사고,0,0,1,0,차대차 - 측면충돌,안전운전불이행,젖음/습기,비,교차로 - 교차로안,건설기계,남,72세,상해없음,승용,남,61세,상해없음
2018091300100182,2018년 9월 13일 10시,목요일,부산광역시 기장군 정관읍,경상사고,0,0,1,0,차대차 - 추돌,안전운전불이행,젖음/습기,비,교차로 - 교차로부근,승용,남,32세,상해없음,승용,남,28세,경상
2018091300100211,2018년 9월 13일 11시,목요일,부산광역시 서구 충무동1가,경상사고,0,0,2,0,차대차 - 측면충돌,안전운전불이행,젖음/습기,비,교차로 - 교차로안,승용,여,52세,경상,화물,남,55세,경상
2018091300100212,2018년 9월 13일 11시,목요일,부산광역시 수영구 광안동,중상사고,0,1,0,0,차대차 - 기타,안전운전불이행,젖음/습기,비,단일로 - 기타,기타불명,기타불명,미분류,기타불명,이륜,남,22세,중상
2018091300100213,2018년 9월 13일 11시,목요일,부산광역시 북구 덕천동,경상사고,0,0,1,0,차대차 - 기타,신호위반,건조,맑음,교차로 - 교차로안,승용,여,37세,상해없음,이륜,남,42세,경상
2018091300100214,2018년 9월 13일 11시,목요일,부산광역시 동래구 온천동,경상사고,0,0,1,0,차대차 - 측면충돌,교차로운행방법위반,건조,맑음,교차로 - 교차로안,특수,남,61세,상해없음,승용,남,65세,경상
2018091300100275,2018년 9월 13일 13시,목요일,부산광역시 서구 서대신동2가,경상사고,0,0,1,0,차대차 - 측면충돌,중앙선침범,젖음/습기,비,단일로 - 기타,화물,남,61세,상해없음,승용,여,39세,경상
2018091300100276,2018년 9월 13일 13시,목요일,부산광역시 사하구 장림동,경상사고,0,0,1,0,차대차 - 측면충돌,신호위반,젖음/습기,비,교차로 - 교차로부근,이륜,남,31세,경상,승용,여,61세,상해없음
2018091300100277,2018년 9월 13일 13시,목요일,부산광역시 사상구 덕포동,중상사고,0,1,0,0,차량단독 - 공작물충돌,안전운전불이행,젖음/습기,비,단일로 - 기타,화물,남,47세,중상,,,,
2018091300100307,2018년 9월 13일 14시,목요일,부산광역시 중구 중앙동4가,중상사고,0,1,0,0,차대차 - 추돌,중앙선침범,젖음/습기,비,단일로 - 고가도로위,승용,남,19세,상해없음,승용,남,62세,중상
2018091300100308,2018년 9월 13일 14시,목요일,부산광역시 부산진구 전포동,경상사고,0,0,1,0,차대차 - 기타,안전운전불이행,젖음/습기,비,교차로 - 교차로부근,승용,남,47세,상해없음,승용,여,50세,경상
2018091300100342,2018년 9월 13일 15시,목요일,부산광역시 부산진구 가야동,경상사고,0,0,1,0,차대사람 - 횡단중,보행자보호의무위반,건조,맑음,단일로 - 기타,승용,여,61세,상해없음,보행자,여,9세,경상
2018091300100343,2018년 9월 13일 15시,목요일,부산광역시 부산진구 초읍동,경상사고,0,0,1,1,차대차 - 측면충돌,안전운전불이행,젖음/습기,비,단일로 - 기타,화물,남,31세,부상신고,승용,남,51세,경상
2018091300100344,2018년 9월 13일 15시,목요일,부산광역시 사상구 삼락동,경상사고,0,0,2,0,차대차 - 추돌,안전운전불이행,건조,맑음,단일로 - 기타,승용,남,22세,상해없음,승용,여,20세,경상
2018091300100379,2018년 9월 13일 16시,목요일,부산광역시 남구 문현동,경상사고,0,0,1,0,차대차 - 측면충돌,안전거리미확보,젖음/습기,비,단일로 - 기타,승용,여,30세,상해없음,승용,남,57세,경상
2018091300100380,2018년 9월 13일 16시,목요일,부산광역시 부산진구 부전동,중상사고,0,1,0,0,차대차 - 기타,신호위반,건조,맑음,교차로 - 교차로안,승용,여,50세,상해없음,이륜,남,24세,중상
2018091300100432,2018년 9월 13일 17시,목요일,부산광역시 해운대구 좌동,부상신고사고,0,0,0,1,차대차 - 기타,신호위반,건조,맑음,교차로 - 교차로안,승용,남,61세,상해없음,이륜,남,29세,부상신고
2018091300100433,2018년 9월 13일 17시,목요일,부산광역시 부산진구 부전동,경상사고,0,0,1,0,차대차 - 추돌,안전운전불이행,건조,맑음,단일로 - 기타,승용,남,56세,상해없음,승용,여,52세,경상
2018091300100434,2018년 9월 13일 17시,목요일,부산광역시 사상구 엄궁동,중상사고,0,1,1,0,차대차 - 추돌,안전운전불이행,건조,맑음,단일로 - 기타,화물,남,57세,상해없음,승용,남,61세,중상
2018091300100528,2018년 9월 13일 19시,목요일,부산광역시 영도구 청학동,중상사고,0,1,0,0,차대사람 - 길가장자리구역통행중,안전운전불이행,젖음/습기,비,단일로 - 기타,승용,남,29세,상해없음,보행자,여,60세,중상
2018091300100529,2018년 9월 13일 19시,목요일,부산광역시 해운대구 우동,경상사고,0,0,1,0,차대차 - 측면충돌,교차로운행방법위반,건조,맑음,교차로 - 교차로안,승용,남,41세,상해없음,승용,남,46세,경상
2018091300100530,2018년 9월 13일 19시,목요일,부산광역시 금정구 장전동,경상사고,0,0,1,0,차대차 - 추돌,안전운전불이행,젖음/습기,비,단일로 - 기타,승용,여,61세,상해없음,승용,여,51세,경상
2018091300100531,2018년 9월 13일 19시,목요일,부산광역시 사하구 하단동,경상사고,0,0,1,0,차대사람 - 길가장자리구역통행중,안전운전불이행,젖음/습기,비,기타 - 기타,승용,여,24세,상해없음,보행자,여,29세,경상
2018091300100532,2018년 9월 13일 19시,목요일,부산광역시 연제구 연산동,중상사고,0,1,0,0,차대차 - 추돌,안전거리미확보,건조,맑음,단일로 - 기타,승용,남,70세,상해없음,승용,남,34세,중상
2018091300100533,2018년 9월 13일 19시,목요일,부산광역시 사상구 감전동,경상사고,0,0,2,0,차대차 - 기타,안전거리미확보,젖음/습기,비,교차로 - 교차로안,이륜,남,17세,경상,승용,남,24세,경상
2018091300100578,2018년 9월 13일 20시,목요일,부산광역시 남구 문현동,중상사고,0,1,0,0,차대사람 - 횡단중,교차로운행방법위반,젖음/습기,비,교차로 - 교차로안,승용,남,56세,상해없음,보행자,여,58세,중상
2018091300100579,2018년 9월 13일 20시,목요일,부산광역시 영도구 동삼동,중상사고,0,1,0,0,차대차 - 기타,교차로운행방법위반,젖음/습기,비,교차로 - 교차로안,승합,남,50세,상해없음,이륜,남,35세,중상
2018091300100580,2018년 9월 13일 20시,목요일,부산광역시 부산진구 부전동,중상사고,0,1,0,0,차대사람 - 차도통행중,안전운전불이행,젖음/습기,비,단일로 - 기타,이륜,남,21세,상해없음,보행자,여,62세,중상