사고번호,사고일시,요일,시군구,사고내용,사망자수,중상자수,경상자수,부상신고자수,사고유형,법규위반,노면상태,기상상태,도로형태,가해운전자 차종,가해운전자 성별,가해운전자 연령,가해운전자 상해정도,피해운전자 차종,피해운전자 성별,피해운전자 연령,피해운전자 상해정도
2018091300100581,2018년 9월 13일 20시,목요일,부산광역시 사하구 다대동,경상사고,0,0,1,0,차대차 - 측면충돌,신호위반,젖음/습기,비,기타 - 기타,이륜,남,17세,경상,승용,여,43세,상해없음
2018091300100582,2018년 9월 13일 20시,목요일,부산광역시 사하구 괴정동,경상사고,0,0,2,0,차대차 - 기타,안전운전불이행,건조,흐림,기타 - 기타,승용,여,27세,상해없음,승용,남,57세,경상
2018091300100583,2018년 9월 13일 20시,목요일,부산광역시 강서구 명지동,경상사고,0,0,1,0,차대차 - 측면충돌,안전거리미확보,젖음/습기,비,단일로 - 기타,승용,남,46세,상해없음,승용,남,27세,경상
2018091300100584,2018년 9월 13일 20시,목요일,부산광역시 사상구 감전동,사망사고,1,0,0,0,차대사람 - 기타,보행자보호의무위반,젖음/습기,비,교차로 - 교차로안,승용,남,51세,상해없음,보행자,남,59세,사망
2018091300100653,2018년 9월 13일 22시,목요일,부산광역시 동구 좌천동,중상사고,0,1,0,0,차대차 - 측면충돌,안전거리미확보,젖음/습기,비,단일로 - 기타,승용,여,30세,상해없음,이륜,남,32세,중상
2018091300100654,2018년 9월 13일 22시,목요일,부산광역시 해운대구 우동,중상사고,0,1,0,0,차대사람 - 횡단중,안전운전불이행,건조,맑음,단일로 - 기타,승용,남,69세,상해없음,보행자,남,64세,중상
2018091300100655,2018년 9월 13일 22시,목요일,부산광역시 강서구 송정동,경상사고,0,0,1,0,차대차 - 추돌,안전운전불이행,건조,맑음,단일로 - 기타,승용,남,36세,상해없음,승용,여,46세,경상
2018091300100688,2018년 9월 13일 23시,목요일,부산광역시 북구 만덕동,경상사고,0,0,1,0,차대차 - 기타,안전운전불이행,젖음/습기,흐림,교차로 - 교차로안,승용,여,44세,상해없음,승용,여,25세,경상
2018091300100689,2018년 9월 13일 23시,목요일,부산광역시 부산진구 부전동,경상사고,0,0,2,0,차대차 - 추돌,안전운전불이행,건조,맑음,교차로 - 교차로부근,승용,남,63세,상해없음,승용,남,29세,경상
2018091400100003,2018년 9월 14일 00시,금요일,부산광역시 사하구 하단동,경상사고,0,0,2,0,차대차 - 측면충돌,안전거리미확보,젖음/습기,비,단일로 - 기타,승용,남,53세,상해없음,승용,남,31세,경상
2018091400100004,2018년 9월 14일 00시,금요일,부산광역시 기장군 정관읍,사망사고,1,0,0,0,차량단독 - 기타,안전운전불이행,젖음/습기,비,단일로 - 기타,승용,남,35세,사망,,,,
2018091400100025,2018년 9월 14일 01시,금요일,부산광역시 동래구 온천동,경상사고,0,0,1,0,차대사람 - 기타,보행자보호의무위반,건조,맑음,교차로 - 교차로횡단보도내,기타불명,기타불명,미분류,기타불명,보행자,여,23세,경상
2018091400100026,2018년 9월 14일 01시,금요일,부산광역시 해운대구 우동,경상사고,0,0,2,0,차대차 - 기타,교차로운행방법위반,건조,맑음,교차로 - 교차로안,승용,남,61세,경상,승용,남,48세,경상
2018091400100027,2018년 9월 14일 01시,금요일,부산광역시 부산진구 부전동,경상사고,0,0,4,0,차대차 - 기타,안전운전불이행,젖음/습기,비,단일로 - 기타,승용,남,62세,상해없음,승용,남,22세,경상
2018091400100052,2018년 9월 14일 02시,금요일,부산광역시 부산진구 부전동,경상사고,0,0,2,0,차대차 - 기타,중앙선침범,젖음/습기,맑음,단일로 - 기타,승용,여,36세,상해없음,승용,남,42세,경상
2018091400100107,2018년 9월 14일 07시,금요일,부산광역시 부산진구 가야동,경상사고,0,0,1,0,차대차 - 측면충돌,안전운전불이행,젖음/습기,비,단일로 - 고가도로위,기타불명,남,41세,상해없음,승용,남,53세,경상
2018091400100108,2018년 9월 14일 07시,금요일,부산광역시 사하구 신평동,경상사고,0,0,1,0,차대차 - 추돌,안전운전불이행,젖음/습기,비,단일로 - 기타,건설기계,남,51세,상해없음,승용,남,36세,경상
2018091400100130,2018년 9월 14일 08시,금요일,부산광역시 수영구 민락동,경상사고,0,0,1,0,차대차 - 기타,안전운전불이행,젖음/습기,비,교차로 - 교차로안,승용,여,40세,상해없음,승용,남,40세,경상
2018091400100131,2018년 9월 14일 08시,금요일,부산광역시 수영구 광안동,경상사고,0,0,3,0,차대차 - 측면충돌,신호위반,젖음/습기,비,교차로 - 교차로안,승합,남,53세,상해없음,화물,남,54세,경상
2018091400100132,2018년 9월 14일 08시,금요일,부산광역시 해운대구 재송동,경상사고,0,0,1,0,차대차 - 기타,차로위반,젖음/습기,비,단일로 - 기타,승용,남,51세,상해없음,승용,남,49세,경상
2018091400100133,2018년 9월 14일 08시,금요일,부산광역시 기장군 기장읍,경상사고,0,0,1,0,차대사람 - 기타,안전운전불이행,젖음/습기,비,교차로 - 교차로안,승용,남,61세,상해없음,보행자,남,23세,경상
2018091400100183,2018년 9월 14일 09시,금요일,부산광역시 사하구 감천동,경상사고,0,0,2,0,차대차 - 기타,불법유턴,젖음/습기,비,교차로 - 교차로부근,이륜,남,61세,경상,승용,여,23세,경상
2018091400100220,2018년 9월 14일 10시,금요일,부산광역시 동래구 수안동,중상사고,0,1,0,0,차대사람 - 횡단중,안전운전불이행,젖음/습기,비,교차로 - 교차로안,승용,여,58세,상해없음,보행자,여,72세,중상
2018091400100221,2018년 9월 14일 10시,금요일,부산광역시 사하구 하단동,경상사고,0,0,1,0,차대차 - 추돌,안전거리미확보,젖음/습기,비,단일로 - 기타,승합,남,64세,상해없음,승용,남,67세,경상
2018091400100222,2018년 9월 14일 10시,금요일,부산광역시 사상구 감전동,경상사고,0,0,1,0,차대차 - 추돌,안전거리미확보,젖음/습기,비,단일로 - 기타,승용,남,43세,기타불명,승용,여,54세,경상
2018091400100245,2018년 9월 14일 11시,금요일,부산광역시 북구 화명동,경상사고,0,0,1,0,차대차 - 측면충돌,신호위반,젖음/습기,비,교차로 - 교차로안,화물,남,67세,상해없음,승용,남,66세,경상
2018091400100278,2018년 9월 14일 12시,금요일,부산광역시 영도구 동삼동,경상사고,0,0,1,0,차대사람 - 보도통행중,안전운전불이행,건조,맑음,단일로 - 기타,승용,남,25세,상해없음,보행자,여,56세,경상
2018091400100279,2018년 9월 14일 12시,금요일,부산광역시 해운대구 좌동,경상사고,0,0,1,0,차량단독 - 공작물충돌,안전운전불이행,젖음/습기,비,단일로 - 기타,화물,남,38세,상해없음,,,,
2018091400100309,2018년 9월 14일 13시,금요일,부산광역시 북구 덕천동,경상사고,0,0,1,0,차대차 - 기타,안전운전불이행,젖음/습기,맑음,단일로 - 기타,화물,남,35세,상해없음,승용,남,42세,경상
2018091400100343,2018년 9월 14일 14시,금요일,부산광역시 중구 동광동5가,경상사고,0,0,1,0,차대차 - 정면충돌,교차로운행방법위반,젖음/습기,비,교차로 - 교차로안,승용,남,34세,상해없음,승용,남,26세,경상
2018091400100344,2018년 9월 14일 14시,금요일,부산광역시 금정구 구서동,중상사고,0,1,0,0,차대사람 - 횡단중,보행자보호의무위반,젖음/습기,비,교차로 - 교차로부근,화물,남,61세,상해없음,보행자,여,70세,중상
2018091400100379,2018년 9월 14일 15시,금요일,부산광역시 사하구 당리동,경상사고,0,0,1,0,차대차 - 측면충돌,안전운전불이행,건조,흐림,교차로 - 교차로안,승용,남,44세,상해없음,승용,남,68세,경상
2018091400100410,2018년 9월 14일 16시,금요일,부산광역시 부산진구 범천동,중상사고,0,1,0,0,차대차 - 추돌,안전거리미확보,젖음/습기,비,단일로 - 고가도로위,화물,남,63세,상해없음,승용,여,59세,중상
2018091400100411,2018년 9월 14일 16시,금요일,부산광역시 부산진구 부전동,경상사고,0,0,1,0,차대차 - 측면충돌,안전거리미확보,건조,맑음,단일로 - 기타,승용,여,65세,상해없음,승용,여,49세,경상
2018091400100412,2018년 9월 14일 16시,금요일,부산광역시 수영구 망미동,경상사고,0,0,1,0,차대사람 - 기타,안전운전불이행,젖음/습기,비,단일로 - 기타,승합,남,47세,상해없음,보행자,남,12세,경상
2018091400100413,2018년 9월 14일 16시,금요일,부산광역시 사상구 감전동,중상사고,0,1,0,0,차대차 - 추돌,안전운전불이행,건조,맑음,단일로 - 기타,승용,남,56세,상해없음,특수,남,47세,중상
2018091400100458,2018년 9월 14일 17시,금요일,부산광역시 부산진구 양정동,부상신고사고,0,0,0,1,차대사람 - 횡단중,안전운전불이행,건조,흐림,단일로 - 기타,승용,남,32세,기타불명,보행자,여,16세,부상신고
2018091400100497,2018년 9월 14일 18시,금요일,부산광역시 동래구 안락동,경상사고,0,0,1,0,차대차 - 측면충돌,신호위반,젖음/습기,흐림,교차로 - 교차로안,원동기,남,30세,경상,승용,남,67세,상해없음
2018091400100542,2018년 9월 14일 19시,금요일,부산광역시 중구 중앙동3가,경상사고,0,0,1,0,차대사람 - 횡단중,보행자보호의무위반,건조,흐림,단일로 - 기타,승용,남,67세,상해없음,보행자,남,41세,경상
2018091400100543,2018년 9월 14일 19시,금요일,부산광역시 남구 용호동,경상사고,0,0,3,0,차대차 - 기타,교차로운행방법위반,건조,맑음,교차로 - 교차로안,승용,남,57세,상해없음,승용,여,56세,경상
2018091400100544,2018년 9월 14일 19시,금요일,부산광역시 사하구 장림동,중상사고,0,1,0,0,차대차 - 기타,안전운전불이행,건조,맑음,교차로 - 교차로안,화물,남,58세,상해없음,원동기,남,22세,중상
2018091400100605,2018년 9월 14일 20시,금요일,부산광역시 부산진구 부전동,경상사고,0,0,1,0,차대차 - 측면충돌,안전운전불이행,젖음/습기,흐림,단일로 - 기타,승용,남,48세,상해없음,승용,남,56세,경상
2018091400100606,2018년 9월 14일 20시,금요일,부산광역시 사하구 신평동,경상사고,0,0,2,1,차대차 - 측면충돌,안전거리미확보,건조,기타,교차로 - 교차로부근,이륜,남,71세,부상신고,승용,남,41세,경상
2018091400100650,2018년 9월 14일 21시,금요일,부산광역시 남구 대연동,경상사고,0,0,1,0,차대차 - 기타,안전운전불이행,젖음/습기,흐림,교차로 - 교차로안,이륜,남,33세,경상,승용,남,37세,상해없음
2018091400100651,2018년 9월 14일 21시,금요일,부산광역시 사하구 하단동,부상신고사고,0,0,0,1,차대차 - 기타,안전운전불이행,건조,맑음,단일로 - 기타,자전거,여,60세,부상신고,승용,남,37세,상해없음
2018091400100695,2018년 9월 14일 22시,금요일,부산광역시 남구 문현동,중상사고,0,1,1,1,차대차 - 기타,신호위반,건조,맑음,교차로 - 교차로부근,승용,남,63세,부상신고,승용,남,71세,중상
2018091400100696,2018년 9월 14일 22시,금요일,부산광역시 사하구 하단동,경상사고,0,0,3,0,차대차 - 측면충돌,안전운전불이행,건조,맑음,교차로 - 교차로부근,승용,남,30세,상해없음,승용,남,60세,경상
2018091400100733,2018년 9월 14일 23시,금요일,부산광역시 북구 만덕동,경상사고,0,0,1,0,차대차 - 추돌,안전운전불이행,건조,맑음,단일로 - 지하차도(도로)내,승용,남,23세,상해없음,승용,남,36세,경상
2018091400100734,2018년 9월 14일 23시,금요일,부산광역시 동래구 온천동,경상사고,0,0,1,0,차대차 - 측면충돌,교차로운행방법위반,건조,흐림,교차로 - 교차로안,승용,남,69세,상해없음,자전거,남,20세,경상
2018091400100735,2018년 9월 14일 23시,금요일,부산광역시 동래구 명륜동,경상사고,0,0,2,0,차대사람 - 기타,안전운전불이행,건조,흐림,교차로 - 교차로안,승용,남,29세,상해없음,보행자,여,24세,경상
2018091500100021,2018년 9월 15일 01시,토요일,부산광역시 부산진구 범천동,경상사고,0,0,2,0,차대차 - 기타,안전운전불이행,건조,맑음,교차로 - 교차로부근,승용,남,49세,상해없음,승용,남,38세,경상
2018091500100059,2018년 9월 15일 03시,토요일,부산광역시 연제구 거제동,경상사고,0,0,1,0,차대사람 - 횡단중,안전운전불이행,건조,맑음,교차로 - 교차로부근,승용,남,63세,상해없음,보행자,남,29세,경상
2018091500100060,2018년 9월 15일 03시,토요일,부산광역시 강서구 명지동,중상사고,0,1,1,0,차대차 - 기타,신호위반,젖음/습기,비,교차로 - 교차로안,승용,남,51세,상해없음,승용,남,23세,경상
2018091500100072,2018년 9월 15일 04시,토요일,부산광역시 동래구 명륜동,경상사고,0,0,1,0,차대사람 - 횡단중,안전운전불이행,젖음/습기,비,단일로 - 기타,승용,남,54세,상해없음,보행자,남,43세,경상
2018091500100073,2018년 9월 15일 04시,토요일,부산광역시 연제구 연산동,경상사고,0,0,3,0,차대차 - 추돌,안전운전불이행,젖음/습기,비,교차로 - 교차로부근,승용,남,25세,상해없음,승용,남,62세,경상
2018091500100083,2018년 9월 15일 05시,토요일,부산광역시 금정구 남산동,중상사고,0,1,0,0,차대사람 - 횡단중,신호위반,젖음/습기,비,단일로 - 기타,승용,여,51세,상해없음,보행자,여,59세,중상
2018091500100097,2018년 9월 15일 06시,토요일,부산광역시 중구 부평동4가,중상사고,0,1,0,0,차대사람 - 횡단중,안전운전불이행,젖음/습기,비,단일로 - 기타,승용,남,33세,상해없음,보행자,여,78세,중상
2018091500100098,2018년 9월 15일 06시,토요일,부산광역시 동래구 안락동,중상사고,0,1,0,0,차대사람 - 횡단중,보행자보호의무위반,젖음/습기,비,교차로 - 교차로횡단보도내,승용,남,69세,상해없음,보행자,남,75세,중상
2018091500100135,2018년 9월 15일 08시,토요일,부산광역시 중구 부평동1가,경상사고,0,0,1,0,차대차 - 측면충돌,교차로운행방법위반,건조,맑음,교차로 - 교차로안,승용,여,27세,상해없음,화물,남,66세,경상
2018091500100136,2018년 9월 15일 08시,토요일,부산광역시 해운대구 우동,경상사고,0,0,1,0,차대차 - 추돌,안전운전불이행,건조,맑음,교차로 - 교차로부근,승용,남,24세,상해없음,승용,남,66세,경상
2018091500100158,2018년 9월 15일 09시,토요일,부산광역시 사하구 괴정동,중상사고,0,1,0,0,차대사람 - 기타,안전운전불이행,건조,맑음,기타 - 기타,승용,남,40세,상해없음,보행자,여,83세,중상
2018091500100231,2018년 9월 15일 11시,토요일,부산광역시 영도구 동삼동,중상사고,0,1,0,0,차대차 - 측면충돌,안전운전불이행,건조,맑음,교차로 - 교차로안,화물,여,38세,상해없음,이륜,남,37세,중상
2018091500100232,2018년 9월 15일 11시,토요일,부산광역시 부산진구 전포동,경상사고,0,0,1,1,차대차 - 기타,안전운전불이행,건조,맑음,단일로 - 기타,이륜,남,16세,부상신고,승용,남,36세,상해없음
2018091500100233,2018년 9월 15일 11시,토요일,부산광역시 부산진구 부전동,경상사고,0,0,1,0,차대차 - 기타,안전거리미확보,건조,맑음,단일로 - 기타,승용,여,47세,상해없음,승용,여,60세,경상
2018091500100267,2018년 9월 15일 12시,토요일,부산광역시 부산진구 부전동,경상사고,0,0,1,0,차대차 - 측면충돌,신호위반,건조,맑음,교차로 - 교차로안,승합,남,49세,상해없음,이륜,남,19세,경상
2018091500100268,2018년 9월 15일 12시,토요일,부산광역시 부산진구 부암동,경상사고,0,0,2,0,차대차 - 기타,신호위반,건조,맑음,교차로 - 교차로안,승용,여,60세,상해없음,승용,남,45세,경상
2018091500100269,2018년 9월 15일 12시,토요일,부산광역시 금정구 구서동,중상사고,0,1,2,0,차대차 - 측면충돌,안전운전불이행,건조,맑음,교차로 - 교차로안,승용,남,58세,상해없음,승용,남,55세,중상
2018091500100306,2018년 9월 15일 13시,토요일,부산광역시 부산진구 개금동,중상사고,0,1,0,0,차대차 - 측면충돌,안전운전불이행,건조,맑음,단일로 - 기타,승용,남,74세,상해없음,자전거,남,22세,중상
2018091500100307,2018년 9월 15일 13시,토요일,부산광역시 부산진구 범천동,경상사고,0,0,3,2,차대차 - 추돌,안전거리미확보,건조,맑음,단일로 - 고가도로위,건설기계,남,70세,상해없음,승용,남,40세,부상신고
2018091500100345,2018년 9월 15일 14시,토요일,부산광역시 동래구 안락동,중상사고,0,1,0,0,차대차 - 추돌,기타,건조,맑음,단일로 - 기타,승용,남,66세,상해없음,이륜,남,27세,중상
2018091500100374,2018년 9월 15일 15시,토요일,부산광역시 해운대구 우동,경상사고,0,0,1,0,차대사람 - 기타,안전운전불이행,건조,맑음,단일로 - 기타,승합,남,58세,상해없음,보행자,남,63세,경상
2018091500100375,2018년 9월 15일 15시,토요일,부산광역시 부산진구 개금동,경상사고,0,0,1,0,차대사람 - 횡단중,보행자보호의무위반,건조,맑음,단일로 - 기타,승합,남,56세,상해없음,보행자,여,5세,경상
2018091500100409,2018년 9월 15일 16시,토요일,부산광역시 해운대구 우동,경상사고,0,0,2,0,차대차 - 추돌,안전거리미확보,건조,흐림,단일로 - 기타,승용,남,51세,상해없음,승용,남,49세,경상
2018091500100411,2018년 9월 15일 16시,토요일,부산광역시 부산진구 당감동,경상사고,0,0,1,0,차대사람 - 기타,안전운전불이행,건조,맑음,단일로 - 기타,승용,남,40세,상해없음,보행자,남,60세,경상
2018091500100492,2018년 9월 15일 18시,토요일,부산광역시 동구 초량동,경상사고,0,0,1,0,차대차 - 측면충돌,중앙선침범,건조,맑음,단일로 - 기타,화물,남,55세,상해없음,원동기,남,28세,경상
2018091500100493,2018년 9월 15일 18시,토요일,부산광역시 동구 초량동,경상사고,0,0,1,0,차대차 - 측면충돌,안전운전불이행,건조,맑음,단일로 - 기타,승용,남,54세,상해없음,승용,남,43세,경상
2018091500100494,2018년 9월 15일 18시,토요일,부산광역시 사상구 덕포동,중상사고,0,2,0,0,차대차 - 추돌,안전운전불이행,건조,맑음,단일로 - 지하차도(도로)내,승용,남,33세,상해없음,승용,남,71세,중상
2018091500100557,2018년 9월 15일 20시,토요일,부산광역시 해운대구 좌동,경상사고,0,0,1,0,차대사람 - 횡단중,신호위반,건조,맑음,교차로 - 교차로횡단보도내,승용,남,61세,상해없음,보행자,여,50세,경상
2018091500100588,2018년 9월 15일 21시,토요일,부산광역시 동래구 온천동,경상사고,0,0,1,0,차대사람 - 횡단중,신호위반,건조,맑음,교차로 - 교차로안,승용,남,63세,상해없음,보행자,여,19세,경상
2018091500100589,2018년 9월 15일 21시,토요일,부산광역시 부산진구 부전동,경상사고,0,0,1,0,차대사람 - 차도통행중,신호위반,젖음/습기,흐림,단일로 - 기타,승용,남,20세,상해없음,보행자,남,25세,경상
2018091500100610,2018년 9월 15일 22시,토요일,부산광역시 동구 범일동,경상사고,0,0,2,0,차대차 - 정면충돌,중앙선침범,건조,맑음,단일로 - 고가도로위,승용,남,21세,상해없음,승용,남,58세,경상
2018091500100642,2018년 9월 15일 23시,토요일,부산광역시 부산진구 부전동,경상사고,0,0,1,0,차대사람 - 차도통행중,안전운전불이행,건조,맑음,단일로 - 기타,승용,남,19세,상해없음,보행자,여,24세,경상
2018091600100004,2018년 9월 16일 00시,일요일,부산광역시 수영구 광안동,부상신고사고,0,0,0,1,차대차 - 측면충돌,안전운전불이행,건조,맑음,단일로 - 기타,이륜,남,47세,부상신고,승용,남,45세,상해없음
2018091600100005,2018년 9월 16일 00시,일요일,부산광역시 동래구 온천동,경상사고,0,0,1,0,차대차 - 추돌,안전운전불이행,건조,맑음,단일로 - 기타,승용,남,56세,상해없음,승용,남,30세,경상
2018091600100006,2018년 9월 16일 00시,일요일,부산광역시 해운대구 좌동,경상사고,0,0,2,0,차대차 - 추돌,안전운전불이행,건조,맑음,단일로 - 기타,승용,남,51세,상해없음,승용,남,21세,경상
2018091600100007,2018년 9월 16일 00시,일요일,부산광역시 부산진구 부전동,경상사고,0,0,1,0,차대사람 - 기타,안전운전불이행,건조,맑음,단일로 - 기타,승용,남,23세,상해없음,보행자,남,32세,경상
2018091600100041,2018년 9월 16일 02시,일요일,부산광역시 동구 좌천동,중상사고,0,1,0,0,차량단독 - 전도전복 - 전도,안전운전불이행,건조,맑음,단일로 - 기타,이륜,남,23세,중상,미분류,미분류,미분류,미분류
2018091600100102,2018년 9월 16일 07시,일요일,부산광역시 수영구 광안동,경상사고,0,0,1,0,차대차 - 추돌,안전운전불이행,건조,맑음,단일로 - 기타,승용,남,36세,상해없음,승용,남,60세,경상
2018091600100134,2018년 9월 16일 09시,일요일,부산광역시 동구 범일동,경상사고,0,0,2,0,차대차 - 기타,신호위반,건조,맑음,교차로 - 교차로안,승용,남,75세,상해없음,승용,남,54세,경상
2018091600100135,2018년 9월 16일 09시,일요일,부산광역시 영도구 영선동4가,중상사고,0,1,0,0,차대차 - 측면충돌,안전운전불이행,건조,맑음,단일로 - 기타,승용,남,75세,상해없음,이륜,여,55세,중상
2018091600100186,2018년 9월 16일 11시,일요일,부산광역시 해운대구 우동,경상사고,0,0,1,0,차대차 - 추돌,안전운전불이행,건조,맑음,단일로 - 기타,기타불명,기타불명,미분류,기타불명,기타불명,기타불명,미분류,기타불명
2018091600100203,2018년 9월 16일 12시,일요일,부산광역시 금정구 금사동,중상사고,0,1,0,0,차대차 - 측면충돌,기타,건조,맑음,교차로 - 교차로안,승용,남,51세,상해없음,자전거,남,59세,중상
2018091600100204,2018년 9월 16일 12시,일요일,부산광역시 강서구 명지동,경상사고,0,0,1,0,차대사람 - 기타,안전운전불이행,건조,맑음,단일로 - 기타,승용,남,43세,상해없음,보행자,남,2세,경상
2018091600100227,2018년 9월 16일 13시,일요일,부산광역시 수영구 남천동,경상사고,0,0,1,0,차대차 - 추돌,안전운전불이행,건조,맑음,단일로 - 기타,승용,남,56세,상해없음,승용,여,57세,경상
2018091600100228,2018년 9월 16일 13시,일요일,부산광역시 동래구 온천동,경상사고,0,0,1,0,차대차 - 측면충돌,안전거리미확보,건조,맑음,단일로 - 기타,승용,여,61세,상해없음,승용,남,70세,경상
2018091600100229,2018년 9월 16일 13시,일요일,부산광역시 부산진구 당감동,부상신고사고,0,0,0,1,차량단독 - 전도전복 - 전도,안전운전불이행,건조,맑음,단일로 - 기타,이륜,남,23세,부상신고,미분류,미분류,미분류,미분류
2018091600100230,2018년 9월 16일 13시,일요일,부산광역시 연제구 거제동,경상사고,0,0,1,0,차대차 - 측면충돌,신호위반,건조,맑음,교차로 - 교차로안,승용,남,80세,상해없음,승용,여,65세,경상
2018091600100259,2018년 9월 16일 14시,일요일,부산광역시 남구 우암동,경상사고,0,0,1,0,차대차 - 기타,안전운전불이행,건조,맑음,교차로 - 교차로부근,승용,여,48세,상해없음,이륜,남,36세,경상
2018091600100369,2018년 9월 16일 17시,일요일,부산광역시 수영구 남천동,경상사고,0,0,2,0,차대차 - 기타,안전운전불이행,건조,맑음,교차로 - 교차로부근,승합,남,52세,상해없음,승용,여,60세,상해없음
2018091600100370,2018년 9월 16일 17시,일요일,부산광역시 부산진구 전포동,경상사고,0,0,1,1,차대차 - 측면충돌,신호위반,건조,맑음,교차로 - 교차로안,승용,여,58세,부상신고,승용,남,27세,경상
2018091600100371,2018년 9월 16일 17시,일요일,부산광역시 부산진구 당감동,경상사고,0,0,1,0,차대차 - 기타,안전거리미확보,건조,맑음,단일로 - 기타,승용,남,61세,상해없음,승합,남,58세,상해없음
2018091600100410,2018년 9월 16일 18시,일요일,부산광역시 동래구 명장동,경상사고,0,0,1,0,차대차 - 측면충돌,교차로운행방법위반,건조,맑음,교차로 - 교차로부근,승합,남,52세,상해없음,이륜,남,29세,경상
2018091600100429,2018년 9월 16일 19시,일요일,부산광역시 수영구 광안동,경상사고,0,0,3,0,차대차 - 측면충돌,안전운전불이행,건조,맑음,단일로 - 기타,승용,남,75세,상해없음,이륜,남,52세,경상
2018091600100430,2018년 9월 16일 19시,일요일,부산광역시 동래구 낙민동,중상사고,0,1,0,0,차대사람 - 횡단중,안전운전불이행,건조,맑음,단일로 - 기타,승용,남,22세,상해없음,보행자,여,67세,중상
2018091600100431,2018년 9월 16일 19시,일요일,부산광역시 강서구 천성동,중상사고,0,1,0,0,차대사람 - 기타,안전운전불이행,건조,맑음,기타 - 기타,승용,여,37세,상해없음,보행자,여,47세,중상
2018091600100432,2018년 9월 16일 19시,일요일,부산광역시 기장군 기장읍,중상사고,0,1,0,0,차대차 - 측면충돌,안전운전불이행,건조,맑음,교차로 - 교차로안,승용,남,48세,상해없음,이륜,남,38세,중상
2018091600100464,2018년 9월 16일 20시,일요일,부산광역시 동래구 온천동,경상사고,0,0,2,0,차대차 - 측면충돌,교차로운행방법위반,건조,맑음,교차로 - 교차로안,이륜,남,24세,경상,승용,남,28세,상해없음
2018091700100004,2018년 9월 17일 00시,월요일,부산광역시 동래구 명장동,경상사고,0,0,2,0,차대차 - 기타,안전운전불이행,건조,맑음,교차로 - 교차로부근,승용,남,63세,상해없음,승용,남,25세,경상
2018091700100055,2018년 9월 17일 06시,월요일,부산광역시 중구 남포동6가,중상사고,0,1,0,0,차대차 - 측면충돌,신호위반,건조,맑음,교차로 - 교차로부근,승용,여,63세,상해없음,이륜,남,55세,중상
2018091700100070,2018년 9월 17일 07시,월요일,부산광역시 강서구 봉림동,중상사고,0,1,1,0,차대차 - 추돌,안전거리미확보,건조,맑음,단일로 - 기타,승합,남,43세,상해없음,승용,남,44세,중상
2018091700100104,2018년 9월 17일 08시,월요일,부산광역시 사하구 하단동,경상사고,0,0,1,0,차대차 - 측면충돌,차로위반,건조,맑음,단일로 - 기타,승용,여,34세,기타불명,승합,남,62세,경상
2018091700100153,2018년 9월 17일 09시,월요일,부산광역시 동래구 사직동,중상사고,0,1,0,0,차대차 - 측면충돌,교차로운행방법위반,건조,맑음,교차로 - 교차로안,화물,남,46세,상해없음,자전거,남,76세,중상
2018091700100154,2018년 9월 17일 09시,월요일,부산광역시 사상구 엄궁동,경상사고,0,0,1,0,차대사람 - 기타,안전운전불이행,건조,맑음,단일로 - 기타,승용,남,63세,상해없음,보행자,여,67세,경상
2018091700100186,2018년 9월 17일 10시,월요일,부산광역시 동구 범일동,경상사고,0,0,1,0,차대차 - 기타,안전운전불이행,건조,맑음,교차로 - 교차로안,승용,남,80세,상해없음,승용,남,64세,경상
2018091700100187,2018년 9월 17일 10시,월요일,부산광역시 남구 용호동,경상사고,0,0,1,0,차대차 - 측면충돌,교차로운행방법위반,건조,맑음,교차로 - 교차로안,승용,여,77세,경상,승합,남,61세,상해없음
2018091700100188,2018년 9월 17일 10시,월요일,부산광역시 남구 대연동,경상사고,0,0,1,0,차대차 - 측면충돌,교차로운행방법위반,건조,맑음,교차로 - 교차로안,건설기계,남,50세,상해없음,승용,여,40세,경상
2018091700100189,2018년 9월 17일 10시,월요일,부산광역시 부산진구 부전동,중상사고,0,1,0,0,차대사람 - 기타,안전운전불이행,건조,맑음,단일로 - 기타,승용,남,40세,상해없음,보행자,여,82세,중상
2018091700100216,2018년 9월 17일 11시,월요일,부산광역시 수영구 망미동,중상사고,0,1,0,0,차대사람 - 횡단중,안전운전불이행,건조,맑음,교차로 - 교차로부근,승용,여,37세,상해없음,보행자,여,75세,중상
2018091700100266,2018년 9월 17일 13시,월요일,부산광역시 동구 초량동,경상사고,0,0,1,1,차대차 - 측면충돌,안전운전불이행,건조,맑음,교차로 - 교차로안,기타불명,기타불명,미분류,기타불명,승용,남,56세,경상
2018091700100267,2018년 9월 17일 13시,월요일,부산광역시 서구 서대신동2가,경상사고,0,0,1,0,차대차 - 추돌,안전운전불이행,건조,맑음,교차로 - 교차로부근,승합,남,53세,상해없음,승용,남,66세,상해없음
2018091700100268,2018년 9월 17일 13시,월요일,부산광역시 동래구 안락동,중상사고,0,1,0,0,차대사람 - 횡단중,안전운전불이행,건조,맑음,교차로 - 교차로안,화물,남,47세,상해없음,보행자,남,75세,중상
2018091700100269,2018년 9월 17일 13시,월요일,부산광역시 금정구 남산동,경상사고,0,0,1,0,차대차 - 기타,안전운전불이행,건조,맑음,단일로 - 기타,승용,여,55세,상해없음,자전거,남,39세,경상
2018091700100302,2018년 9월 17일 14시,월요일,부산광역시 사하구 신평동,경상사고,0,0,1,0,차대차 - 측면충돌,교차로운행방법위반,건조,맑음,교차로 - 교차로안,화물,남,29세,상해없음,이륜,남,69세,경상