사고번호,사고일시,요일,시군구,사고내용,사망자수,중상자수,경상자수,부상신고자수,사고유형,법규위반,노면상태,기상상태,도로형태,가해운전자 차종,가해운전자 성별,가해운전자 연령,가해운전자 상해정도,피해운전자 차종,피해운전자 성별,피해운전자 연령,피해운전자 상해정도
2018092000100177,2018년 9월 20일 09시,목요일,부산광역시 부산진구 가야동,중상사고,0,1,0,0,차대차 - 측면충돌,신호위반,건조,맑음,교차로 - 교차로안,승용,남,27세,상해없음,이륜,남,25세,중상
2018092000100232,2018년 9월 20일 11시,목요일,부산광역시 북구 금곡동,중상사고,0,1,0,0,차대차 - 정면충돌,안전운전불이행,기타,흐림,단일로 - 기타,승용,남,53세,상해없음,이륜,남,19세,중상
2018092000100233,2018년 9월 20일 11시,목요일,부산광역시 금정구 부곡동,중상사고,0,1,0,0,차대차 - 기타,신호위반,젖음/습기,비,단일로 - 기타,승용,여,36세,상해없음,이륜,남,58세,중상
2018092000100234,2018년 9월 20일 11시,목요일,부산광역시 사하구 감천동,경상사고,0,0,2,0,차대차 - 추돌,안전운전불이행,젖음/습기,비,기타 - 기타,승용,남,45세,상해없음,승용,남,23세,경상
2018092000100272,2018년 9월 20일 12시,목요일,부산광역시 북구 금곡동,중상사고,0,1,0,0,차대사람 - 횡단중,안전운전불이행,기타,흐림,교차로 - 교차로안,승용,여,54세,상해없음,보행자,여,77세,중상
2018092000100273,2018년 9월 20일 12시,목요일,부산광역시 동래구 명륜동,중상사고,0,1,0,0,차대사람 - 기타,안전운전불이행,건조,맑음,기타 - 기타,승합,남,36세,상해없음,보행자,남,76세,중상
2018092000100274,2018년 9월 20일 12시,목요일,부산광역시 해운대구 우동,경상사고,0,0,1,0,차대차 - 측면충돌,신호위반,건조,맑음,교차로 - 교차로안,승용,남,54세,상해없음,승용,여,61세,경상
2018092000100275,2018년 9월 20일 12시,목요일,부산광역시 강서구 명지동,중상사고,0,1,0,0,차대차 - 추돌,안전운전불이행,건조,맑음,단일로 - 기타,화물,남,26세,상해없음,특수,남,45세,중상
2018092000100305,2018년 9월 20일 13시,목요일,부산광역시 남구 대연동,중상사고,0,1,0,0,차대사람 - 횡단중,안전운전불이행,젖음/습기,비,기타 - 기타,승용,남,36세,상해없음,보행자,여,79세,중상
2018092000100306,2018년 9월 20일 13시,목요일,부산광역시 부산진구 범전동,경상사고,0,0,1,0,차대차 - 추돌,안전운전불이행,건조,맑음,교차로 - 교차로부근,화물,남,57세,상해없음,승용,여,57세,경상
2018092000100307,2018년 9월 20일 13시,목요일,부산광역시 금정구 장전동,경상사고,0,0,1,0,차대사람 - 기타,안전운전불이행,젖음/습기,흐림,단일로 - 기타,승용,남,46세,상해없음,보행자,남,41세,경상
2018092000100308,2018년 9월 20일 13시,목요일,부산광역시 연제구 연산동,경상사고,0,0,1,0,차대차 - 측면충돌,신호위반,건조,맑음,교차로 - 교차로안,승용,여,58세,상해없음,화물,남,59세,상해없음
2018092000100338,2018년 9월 20일 14시,목요일,부산광역시 동구 범일동,경상사고,0,0,2,0,차대차 - 추돌,안전운전불이행,젖음/습기,흐림,단일로 - 기타,승용,남,47세,상해없음,승용,여,42세,경상
2018092000100339,2018년 9월 20일 14시,목요일,부산광역시 연제구 연산동,경상사고,0,0,5,0,차대차 - 추돌,안전거리미확보,건조,맑음,단일로 - 기타,승용,남,62세,상해없음,승용,남,34세,경상
2018092000100340,2018년 9월 20일 14시,목요일,부산광역시 사상구 엄궁동,경상사고,0,0,2,0,차대차 - 추돌,안전거리미확보,건조,흐림,단일로 - 기타,건설기계,남,47세,상해없음,승용,남,64세,경상
2018092000100381,2018년 9월 20일 15시,목요일,부산광역시 동구 범일동,경상사고,0,0,1,0,차대사람 - 횡단중,보행자보호의무위반,젖음/습기,흐림,단일로 - 기타,화물,남,61세,상해없음,보행자,남,40세,경상
2018092000100417,2018년 9월 20일 16시,목요일,부산광역시 부산진구 부전동,경상사고,0,0,1,0,차대사람 - 보도통행중,기타,건조,맑음,단일로 - 기타,이륜,기타불명,미분류,기타불명,보행자,남,60세,경상
2018092000100418,2018년 9월 20일 16시,목요일,부산광역시 부산진구 당감동,중상사고,0,1,2,0,차대차 - 기타,안전운전불이행,건조,맑음,단일로 - 기타,승용,남,37세,상해없음,승용,여,56세,중상
2018092000100419,2018년 9월 20일 16시,목요일,부산광역시 강서구 대저1동,중상사고,0,1,0,0,차대차 - 기타,교차로운행방법위반,건조,맑음,교차로 - 교차로부근,화물,남,71세,상해없음,화물,남,47세,중상
2018092000100460,2018년 9월 20일 17시,목요일,부산광역시 동구 범일동,부상신고사고,0,0,0,1,차량단독 - 기타,안전운전불이행,젖음/습기,흐림,단일로 - 기타,승합,남,46세,상해없음,,,,
2018092000100461,2018년 9월 20일 17시,목요일,부산광역시 서구 부용동2가,중상사고,0,1,0,0,차대사람 - 차도통행중,안전운전불이행,젖음/습기,흐림,단일로 - 기타,승용,남,40세,상해없음,보행자,남,60세,중상
2018092000100462,2018년 9월 20일 17시,목요일,부산광역시 남구 대연동,경상사고,0,0,1,0,차대사람 - 기타,안전운전불이행,건조,맑음,단일로 - 기타,기타불명,기타불명,미분류,기타불명,보행자,남,27세,경상
2018092000100463,2018년 9월 20일 17시,목요일,부산광역시 금정구 부곡동,경상사고,0,0,1,0,차대사람 - 횡단중,안전운전불이행,건조,맑음,단일로 - 기타,승합,남,64세,상해없음,보행자,남,31세,경상
2018092000100464,2018년 9월 20일 17시,목요일,부산광역시 연제구 연산동,경상사고,0,0,1,0,차대차 - 기타,안전운전불이행,건조,맑음,단일로 - 기타,승용,여,50세,상해없음,승용,남,63세,경상
2018092000100465,2018년 9월 20일 17시,목요일,부산광역시 사상구 삼락동,경상사고,0,0,1,0,차대차 - 측면충돌,안전운전불이행,건조,맑음,단일로 - 지하차도(도로)내,화물,남,54세,상해없음,화물,남,59세,경상
2018092000100569,2018년 9월 20일 19시,목요일,부산광역시 중구 중앙동4가,중상사고,0,1,1,0,차대차 - 추돌,안전거리미확보,건조,맑음,단일로 - 기타,화물,남,55세,상해없음,승용,남,30세,경상
2018092000100570,2018년 9월 20일 19시,목요일,부산광역시 해운대구 우동,중상사고,0,1,0,0,차대사람 - 횡단중,안전운전불이행,건조,맑음,단일로 - 기타,승합,남,55세,상해없음,보행자,여,67세,중상
2018092000100571,2018년 9월 20일 19시,목요일,부산광역시 부산진구 초읍동,경상사고,0,0,1,0,차대차 - 정면충돌,중앙선침범,건조,맑음,단일로 - 기타,화물,남,40세,상해없음,승용,여,51세,경상
2018092000100572,2018년 9월 20일 19시,목요일,부산광역시 금정구 구서동,경상사고,0,0,1,0,차대차 - 측면충돌,안전운전불이행,건조,맑음,교차로 - 교차로안,이륜,남,31세,경상,승용,남,43세,상해없음
2018092000100573,2018년 9월 20일 19시,목요일,부산광역시 금정구 구서동,경상사고,0,0,1,0,차대차 - 추돌,안전거리미확보,건조,맑음,단일로 - 기타,승용,여,36세,상해없음,승용,여,37세,경상
2018092000100574,2018년 9월 20일 19시,목요일,부산광역시 금정구 금사동,중상사고,0,1,2,1,차대차 - 추돌,안전운전불이행,건조,맑음,단일로 - 기타,승용,남,43세,상해없음,승용,남,32세,부상신고
2018092000100575,2018년 9월 20일 19시,목요일,부산광역시 사하구 감천동,중상사고,0,1,0,0,차대차 - 기타,중앙선침범,건조,맑음,단일로 - 기타,이륜,남,67세,상해없음,이륜,남,32세,중상
2018092000100632,2018년 9월 20일 20시,목요일,부산광역시 부산진구 당감동,중상사고,0,1,0,0,차대사람 - 횡단중,안전운전불이행,젖음/습기,흐림,단일로 - 기타,이륜,남,33세,상해없음,보행자,여,60세,중상
2018092000100633,2018년 9월 20일 20시,목요일,부산광역시 부산진구 부전동,중상사고,0,1,0,0,차대사람 - 기타,안전운전불이행,건조,맑음,단일로 - 기타,승용,남,65세,상해없음,보행자,남,55세,중상
2018092000100634,2018년 9월 20일 20시,목요일,부산광역시 연제구 연산동,부상신고사고,0,0,0,1,차대차 - 측면충돌,교차로운행방법위반,건조,맑음,교차로 - 교차로부근,승용,남,56세,상해없음,이륜,남,34세,부상신고
2018092000100674,2018년 9월 20일 21시,목요일,부산광역시 북구 만덕동,경상사고,0,0,1,0,차대차 - 기타,안전거리미확보,건조,맑음,단일로 - 기타,승용,남,33세,상해없음,승용,남,54세,경상
2018092000100675,2018년 9월 20일 21시,목요일,부산광역시 부산진구 전포동,중상사고,0,1,0,0,차대차 - 기타,신호위반,건조,맑음,교차로 - 교차로안,승용,남,46세,상해없음,승용,남,66세,중상
2018092000100707,2018년 9월 20일 22시,목요일,부산광역시 동래구 사직동,경상사고,0,0,1,0,차대사람 - 차도통행중,안전운전불이행,건조,맑음,단일로 - 지하차도(도로)내,승용,남,41세,기타불명,보행자,여,17세,경상
2018092000100739,2018년 9월 20일 23시,목요일,부산광역시 사하구 하단동,경상사고,0,0,1,0,차대차 - 기타,신호위반,건조,맑음,교차로 - 교차로안,승용,여,36세,상해없음,승용,남,61세,경상
2018092000100740,2018년 9월 20일 23시,목요일,부산광역시 사상구 감전동,사망사고,1,0,0,0,차대사람 - 보도통행중,기타,건조,맑음,단일로 - 지하차도(도로)내,승용,남,38세,상해없음,보행자,남,54세,사망
2018092100100003,2018년 9월 21일 00시,금요일,부산광역시 수영구 민락동,경상사고,0,0,2,0,차대차 - 기타,안전운전불이행,건조,맑음,교차로 - 교차로안,승용,여,20세,상해없음,승용,남,56세,경상
2018092100100004,2018년 9월 21일 00시,금요일,부산광역시 부산진구 부전동,경상사고,0,0,1,0,차대사람 - 기타,안전운전불이행,건조,맑음,교차로 - 교차로안,승용,남,40세,상해없음,보행자,남,57세,경상
2018092100100046,2018년 9월 21일 02시,금요일,부산광역시 남구 감만동,중상사고,0,1,0,0,차대차 - 기타,안전운전불이행,건조,맑음,단일로 - 기타,기타불명,기타불명,미분류,기타불명,원동기,남,19세,중상
2018092100100079,2018년 9월 21일 05시,금요일,부산광역시 서구 암남동,경상사고,0,0,1,0,차대사람 - 보도통행중,안전운전불이행,건조,맑음,단일로 - 기타,자전거,남,29세,경상,보행자,남,73세,상해없음
2018092100100080,2018년 9월 21일 05시,금요일,부산광역시 부산진구 가야동,중상사고,0,1,0,0,차대사람 - 기타,안전운전불이행,건조,맑음,단일로 - 기타,이륜,남,43세,상해없음,보행자,남,74세,중상
2018092100100081,2018년 9월 21일 05시,금요일,부산광역시 사상구 감전동,경상사고,0,0,3,0,차대차 - 측면충돌,신호위반,건조,맑음,교차로 - 교차로안,승용,남,67세,상해없음,화물,남,70세,경상
2018092100100116,2018년 9월 21일 07시,금요일,부산광역시 남구 대연동,경상사고,0,0,3,0,차대차 - 측면충돌,교차로운행방법위반,건조,맑음,교차로 - 교차로안,승용,남,52세,상해없음,승용,남,33세,경상
2018092100100189,2018년 9월 21일 09시,금요일,부산광역시 연제구 연산동,경상사고,0,0,2,0,차대차 - 측면충돌,안전거리미확보,건조,맑음,단일로 - 기타,화물,남,42세,상해없음,승용,남,48세,경상
2018092100100232,2018년 9월 21일 10시,금요일,부산광역시 남구 대연동,경상사고,0,0,1,1,차대차 - 측면충돌,교차로운행방법위반,젖음/습기,비,교차로 - 교차로안,승용,남,66세,부상신고,승합,남,55세,경상
2018092100100277,2018년 9월 21일 11시,금요일,부산광역시 북구 덕천동,경상사고,0,0,1,0,차대사람 - 기타,안전운전불이행,건조,맑음,단일로 - 기타,승용,남,64세,상해없음,보행자,여,34세,경상
2018092100100278,2018년 9월 21일 11시,금요일,부산광역시 해운대구 우동,경상사고,0,0,1,0,차대차 - 기타,안전운전불이행,젖음/습기,비,단일로 - 기타,승용,남,83세,상해없음,승용,여,43세,경상
2018092100100279,2018년 9월 21일 11시,금요일,부산광역시 부산진구 당감동,경상사고,0,0,1,0,차대차 - 추돌,안전운전불이행,건조,맑음,단일로 - 터널,화물,남,55세,상해없음,승합,남,56세,경상
2018092100100310,2018년 9월 21일 12시,금요일,부산광역시 해운대구 우동,경상사고,0,0,1,0,차대차 - 측면충돌,안전운전불이행,건조,맑음,단일로 - 기타,승용,여,37세,상해없음,승용,여,50세,경상
2018092100100349,2018년 9월 21일 13시,금요일,부산광역시 남구 대연동,경상사고,0,0,1,0,차대차 - 측면충돌,안전운전불이행,건조,맑음,단일로 - 기타,승용,남,29세,상해없음,승용,여,44세,경상
2018092100100350,2018년 9월 21일 13시,금요일,부산광역시 금정구 노포동,경상사고,0,0,1,0,차대차 - 추돌,안전거리미확보,젖음/습기,비,교차로 - 교차로안,화물,남,57세,상해없음,승용,여,46세,경상
2018092100100351,2018년 9월 21일 13시,금요일,부산광역시 사하구 다대동,경상사고,0,0,2,0,차대차 - 측면충돌,안전거리미확보,젖음/습기,비,교차로 - 교차로부근,승용,남,26세,상해없음,승용,여,43세,경상
2018092100100352,2018년 9월 21일 13시,금요일,부산광역시 강서구 신호동,경상사고,0,0,1,0,차대차 - 추돌,교차로운행방법위반,건조,맑음,교차로 - 교차로안,승용,남,26세,상해없음,승용,여,56세,경상
2018092100100353,2018년 9월 21일 13시,금요일,부산광역시 강서구 명지동,경상사고,0,0,3,0,차대차 - 후진중충돌,불법유턴,젖음/습기,비,단일로 - 기타,화물,남,48세,상해없음,승용,남,35세,경상
2018092100100354,2018년 9월 21일 13시,금요일,부산광역시 기장군 장안읍,경상사고,0,0,1,0,차대차 - 측면충돌,안전운전불이행,젖음/습기,비,단일로 - 기타,승용,남,61세,상해없음,승용,남,44세,경상
2018092100100391,2018년 9월 21일 14시,금요일,부산광역시 강서구 강동동,경상사고,0,0,1,0,차대차 - 후진중충돌,불법유턴,젖음/습기,비,단일로 - 기타,화물,남,57세,상해없음,승용,여,56세,경상
2018092100100434,2018년 9월 21일 15시,금요일,부산광역시 부산진구 전포동,경상사고,0,0,1,0,차대차 - 기타,신호위반,젖음/습기,비,교차로 - 교차로안,승용,여,53세,상해없음,이륜,남,50세,경상
2018092100100435,2018년 9월 21일 15시,금요일,부산광역시 수영구 망미동,경상사고,0,0,2,0,차대차 - 측면충돌,신호위반,건조,맑음,교차로 - 교차로안,승용,여,55세,상해없음,승용,남,48세,경상
2018092100100490,2018년 9월 21일 16시,금요일,부산광역시 서구 아미동1가,중상사고,0,1,0,0,차대사람 - 횡단중,신호위반,젖음/습기,비,단일로 - 기타,승용,남,69세,상해없음,보행자,남,71세,중상
2018092100100491,2018년 9월 21일 16시,금요일,부산광역시 남구 대연동,중상사고,0,1,0,0,차량단독 - 기타,안전운전불이행,건조,맑음,단일로 - 기타,승합,남,65세,상해없음,,,,
2018092100100492,2018년 9월 21일 16시,금요일,부산광역시 연제구 연산동,경상사고,0,0,1,0,차대차 - 측면충돌,안전거리미확보,건조,맑음,교차로 - 교차로부근,승용,여,56세,상해없음,승용,여,51세,경상
2018092100100550,2018년 9월 21일 17시,금요일,부산광역시 동래구 온천동,중상사고,0,1,0,0,차대사람 - 기타,기타,건조,맑음,기타 - 기타,승합,남,44세,상해없음,보행자,남,78세,중상
2018092100100551,2018년 9월 21일 17시,금요일,부산광역시 부산진구 범전동,부상신고사고,0,0,0,1,차대차 - 측면충돌,교차로운행방법위반,건조,맑음,교차로 - 교차로안,이륜,남,18세,부상신고,승용,남,52세,상해없음
2018092100100552,2018년 9월 21일 17시,금요일,부산광역시 부산진구 범천동,경상사고,0,0,1,0,차대차 - 기타,안전운전불이행,젖음/습기,비,교차로 - 교차로안,화물,남,61세,상해없음,승용,여,54세,경상
2018092100100553,2018년 9월 21일 17시,금요일,부산광역시 강서구 명지동,중상사고,0,1,0,0,차대차 - 기타,신호위반,젖음/습기,흐림,교차로 - 교차로부근,이륜,남,43세,중상,화물,남,35세,상해없음
2018092100100608,2018년 9월 21일 18시,금요일,부산광역시 해운대구 우동,중상사고,0,1,0,0,차대차 - 기타,안전운전불이행,건조,맑음,단일로 - 기타,승용,여,54세,상해없음,승용,남,42세,상해없음
2018092100100658,2018년 9월 21일 19시,금요일,부산광역시 서구 동대신동3가,경상사고,0,0,1,0,차대차 - 측면충돌,차로위반,건조,맑음,단일로 - 기타,승용,남,48세,상해없음,승용,여,29세,경상
2018092100100659,2018년 9월 21일 19시,금요일,부산광역시 동래구 사직동,중상사고,0,1,0,0,차대차 - 기타,교차로운행방법위반,건조,맑음,교차로 - 교차로안,승용,여,28세,상해없음,승용,남,31세,중상
2018092100100660,2018년 9월 21일 19시,금요일,부산광역시 부산진구 부전동,경상사고,0,0,1,0,차대차 - 측면충돌,차로위반,젖음/습기,비,단일로 - 기타,승용,남,65세,상해없음,승용,남,34세,경상
2018092100100662,2018년 9월 21일 19시,금요일,부산광역시 기장군 기장읍,중상사고,0,1,1,0,차대차 - 추돌,안전운전불이행,건조,맑음,단일로 - 기타,승용,남,37세,중상,승용,남,32세,경상
2018092100100724,2018년 9월 21일 20시,금요일,부산광역시 북구 덕천동,경상사고,0,0,1,0,차대차 - 기타,차로위반,건조,흐림,교차로 - 교차로안,원동기,남,18세,경상,승용,남,27세,상해없음
2018092100100767,2018년 9월 21일 21시,금요일,부산광역시 남구 문현동,중상사고,0,1,0,0,차대사람 - 횡단중,안전운전불이행,건조,맑음,교차로 - 교차로부근,승용,남,44세,상해없음,보행자,여,71세,중상
2018092100100768,2018년 9월 21일 21시,금요일,부산광역시 해운대구 우동,중상사고,0,1,1,0,차대사람 - 횡단중,신호위반,건조,맑음,교차로 - 교차로횡단보도내,승용,남,30세,상해없음,보행자,여,22세,경상
2018092100100769,2018년 9월 21일 21시,금요일,부산광역시 부산진구 전포동,중상사고,0,1,2,0,차대차 - 추돌,중앙선침범,젖음/습기,흐림,단일로 - 기타,승용,남,29세,기타불명,화물,남,60세,중상
2018092100100770,2018년 9월 21일 21시,금요일,부산광역시 기장군 정관읍,경상사고,0,0,2,0,차대차 - 추돌,안전운전불이행,건조,맑음,단일로 - 터널,승용,남,36세,상해없음,승용,남,53세,경상
2018092100100815,2018년 9월 21일 22시,금요일,부산광역시 금정구 서동,중상사고,0,1,0,0,차대사람 - 횡단중,안전운전불이행,건조,맑음,교차로 - 교차로안,승용,여,34세,상해없음,보행자,여,71세,중상
2018092200100005,2018년 9월 22일 00시,토요일,부산광역시 북구 덕천동,중상사고,0,1,3,0,차대차 - 추돌,안전운전불이행,건조,맑음,단일로 - 지하차도(도로)내,승용,남,53세,상해없음,승용,남,53세,중상
2018092200100006,2018년 9월 22일 00시,토요일,부산광역시 동래구 안락동,경상사고,0,0,3,0,차대차 - 기타,신호위반,건조,맑음,교차로 - 교차로안,승용,남,65세,상해없음,승합,남,41세,상해없음
2018092200100046,2018년 9월 22일 02시,토요일,부산광역시 영도구 신선동1가,경상사고,0,0,1,0,차대차 - 측면충돌,교차로운행방법위반,건조,맑음,교차로 - 교차로안,승용,남,37세,상해없음,승용,남,66세,경상
2018092200100047,2018년 9월 22일 02시,토요일,부산광역시 강서구 대저2동,경상사고,0,0,1,0,차대차 - 추돌,안전운전불이행,건조,맑음,단일로 - 기타,승용,남,30세,상해없음,승용,남,38세,경상
2018092200100059,2018년 9월 22일 03시,토요일,부산광역시 부산진구 부전동,경상사고,0,0,1,0,차대차 - 기타,안전운전불이행,건조,맑음,단일로 - 기타,승용,남,37세,상해없음,이륜,남,36세,경상
2018092200100075,2018년 9월 22일 04시,토요일,부산광역시 동래구 사직동,중상사고,0,1,0,0,차대사람 - 기타,안전운전불이행,건조,맑음,단일로 - 기타,승용,남,49세,상해없음,보행자,남,38세,중상
2018092200100076,2018년 9월 22일 04시,토요일,부산광역시 금정구 남산동,중상사고,0,1,2,0,차대차 - 측면충돌,신호위반,건조,맑음,교차로 - 교차로안,화물,남,49세,경상,승용,남,63세,경상
2018092200100121,2018년 9월 22일 07시,토요일,부산광역시 중구 남포동5가,중상사고,0,1,0,0,차대사람 - 횡단중,안전운전불이행,건조,맑음,기타 - 기타,승합,남,71세,상해없음,보행자,여,56세,중상
2018092200100157,2018년 9월 22일 09시,토요일,부산광역시 해운대구 반여동,경상사고,0,0,1,0,차대사람 - 기타,안전운전불이행,기타,맑음,단일로 - 기타,화물,남,47세,상해없음,보행자,남,76세,경상
2018092200100184,2018년 9월 22일 10시,토요일,부산광역시 부산진구 가야동,경상사고,0,0,1,0,차대사람 - 횡단중,신호위반,건조,맑음,교차로 - 교차로횡단보도내,승용,남,62세,상해없음,보행자,남,75세,경상
2018092200100185,2018년 9월 22일 10시,토요일,부산광역시 수영구 망미동,경상사고,0,0,2,0,차대차 - 추돌,안전거리미확보,건조,맑음,단일로 - 고가도로위,승용,남,24세,상해없음,승용,여,71세,경상
2018092200100186,2018년 9월 22일 10시,토요일,부산광역시 강서구 봉림동,사망사고,1,0,0,0,차대차 - 측면충돌,안전운전불이행,건조,맑음,교차로 - 교차로안,승합,남,75세,상해없음,이륜,남,66세,사망
2018092200100221,2018년 9월 22일 11시,토요일,부산광역시 동구 범일동,경상사고,0,0,1,0,차대차 - 기타,기타,건조,맑음,단일로 - 기타,승용,남,62세,상해없음,자전거,남,70세,경상
2018092200100263,2018년 9월 22일 12시,토요일,부산광역시 금정구 부곡동,중상사고,0,1,0,0,차대차 - 정면충돌,중앙선침범,건조,맑음,교차로 - 교차로부근,원동기,남,36세,상해없음,원동기,남,38세,중상
2018092200100306,2018년 9월 22일 13시,토요일,부산광역시 중구 부평동3가,경상사고,0,0,1,0,차대차 - 기타,교차로운행방법위반,건조,맑음,교차로 - 교차로안,승용,남,25세,상해없음,이륜,남,42세,경상
2018092200100307,2018년 9월 22일 13시,토요일,부산광역시 중구 중앙동3가,경상사고,0,0,1,0,차대차 - 기타,안전거리미확보,건조,맑음,단일로 - 기타,이륜,남,63세,경상,승용,남,70세,상해없음
2018092200100310,2018년 9월 22일 13시,토요일,부산광역시 부산진구 당감동,경상사고,0,0,1,0,차대차 - 기타,기타,건조,맑음,단일로 - 기타,승합,남,47세,상해없음,이륜,기타불명,미분류,기타불명
2018092200100354,2018년 9월 22일 14시,토요일,부산광역시 남구 문현동,중상사고,0,1,0,0,차대사람 - 기타,안전운전불이행,건조,맑음,단일로 - 기타,승합,남,52세,상해없음,보행자,남,69세,중상
2018092200100355,2018년 9월 22일 14시,토요일,부산광역시 부산진구 초읍동,중상사고,0,3,1,0,차대차 - 측면충돌,안전거리미확보,건조,맑음,단일로 - 기타,승용,남,45세,상해없음,승용,남,52세,중상
2018092200100390,2018년 9월 22일 15시,토요일,부산광역시 남구 문현동,부상신고사고,0,0,0,1,차대차 - 측면충돌,안전운전불이행,건조,맑음,단일로 - 기타,화물,남,48세,상해없음,승용,남,57세,부상신고
2018092200100391,2018년 9월 22일 15시,토요일,부산광역시 사상구 주례동,경상사고,0,0,4,1,차대차 - 추돌,안전운전불이행,건조,맑음,단일로 - 기타,승합,남,73세,상해없음,승용,여,37세,경상
2018092200100392,2018년 9월 22일 15시,토요일,부산광역시 사상구 모라동,경상사고,0,0,1,0,차대사람 - 보도통행중,보행자보호의무위반,건조,맑음,단일로 - 기타,화물,남,44세,상해없음,보행자,여,65세,경상
2018092200100433,2018년 9월 22일 16시,토요일,부산광역시 동구 수정동,경상사고,0,0,1,0,차대사람 - 기타,안전운전불이행,건조,맑음,단일로 - 기타,승용,남,36세,상해없음,보행자,여,84세,경상
2018092200100434,2018년 9월 22일 16시,토요일,부산광역시 금정구 부곡동,경상사고,0,0,1,0,차대사람 - 횡단중,보행자보호의무위반,건조,맑음,교차로 - 교차로안,승용,남,44세,상해없음,보행자,여,20세,경상
2018092200100435,2018년 9월 22일 16시,토요일,부산광역시 연제구 연산동,경상사고,0,0,1,0,차대차 - 측면충돌,안전운전불이행,건조,맑음,단일로 - 기타,승용,남,67세,상해없음,이륜,남,21세,경상
2018092200100484,2018년 9월 22일 17시,토요일,부산광역시 부산진구 부전동,중상사고,0,1,0,0,차대사람 - 횡단중,안전운전불이행,건조,맑음,교차로 - 교차로부근,승용,남,30세,상해없음,보행자,여,77세,중상
2018092200100536,2018년 9월 22일 18시,토요일,부산광역시 부산진구 양정동,경상사고,0,0,1,0,차대사람 - 횡단중,안전운전불이행,건조,맑음,단일로 - 기타,승용,남,55세,상해없음,보행자,남,66세,경상
2018092200100585,2018년 9월 22일 19시,토요일,부산광역시 중구 부평동2가,경상사고,0,0,1,0,차대차 - 측면충돌,기타,건조,맑음,단일로 - 기타,승용,남,63세,상해없음,이륜,남,20세,상해없음
2018092200100586,2018년 9월 22일 19시,토요일,부산광역시 영도구 봉래동1가,부상신고사고,0,0,0,1,차대차 - 측면충돌,안전운전불이행,건조,맑음,단일로 - 교량,이륜,남,62세,부상신고,건설기계,남,59세,상해없음
2018092200100587,2018년 9월 22일 19시,토요일,부산광역시 사하구 장림동,경상사고,0,0,3,0,차대차 - 기타,안전운전불이행,건조,맑음,단일로 - 기타,화물,남,60세,상해없음,승용,남,68세,경상
2018092200100666,2018년 9월 22일 21시,토요일,부산광역시 동구 범일동,중상사고,0,1,0,0,차대사람 - 보도통행중,신호위반,건조,맑음,단일로 - 기타,승용,여,28세,상해없음,보행자,여,66세,중상
2018092200100710,2018년 9월 22일 23시,토요일,부산광역시 부산진구 전포동,중상사고,0,1,1,0,차대차 - 측면충돌,안전거리미확보,건조,맑음,교차로 - 교차로안,승용,남,45세,상해없음,승용,남,54세,경상
2018092300100013,2018년 9월 23일 01시,일요일,부산광역시 연제구 연산동,경상사고,0,0,1,0,차대차 - 정면충돌,신호위반,건조,맑음,교차로 - 교차로안,이륜,남,27세,상해없음,승용,남,66세,경상
2018092300100023,2018년 9월 23일 02시,일요일,부산광역시 남구 문현동,중상사고,0,1,1,0,차대차 - 추돌,안전운전불이행,건조,맑음,단일로 - 기타,승용,남,31세,상해없음,승용,남,57세,경상
2018092300100033,2018년 9월 23일 03시,일요일,부산광역시 해운대구 반여동,중상사고,0,1,0,0,차대사람 - 횡단중,안전운전불이행,건조,맑음,교차로 - 교차로횡단보도내,승용,여,61세,상해없음,보행자,여,85세,중상
2018092300100034,2018년 9월 23일 03시,일요일,부산광역시 사하구 장림동,부상신고사고,0,0,0,1,차대사람 - 기타,안전운전불이행,건조,맑음,단일로 - 기타,승용,남,57세,상해없음,보행자,남,39세,부상신고
2018092300100043,2018년 9월 23일 04시,일요일,부산광역시 부산진구 부전동,중상사고,0,1,1,0,차대차 - 측면충돌,신호위반,건조,맑음,교차로 - 교차로안,승용,남,25세,상해없음,승용,남,74세,중상
2018092300100044,2018년 9월 23일 04시,일요일,부산광역시 부산진구 부전동,중상사고,0,1,3,0,차대차 - 측면충돌,신호위반,건조,맑음,교차로 - 교차로안,승용,남,23세,상해없음,승용,남,72세,경상
2018092300100045,2018년 9월 23일 04시,일요일,부산광역시 사상구 엄궁동,중상사고,0,1,3,0,차대차 - 기타,신호위반,건조,맑음,교차로 - 교차로안,승용,남,66세,상해없음,이륜,남,19세,중상
2018092300100055,2018년 9월 23일 05시,일요일,부산광역시 부산진구 전포동,경상사고,0,0,1,0,차대차 - 측면충돌,불법유턴,건조,맑음,교차로 - 교차로안,이륜,남,23세,상해없음,승용,남,58세,경상
2018092300100077,2018년 9월 23일 07시,일요일,부산광역시 중구 남포동2가,부상신고사고,0,0,0,1,차대차 - 측면충돌,안전운전불이행,건조,맑음,단일로 - 기타,승용,남,25세,상해없음,승합,남,52세,상해없음
2018092300100092,2018년 9월 23일 09시,일요일,부산광역시 동래구 안락동,경상사고,0,0,1,0,차대차 - 기타,안전운전불이행,건조,맑음,단일로 - 지하차도(도로)내,승용,남,38세,상해없음,승합,남,52세,상해없음
2018092300100128,2018년 9월 23일 11시,일요일,부산광역시 동구 초량동,경상사고,0,0,2,1,차대차 - 측면충돌,안전운전불이행,건조,맑음,단일로 - 기타,승용,남,58세,상해없음,승용,남,36세,부상신고