사고번호,사고일시,요일,시군구,사고내용,사망자수,중상자수,경상자수,부상신고자수,사고유형,법규위반,노면상태,기상상태,도로형태,가해운전자 차종,가해운전자 성별,가해운전자 연령,가해운전자 상해정도,피해운전자 차종,피해운전자 성별,피해운전자 연령,피해운전자 상해정도
2018092300100129,2018년 9월 23일 11시,일요일,부산광역시 동구 초량동,경상사고,0,0,1,0,차대차 - 측면충돌,안전거리미확보,건조,맑음,교차로 - 교차로부근,승용,남,63세,상해없음,승용,남,63세,경상
2018092300100130,2018년 9월 23일 11시,일요일,부산광역시 남구 대연동,경상사고,0,0,1,0,차대차 - 기타,차로위반,건조,맑음,교차로 - 교차로안,승용,여,67세,상해없음,승용,남,39세,경상
2018092300100131,2018년 9월 23일 11시,일요일,부산광역시 북구 만덕동,중상사고,0,1,0,0,차대차 - 기타,직진우회전진행방해,건조,맑음,교차로 - 교차로안,승용,여,37세,상해없음,승용,남,51세,상해없음
2018092300100155,2018년 9월 23일 12시,일요일,부산광역시 부산진구 전포동,경상사고,0,0,1,0,차대차 - 기타,안전운전불이행,건조,맑음,단일로 - 기타,승용,남,72세,기타불명,승용,여,34세,경상
2018092300100156,2018년 9월 23일 12시,일요일,부산광역시 부산진구 부암동,경상사고,0,0,1,0,차대차 - 기타,안전운전불이행,건조,맑음,단일로 - 기타,승용,남,26세,상해없음,승용,남,64세,상해없음
2018092300100173,2018년 9월 23일 13시,일요일,부산광역시 부산진구 부전동,부상신고사고,0,0,0,1,차대차 - 추돌,안전운전불이행,건조,맑음,단일로 - 기타,이륜,남,17세,부상신고,승용,남,45세,상해없음
2018092300100202,2018년 9월 23일 14시,일요일,부산광역시 부산진구 범전동,경상사고,0,0,1,0,차대차 - 기타,안전운전불이행,건조,맑음,단일로 - 기타,이륜,남,21세,상해없음,승합,남,54세,상해없음
2018092300100231,2018년 9월 23일 15시,일요일,부산광역시 서구 부민동3가,중상사고,0,1,0,0,차대사람 - 기타,안전운전불이행,건조,맑음,단일로 - 기타,승용,남,41세,상해없음,보행자,남,35세,중상
2018092300100232,2018년 9월 23일 15시,일요일,부산광역시 남구 대연동,경상사고,0,0,1,0,차대차 - 측면충돌,안전운전불이행,건조,맑음,단일로 - 기타,승용,남,57세,상해없음,자전거,남,47세,경상
2018092300100233,2018년 9월 23일 15시,일요일,부산광역시 금정구 부곡동,중상사고,0,1,0,0,차대차 - 측면충돌,신호위반,건조,맑음,단일로 - 기타,승용,남,48세,상해없음,원동기,남,61세,중상
2018092300100234,2018년 9월 23일 15시,일요일,부산광역시 기장군 일광면,경상사고,0,0,1,0,차대사람 - 차도통행중,안전운전불이행,건조,맑음,단일로 - 기타,승용,여,57세,상해없음,보행자,여,8세,경상
2018092300100267,2018년 9월 23일 16시,일요일,부산광역시 부산진구 범천동,중상사고,0,1,0,0,차대차 - 기타,안전거리미확보,건조,맑음,단일로 - 기타,승용,남,50세,상해없음,이륜,남,31세,중상
2018092300100268,2018년 9월 23일 16시,일요일,부산광역시 부산진구 부전동,경상사고,0,0,1,0,차대사람 - 차도통행중,안전운전불이행,건조,맑음,단일로 - 기타,승용,남,21세,상해없음,보행자,여,13세,경상
2018092300100269,2018년 9월 23일 16시,일요일,부산광역시 사상구 모라동,경상사고,0,0,1,0,차대사람 - 기타,안전운전불이행,건조,맑음,주차장 - 주차장,승용,남,58세,기타불명,보행자,여,57세,경상
2018092300100270,2018년 9월 23일 16시,일요일,부산광역시 사상구 감전동,부상신고사고,0,0,0,1,차대차 - 측면충돌,안전운전불이행,건조,맑음,교차로 - 교차로안,화물,남,76세,상해없음,승용,남,34세,상해없음
2018092300100306,2018년 9월 23일 17시,일요일,부산광역시 수영구 민락동,경상사고,0,0,1,0,차대사람 - 기타,안전운전불이행,건조,맑음,기타 - 기타,화물,남,63세,상해없음,보행자,남,45세,경상
2018092300100307,2018년 9월 23일 17시,일요일,부산광역시 북구 덕천동,중상사고,0,1,0,0,차대사람 - 기타,안전운전불이행,건조,맑음,교차로 - 교차로부근,승용,남,23세,상해없음,보행자,남,37세,중상
2018092300100308,2018년 9월 23일 17시,일요일,부산광역시 강서구 녹산동,중상사고,0,2,1,0,차대차 - 정면충돌,중앙선침범,건조,맑음,단일로 - 기타,승용,남,46세,상해없음,승용,남,60세,중상
2018092300100309,2018년 9월 23일 17시,일요일,부산광역시 사상구 감전동,경상사고,0,0,1,0,차대차 - 기타,안전운전불이행,건조,맑음,교차로 - 교차로안,승용,남,44세,상해없음,승용,남,37세,경상
2018092300100341,2018년 9월 23일 18시,일요일,부산광역시 부산진구 가야동,경상사고,0,0,1,0,차대사람 - 횡단중,안전운전불이행,건조,맑음,교차로 - 교차로안,승용,남,59세,상해없음,보행자,남,33세,경상
2018092300100395,2018년 9월 23일 20시,일요일,부산광역시 남구 대연동,경상사고,0,0,1,0,차대차 - 기타,안전운전불이행,건조,맑음,교차로 - 교차로안,승용,남,67세,상해없음,승용,남,31세,경상
2018092300100396,2018년 9월 23일 20시,일요일,부산광역시 해운대구 재송동,경상사고,0,0,2,0,차대차 - 추돌,직진우회전진행방해,건조,맑음,교차로 - 교차로부근,승용,여,34세,기타불명,승용,남,50세,경상
2018092300100397,2018년 9월 23일 20시,일요일,부산광역시 사상구 괘법동,부상신고사고,0,0,0,1,차대차 - 기타,안전거리미확보,건조,맑음,단일로 - 기타,원동기,여,20세,부상신고,기타불명,기타불명,미분류,기타불명
2018092300100415,2018년 9월 23일 21시,일요일,부산광역시 사상구 괘법동,부상신고사고,0,0,0,1,차대사람 - 횡단중,안전운전불이행,건조,맑음,단일로 - 기타,승용,남,66세,상해없음,보행자,여,58세,부상신고
2018092300100437,2018년 9월 23일 22시,일요일,부산광역시 동래구 온천동,경상사고,0,0,2,0,차대차 - 측면충돌,안전운전불이행,건조,맑음,단일로 - 기타,승용,남,37세,상해없음,승용,남,49세,경상
2018092400100010,2018년 9월 24일 01시,월요일,부산광역시 부산진구 당감동,중상사고,0,1,0,0,차대사람 - 횡단중,보행자보호의무위반,건조,맑음,단일로 - 기타,기타불명,기타불명,미분류,기타불명,보행자,남,23세,중상
2018092400100036,2018년 9월 24일 04시,월요일,부산광역시 부산진구 부전동,중상사고,0,1,0,0,차대차 - 측면충돌,교차로운행방법위반,건조,맑음,교차로 - 교차로부근,승용,남,21세,상해없음,이륜,남,26세,중상
2018092400100075,2018년 9월 24일 10시,월요일,부산광역시 사하구 하단동,부상신고사고,0,0,0,1,차대차 - 측면충돌,차로위반,건조,맑음,단일로 - 기타,승용,남,53세,상해없음,승용,남,51세,부상신고
2018092400100096,2018년 9월 24일 11시,월요일,부산광역시 금정구 회동동,경상사고,0,0,6,0,차대차 - 추돌,안전거리미확보,건조,맑음,단일로 - 기타,승용,남,65세,상해없음,승용,남,48세,경상
2018092400100126,2018년 9월 24일 12시,월요일,부산광역시 남구 대연동,중상사고,0,1,0,0,차대사람 - 횡단중,보행자보호의무위반,건조,맑음,단일로 - 기타,승용,남,52세,상해없음,보행자,여,59세,중상
2018092400100127,2018년 9월 24일 12시,월요일,부산광역시 사하구 괴정동,중상사고,0,2,0,0,차대차 - 추돌,안전거리미확보,건조,맑음,단일로 - 지하차도(도로)내,이륜,남,45세,상해없음,승용,여,30세,중상
2018092400100161,2018년 9월 24일 13시,월요일,부산광역시 북구 덕천동,중상사고,0,1,0,0,차대차 - 측면충돌,신호위반,건조,맑음,교차로 - 교차로안,승용,남,56세,상해없음,이륜,남,17세,중상
2018092400100191,2018년 9월 24일 14시,월요일,부산광역시 사하구 다대동,중상사고,0,2,1,0,차대차 - 정면충돌,중앙선침범,건조,맑음,교차로 - 교차로안,승용,남,41세,상해없음,승용,남,71세,상해없음
2018092400100192,2018년 9월 24일 14시,월요일,부산광역시 사상구 학장동,중상사고,0,2,5,0,차대차 - 측면충돌,직진우회전진행방해,건조,맑음,교차로 - 교차로안,승용,남,55세,중상,승용,남,51세,경상
2018092400100221,2018년 9월 24일 15시,월요일,부산광역시 강서구 동선동,중상사고,0,2,4,0,차대차 - 추돌,안전운전불이행,건조,맑음,단일로 - 터널,승용,남,55세,상해없음,승용,남,50세,경상
2018092400100256,2018년 9월 24일 16시,월요일,부산광역시 동구 범일동,중상사고,0,1,0,0,차량단독 - 기타,안전운전불이행,건조,맑음,단일로 - 기타,승합,남,49세,상해없음,,,,
2018092400100286,2018년 9월 24일 17시,월요일,부산광역시 동래구 온천동,경상사고,0,0,1,1,차대차 - 측면충돌,안전운전불이행,건조,맑음,단일로 - 기타,자전거,남,79세,경상,이륜,남,22세,부상신고
2018092400100359,2018년 9월 24일 20시,월요일,부산광역시 영도구 청학동,사망사고,1,0,1,0,차량단독 - 공작물충돌,안전운전불이행,건조,맑음,단일로 - 고가도로위,승용,남,26세,상해없음,,,,
2018092400100360,2018년 9월 24일 20시,월요일,부산광역시 강서구 송정동,중상사고,0,2,1,0,차대차 - 추돌,안전운전불이행,건조,맑음,교차로 - 교차로부근,승용,남,45세,상해없음,승용,남,27세,중상
2018092400100361,2018년 9월 24일 20시,월요일,부산광역시 기장군 정관읍,중상사고,0,1,0,0,차대사람 - 횡단중,안전운전불이행,건조,맑음,단일로 - 기타,이륜,남,23세,기타불명,보행자,남,36세,중상
2018092400100387,2018년 9월 24일 21시,월요일,부산광역시 수영구 망미동,중상사고,0,1,0,0,차대사람 - 횡단중,신호위반,건조,맑음,단일로 - 기타,이륜,남,24세,상해없음,보행자,남,15세,중상
2018092400100404,2018년 9월 24일 22시,월요일,부산광역시 해운대구 중동,중상사고,0,1,0,0,차대차 - 측면충돌,중앙선침범,건조,맑음,단일로 - 기타,승용,남,43세,상해없음,이륜,남,22세,중상
2018092400100405,2018년 9월 24일 22시,월요일,부산광역시 사상구 덕포동,중상사고,0,1,0,0,차대사람 - 횡단중,안전운전불이행,건조,맑음,단일로 - 지하차도(도로)내,승용,여,54세,상해없음,보행자,여,42세,중상
2018092400100424,2018년 9월 24일 23시,월요일,부산광역시 동래구 온천동,중상사고,0,1,2,0,차대차 - 측면충돌,신호위반,건조,맑음,교차로 - 교차로안,승용,남,23세,상해없음,승용,남,63세,중상
2018092400100425,2018년 9월 24일 23시,월요일,부산광역시 해운대구 석대동,경상사고,0,0,2,0,차대차 - 측면충돌,기타,건조,맑음,단일로 - 기타,화물,남,39세,상해없음,이륜,남,68세,경상
2018092400100426,2018년 9월 24일 23시,월요일,부산광역시 수영구 망미동,경상사고,0,0,1,0,차대차 - 측면충돌,안전운전불이행,건조,맑음,단일로 - 기타,승용,여,57세,상해없음,이륜,남,39세,경상
2018092500100003,2018년 9월 25일 00시,화요일,부산광역시 서구 서대신동2가,중상사고,0,1,0,0,차량단독 - 전도전복 - 전도,안전운전불이행,건조,맑음,단일로 - 기타,이륜,남,72세,중상,미분류,미분류,미분류,미분류
2018092500100012,2018년 9월 25일 01시,화요일,부산광역시 수영구 남천동,경상사고,0,0,1,0,차대차 - 기타,신호위반,건조,맑음,교차로 - 교차로안,이륜,남,17세,상해없음,승용,남,59세,경상
2018092500100019,2018년 9월 25일 02시,화요일,부산광역시 해운대구 중동,중상사고,0,4,0,0,차대사람 - 보도통행중,기타,건조,맑음,교차로 - 교차로횡단보도내,승용,남,27세,중상,보행자,남,23세,중상
2018092500100030,2018년 9월 25일 03시,화요일,부산광역시 사상구 감전동,경상사고,0,0,1,0,차대차 - 측면충돌,안전운전불이행,건조,맑음,단일로 - 기타,승용,남,40세,상해없음,승용,남,57세,경상
2018092500100077,2018년 9월 25일 09시,화요일,부산광역시 동구 좌천동,중상사고,0,1,0,0,차대차 - 기타,차로위반,건조,맑음,단일로 - 기타,승용,남,36세,상해없음,이륜,남,54세,중상
2018092500100078,2018년 9월 25일 09시,화요일,부산광역시 북구 구포동,부상신고사고,0,0,0,1,차대사람 - 기타,안전운전불이행,건조,맑음,기타 - 기타,승용,남,42세,기타불명,보행자,여,84세,부상신고
2018092500100095,2018년 9월 25일 10시,화요일,부산광역시 수영구 광안동,중상사고,0,1,0,0,차대차 - 측면충돌,교차로운행방법위반,건조,맑음,교차로 - 교차로안,승용,남,33세,상해없음,자전거,남,65세,중상
2018092500100145,2018년 9월 25일 12시,화요일,부산광역시 사하구 괴정동,중상사고,0,1,0,0,차대사람 - 횡단중,신호위반,건조,맑음,단일로 - 기타,승용,남,71세,상해없음,보행자,남,13세,중상
2018092500100147,2018년 9월 25일 12시,화요일,부산광역시 강서구 대저2동,경상사고,0,0,8,0,차대차 - 추돌,안전운전불이행,건조,맑음,교차로 - 교차로부근,승합,남,63세,상해없음,승용,남,62세,경상
2018092500100260,2018년 9월 25일 16시,화요일,부산광역시 북구 덕천동,중상사고,0,1,0,0,차대사람 - 횡단중,신호위반,건조,맑음,단일로 - 기타,승용,남,67세,상해없음,보행자,여,21세,중상
2018092500100302,2018년 9월 25일 17시,화요일,부산광역시 서구 암남동,경상사고,0,0,1,0,차대차 - 정면충돌,중앙선침범,건조,맑음,단일로 - 기타,승용,남,34세,상해없음,승용,남,32세,경상
2018092500100330,2018년 9월 25일 18시,화요일,부산광역시 동구 초량동,중상사고,0,1,2,0,차대차 - 측면충돌,신호위반,건조,맑음,교차로 - 교차로안,승용,남,70세,경상,승용,남,60세,중상
2018092500100363,2018년 9월 25일 19시,화요일,부산광역시 중구 중앙동5가,중상사고,0,2,3,0,차대차 - 추돌,안전운전불이행,건조,맑음,단일로 - 기타,승용,남,43세,상해없음,승용,남,34세,경상
2018092500100364,2018년 9월 25일 19시,화요일,부산광역시 남구 대연동,경상사고,0,0,1,0,차대차 - 기타,교차로운행방법위반,건조,맑음,교차로 - 교차로안,승합,남,68세,상해없음,자전거,남,67세,경상
2018092500100402,2018년 9월 25일 20시,화요일,부산광역시 북구 화명동,경상사고,0,0,1,0,차대차 - 측면충돌,신호위반,건조,맑음,단일로 - 기타,승용,남,24세,상해없음,원동기,남,21세,경상
2018092500100403,2018년 9월 25일 20시,화요일,부산광역시 사하구 다대동,중상사고,0,1,0,0,차대사람 - 기타,안전운전불이행,건조,맑음,기타 - 기타,원동기,남,18세,상해없음,보행자,남,54세,중상
2018092500100404,2018년 9월 25일 20시,화요일,부산광역시 사하구 장림동,경상사고,0,0,1,0,차대차 - 측면충돌,신호위반,건조,맑음,기타 - 기타,승용,여,44세,상해없음,승용,남,24세,경상
2018092500100436,2018년 9월 25일 21시,화요일,부산광역시 북구 구포동,경상사고,0,0,1,0,차대차 - 기타,안전거리미확보,건조,맑음,교차로 - 교차로부근,이륜,남,48세,경상,승용,남,59세,상해없음
2018092500100437,2018년 9월 25일 21시,화요일,부산광역시 동래구 명륜동,경상사고,0,0,1,0,차대사람 - 차도통행중,안전운전불이행,건조,맑음,단일로 - 기타,승용,남,23세,상해없음,보행자,남,27세,경상
2018092500100456,2018년 9월 25일 22시,화요일,부산광역시 연제구 연산동,경상사고,0,0,1,0,차대차 - 측면충돌,교차로운행방법위반,건조,맑음,교차로 - 교차로안,승용,남,23세,상해없음,이륜,남,28세,경상
2018092500100457,2018년 9월 25일 22시,화요일,부산광역시 연제구 연산동,경상사고,0,0,1,0,차대차 - 기타,차로위반,건조,맑음,단일로 - 기타,승용,남,26세,상해없음,승용,남,59세,경상
2018092500100477,2018년 9월 25일 23시,화요일,부산광역시 동래구 명륜동,경상사고,0,0,1,0,차대차 - 측면충돌,신호위반,건조,맑음,교차로 - 교차로부근,승용,남,61세,상해없음,승용,남,35세,경상
2018092600100004,2018년 9월 26일 00시,수요일,부산광역시 부산진구 당감동,경상사고,0,0,3,0,차대차 - 기타,안전운전불이행,건조,맑음,교차로 - 교차로안,이륜,남,19세,상해없음,승용,남,26세,경상
2018092600100005,2018년 9월 26일 00시,수요일,부산광역시 사상구 감전동,경상사고,0,0,3,0,차대차 - 기타,안전운전불이행,건조,맑음,교차로 - 교차로부근,승용,남,24세,경상,승용,남,74세,경상
2018092600100036,2018년 9월 26일 02시,수요일,부산광역시 해운대구 중동,경상사고,0,0,2,0,차대차 - 측면충돌,안전운전불이행,건조,맑음,교차로 - 교차로안,승용,남,30세,상해없음,승용,남,38세,경상
2018092600100037,2018년 9월 26일 02시,수요일,부산광역시 부산진구 부전동,경상사고,0,0,1,0,차대차 - 기타,차로위반,건조,맑음,단일로 - 기타,화물,남,54세,상해없음,이륜,남,20세,경상
2018092600100038,2018년 9월 26일 02시,수요일,부산광역시 수영구 망미동,경상사고,0,0,1,0,차대차 - 측면충돌,신호위반,건조,맑음,교차로 - 교차로안,이륜,남,18세,상해없음,승용,남,34세,경상
2018092600100070,2018년 9월 26일 06시,수요일,부산광역시 남구 용호동,중상사고,0,1,1,0,차대차 - 기타,안전운전불이행,건조,맑음,교차로 - 교차로안,이륜,남,19세,경상,이륜,남,70세,중상
2018092600100113,2018년 9월 26일 11시,수요일,부산광역시 사하구 다대동,경상사고,0,0,1,0,차대차 - 측면충돌,안전거리미확보,건조,맑음,기타 - 기타,승용,남,37세,경상,화물,남,29세,상해없음
2018092600100145,2018년 9월 26일 12시,수요일,부산광역시 부산진구 연지동,중상사고,0,2,0,0,차대차 - 측면충돌,신호위반,건조,맑음,교차로 - 교차로안,승용,여,60세,상해없음,승용,남,56세,중상
2018092600100146,2018년 9월 26일 12시,수요일,부산광역시 연제구 연산동,경상사고,0,0,1,0,차대차 - 측면충돌,안전운전불이행,건조,맑음,단일로 - 기타,승용,여,52세,상해없음,이륜,남,56세,경상
2018092600100232,2018년 9월 26일 15시,수요일,부산광역시 연제구 연산동,경상사고,0,0,1,0,차대사람 - 기타,안전운전불이행,건조,맑음,단일로 - 기타,화물,남,56세,상해없음,보행자,여,78세,경상
2018092600100233,2018년 9월 26일 15시,수요일,부산광역시 강서구 송정동,경상사고,0,0,1,2,차대차 - 측면충돌,안전거리미확보,건조,맑음,단일로 - 기타,승용,남,64세,상해없음,승용,여,36세,부상신고
2018092600100315,2018년 9월 26일 18시,수요일,부산광역시 북구 덕천동,중상사고,0,1,0,0,차대사람 - 횡단중,안전운전불이행,건조,맑음,단일로 - 기타,승용,남,70세,상해없음,보행자,남,54세,중상
2018092600100343,2018년 9월 26일 19시,수요일,부산광역시 부산진구 양정동,사망사고,1,0,0,0,차대사람 - 횡단중,보행자보호의무위반,건조,맑음,교차로 - 교차로횡단보도내,이륜,남,26세,상해없음,보행자,남,87세,사망
2018092600100344,2018년 9월 26일 19시,수요일,부산광역시 수영구 망미동,부상신고사고,0,0,0,1,차대사람 - 기타,안전운전불이행,건조,맑음,단일로 - 기타,이륜,남,18세,상해없음,보행자,남,9세,부상신고
2018092600100345,2018년 9월 26일 19시,수요일,부산광역시 기장군 정관읍,중상사고,0,2,0,0,차대차 - 측면충돌,신호위반,건조,맑음,교차로 - 교차로안,이륜,남,38세,중상,승용,남,25세,중상
2018092600100383,2018년 9월 26일 20시,수요일,부산광역시 금정구 남산동,경상사고,0,0,1,0,차대사람 - 기타,안전운전불이행,건조,맑음,단일로 - 기타,승용,남,77세,상해없음,보행자,여,55세,경상
2018092600100413,2018년 9월 26일 21시,수요일,부산광역시 중구 중앙동5가,중상사고,0,1,1,0,차대차 - 정면충돌,신호위반,건조,맑음,교차로 - 교차로안,승용,남,61세,기타불명,승용,남,41세,중상
2018092600100414,2018년 9월 26일 21시,수요일,부산광역시 동래구 사직동,중상사고,0,1,0,0,차대사람 - 기타,안전운전불이행,건조,맑음,단일로 - 기타,승합,남,59세,상해없음,보행자,여,58세,중상
2018092600100415,2018년 9월 26일 21시,수요일,부산광역시 기장군 기장읍,경상사고,0,0,1,0,차대사람 - 차도통행중,안전운전불이행,건조,맑음,기타 - 기타,이륜,남,23세,상해없음,보행자,남,50세,경상
2018092600100454,2018년 9월 26일 23시,수요일,부산광역시 사상구 감전동,경상사고,0,0,2,0,차대차 - 추돌,안전운전불이행,건조,맑음,교차로 - 교차로부근,승용,남,52세,상해없음,승용,남,27세,경상
2018092700100049,2018년 9월 27일 07시,목요일,부산광역시 남구 대연동,경상사고,0,0,1,0,차대사람 - 횡단중,신호위반,건조,맑음,단일로 - 기타,승용,남,57세,상해없음,보행자,남,48세,경상
2018092700100050,2018년 9월 27일 07시,목요일,부산광역시 남구 대연동,경상사고,0,0,1,0,차대사람 - 길가장자리구역통행중,안전운전불이행,건조,맑음,단일로 - 기타,승용,남,48세,상해없음,보행자,남,14세,경상
2018092700100051,2018년 9월 27일 07시,목요일,부산광역시 동래구 명륜동,중상사고,0,1,0,0,차대사람 - 기타,안전운전불이행,건조,맑음,단일로 - 기타,승용,여,52세,상해없음,보행자,여,73세,중상
2018092700100052,2018년 9월 27일 07시,목요일,부산광역시 해운대구 반여동,중상사고,0,1,0,0,차대차 - 기타,안전운전불이행,건조,맑음,단일로 - 기타,화물,남,58세,상해없음,승용,남,38세,중상
2018092700100053,2018년 9월 27일 07시,목요일,부산광역시 금정구 부곡동,경상사고,0,0,1,0,차대차 - 측면충돌,교차로운행방법위반,건조,맑음,교차로 - 교차로안,승용,여,55세,상해없음,승용,남,66세,경상
2018092700100054,2018년 9월 27일 07시,목요일,부산광역시 사상구 감전동,경상사고,0,0,2,0,차대차 - 측면충돌,교차로운행방법위반,건조,맑음,교차로 - 교차로안,승용,남,55세,상해없음,승용,남,23세,경상
2018092700100133,2018년 9월 27일 09시,목요일,부산광역시 서구 충무동1가,사망사고,1,0,0,0,차대차 - 정면충돌,중앙선침범,건조,맑음,교차로 - 교차로부근,이륜,남,20세,사망,승합,남,49세,상해없음
2018092700100168,2018년 9월 27일 10시,목요일,부산광역시 동래구 낙민동,부상신고사고,0,0,0,1,차대차 - 측면충돌,안전운전불이행,건조,맑음,단일로 - 기타,개인형이동수단(PM),여,70세,부상신고,승용,여,64세,상해없음
2018092700100169,2018년 9월 27일 10시,목요일,부산광역시 사상구 모라동,경상사고,0,0,1,0,차대사람 - 횡단중,안전운전불이행,건조,맑음,단일로 - 지하차도(도로)내,승용,남,77세,상해없음,보행자,남,72세,경상
2018092700100193,2018년 9월 27일 11시,목요일,부산광역시 수영구 광안동,경상사고,0,0,1,0,차대차 - 기타,차로위반,건조,맑음,단일로 - 기타,특수,남,66세,상해없음,승용,여,32세,경상
2018092700100194,2018년 9월 27일 11시,목요일,부산광역시 북구 덕천동,중상사고,0,1,0,0,차대사람 - 횡단중,보행자보호의무위반,건조,맑음,단일로 - 기타,이륜,남,21세,상해없음,보행자,남,23세,중상
2018092700100262,2018년 9월 27일 13시,목요일,부산광역시 강서구 강동동,경상사고,0,0,1,0,차대사람 - 횡단중,안전운전불이행,건조,맑음,교차로 - 교차로부근,승용,여,62세,상해없음,보행자,여,53세,경상
2018092700100263,2018년 9월 27일 13시,목요일,부산광역시 사상구 주례동,중상사고,0,1,0,0,차대차 - 측면충돌,안전운전불이행,건조,맑음,교차로 - 교차로부근,개인형이동수단(PM),여,51세,중상,화물,남,56세,상해없음
2018092700100300,2018년 9월 27일 14시,목요일,부산광역시 북구 만덕동,경상사고,0,0,1,0,차대차 - 기타,안전운전불이행,건조,맑음,교차로 - 교차로안,승용,여,50세,상해없음,이륜,남,44세,경상
2018092700100301,2018년 9월 27일 14시,목요일,부산광역시 해운대구 좌동,경상사고,0,0,1,0,차대사람 - 기타,안전운전불이행,건조,맑음,단일로 - 기타,승용,남,81세,상해없음,보행자,여,50세,경상
2018092700100346,2018년 9월 27일 15시,목요일,부산광역시 동래구 온천동,경상사고,0,0,1,0,차대사람 - 기타,안전운전불이행,건조,맑음,교차로 - 교차로안,승용,남,58세,상해없음,보행자,여,78세,경상
2018092700100347,2018년 9월 27일 15시,목요일,부산광역시 연제구 연산동,경상사고,0,0,3,0,차대차 - 측면충돌,교차로운행방법위반,건조,맑음,단일로 - 기타,승용,남,64세,상해없음,승용,남,35세,경상
2018092700100394,2018년 9월 27일 16시,목요일,부산광역시 사하구 다대동,경상사고,0,0,1,0,차대차 - 기타,안전운전불이행,건조,맑음,단일로 - 기타,승용,남,41세,상해없음,승용,여,30세,경상
2018092700100395,2018년 9월 27일 16시,목요일,부산광역시 수영구 망미동,경상사고,0,0,2,0,차대차 - 추돌,안전운전불이행,건조,맑음,교차로 - 교차로안,승용,남,59세,상해없음,승용,여,50세,경상
2018092700100396,2018년 9월 27일 16시,목요일,부산광역시 기장군 기장읍,중상사고,0,1,0,0,차대사람 - 기타,안전운전불이행,건조,맑음,단일로 - 기타,승용,남,61세,상해없음,보행자,여,53세,중상
2018092700100439,2018년 9월 27일 17시,목요일,부산광역시 수영구 광안동,중상사고,0,1,0,0,차대차 - 기타,신호위반,건조,맑음,단일로 - 기타,이륜,남,66세,중상,승용,여,54세,상해없음
2018092700100487,2018년 9월 27일 18시,목요일,부산광역시 북구 구포동,경상사고,0,0,4,0,차대차 - 측면충돌,차로위반,건조,맑음,단일로 - 기타,승용,남,66세,상해없음,승용,남,59세,경상
2018092700100488,2018년 9월 27일 18시,목요일,부산광역시 금정구 남산동,경상사고,0,0,2,0,차대차 - 측면충돌,안전운전불이행,건조,맑음,단일로 - 기타,화물,남,47세,경상,승용,남,49세,기타불명
2018092700100489,2018년 9월 27일 18시,목요일,부산광역시 금정구 금사동,경상사고,0,0,1,0,차대차 - 측면충돌,기타,건조,맑음,교차로 - 교차로안,원동기,남,74세,경상,화물,남,43세,상해없음
2018092700100490,2018년 9월 27일 18시,목요일,부산광역시 사상구 학장동,경상사고,0,0,1,0,차대사람 - 횡단중,보행자보호의무위반,건조,맑음,교차로 - 교차로횡단보도내,화물,남,53세,상해없음,보행자,여,63세,경상
2018092700100535,2018년 9월 27일 19시,목요일,부산광역시 부산진구 전포동,중상사고,0,2,0,0,차대차 - 추돌,안전운전불이행,건조,맑음,단일로 - 기타,승용,여,46세,상해없음,승용,여,43세,중상
2018092700100537,2018년 9월 27일 19시,목요일,부산광역시 연제구 거제동,경상사고,0,0,1,0,차대사람 - 차도통행중,신호위반,건조,맑음,단일로 - 기타,승용,여,61세,상해없음,보행자,남,63세,경상
2018092700100579,2018년 9월 27일 20시,목요일,부산광역시 부산진구 당감동,경상사고,0,0,1,0,차대차 - 측면충돌,차로위반,건조,맑음,단일로 - 기타,승용,남,33세,상해없음,승용,여,37세,경상
2018092700100580,2018년 9월 27일 20시,목요일,부산광역시 기장군 기장읍,경상사고,0,0,5,0,차대차 - 추돌,중앙선침범,건조,맑음,교차로 - 교차로부근,승용,남,31세,상해없음,승용,남,36세,경상
2018092700100608,2018년 9월 27일 21시,목요일,부산광역시 사상구 모라동,중상사고,0,1,0,0,차대사람 - 횡단중,신호위반,건조,맑음,교차로 - 교차로안,승용,여,62세,상해없음,보행자,남,26세,중상
2018092800100032,2018년 9월 28일 04시,금요일,부산광역시 부산진구 부전동,경상사고,0,0,1,0,차대사람 - 차도통행중,안전운전불이행,건조,맑음,단일로 - 기타,승용,남,69세,상해없음,보행자,남,21세,경상
2018092800100036,2018년 9월 28일 05시,금요일,부산광역시 사하구 괴정동,중상사고,0,1,0,0,차대사람 - 횡단중,신호위반,건조,맑음,교차로 - 교차로횡단보도내,승용,남,53세,상해없음,보행자,남,66세,중상
2018092800100046,2018년 9월 28일 06시,금요일,부산광역시 연제구 거제동,중상사고,0,1,0,0,차대차 - 정면충돌,중앙선침범,건조,맑음,단일로 - 기타,승용,남,84세,상해없음,승용,남,67세,중상
2018092800100077,2018년 9월 28일 08시,금요일,부산광역시 금정구 서동,경상사고,0,0,1,0,차대차 - 측면충돌,안전운전불이행,건조,맑음,단일로 - 기타,화물,남,43세,상해없음,화물,남,40세,경상
2018092800100119,2018년 9월 28일 09시,금요일,부산광역시 동래구 온천동,중상사고,0,1,0,0,차대사람 - 기타,안전운전불이행,건조,맑음,기타 - 기타,자전거,여,28세,상해없음,보행자,남,81세,중상