사고번호,사고일시,요일,시군구,사고내용,사망자수,중상자수,경상자수,부상신고자수,사고유형,법규위반,노면상태,기상상태,도로형태,가해운전자 차종,가해운전자 성별,가해운전자 연령,가해운전자 상해정도,피해운전자 차종,피해운전자 성별,피해운전자 연령,피해운전자 상해정도
2018101200100295,2018년 10월 12일 13시,금요일,부산광역시 사하구 하단동,경상사고,0,0,1,0,차대차 - 기타,안전운전불이행,건조,맑음,단일로 - 기타,승용,남,61세,상해없음,승용,남,24세,경상
2018101200100328,2018년 10월 12일 14시,금요일,부산광역시 기장군 장안읍,경상사고,0,0,1,0,차대차 - 측면충돌,직진우회전진행방해,건조,맑음,교차로 - 교차로안,건설기계,남,47세,상해없음,승용,남,37세,경상
2018101200100363,2018년 10월 12일 15시,금요일,부산광역시 남구 대연동,경상사고,0,0,1,0,차대사람 - 길가장자리구역통행중,안전운전불이행,건조,맑음,교차로 - 교차로부근,화물,남,49세,상해없음,보행자,여,62세,경상
2018101200100364,2018년 10월 12일 15시,금요일,부산광역시 동래구 온천동,경상사고,0,0,5,0,차대차 - 측면충돌,교차로운행방법위반,건조,맑음,교차로 - 교차로안,승합,남,54세,경상,승용,남,38세,경상
2018101200100408,2018년 10월 12일 16시,금요일,부산광역시 동래구 사직동,경상사고,0,0,1,0,차대차 - 측면충돌,안전운전불이행,건조,맑음,교차로 - 교차로안,승용,여,39세,상해없음,화물,남,65세,경상
2018101200100409,2018년 10월 12일 16시,금요일,부산광역시 해운대구 좌동,경상사고,0,0,4,0,차대차 - 추돌,안전운전불이행,건조,맑음,단일로 - 터널,승용,남,29세,상해없음,승용,남,38세,경상
2018101200100410,2018년 10월 12일 16시,금요일,부산광역시 부산진구 양정동,경상사고,0,0,1,0,차대차 - 기타,신호위반,건조,맑음,교차로 - 교차로안,승용,여,53세,상해없음,승용,여,44세,경상
2018101200100411,2018년 10월 12일 16시,금요일,부산광역시 금정구 부곡동,경상사고,0,0,7,2,차대차 - 정면충돌,안전운전불이행,건조,맑음,단일로 - 기타,승용,남,67세,부상신고,승용,남,47세,부상신고
2018101200100457,2018년 10월 12일 17시,금요일,부산광역시 강서구 범방동,경상사고,0,0,1,0,차대차 - 측면충돌,직진우회전진행방해,건조,맑음,교차로 - 교차로안,승용,남,44세,상해없음,승용,여,28세,경상
2018101200100505,2018년 10월 12일 18시,금요일,부산광역시 부산진구 당감동,경상사고,0,0,1,0,차대차 - 추돌,안전거리미확보,건조,맑음,단일로 - 기타,승용,남,50세,상해없음,이륜,남,65세,경상
2018101200100506,2018년 10월 12일 18시,금요일,부산광역시 연제구 연산동,중상사고,0,1,0,0,차대차 - 측면충돌,기타,건조,맑음,단일로 - 기타,승용,남,68세,상해없음,이륜,남,27세,중상
2018101200100507,2018년 10월 12일 18시,금요일,부산광역시 강서구 명지동,경상사고,0,0,1,0,차대차 - 추돌,안전운전불이행,건조,맑음,교차로 - 교차로부근,승합,여,52세,상해없음,승용,남,68세,경상
2018101200100616,2018년 10월 12일 20시,금요일,부산광역시 해운대구 우동,중상사고,0,1,0,0,차대차 - 측면충돌,신호위반,건조,맑음,교차로 - 교차로안,승용,여,36세,상해없음,승용,여,54세,중상
2018101200100645,2018년 10월 12일 21시,금요일,부산광역시 동구 수정동,부상신고사고,0,0,0,1,차대사람 - 기타,안전운전불이행,건조,맑음,단일로 - 기타,원동기,남,27세,기타불명,보행자,여,50세,부상신고
2018101200100646,2018년 10월 12일 21시,금요일,부산광역시 연제구 연산동,경상사고,0,0,1,0,차대차 - 측면충돌,안전운전불이행,건조,맑음,교차로 - 교차로안,승용,여,43세,상해없음,이륜,남,21세,경상
2018101200100675,2018년 10월 12일 22시,금요일,부산광역시 동래구 온천동,경상사고,0,0,1,0,차대차 - 추돌,안전운전불이행,건조,맑음,단일로 - 기타,승용,남,61세,상해없음,승용,남,74세,경상
2018101200100676,2018년 10월 12일 22시,금요일,부산광역시 사상구 감전동,중상사고,0,1,0,0,차대사람 - 횡단중,안전운전불이행,건조,맑음,교차로 - 교차로안,승용,남,37세,상해없음,보행자,남,64세,중상
2018101200100698,2018년 10월 12일 23시,금요일,부산광역시 금정구 노포동,경상사고,0,0,1,0,차대차 - 기타,신호위반,건조,맑음,교차로 - 교차로안,승용,남,66세,상해없음,승용,여,38세,경상
2018101300100027,2018년 10월 13일 01시,토요일,부산광역시 남구 문현동,부상신고사고,0,0,0,1,차대차 - 측면충돌,안전운전불이행,건조,맑음,단일로 - 기타,승용,남,60세,상해없음,승용,남,49세,기타불명
2018101300100028,2018년 10월 13일 01시,토요일,부산광역시 동래구 명륜동,경상사고,0,0,1,0,차대사람 - 보도통행중,기타,건조,맑음,단일로 - 기타,원동기,남,26세,상해없음,보행자,남,26세,경상
2018101300100049,2018년 10월 13일 02시,토요일,부산광역시 북구 덕천동,중상사고,0,1,1,0,차대차 - 측면충돌,신호위반,건조,맑음,교차로 - 교차로안,승용,남,62세,상해없음,승용,남,51세,중상
2018101300100050,2018년 10월 13일 02시,토요일,부산광역시 북구 만덕동,경상사고,0,0,1,0,차대차 - 측면충돌,차로위반,건조,맑음,교차로 - 교차로안,승용,남,61세,상해없음,화물,남,54세,경상
2018101300100051,2018년 10월 13일 02시,토요일,부산광역시 동래구 명륜동,경상사고,0,0,1,0,차대사람 - 횡단중,안전운전불이행,건조,맑음,교차로 - 교차로횡단보도내,승용,남,57세,상해없음,보행자,여,23세,경상
2018101300100052,2018년 10월 13일 02시,토요일,부산광역시 강서구 미음동,중상사고,0,1,0,0,차량단독 - 기타,안전운전불이행,건조,맑음,단일로 - 기타,이륜,남,23세,중상,,,,
2018101300100089,2018년 10월 13일 06시,토요일,부산광역시 동구 초량동,경상사고,0,0,2,0,차대차 - 기타,안전운전불이행,건조,맑음,단일로 - 기타,이륜,남,21세,경상,이륜,남,42세,상해없음
2018101300100106,2018년 10월 13일 07시,토요일,부산광역시 부산진구 부전동,중상사고,0,1,0,0,차대차 - 기타,중앙선침범,건조,맑음,단일로 - 기타,승용,남,18세,상해없음,이륜,남,58세,중상
2018101300100123,2018년 10월 13일 08시,토요일,부산광역시 강서구 생곡동,경상사고,0,0,1,0,차대차 - 추돌,안전운전불이행,건조,맑음,교차로 - 교차로부근,특수,남,65세,상해없음,화물,남,45세,경상
2018101300100148,2018년 10월 13일 09시,토요일,부산광역시 서구 동대신동1가,경상사고,0,0,1,0,차대차 - 측면충돌,안전운전불이행,건조,맑음,교차로 - 교차로부근,기타불명,기타불명,미분류,기타불명,이륜,남,70세,상해없음
2018101300100149,2018년 10월 13일 09시,토요일,부산광역시 북구 화명동,경상사고,0,0,1,0,차대차 - 기타,안전운전불이행,건조,맑음,교차로 - 교차로안,승용,남,28세,상해없음,승용,남,36세,경상
2018101300100178,2018년 10월 13일 10시,토요일,부산광역시 강서구 대저2동,경상사고,0,0,1,0,차대차 - 기타,안전운전불이행,건조,맑음,교차로 - 교차로안,승용,남,68세,상해없음,자전거,남,85세,경상
2018101300100217,2018년 10월 13일 11시,토요일,부산광역시 동구 수정동,중상사고,0,1,0,0,차대사람 - 기타,안전운전불이행,건조,맑음,단일로 - 기타,이륜,남,70세,상해없음,보행자,여,78세,중상
2018101300100218,2018년 10월 13일 11시,토요일,부산광역시 남구 문현동,경상사고,0,0,1,0,차대차 - 측면충돌,신호위반,건조,맑음,교차로 - 교차로안,승용,남,29세,상해없음,승용,남,25세,경상
2018101300100261,2018년 10월 13일 12시,토요일,부산광역시 사상구 삼락동,사망사고,1,0,0,0,차대차 - 측면충돌,교차로운행방법위반,건조,맑음,단일로 - 지하차도(도로)내,화물,남,68세,상해없음,이륜,남,66세,사망
2018101300100262,2018년 10월 13일 12시,토요일,부산광역시 사상구 모라동,중상사고,0,1,0,0,차대차 - 측면충돌,안전운전불이행,건조,맑음,교차로 - 교차로안,승용,여,62세,상해없음,이륜,남,72세,중상
2018101300100297,2018년 10월 13일 13시,토요일,부산광역시 수영구 남천동,경상사고,0,0,1,0,차대사람 - 기타,기타,건조,맑음,교차로 - 교차로부근,승용,남,68세,상해없음,보행자,남,18세,경상
2018101300100298,2018년 10월 13일 13시,토요일,부산광역시 수영구 광안동,경상사고,0,0,1,0,차대사람 - 기타,안전운전불이행,건조,맑음,단일로 - 기타,승용,남,31세,상해없음,보행자,남,27세,경상
2018101300100299,2018년 10월 13일 13시,토요일,부산광역시 동래구 안락동,경상사고,0,0,1,0,차대차 - 측면충돌,안전거리미확보,건조,맑음,단일로 - 기타,승용,남,57세,상해없음,승용,여,47세,경상
2018101300100338,2018년 10월 13일 14시,토요일,부산광역시 동래구 안락동,경상사고,0,0,1,0,차대사람 - 횡단중,보행자보호의무위반,건조,맑음,단일로 - 기타,기타불명,기타불명,미분류,기타불명,보행자,남,85세,경상
2018101300100339,2018년 10월 13일 14시,토요일,부산광역시 동래구 수안동,경상사고,0,0,1,0,차대차 - 추돌,안전운전불이행,건조,맑음,교차로 - 교차로부근,승용,여,54세,상해없음,승용,남,47세,상해없음
2018101300100340,2018년 10월 13일 14시,토요일,부산광역시 영도구 영선동1가,중상사고,0,1,0,0,차대사람 - 횡단중,신호위반,건조,맑음,교차로 - 교차로횡단보도내,승용,남,76세,상해없음,보행자,여,63세,중상
2018101300100341,2018년 10월 13일 14시,토요일,부산광역시 해운대구 중동,중상사고,0,1,0,0,차대사람 - 기타,안전운전불이행,건조,맑음,교차로 - 교차로안,승용,여,25세,상해없음,보행자,남,48세,중상
2018101300100369,2018년 10월 13일 15시,토요일,부산광역시 사상구 덕포동,중상사고,0,1,0,0,차대사람 - 길가장자리구역통행중,중앙선침범,건조,맑음,단일로 - 지하차도(도로)내,승용,남,73세,상해없음,보행자,남,57세,중상
2018101300100436,2018년 10월 13일 17시,토요일,부산광역시 사상구 괘법동,경상사고,0,0,4,0,차대차 - 추돌,안전운전불이행,건조,맑음,단일로 - 지하차도(도로)내,승용,남,26세,상해없음,승용,남,50세,경상
2018101300100469,2018년 10월 13일 18시,토요일,부산광역시 사상구 학장동,부상신고사고,0,0,0,6,차대차 - 측면충돌,차로위반,건조,맑음,단일로 - 기타,승용,남,64세,부상신고,승용,남,39세,부상신고
2018101300100506,2018년 10월 13일 19시,토요일,부산광역시 동래구 온천동,부상신고사고,0,0,0,1,차대차 - 측면충돌,안전운전불이행,건조,맑음,교차로 - 교차로안,이륜,남,49세,부상신고,승용,남,36세,상해없음
2018101300100507,2018년 10월 13일 19시,토요일,부산광역시 해운대구 우동,경상사고,0,0,1,0,차대차 - 측면충돌,안전운전불이행,건조,맑음,교차로 - 교차로부근,승용,여,41세,상해없음,승용,남,30세,경상
2018101300100508,2018년 10월 13일 19시,토요일,부산광역시 사하구 당리동,경상사고,0,0,1,0,차대차 - 기타,안전운전불이행,건조,맑음,교차로 - 교차로부근,화물,남,54세,상해없음,승용,여,51세,경상
2018101300100542,2018년 10월 13일 20시,토요일,부산광역시 사상구 괘법동,부상신고사고,0,0,0,1,차대사람 - 기타,안전운전불이행,건조,맑음,단일로 - 기타,승용,남,41세,상해없음,보행자,남,48세,부상신고
2018101300100543,2018년 10월 13일 20시,토요일,부산광역시 사상구 괘법동,부상신고사고,0,0,0,1,차대차 - 측면충돌,안전운전불이행,건조,맑음,단일로 - 기타,원동기,남,22세,부상신고,승용,남,29세,상해없음
2018101300100593,2018년 10월 13일 22시,토요일,부산광역시 서구 초장동,경상사고,0,0,1,0,차대사람 - 횡단중,안전운전불이행,건조,맑음,교차로 - 교차로안,승용,남,63세,상해없음,보행자,남,36세,경상
2018101400100060,2018년 10월 14일 05시,일요일,부산광역시 금정구 남산동,경상사고,0,0,1,1,차대차 - 추돌,교차로운행방법위반,건조,맑음,교차로 - 교차로안,승용,여,52세,상해없음,승용,남,60세,경상
2018101400100068,2018년 10월 14일 06시,일요일,부산광역시 동구 초량동,경상사고,0,0,1,0,차대차 - 측면충돌,중앙선침범,건조,맑음,단일로 - 기타,기타불명,기타불명,미분류,기타불명,이륜,남,60세,경상
2018101400100091,2018년 10월 14일 08시,일요일,부산광역시 사하구 하단동,부상신고사고,0,0,0,1,차대차 - 측면충돌,안전운전불이행,건조,맑음,교차로 - 교차로부근,자전거,여,27세,부상신고,승용,여,42세,상해없음
2018101400100092,2018년 10월 14일 08시,일요일,부산광역시 수영구 수영동,중상사고,0,1,0,0,차대차 - 측면충돌,안전운전불이행,건조,맑음,단일로 - 기타,자전거,남,55세,상해없음,자전거,여,58세,중상
2018101400100105,2018년 10월 14일 09시,일요일,부산광역시 부산진구 가야동,경상사고,0,0,3,0,차대차 - 추돌,안전운전불이행,건조,맑음,단일로 - 교량,승용,남,55세,상해없음,승용,남,49세,경상
2018101400100118,2018년 10월 14일 10시,일요일,부산광역시 해운대구 좌동,부상신고사고,0,0,0,1,차대차 - 추돌,안전운전불이행,건조,맑음,교차로 - 교차로횡단보도내,기타불명,기타불명,미분류,기타불명,자전거,남,13세,부상신고
2018101400100137,2018년 10월 14일 11시,일요일,부산광역시 북구 만덕동,경상사고,0,0,1,0,차량단독 - 기타,기타,건조,맑음,단일로 - 기타,승합,남,58세,상해없음,,,,
2018101400100138,2018년 10월 14일 11시,일요일,부산광역시 수영구 광안동,경상사고,0,0,1,0,차대차 - 측면충돌,교차로운행방법위반,건조,맑음,교차로 - 교차로안,승용,남,25세,상해없음,승용,남,57세,경상
2018101400100181,2018년 10월 14일 13시,일요일,부산광역시 서구 서대신동2가,중상사고,0,1,0,0,차대차 - 측면충돌,교차로운행방법위반,건조,맑음,단일로 - 기타,승용,남,31세,상해없음,원동기,남,23세,중상
2018101400100212,2018년 10월 14일 14시,일요일,부산광역시 연제구 연산동,중상사고,0,1,5,1,차대차 - 추돌,안전거리미확보,건조,맑음,교차로 - 교차로부근,승용,여,58세,상해없음,승용,남,70세,경상
2018101400100237,2018년 10월 14일 15시,일요일,부산광역시 북구 구포동,경상사고,0,0,1,0,차대차 - 기타,안전거리미확보,건조,맑음,단일로 - 지하차도(도로)내,승용,남,54세,상해없음,승합,남,52세,상해없음
2018101400100238,2018년 10월 14일 15시,일요일,부산광역시 부산진구 범천동,경상사고,0,0,1,0,차대차 - 추돌,안전거리미확보,건조,맑음,단일로 - 기타,승용,남,66세,상해없음,승용,여,32세,경상
2018101400100239,2018년 10월 14일 15시,일요일,부산광역시 금정구 장전동,경상사고,0,0,1,0,차대차 - 기타,안전운전불이행,건조,맑음,교차로 - 교차로안,승용,남,66세,상해없음,승용,남,42세,경상
2018101400100240,2018년 10월 14일 15시,일요일,부산광역시 사상구 삼락동,부상신고사고,0,0,0,1,차대사람 - 기타,안전운전불이행,건조,맑음,교차로 - 교차로안,이륜,남,15세,상해없음,보행자,여,18세,부상신고
2018101400100272,2018년 10월 14일 16시,일요일,부산광역시 강서구 명지동,경상사고,0,0,2,0,차대차 - 기타,차로위반,건조,맑음,교차로 - 교차로부근,승용,여,27세,경상,승용,여,31세,경상
2018101400100332,2018년 10월 14일 18시,일요일,부산광역시 해운대구 우동,경상사고,0,0,1,0,차대차 - 기타,안전운전불이행,건조,맑음,단일로 - 기타,기타불명,기타불명,미분류,기타불명,자전거,남,17세,경상
2018101400100374,2018년 10월 14일 19시,일요일,부산광역시 동래구 명륜동,부상신고사고,0,0,0,1,차대차 - 측면충돌,안전운전불이행,건조,맑음,단일로 - 기타,이륜,남,38세,부상신고,승합,남,47세,상해없음
2018101400100375,2018년 10월 14일 19시,일요일,부산광역시 부산진구 개금동,경상사고,0,0,2,0,차대차 - 추돌,안전거리미확보,건조,맑음,단일로 - 기타,승용,남,23세,상해없음,승용,남,23세,상해없음
2018101400100406,2018년 10월 14일 20시,일요일,부산광역시 동래구 온천동,중상사고,0,1,1,0,차대차 - 기타,안전운전불이행,건조,맑음,단일로 - 기타,승용,남,48세,상해없음,이륜,남,29세,경상
2018101400100407,2018년 10월 14일 20시,일요일,부산광역시 기장군 일광면,경상사고,0,0,2,0,차대차 - 측면충돌,직진우회전진행방해,건조,맑음,교차로 - 교차로안,승용,남,59세,상해없음,승용,남,34세,경상
2018101500100014,2018년 10월 15일 01시,월요일,부산광역시 부산진구 초읍동,중상사고,0,1,0,0,차대사람 - 기타,안전운전불이행,건조,맑음,교차로 - 교차로안,승용,남,74세,상해없음,보행자,남,60세,중상
2018101500100027,2018년 10월 15일 05시,월요일,부산광역시 중구 중앙동7가,경상사고,0,0,1,0,차량단독 - 공작물충돌,안전운전불이행,건조,맑음,단일로 - 교량,이륜,남,27세,상해없음,,,,
2018101500100058,2018년 10월 15일 07시,월요일,부산광역시 중구 영주동,부상신고사고,0,0,0,1,차대차 - 추돌,안전거리미확보,건조,맑음,단일로 - 기타,승용,남,68세,상해없음,승용,남,61세,상해없음
2018101500100059,2018년 10월 15일 07시,월요일,부산광역시 사상구 엄궁동,경상사고,0,0,1,0,차대사람 - 횡단중,보행자보호의무위반,건조,맑음,단일로 - 지하차도(도로)내,승용,남,41세,상해없음,보행자,여,61세,경상
2018101500100085,2018년 10월 15일 08시,월요일,부산광역시 사상구 모라동,경상사고,0,0,1,0,차대사람 - 기타,안전운전불이행,건조,맑음,단일로 - 기타,승용,남,70세,상해없음,보행자,남,68세,경상
2018101500100121,2018년 10월 15일 09시,월요일,부산광역시 중구 중앙동4가,경상사고,0,0,1,0,차대차 - 측면충돌,안전운전불이행,건조,맑음,단일로 - 기타,화물,남,56세,상해없음,승용,남,61세,경상
2018101500100122,2018년 10월 15일 09시,월요일,부산광역시 금정구 부곡동,부상신고사고,0,0,0,1,차대차 - 기타,안전운전불이행,건조,맑음,단일로 - 기타,승용,남,67세,상해없음,자전거,남,57세,부상신고
2018101500100183,2018년 10월 15일 11시,월요일,부산광역시 북구 구포동,중상사고,0,2,0,0,차대차 - 기타,직진우회전진행방해,건조,맑음,교차로 - 교차로안,승용,여,37세,상해없음,이륜,남,70세,중상
2018101500100184,2018년 10월 15일 11시,월요일,부산광역시 부산진구 부전동,중상사고,0,1,0,0,차대차 - 기타,안전운전불이행,건조,맑음,단일로 - 기타,이륜,남,41세,중상,승용,남,62세,상해없음
2018101500100209,2018년 10월 15일 12시,월요일,부산광역시 남구 우암동,중상사고,0,1,0,0,차대사람 - 횡단중,보행자보호의무위반,건조,맑음,교차로 - 교차로횡단보도내,승용,남,66세,상해없음,보행자,남,71세,중상
2018101500100234,2018년 10월 15일 13시,월요일,부산광역시 동구 초량동,중상사고,0,1,0,0,차대차 - 기타,신호위반,건조,맑음,단일로 - 기타,승합,남,52세,상해없음,이륜,남,35세,중상
2018101500100235,2018년 10월 15일 13시,월요일,부산광역시 연제구 거제동,경상사고,0,0,1,0,차대차 - 측면충돌,안전거리미확보,건조,맑음,단일로 - 기타,승용,남,71세,상해없음,승용,여,50세,경상
2018101500100266,2018년 10월 15일 14시,월요일,부산광역시 남구 대연동,중상사고,0,1,0,0,차대차 - 측면충돌,신호위반,건조,맑음,교차로 - 교차로안,자전거,남,81세,중상,승합,남,48세,상해없음
2018101500100306,2018년 10월 15일 15시,월요일,부산광역시 북구 덕천동,중상사고,0,1,1,0,차대차 - 측면충돌,기타,건조,맑음,교차로 - 교차로부근,승용,남,51세,상해없음,원동기,남,50세,경상
2018101500100307,2018년 10월 15일 15시,월요일,부산광역시 강서구 대저1동,경상사고,0,0,1,0,차대차 - 추돌,안전거리미확보,건조,맑음,단일로 - 기타,화물,남,44세,상해없음,승용,남,63세,경상
2018101500100308,2018년 10월 15일 15시,월요일,부산광역시 사상구 괘법동,중상사고,0,1,0,0,차대사람 - 기타,안전운전불이행,건조,맑음,교차로 - 교차로안,화물,여,49세,상해없음,보행자,여,80세,중상
2018101500100374,2018년 10월 15일 17시,월요일,부산광역시 금정구 서동,중상사고,0,1,0,0,차대사람 - 횡단중,보행자보호의무위반,건조,맑음,교차로 - 교차로안,이륜,남,47세,상해없음,보행자,여,65세,중상
2018101500100375,2018년 10월 15일 17시,월요일,부산광역시 기장군 기장읍,경상사고,0,0,1,0,차대차 - 추돌,안전운전불이행,건조,맑음,단일로 - 기타,승용,여,56세,상해없음,승용,남,43세,경상
2018101500100414,2018년 10월 15일 18시,월요일,부산광역시 해운대구 반여동,경상사고,0,0,1,0,차대사람 - 기타,안전운전불이행,건조,맑음,단일로 - 기타,이륜,남,29세,기타불명,보행자,남,23세,경상
2018101500100415,2018년 10월 15일 18시,월요일,부산광역시 사하구 신평동,경상사고,0,0,1,0,차대차 - 측면충돌,안전거리미확보,건조,맑음,단일로 - 기타,승용,남,69세,상해없음,이륜,남,19세,경상
2018101500100416,2018년 10월 15일 18시,월요일,부산광역시 연제구 연산동,경상사고,0,0,1,0,차대차 - 측면충돌,신호위반,건조,맑음,교차로 - 교차로안,승용,여,59세,상해없음,화물,남,36세,경상
2018101500100417,2018년 10월 15일 18시,월요일,부산광역시 강서구 명지동,중상사고,0,1,0,0,차대차 - 측면충돌,차로위반,건조,맑음,단일로 - 기타,승용,여,44세,상해없음,이륜,남,35세,중상
2018101500100418,2018년 10월 15일 18시,월요일,부산광역시 사상구 괘법동,경상사고,0,0,1,0,차대차 - 측면충돌,안전운전불이행,건조,맑음,단일로 - 기타,승용,남,57세,상해없음,승용,여,47세,경상
2018101500100471,2018년 10월 15일 19시,월요일,부산광역시 동래구 사직동,중상사고,0,1,0,0,차대사람 - 기타,안전운전불이행,건조,맑음,단일로 - 기타,승용,남,46세,상해없음,보행자,남,57세,중상
2018101500100472,2018년 10월 15일 19시,월요일,부산광역시 부산진구 개금동,경상사고,0,0,1,0,차대차 - 기타,안전운전불이행,건조,맑음,단일로 - 기타,승용,남,51세,상해없음,화물,남,62세,경상
2018101500100514,2018년 10월 15일 20시,월요일,부산광역시 부산진구 전포동,경상사고,0,0,1,0,차대차 - 기타,안전운전불이행,건조,맑음,교차로 - 교차로안,승용,남,59세,상해없음,승용,남,66세,경상
2018101500100515,2018년 10월 15일 20시,월요일,부산광역시 강서구 명지동,중상사고,0,1,0,0,차대차 - 측면충돌,안전운전불이행,건조,맑음,교차로 - 교차로부근,승용,남,25세,상해없음,승용,남,44세,중상
2018101500100539,2018년 10월 15일 21시,월요일,부산광역시 금정구 장전동,경상사고,0,0,1,0,차대사람 - 횡단중,보행자보호의무위반,건조,맑음,단일로 - 기타,화물,남,62세,상해없음,보행자,여,39세,경상
2018101500100563,2018년 10월 15일 22시,월요일,부산광역시 해운대구 좌동,경상사고,0,0,2,0,차대차 - 추돌,안전운전불이행,건조,맑음,단일로 - 기타,화물,남,62세,상해없음,승용,남,30세,경상
2018101500100586,2018년 10월 15일 23시,월요일,부산광역시 중구 보수동1가,중상사고,0,1,0,0,차대사람 - 횡단중,안전운전불이행,건조,맑음,단일로 - 기타,승용,남,54세,상해없음,보행자,여,33세,중상
2018101600100025,2018년 10월 16일 02시,화요일,부산광역시 사하구 괴정동,경상사고,0,0,3,0,차대차 - 측면충돌,신호위반,건조,맑음,교차로 - 교차로안,승용,남,60세,상해없음,승용,남,21세,경상
2018101600100035,2018년 10월 16일 03시,화요일,부산광역시 서구 토성동4가,중상사고,0,1,1,0,차대차 - 측면충돌,교차로운행방법위반,건조,맑음,교차로 - 교차로안,승용,남,62세,상해없음,승용,남,24세,경상
2018101600100086,2018년 10월 16일 08시,화요일,부산광역시 중구 중앙동6가,중상사고,0,1,0,0,차대차 - 측면충돌,안전운전불이행,건조,맑음,단일로 - 기타,승용,남,29세,상해없음,이륜,남,24세,중상
2018101600100087,2018년 10월 16일 08시,화요일,부산광역시 중구 대청동1가,경상사고,0,0,1,0,차대사람 - 횡단중,안전운전불이행,건조,맑음,기타 - 기타,승용,남,38세,상해없음,보행자,여,34세,경상
2018101600100153,2018년 10월 16일 10시,화요일,부산광역시 동구 초량동,중상사고,0,1,0,0,차대사람 - 기타,안전운전불이행,건조,맑음,단일로 - 기타,승합,남,59세,상해없음,보행자,남,75세,중상
2018101600100154,2018년 10월 16일 10시,화요일,부산광역시 남구 용호동,경상사고,0,0,1,0,차대차 - 측면충돌,교차로운행방법위반,건조,맑음,교차로 - 교차로안,승용,여,43세,상해없음,자전거,남,23세,경상
2018101600100155,2018년 10월 16일 10시,화요일,부산광역시 남구 우암동,경상사고,0,0,1,0,차대차 - 측면충돌,교차로운행방법위반,건조,맑음,단일로 - 기타,화물,남,26세,상해없음,승용,남,60세,경상
2018101600100184,2018년 10월 16일 11시,화요일,부산광역시 사상구 괘법동,중상사고,0,1,0,2,차대차 - 기타,차로위반,건조,맑음,교차로 - 교차로부근,승용,여,46세,기타불명,화물,남,37세,부상신고
2018101600100211,2018년 10월 16일 12시,화요일,부산광역시 북구 구포동,중상사고,0,1,0,0,차대차 - 추돌,안전운전불이행,건조,맑음,단일로 - 기타,화물,남,37세,상해없음,이륜,남,24세,중상
2018101600100212,2018년 10월 16일 12시,화요일,부산광역시 동래구 수안동,경상사고,0,0,1,0,차대사람 - 기타,안전운전불이행,건조,맑음,단일로 - 기타,승용,여,54세,상해없음,보행자,여,54세,경상
2018101600100213,2018년 10월 16일 12시,화요일,부산광역시 부산진구 양정동,경상사고,0,0,1,0,차대차 - 측면충돌,안전거리미확보,건조,맑음,단일로 - 기타,원동기,남,20세,경상,승용,여,36세,상해없음
2018101600100279,2018년 10월 16일 14시,화요일,부산광역시 부산진구 부전동,중상사고,0,1,0,0,차대사람 - 차도통행중,안전운전불이행,건조,맑음,단일로 - 기타,이륜,남,27세,상해없음,보행자,여,71세,중상
2018101600100306,2018년 10월 16일 15시,화요일,부산광역시 해운대구 반여동,경상사고,0,0,1,0,차대사람 - 길가장자리구역통행중,안전운전불이행,건조,맑음,단일로 - 기타,승용,여,69세,상해없음,보행자,남,61세,경상
2018101600100307,2018년 10월 16일 15시,화요일,부산광역시 해운대구 좌동,경상사고,0,0,2,0,차대차 - 기타,안전운전불이행,건조,맑음,교차로 - 교차로안,승용,여,43세,상해없음,화물,남,23세,경상
2018101600100342,2018년 10월 16일 16시,화요일,부산광역시 동구 범일동,경상사고,0,0,1,0,차대차 - 측면충돌,안전운전불이행,건조,맑음,교차로 - 교차로부근,승용,남,45세,상해없음,승용,남,31세,경상
2018101600100343,2018년 10월 16일 16시,화요일,부산광역시 남구 대연동,경상사고,0,0,1,0,차대사람 - 횡단중,안전운전불이행,건조,맑음,교차로 - 교차로부근,승용,남,72세,상해없음,보행자,여,16세,경상
2018101600100345,2018년 10월 16일 16시,화요일,부산광역시 사상구 모라동,경상사고,0,0,1,0,차대사람 - 기타,교차로운행방법위반,건조,맑음,교차로 - 교차로안,화물,남,33세,상해없음,보행자,여,81세,경상
2018101600100346,2018년 10월 16일 16시,화요일,부산광역시 사상구 감전동,경상사고,0,0,2,0,차대차 - 측면충돌,안전운전불이행,건조,맑음,단일로 - 지하차도(도로)내,승용,남,40세,상해없음,승용,남,57세,경상
2018101600100347,2018년 10월 16일 16시,화요일,부산광역시 기장군 정관읍,경상사고,0,0,1,0,차대사람 - 기타,안전운전불이행,건조,맑음,교차로 - 교차로부근,승용,여,38세,상해없음,보행자,남,9세,경상
2018101600100389,2018년 10월 16일 17시,화요일,부산광역시 연제구 연산동,경상사고,0,0,1,0,차대사람 - 보도통행중,기타,건조,맑음,단일로 - 기타,승용,남,35세,상해없음,보행자,여,14세,경상
2018101600100427,2018년 10월 16일 18시,화요일,부산광역시 북구 구포동,중상사고,0,1,0,0,차대차 - 측면충돌,신호위반,건조,맑음,교차로 - 교차로안,승용,남,34세,상해없음,이륜,남,28세,중상
2018101600100428,2018년 10월 16일 18시,화요일,부산광역시 동래구 온천동,경상사고,0,0,1,0,차대차 - 측면충돌,교차로운행방법위반,건조,맑음,교차로 - 교차로안,원동기,남,59세,경상,승용,남,34세,상해없음