사고번호,사고일시,요일,시군구,사고내용,사망자수,중상자수,경상자수,부상신고자수,사고유형,법규위반,노면상태,기상상태,도로형태,가해운전자 차종,가해운전자 성별,가해운전자 연령,가해운전자 상해정도,피해운전자 차종,피해운전자 성별,피해운전자 연령,피해운전자 상해정도
2018101600100429,2018년 10월 16일 18시,화요일,부산광역시 해운대구 반송동,경상사고,0,0,1,0,차대사람 - 기타,보행자보호의무위반,건조,맑음,단일로 - 기타,승용,여,54세,상해없음,보행자,남,66세,경상
2018101600100430,2018년 10월 16일 18시,화요일,부산광역시 부산진구 양정동,중상사고,0,1,0,0,차대사람 - 길가장자리구역통행중,안전운전불이행,건조,맑음,단일로 - 기타,승용,남,41세,상해없음,보행자,여,20세,중상
2018101600100431,2018년 10월 16일 18시,화요일,부산광역시 부산진구 양정동,중상사고,0,1,0,0,차대사람 - 차도통행중,안전운전불이행,건조,맑음,교차로 - 교차로안,승용,남,49세,상해없음,보행자,남,59세,중상
2018101600100432,2018년 10월 16일 18시,화요일,부산광역시 금정구 금사동,경상사고,0,0,1,0,차대사람 - 길가장자리구역통행중,안전운전불이행,건조,맑음,교차로 - 교차로부근,승용,남,64세,상해없음,보행자,여,55세,경상
2018101600100433,2018년 10월 16일 18시,화요일,부산광역시 연제구 거제동,경상사고,0,0,1,0,차대차 - 측면충돌,안전운전불이행,건조,맑음,단일로 - 기타,이륜,남,56세,상해없음,자전거,남,26세,경상
2018101600100434,2018년 10월 16일 18시,화요일,부산광역시 강서구 송정동,경상사고,0,0,1,0,차대차 - 정면충돌,중앙선침범,건조,맑음,기타 - 기타,이륜,여,21세,경상,승용,남,43세,상해없음
2018101600100498,2018년 10월 16일 19시,화요일,부산광역시 사하구 당리동,중상사고,0,1,0,0,차대차 - 추돌,안전운전불이행,건조,맑음,단일로 - 기타,승용,남,63세,상해없음,승용,남,28세,중상
2018101600100499,2018년 10월 16일 19시,화요일,부산광역시 사상구 덕포동,경상사고,0,0,1,0,차대차 - 기타,안전운전불이행,건조,맑음,교차로 - 교차로안,승용,남,55세,상해없음,승용,남,74세,상해없음
2018101600100591,2018년 10월 16일 22시,화요일,부산광역시 강서구 지사동,경상사고,0,0,1,0,차대차 - 측면충돌,안전운전불이행,건조,맑음,교차로 - 교차로부근,승용,남,36세,상해없음,승합,여,30세,경상
2018101600100600,2018년 10월 16일 23시,화요일,부산광역시 연제구 연산동,경상사고,0,0,1,0,차대차 - 측면충돌,안전운전불이행,건조,맑음,교차로 - 교차로부근,승용,여,35세,상해없음,승용,남,59세,경상
2018101700100004,2018년 10월 17일 00시,수요일,부산광역시 남구 대연동,경상사고,0,0,2,0,차대차 - 추돌,안전운전불이행,건조,맑음,단일로 - 기타,승용,남,24세,상해없음,승용,남,46세,경상
2018101700100009,2018년 10월 17일 01시,수요일,부산광역시 서구 토성동4가,중상사고,0,1,0,0,차대차 - 측면충돌,안전거리미확보,건조,맑음,단일로 - 기타,승용,남,71세,상해없음,이륜,남,39세,중상
2018101700100010,2018년 10월 17일 01시,수요일,부산광역시 서구 서대신동1가,경상사고,0,0,3,0,차대차 - 정면충돌,신호위반,건조,맑음,교차로 - 교차로안,승용,남,45세,상해없음,승용,남,64세,경상
2018101700100051,2018년 10월 17일 06시,수요일,부산광역시 동구 범일동,경상사고,0,0,1,0,차대사람 - 차도통행중,안전운전불이행,건조,맑음,단일로 - 기타,승용,남,70세,상해없음,보행자,여,78세,경상
2018101700100052,2018년 10월 17일 06시,수요일,부산광역시 사상구 모라동,경상사고,0,0,1,0,차대사람 - 기타,안전운전불이행,건조,흐림,단일로 - 기타,승합,남,38세,상해없음,보행자,남,63세,경상
2018101700100086,2018년 10월 17일 08시,수요일,부산광역시 동구 초량동,중상사고,0,1,0,0,차대차 - 추돌,직진우회전진행방해,건조,맑음,교차로 - 교차로안,승용,남,50세,상해없음,승용,여,19세,중상
2018101700100088,2018년 10월 17일 08시,수요일,부산광역시 해운대구 우동,중상사고,0,1,0,0,차대차 - 측면충돌,불법유턴,건조,맑음,단일로 - 기타,자전거,여,61세,중상,승용,남,82세,상해없음
2018101700100128,2018년 10월 17일 09시,수요일,부산광역시 동래구 명장동,중상사고,0,1,0,0,차대사람 - 횡단중,안전운전불이행,건조,맑음,교차로 - 교차로안,승용,여,38세,상해없음,보행자,여,79세,중상
2018101700100193,2018년 10월 17일 11시,수요일,부산광역시 해운대구 반송동,중상사고,0,1,0,0,차대사람 - 횡단중,보행자보호의무위반,건조,맑음,교차로 - 교차로횡단보도내,승용,여,43세,상해없음,보행자,여,81세,중상
2018101700100194,2018년 10월 17일 11시,수요일,부산광역시 부산진구 가야동,경상사고,0,0,1,0,차대사람 - 기타,안전운전불이행,건조,맑음,단일로 - 기타,승용,여,31세,상해없음,보행자,여,86세,경상
2018101700100195,2018년 10월 17일 11시,수요일,부산광역시 사하구 다대동,중상사고,0,1,1,0,차대차 - 측면충돌,안전운전불이행,건조,맑음,단일로 - 기타,화물,남,69세,상해없음,화물,남,82세,경상
2018101700100196,2018년 10월 17일 11시,수요일,부산광역시 사상구 삼락동,경상사고,0,0,1,0,차대차 - 측면충돌,안전거리미확보,건조,맑음,단일로 - 기타,화물,남,66세,상해없음,승용,여,65세,경상
2018101700100260,2018년 10월 17일 13시,수요일,부산광역시 부산진구 부전동,중상사고,0,1,0,0,차대사람 - 기타,안전운전불이행,건조,맑음,단일로 - 기타,승용,남,44세,상해없음,보행자,남,56세,중상
2018101700100261,2018년 10월 17일 13시,수요일,부산광역시 기장군 일광면,사망사고,1,0,5,0,차대차 - 추돌,안전운전불이행,건조,맑음,단일로 - 기타,화물,남,60세,사망,화물,남,26세,경상
2018101700100305,2018년 10월 17일 14시,수요일,부산광역시 남구 용호동,경상사고,0,0,2,0,차대차 - 측면충돌,안전거리미확보,건조,맑음,교차로 - 교차로안,승용,여,61세,상해없음,승합,남,25세,경상
2018101700100307,2018년 10월 17일 14시,수요일,부산광역시 동래구 안락동,중상사고,0,1,0,0,차대사람 - 횡단중,보행자보호의무위반,건조,맑음,교차로 - 교차로횡단보도내,이륜,남,48세,상해없음,보행자,여,55세,중상
2018101700100308,2018년 10월 17일 14시,수요일,부산광역시 금정구 노포동,중상사고,0,1,0,0,차대사람 - 횡단중,안전운전불이행,건조,맑음,단일로 - 기타,화물,남,43세,상해없음,보행자,여,77세,중상
2018101700100309,2018년 10월 17일 14시,수요일,부산광역시 연제구 거제동,중상사고,0,1,0,0,차대차 - 기타,신호위반,건조,맑음,교차로 - 교차로안,승용,여,54세,상해없음,이륜,남,41세,중상
2018101700100310,2018년 10월 17일 14시,수요일,부산광역시 기장군 정관읍,경상사고,0,0,1,0,차대차 - 기타,차로위반,건조,맑음,단일로 - 기타,승용,여,59세,상해없음,건설기계,남,62세,경상
2018101700100359,2018년 10월 17일 15시,수요일,부산광역시 사하구 당리동,경상사고,0,0,1,0,차대사람 - 횡단중,신호위반,건조,맑음,교차로 - 교차로부근,이륜,남,33세,상해없음,보행자,여,29세,경상
2018101700100360,2018년 10월 17일 15시,수요일,부산광역시 수영구 망미동,경상사고,0,0,1,0,차대차 - 추돌,안전거리미확보,건조,맑음,교차로 - 교차로부근,승용,남,22세,상해없음,화물,남,43세,경상
2018101700100399,2018년 10월 17일 16시,수요일,부산광역시 동래구 안락동,경상사고,0,0,2,0,차대차 - 측면충돌,안전운전불이행,건조,맑음,교차로 - 교차로안,화물,남,44세,상해없음,승용,여,29세,경상
2018101700100400,2018년 10월 17일 16시,수요일,부산광역시 해운대구 반송동,중상사고,0,1,0,0,차대사람 - 횡단중,안전운전불이행,건조,맑음,기타 - 기타,승용,남,63세,상해없음,보행자,여,74세,중상
2018101700100401,2018년 10월 17일 16시,수요일,부산광역시 부산진구 범천동,중상사고,0,1,1,0,차대차 - 추돌,안전운전불이행,건조,맑음,단일로 - 기타,승용,남,58세,상해없음,이륜,남,38세,경상
2018101700100446,2018년 10월 17일 17시,수요일,부산광역시 수영구 남천동,경상사고,0,0,1,0,차대차 - 기타,안전운전불이행,건조,맑음,단일로 - 기타,승용,남,81세,상해없음,이륜,남,36세,경상
2018101700100447,2018년 10월 17일 17시,수요일,부산광역시 해운대구 우동,경상사고,0,0,1,0,차대차 - 정면충돌,안전운전불이행,건조,맑음,교차로 - 교차로안,승용,남,61세,상해없음,승용,남,53세,경상
2018101700100448,2018년 10월 17일 17시,수요일,부산광역시 해운대구 우동,경상사고,0,0,1,0,차대차 - 추돌,안전거리미확보,건조,맑음,단일로 - 기타,승용,남,45세,상해없음,화물,남,48세,경상
2018101700100449,2018년 10월 17일 17시,수요일,부산광역시 금정구 부곡동,경상사고,0,0,1,0,차대사람 - 기타,안전운전불이행,건조,맑음,단일로 - 기타,승용,여,65세,상해없음,보행자,여,25세,경상
2018101700100450,2018년 10월 17일 17시,수요일,부산광역시 사하구 하단동,경상사고,0,0,1,0,차대사람 - 기타,안전운전불이행,건조,맑음,단일로 - 기타,승용,남,30세,상해없음,보행자,여,21세,경상
2018101700100493,2018년 10월 17일 18시,수요일,부산광역시 사하구 장림동,경상사고,0,0,1,0,차대사람 - 횡단중,보행자보호의무위반,건조,맑음,단일로 - 기타,승용,여,35세,상해없음,보행자,남,62세,경상
2018101700100583,2018년 10월 17일 20시,수요일,부산광역시 서구 동대신동1가,중상사고,0,1,0,0,차대사람 - 횡단중,신호위반,건조,맑음,교차로 - 교차로부근,기타불명,기타불명,미분류,기타불명,보행자,여,24세,중상
2018101700100584,2018년 10월 17일 20시,수요일,부산광역시 해운대구 우동,중상사고,0,1,0,0,차대차 - 기타,안전거리미확보,건조,맑음,단일로 - 기타,승용,남,57세,상해없음,이륜,여,31세,중상
2018101700100614,2018년 10월 17일 21시,수요일,부산광역시 강서구 대저2동,경상사고,0,0,1,0,차대차 - 측면충돌,신호위반,건조,맑음,교차로 - 교차로횡단보도내,자전거,남,20세,경상,승용,여,61세,상해없음
2018101700100639,2018년 10월 17일 22시,수요일,부산광역시 수영구 수영동,경상사고,0,0,2,0,차대차 - 기타,안전운전불이행,건조,맑음,교차로 - 교차로안,승용,남,35세,상해없음,승용,여,56세,경상
2018101800100006,2018년 10월 18일 00시,목요일,부산광역시 동래구 온천동,중상사고,0,2,0,0,차대차 - 추돌,안전운전불이행,건조,맑음,단일로 - 기타,승용,남,39세,상해없음,승용,여,54세,중상
2018101800100028,2018년 10월 18일 02시,목요일,부산광역시 동래구 온천동,경상사고,0,0,1,0,차대사람 - 차도통행중,안전운전불이행,건조,맑음,단일로 - 기타,승용,남,64세,상해없음,보행자,남,18세,경상
2018101800100029,2018년 10월 18일 02시,목요일,부산광역시 부산진구 양정동,중상사고,0,1,0,0,차대사람 - 기타,안전운전불이행,건조,맑음,교차로 - 교차로안,승용,남,30세,상해없음,보행자,남,22세,중상
2018101800100067,2018년 10월 18일 07시,목요일,부산광역시 부산진구 부전동,경상사고,0,0,4,0,차대차 - 기타,신호위반,건조,맑음,교차로 - 교차로안,승용,남,27세,상해없음,승용,남,50세,경상
2018101800100091,2018년 10월 18일 08시,목요일,부산광역시 남구 우암동,부상신고사고,0,0,0,2,차대차 - 기타,교차로운행방법위반,건조,맑음,교차로 - 교차로안,승용,여,48세,상해없음,이륜,남,16세,부상신고
2018101800100092,2018년 10월 18일 08시,목요일,부산광역시 금정구 구서동,중상사고,0,1,0,0,차대차 - 측면충돌,신호위반,건조,맑음,교차로 - 교차로안,승용,여,47세,상해없음,이륜,남,54세,중상
2018101800100093,2018년 10월 18일 08시,목요일,부산광역시 금정구 장전동,중상사고,0,1,0,0,차대사람 - 기타,안전운전불이행,건조,맑음,단일로 - 기타,승용,여,23세,상해없음,보행자,여,22세,중상
2018101800100094,2018년 10월 18일 08시,목요일,부산광역시 사상구 엄궁동,경상사고,0,0,1,0,차대차 - 측면충돌,안전거리미확보,건조,맑음,단일로 - 기타,화물,남,51세,상해없음,승용,남,47세,경상
2018101800100143,2018년 10월 18일 09시,목요일,부산광역시 남구 대연동,경상사고,0,0,1,0,차대차 - 기타,안전운전불이행,건조,맑음,교차로 - 교차로부근,승합,남,42세,상해없음,승용,여,59세,상해없음
2018101800100144,2018년 10월 18일 09시,목요일,부산광역시 영도구 남항동1가,중상사고,0,1,0,0,차대사람 - 횡단중,보행자보호의무위반,건조,맑음,단일로 - 기타,승용,여,61세,기타불명,보행자,여,51세,중상
2018101800100145,2018년 10월 18일 09시,목요일,부산광역시 사상구 엄궁동,중상사고,0,1,0,0,차대차 - 측면충돌,안전운전불이행,건조,맑음,교차로 - 교차로안,승용,여,54세,상해없음,자전거,남,74세,중상
2018101800100146,2018년 10월 18일 09시,목요일,부산광역시 사상구 학장동,경상사고,0,0,1,0,차대차 - 기타,안전운전불이행,건조,맑음,교차로 - 교차로안,화물,남,44세,상해없음,승용,남,61세,경상
2018101800100187,2018년 10월 18일 10시,목요일,부산광역시 기장군 철마면,경상사고,0,0,1,0,차대차 - 측면충돌,안전운전불이행,건조,맑음,기타 - 기타,건설기계,남,67세,상해없음,자전거,남,64세,경상
2018101800100216,2018년 10월 18일 11시,목요일,부산광역시 연제구 연산동,경상사고,0,0,1,0,차대차 - 기타,신호위반,건조,맑음,교차로 - 교차로안,승용,남,51세,상해없음,승용,남,69세,상해없음
2018101800100275,2018년 10월 18일 13시,목요일,부산광역시 서구 동대신동1가,경상사고,0,0,1,0,차대차 - 추돌,기타,건조,맑음,단일로 - 터널,이륜,기타불명,미분류,기타불명,이륜,남,61세,경상
2018101800100297,2018년 10월 18일 14시,목요일,부산광역시 사하구 하단동,경상사고,0,0,2,0,차대차 - 측면충돌,신호위반,건조,맑음,교차로 - 교차로안,승용,남,69세,상해없음,승용,남,51세,경상
2018101800100333,2018년 10월 18일 15시,목요일,부산광역시 동구 범일동,경상사고,0,0,1,0,차대차 - 측면충돌,교차로운행방법위반,건조,맑음,교차로 - 교차로안,원동기,남,66세,경상,원동기,남,26세,상해없음
2018101800100334,2018년 10월 18일 15시,목요일,부산광역시 사하구 괴정동,경상사고,0,0,1,0,차대사람 - 기타,안전운전불이행,건조,맑음,단일로 - 기타,승용,남,44세,상해없음,보행자,남,63세,경상
2018101800100385,2018년 10월 18일 16시,목요일,부산광역시 해운대구 반여동,경상사고,0,0,2,0,차대차 - 추돌,안전운전불이행,건조,맑음,교차로 - 교차로부근,승용,여,46세,상해없음,승용,남,35세,경상
2018101800100386,2018년 10월 18일 16시,목요일,부산광역시 사상구 감전동,중상사고,0,2,0,0,차대차 - 측면충돌,교차로운행방법위반,건조,맑음,교차로 - 교차로안,이륜,남,60세,중상,승용,남,66세,상해없음
2018101800100428,2018년 10월 18일 17시,목요일,부산광역시 중구 중앙동4가,경상사고,0,0,1,0,차대차 - 정면충돌,교차로운행방법위반,건조,맑음,교차로 - 교차로안,특수,남,59세,상해없음,승용,여,37세,경상
2018101800100429,2018년 10월 18일 17시,목요일,부산광역시 영도구 영선동2가,중상사고,0,1,0,0,차대차 - 측면충돌,안전운전불이행,건조,맑음,단일로 - 기타,승용,여,38세,상해없음,자전거,남,64세,중상
2018101800100430,2018년 10월 18일 17시,목요일,부산광역시 부산진구 초읍동,경상사고,0,0,1,0,차대차 - 측면충돌,직진우회전진행방해,건조,맑음,교차로 - 교차로안,이륜,남,19세,상해없음,승용,여,32세,경상
2018101800100431,2018년 10월 18일 17시,목요일,부산광역시 수영구 광안동,중상사고,0,1,0,0,차대차 - 측면충돌,기타,건조,맑음,교차로 - 교차로부근,승용,남,58세,상해없음,이륜,남,52세,중상
2018101800100472,2018년 10월 18일 18시,목요일,부산광역시 북구 만덕동,중상사고,0,1,0,0,차대사람 - 횡단중,안전운전불이행,건조,맑음,단일로 - 기타,승용,여,53세,상해없음,보행자,여,71세,중상
2018101800100473,2018년 10월 18일 18시,목요일,부산광역시 해운대구 재송동,경상사고,0,0,1,0,차대차 - 기타,안전거리미확보,건조,맑음,교차로 - 교차로부근,화물,남,75세,상해없음,승합,남,40세,경상
2018101800100474,2018년 10월 18일 18시,목요일,부산광역시 부산진구 양정동,경상사고,0,0,1,0,차대차 - 측면충돌,안전거리미확보,건조,맑음,단일로 - 기타,승용,여,61세,상해없음,승용,남,56세,경상
2018101800100475,2018년 10월 18일 18시,목요일,부산광역시 사하구 하단동,경상사고,0,0,1,0,차대사람 - 횡단중,보행자보호의무위반,건조,맑음,교차로 - 교차로횡단보도내,승용,남,60세,상해없음,보행자,여,25세,경상
2018101800100476,2018년 10월 18일 18시,목요일,부산광역시 수영구 망미동,중상사고,0,1,0,0,차대차 - 측면충돌,안전운전불이행,건조,맑음,교차로 - 교차로안,승합,남,63세,상해없음,이륜,남,60세,중상
2018101800100477,2018년 10월 18일 18시,목요일,부산광역시 강서구 대저1동,경상사고,0,0,1,0,차대사람 - 횡단중,안전운전불이행,건조,맑음,단일로 - 기타,화물,남,58세,상해없음,보행자,여,66세,경상
2018101800100535,2018년 10월 18일 19시,목요일,부산광역시 수영구 광안동,경상사고,0,0,1,0,차대차 - 측면충돌,안전운전불이행,건조,맑음,단일로 - 기타,승용,남,50세,상해없음,자전거,남,68세,경상
2018101800100536,2018년 10월 18일 19시,목요일,부산광역시 남구 대연동,중상사고,0,1,4,1,차대차 - 추돌,신호위반,건조,맑음,교차로 - 교차로안,승용,남,45세,경상,승합,남,38세,상해없음
2018101800100537,2018년 10월 18일 19시,목요일,부산광역시 남구 대연동,경상사고,0,0,1,0,차대차 - 기타,직진우회전진행방해,건조,맑음,교차로 - 교차로안,승합,남,55세,상해없음,승합,남,37세,상해없음
2018101800100538,2018년 10월 18일 19시,목요일,부산광역시 동래구 안락동,경상사고,0,0,1,0,차대차 - 측면충돌,안전운전불이행,건조,맑음,단일로 - 기타,승용,여,37세,상해없음,승용,남,29세,경상
2018101800100539,2018년 10월 18일 19시,목요일,부산광역시 해운대구 반송동,중상사고,0,1,0,0,차대사람 - 횡단중,안전운전불이행,건조,맑음,단일로 - 기타,승용,남,53세,상해없음,보행자,여,61세,중상
2018101800100540,2018년 10월 18일 19시,목요일,부산광역시 해운대구 좌동,경상사고,0,0,3,0,차대차 - 추돌,안전거리미확보,건조,맑음,단일로 - 기타,승용,남,49세,상해없음,승용,여,47세,경상
2018101800100541,2018년 10월 18일 19시,목요일,부산광역시 해운대구 우동,중상사고,0,1,0,0,차대차 - 측면충돌,기타,건조,맑음,교차로 - 교차로횡단보도내,승용,남,30세,상해없음,이륜,남,21세,중상
2018101800100542,2018년 10월 18일 19시,목요일,부산광역시 부산진구 초읍동,중상사고,0,1,0,0,차대차 - 측면충돌,직진우회전진행방해,건조,맑음,교차로 - 교차로안,승용,남,32세,상해없음,이륜,남,39세,중상
2018101800100593,2018년 10월 18일 20시,목요일,부산광역시 동래구 안락동,경상사고,0,0,1,0,차대차 - 추돌,안전운전불이행,건조,맑음,단일로 - 기타,승합,남,54세,상해없음,승용,남,47세,경상
2018101800100594,2018년 10월 18일 20시,목요일,부산광역시 강서구 송정동,경상사고,0,0,1,0,차대차 - 측면충돌,안전거리미확보,건조,맑음,단일로 - 기타,승용,여,43세,상해없음,승용,남,58세,경상
2018101800100620,2018년 10월 18일 21시,목요일,부산광역시 사하구 장림동,중상사고,0,1,0,0,차대차 - 측면충돌,신호위반,건조,맑음,교차로 - 교차로안,승합,남,54세,상해없음,이륜,남,30세,중상
2018101800100621,2018년 10월 18일 21시,목요일,부산광역시 기장군 정관읍,중상사고,0,1,0,0,차대차 - 기타,안전운전불이행,건조,맑음,교차로 - 교차로부근,승용,남,31세,상해없음,이륜,남,23세,중상
2018101800100656,2018년 10월 18일 22시,목요일,부산광역시 북구 화명동,중상사고,0,1,0,0,차대차 - 기타,신호위반,건조,맑음,단일로 - 기타,승용,남,57세,상해없음,이륜,남,18세,중상
2018101800100657,2018년 10월 18일 22시,목요일,부산광역시 동래구 낙민동,경상사고,0,0,1,0,차대차 - 측면충돌,교차로운행방법위반,건조,맑음,교차로 - 교차로안,승용,남,62세,상해없음,이륜,남,18세,경상
2018101800100687,2018년 10월 18일 23시,목요일,부산광역시 금정구 금사동,중상사고,0,1,0,0,차대차 - 추돌,안전거리미확보,건조,맑음,단일로 - 기타,승용,남,28세,상해없음,승용,남,33세,상해없음
2018101900100009,2018년 10월 19일 00시,금요일,부산광역시 사하구 괴정동,경상사고,0,0,1,0,차대사람 - 횡단중,안전운전불이행,건조,맑음,단일로 - 기타,승용,남,31세,상해없음,보행자,남,49세,경상
2018101900100022,2018년 10월 19일 01시,금요일,부산광역시 해운대구 우동,중상사고,0,1,0,0,차대사람 - 기타,안전운전불이행,건조,맑음,단일로 - 기타,승용,남,24세,기타불명,보행자,남,38세,중상
2018101900100023,2018년 10월 19일 01시,금요일,부산광역시 부산진구 전포동,중상사고,0,1,0,0,차대사람 - 기타,안전운전불이행,건조,맑음,단일로 - 기타,승용,남,37세,상해없음,보행자,남,56세,중상
2018101900100035,2018년 10월 19일 02시,금요일,부산광역시 서구 서대신동3가,경상사고,0,0,1,0,차대차 - 측면충돌,과속,건조,맑음,단일로 - 터널,화물,남,53세,상해없음,승용,남,53세,경상
2018101900100036,2018년 10월 19일 02시,금요일,부산광역시 영도구 영선동3가,경상사고,0,0,2,0,차대차 - 측면충돌,직진우회전진행방해,건조,맑음,교차로 - 교차로안,승용,남,58세,상해없음,승용,남,78세,경상
2018101900100043,2018년 10월 19일 03시,금요일,부산광역시 부산진구 개금동,중상사고,0,1,0,0,차대차 - 측면충돌,신호위반,건조,맑음,교차로 - 교차로안,승용,여,36세,상해없음,화물,남,65세,중상
2018101900100047,2018년 10월 19일 04시,금요일,부산광역시 북구 덕천동,경상사고,0,0,2,0,차대차 - 기타,안전거리미확보,건조,맑음,단일로 - 기타,승용,남,24세,상해없음,승용,남,53세,경상
2018101900100061,2018년 10월 19일 06시,금요일,부산광역시 사하구 신평동,중상사고,0,1,0,0,차대사람 - 횡단중,보행자보호의무위반,건조,맑음,교차로 - 교차로안,승용,남,38세,상해없음,보행자,여,66세,중상
2018101900100074,2018년 10월 19일 07시,금요일,부산광역시 영도구 대교동1가,중상사고,0,1,0,0,차대차 - 측면충돌,신호위반,건조,맑음,교차로 - 교차로안,승용,여,67세,상해없음,이륜,남,62세,중상
2018101900100075,2018년 10월 19일 07시,금요일,부산광역시 금정구 구서동,사망사고,1,0,0,0,차대사람 - 기타,안전운전불이행,건조,맑음,단일로 - 기타,승용,남,50세,상해없음,보행자,여,80세,사망
2018101900100076,2018년 10월 19일 07시,금요일,부산광역시 사상구 삼락동,중상사고,0,1,0,0,차대차 - 측면충돌,교차로운행방법위반,건조,맑음,교차로 - 교차로안,이륜,남,61세,중상,화물,남,59세,상해없음
2018101900100110,2018년 10월 19일 08시,금요일,부산광역시 해운대구 우동,경상사고,0,0,1,0,차대차 - 기타,차로위반,건조,맑음,단일로 - 기타,화물,남,74세,상해없음,승합,남,64세,상해없음
2018101900100160,2018년 10월 19일 09시,금요일,부산광역시 북구 덕천동,경상사고,0,0,1,0,차대차 - 측면충돌,안전운전불이행,건조,맑음,단일로 - 기타,화물,남,40세,상해없음,승용,남,49세,경상
2018101900100161,2018년 10월 19일 09시,금요일,부산광역시 금정구 회동동,중상사고,0,2,4,0,차대차 - 추돌,안전운전불이행,건조,맑음,단일로 - 기타,승합,남,60세,상해없음,화물,남,45세,경상
2018101900100190,2018년 10월 19일 10시,금요일,부산광역시 부산진구 전포동,경상사고,0,0,1,0,차대차 - 추돌,안전거리미확보,건조,맑음,단일로 - 기타,화물,남,28세,상해없음,승용,남,52세,경상
2018101900100287,2018년 10월 19일 12시,금요일,부산광역시 중구 남포동6가,중상사고,0,1,0,0,차대사람 - 횡단중,안전운전불이행,건조,맑음,단일로 - 기타,승용,남,56세,상해없음,보행자,여,38세,중상
2018101900100288,2018년 10월 19일 12시,금요일,부산광역시 북구 만덕동,경상사고,0,0,1,0,차대차 - 측면충돌,안전운전불이행,건조,맑음,단일로 - 기타,화물,남,58세,상해없음,승용,여,32세,경상
2018101900100289,2018년 10월 19일 12시,금요일,부산광역시 사하구 당리동,경상사고,0,0,1,0,차대차 - 기타,안전운전불이행,건조,맑음,교차로 - 교차로부근,승용,남,58세,상해없음,이륜,남,30세,경상
2018101900100333,2018년 10월 19일 13시,금요일,부산광역시 동래구 수안동,중상사고,0,1,0,0,차대사람 - 횡단중,안전운전불이행,건조,맑음,단일로 - 기타,승합,남,40세,상해없음,보행자,남,83세,중상
2018101900100334,2018년 10월 19일 13시,금요일,부산광역시 부산진구 개금동,경상사고,0,0,1,0,차대차 - 추돌,안전운전불이행,건조,맑음,단일로 - 기타,승용,남,60세,상해없음,승합,남,50세,경상
2018101900100366,2018년 10월 19일 14시,금요일,부산광역시 금정구 부곡동,중상사고,0,1,0,0,차대차 - 추돌,안전거리미확보,건조,맑음,단일로 - 기타,승용,남,56세,상해없음,승용,여,54세,중상
2018101900100408,2018년 10월 19일 15시,금요일,부산광역시 강서구 대저1동,중상사고,0,1,0,0,차대차 - 기타,안전운전불이행,건조,맑음,교차로 - 교차로부근,승용,여,56세,상해없음,이륜,여,66세,중상
2018101900100459,2018년 10월 19일 16시,금요일,부산광역시 북구 금곡동,경상사고,0,0,1,0,차대차 - 기타,안전운전불이행,건조,맑음,교차로 - 교차로안,승용,남,63세,상해없음,특수,남,24세,경상
2018101900100508,2018년 10월 19일 17시,금요일,부산광역시 해운대구 우동,경상사고,0,0,1,0,차대차 - 추돌,신호위반,건조,맑음,교차로 - 교차로안,승용,남,68세,상해없음,승용,여,32세,경상
2018101900100509,2018년 10월 19일 17시,금요일,부산광역시 수영구 수영동,중상사고,0,1,0,0,차대차 - 측면충돌,교차로운행방법위반,건조,맑음,교차로 - 교차로안,화물,남,42세,상해없음,이륜,남,42세,중상
2018101900100565,2018년 10월 19일 18시,금요일,부산광역시 사상구 덕포동,경상사고,0,0,1,0,차대차 - 기타,안전거리미확보,건조,맑음,교차로 - 교차로부근,이륜,남,20세,경상,화물,여,50세,상해없음
2018101900100566,2018년 10월 19일 18시,금요일,부산광역시 기장군 정관읍,경상사고,0,0,1,0,차대차 - 측면충돌,안전운전불이행,건조,맑음,단일로 - 기타,승용,남,48세,상해없음,이륜,남,37세,경상
2018101900100643,2018년 10월 19일 19시,금요일,부산광역시 부산진구 연지동,경상사고,0,0,1,0,차대차 - 정면충돌,교차로운행방법위반,건조,맑음,교차로 - 교차로안,승용,남,25세,상해없음,이륜,남,44세,경상
2018101900100644,2018년 10월 19일 19시,금요일,부산광역시 금정구 서동,경상사고,0,0,2,0,차대사람 - 횡단중,안전운전불이행,건조,맑음,교차로 - 교차로부근,화물,남,52세,상해없음,보행자,남,38세,경상
2018101900100645,2018년 10월 19일 19시,금요일,부산광역시 사하구 감천동,경상사고,0,0,1,0,차대차 - 측면충돌,안전운전불이행,건조,맑음,단일로 - 지하차도(도로)내,특수,남,51세,상해없음,승용,남,28세,경상
2018101900100692,2018년 10월 19일 20시,금요일,부산광역시 사하구 괴정동,경상사고,0,0,1,0,차대차 - 측면충돌,안전운전불이행,건조,맑음,단일로 - 기타,승용,여,40세,상해없음,승용,남,61세,경상
2018101900100730,2018년 10월 19일 21시,금요일,부산광역시 부산진구 부전동,경상사고,0,0,4,0,차대차 - 추돌,안전운전불이행,건조,맑음,단일로 - 기타,승용,여,49세,상해없음,승용,남,40세,경상
2018101900100759,2018년 10월 19일 22시,금요일,부산광역시 중구 중앙동3가,경상사고,0,0,1,0,차대차 - 측면충돌,안전운전불이행,건조,맑음,교차로 - 교차로안,이륜,남,28세,경상,승용,남,26세,상해없음