사고번호,사고일시,요일,시군구,사고내용,사망자수,중상자수,경상자수,부상신고자수,사고유형,법규위반,노면상태,기상상태,도로형태,가해운전자 차종,가해운전자 성별,가해운전자 연령,가해운전자 상해정도,피해운전자 차종,피해운전자 성별,피해운전자 연령,피해운전자 상해정도
2018101900100760,2018년 10월 19일 22시,금요일,부산광역시 기장군 정관면,중상사고,0,1,0,0,차대사람 - 기타,안전운전불이행,건조,맑음,단일로 - 기타,승용,남,22세,상해없음,보행자,남,43세,중상
2018101900100783,2018년 10월 19일 23시,금요일,부산광역시 수영구 광안동,중상사고,0,1,0,0,차대차 - 기타,안전운전불이행,건조,맑음,교차로 - 교차로안,승용,남,55세,상해없음,이륜,남,32세,중상
2018101900100784,2018년 10월 19일 23시,금요일,부산광역시 동래구 온천동,중상사고,0,1,1,0,차대차 - 추돌,신호위반,건조,맑음,단일로 - 기타,승용,남,61세,상해없음,승용,여,25세,경상
2018101900100785,2018년 10월 19일 23시,금요일,부산광역시 부산진구 가야동,경상사고,0,0,3,0,차량단독 - 공작물충돌,안전운전불이행,건조,맑음,단일로 - 기타,승용,남,70세,상해없음,,,,
2018101900100786,2018년 10월 19일 23시,금요일,부산광역시 금정구 구서동,부상신고사고,0,0,0,1,차대사람 - 길가장자리구역통행중,안전운전불이행,건조,맑음,단일로 - 기타,기타불명,기타불명,미분류,기타불명,보행자,남,60세,부상신고
2018102000100021,2018년 10월 20일 01시,토요일,부산광역시 연제구 연산동,경상사고,0,0,2,0,차대차 - 측면충돌,신호위반,건조,맑음,교차로 - 교차로안,승용,남,59세,상해없음,이륜,남,21세,경상
2018102000100049,2018년 10월 20일 03시,토요일,부산광역시 동구 수정동,경상사고,0,0,1,0,차대차 - 측면충돌,교차로운행방법위반,건조,맑음,교차로 - 교차로안,승용,남,56세,상해없음,승용,여,39세,경상
2018102000100064,2018년 10월 20일 04시,토요일,부산광역시 영도구 영선동1가,중상사고,0,1,0,0,차대사람 - 길가장자리구역통행중,안전운전불이행,건조,맑음,단일로 - 기타,승용,남,34세,상해없음,보행자,여,59세,중상
2018102000100081,2018년 10월 20일 05시,토요일,부산광역시 부산진구 부전동,중상사고,0,2,1,0,차대차 - 기타,안전운전불이행,건조,맑음,단일로 - 기타,이륜,남,19세,상해없음,승용,남,72세,경상
2018102000100097,2018년 10월 20일 06시,토요일,부산광역시 강서구 명지동,중상사고,0,1,0,0,차대차 - 측면충돌,기타,건조,맑음,교차로 - 교차로부근,화물,남,56세,상해없음,이륜,남,35세,중상
2018102000100208,2018년 10월 20일 10시,토요일,부산광역시 강서구 천성동,중상사고,0,1,0,0,차대차 - 기타,중앙선침범,건조,맑음,단일로 - 기타,승합,여,38세,상해없음,자전거,남,54세,중상
2018102000100209,2018년 10월 20일 10시,토요일,부산광역시 기장군 정관읍,중상사고,0,2,2,0,차대차 - 추돌,중앙선침범,건조,맑음,교차로 - 교차로부근,승용,남,34세,기타불명,승용,남,35세,상해없음
2018102000100248,2018년 10월 20일 11시,토요일,부산광역시 동구 초량동,경상사고,0,0,1,0,차대차 - 추돌,안전운전불이행,건조,맑음,교차로 - 교차로안,화물,남,61세,상해없음,승용,여,52세,경상
2018102000100281,2018년 10월 20일 12시,토요일,부산광역시 해운대구 중동,경상사고,0,0,2,0,차대차 - 기타,교차로운행방법위반,건조,맑음,교차로 - 교차로안,승용,남,53세,상해없음,승용,남,36세,경상
2018102000100369,2018년 10월 20일 14시,토요일,부산광역시 동구 범일동,경상사고,0,0,2,0,차대차 - 추돌,안전운전불이행,건조,맑음,단일로 - 기타,승용,여,42세,상해없음,승용,여,43세,경상
2018102000100370,2018년 10월 20일 14시,토요일,부산광역시 남구 용호동,경상사고,0,0,1,0,차대차 - 기타,안전운전불이행,건조,맑음,교차로 - 교차로부근,승용,여,32세,상해없음,승용,남,38세,경상
2018102000100408,2018년 10월 20일 15시,토요일,부산광역시 남구 문현동,중상사고,0,1,0,0,차대차 - 측면충돌,차로위반,건조,맑음,단일로 - 기타,승용,남,70세,상해없음,원동기,남,63세,중상
2018102000100409,2018년 10월 20일 15시,토요일,부산광역시 부산진구 부전동,경상사고,0,0,1,0,차대차 - 측면충돌,안전운전불이행,건조,맑음,단일로 - 기타,승용,남,72세,상해없음,승용,남,67세,경상
2018102000100462,2018년 10월 20일 16시,토요일,부산광역시 북구 덕천동,중상사고,0,1,0,0,차대차 - 측면충돌,신호위반,건조,맑음,교차로 - 교차로횡단보도내,승용,남,67세,상해없음,원동기,여,58세,중상
2018102000100463,2018년 10월 20일 16시,토요일,부산광역시 강서구 명지동,부상신고사고,0,0,0,1,차대차 - 측면충돌,안전운전불이행,건조,맑음,교차로 - 교차로부근,승합,남,68세,상해없음,승용,남,65세,부상신고
2018102000100464,2018년 10월 20일 16시,토요일,부산광역시 강서구 대저2동,경상사고,0,0,3,0,차대차 - 측면충돌,차로위반,건조,맑음,단일로 - 기타,승용,남,60세,상해없음,승용,남,46세,상해없음
2018102000100517,2018년 10월 20일 17시,토요일,부산광역시 사하구 괴정동,부상신고사고,0,0,0,1,차대차 - 추돌,직진우회전진행방해,건조,맑음,교차로 - 교차로안,원동기,남,28세,부상신고,승용,여,26세,상해없음
2018102000100518,2018년 10월 20일 17시,토요일,부산광역시 연제구 연산동,중상사고,0,1,0,0,차대사람 - 기타,안전운전불이행,건조,맑음,단일로 - 기타,승용,남,54세,상해없음,보행자,여,59세,중상
2018102000100519,2018년 10월 20일 17시,토요일,부산광역시 사상구 감전동,경상사고,0,0,1,0,차대차 - 측면충돌,신호위반,건조,맑음,교차로 - 교차로부근,승용,남,31세,상해없음,자전거,남,30세,경상
2018102000100520,2018년 10월 20일 17시,토요일,부산광역시 사상구 괘법동,중상사고,0,2,3,2,차대차 - 측면충돌,신호위반,건조,맑음,교차로 - 교차로안,승용,남,55세,중상,승합,남,58세,경상
2018102000100521,2018년 10월 20일 17시,토요일,부산광역시 사상구 주례동,경상사고,0,0,1,0,차대차 - 측면충돌,교차로운행방법위반,건조,맑음,교차로 - 교차로안,승용,남,27세,상해없음,승용,남,37세,경상
2018102000100557,2018년 10월 20일 18시,토요일,부산광역시 동구 초량동,경상사고,0,0,1,0,차대사람 - 보도통행중,중앙선침범,건조,맑음,단일로 - 기타,승용,남,52세,상해없음,보행자,남,77세,경상
2018102000100558,2018년 10월 20일 18시,토요일,부산광역시 동구 범일동,경상사고,0,0,4,0,차대차 - 측면충돌,안전운전불이행,건조,맑음,단일로 - 기타,승용,여,49세,상해없음,승용,여,51세,경상
2018102000100559,2018년 10월 20일 18시,토요일,부산광역시 강서구 대저1동,중상사고,0,1,0,0,차대사람 - 기타,중앙선침범,건조,맑음,단일로 - 기타,이륜,남,43세,상해없음,보행자,남,5세,중상
2018102000100633,2018년 10월 20일 19시,토요일,부산광역시 서구 동대신동3가,경상사고,0,0,1,0,차대차 - 추돌,차로위반,건조,맑음,단일로 - 기타,승용,남,54세,상해없음,원동기,남,17세,경상
2018102000100634,2018년 10월 20일 19시,토요일,부산광역시 금정구 회동동,경상사고,0,0,1,0,차대차 - 기타,중앙선침범,건조,맑음,단일로 - 기타,승용,남,58세,상해없음,승합,남,55세,경상
2018102000100635,2018년 10월 20일 19시,토요일,부산광역시 사하구 하단동,경상사고,0,0,3,0,차대차 - 기타,안전운전불이행,건조,맑음,단일로 - 기타,승용,여,37세,상해없음,승용,남,37세,경상
2018102000100672,2018년 10월 20일 20시,토요일,부산광역시 수영구 남천동,경상사고,0,0,3,0,차대차 - 기타,안전운전불이행,건조,맑음,단일로 - 기타,승용,남,46세,상해없음,승용,남,28세,상해없음
2018102000100673,2018년 10월 20일 20시,토요일,부산광역시 해운대구 우동,경상사고,0,0,1,0,차대차 - 추돌,안전운전불이행,건조,맑음,단일로 - 기타,화물,남,50세,기타불명,승합,여,59세,기타불명
2018102000100674,2018년 10월 20일 20시,토요일,부산광역시 연제구 연산동,중상사고,0,1,0,0,차대차 - 측면충돌,중앙선침범,건조,맑음,교차로 - 교차로부근,원동기,남,18세,상해없음,원동기,남,23세,중상
2018102000100712,2018년 10월 20일 21시,토요일,부산광역시 동구 초량동,경상사고,0,0,1,0,차대차 - 기타,안전운전불이행,건조,맑음,단일로 - 기타,승용,남,66세,상해없음,승합,남,42세,상해없음
2018102000100713,2018년 10월 20일 21시,토요일,부산광역시 북구 구포동,중상사고,0,1,0,0,차대사람 - 횡단중,안전운전불이행,건조,맑음,단일로 - 기타,사륜오토바이(ATV),남,23세,상해없음,보행자,남,78세,중상
2018102000100714,2018년 10월 20일 21시,토요일,부산광역시 사상구 괘법동,중상사고,0,2,1,0,차대차 - 기타,신호위반,건조,맑음,교차로 - 교차로안,이륜,남,24세,중상,승용,여,40세,경상
2018102000100762,2018년 10월 20일 23시,토요일,부산광역시 남구 문현동,경상사고,0,0,1,0,차대차 - 기타,안전운전불이행,건조,맑음,단일로 - 기타,원동기,남,19세,경상,승용,남,24세,상해없음
2018102000100763,2018년 10월 20일 23시,토요일,부산광역시 부산진구 양정동,경상사고,0,0,1,0,차대사람 - 횡단중,안전운전불이행,건조,맑음,교차로 - 교차로부근,승용,여,51세,상해없음,보행자,남,51세,경상
2018102100100002,2018년 10월 21일 00시,일요일,부산광역시 해운대구 우동,경상사고,0,0,1,0,차대차 - 기타,안전운전불이행,건조,맑음,단일로 - 기타,승용,남,19세,상해없음,승용,남,35세,경상
2018102100100020,2018년 10월 21일 01시,일요일,부산광역시 해운대구 재송동,경상사고,0,0,1,0,차량단독 - 기타,안전운전불이행,건조,맑음,교차로 - 교차로안,승용,남,45세,상해없음,,,,
2018102100100037,2018년 10월 21일 02시,일요일,부산광역시 해운대구 좌동,경상사고,0,0,1,0,차대차 - 추돌,안전운전불이행,건조,맑음,교차로 - 교차로부근,기타불명,기타불명,미분류,기타불명,승용,남,19세,경상
2018102100100060,2018년 10월 21일 05시,일요일,부산광역시 부산진구 부전동,중상사고,0,1,0,0,차대사람 - 기타,안전운전불이행,건조,맑음,교차로 - 교차로안,화물,남,48세,상해없음,보행자,남,21세,중상
2018102100100076,2018년 10월 21일 07시,일요일,부산광역시 동래구 명장동,중상사고,0,1,1,0,차대차 - 정면충돌,중앙선침범,건조,맑음,단일로 - 기타,이륜,남,22세,중상,승용,남,57세,경상
2018102100100077,2018년 10월 21일 07시,일요일,부산광역시 부산진구 부전동,중상사고,0,1,0,0,차대차 - 기타,안전운전불이행,건조,맑음,단일로 - 기타,승용,남,24세,상해없음,승용,남,69세,중상
2018102100100078,2018년 10월 21일 07시,일요일,부산광역시 사상구 괘법동,경상사고,0,0,1,1,차량단독 - 공작물충돌,안전운전불이행,건조,맑음,교차로 - 교차로안,승용,남,23세,부상신고,,,,
2018102100100107,2018년 10월 21일 09시,일요일,부산광역시 금정구 금성동,중상사고,0,1,0,0,차대차 - 기타,중앙선침범,건조,맑음,단일로 - 기타,승합,남,65세,상해없음,자전거,남,51세,중상
2018102100100134,2018년 10월 21일 10시,일요일,부산광역시 해운대구 반송동,중상사고,0,1,1,0,차대사람 - 길가장자리구역통행중,안전운전불이행,건조,맑음,교차로 - 교차로부근,자전거,남,8세,상해없음,보행자,여,73세,중상
2018102100100135,2018년 10월 21일 10시,일요일,부산광역시 부산진구 전포동,경상사고,0,0,1,0,차대차 - 기타,안전운전불이행,건조,맑음,교차로 - 교차로부근,승용,남,45세,상해없음,승용,남,59세,경상
2018102100100180,2018년 10월 21일 12시,일요일,부산광역시 부산진구 부암동,중상사고,0,1,0,0,차대차 - 기타,안전운전불이행,건조,맑음,단일로 - 기타,승합,남,46세,상해없음,자전거,남,71세,중상
2018102100100251,2018년 10월 21일 14시,일요일,부산광역시 부산진구 가야동,중상사고,0,1,0,0,차대차 - 측면충돌,직진우회전진행방해,건조,맑음,교차로 - 교차로안,승용,남,34세,상해없음,승용,남,42세,중상
2018102100100284,2018년 10월 21일 15시,일요일,부산광역시 중구 남포동5가,경상사고,0,0,1,0,차대사람 - 기타,안전운전불이행,건조,맑음,기타 - 기타,자전거,남,64세,상해없음,보행자,여,31세,경상
2018102100100285,2018년 10월 21일 15시,일요일,부산광역시 수영구 민락동,경상사고,0,0,2,0,차대차 - 측면충돌,교차로운행방법위반,건조,맑음,교차로 - 교차로안,승용,남,76세,상해없음,승용,남,67세,경상
2018102100100286,2018년 10월 21일 15시,일요일,부산광역시 해운대구 우동,부상신고사고,0,0,0,1,차대차 - 기타,안전운전불이행,건조,맑음,교차로 - 교차로부근,승용,남,43세,상해없음,승용,여,28세,부상신고
2018102100100287,2018년 10월 21일 15시,일요일,부산광역시 수영구 수영동,중상사고,0,1,0,0,차대차 - 기타,안전운전불이행,건조,맑음,교차로 - 교차로안,승용,여,41세,상해없음,자전거,남,80세,중상
2018102100100314,2018년 10월 21일 16시,일요일,부산광역시 서구 동대신동3가,중상사고,0,1,0,0,차대사람 - 길가장자리구역통행중,안전운전불이행,건조,맑음,단일로 - 기타,승용,여,49세,상해없음,보행자,여,80세,중상
2018102100100315,2018년 10월 21일 16시,일요일,부산광역시 서구 암남동,사망사고,1,0,0,0,차대차 - 측면충돌,안전운전불이행,건조,맑음,교차로 - 교차로부근,이륜,남,45세,사망,승용,남,51세,상해없음
2018102100100316,2018년 10월 21일 16시,일요일,부산광역시 서구 남부민동,경상사고,0,0,2,0,차대차 - 추돌,안전운전불이행,건조,맑음,단일로 - 기타,이륜,남,41세,경상,승용,남,49세,상해없음
2018102100100317,2018년 10월 21일 16시,일요일,부산광역시 부산진구 양정동,중상사고,0,1,0,0,차대사람 - 기타,안전운전불이행,건조,맑음,단일로 - 기타,승용,남,43세,상해없음,보행자,여,14세,중상
2018102100100360,2018년 10월 21일 17시,일요일,부산광역시 남구 대연동,경상사고,0,0,1,1,차대차 - 기타,안전운전불이행,건조,맑음,단일로 - 기타,이륜,남,21세,부상신고,이륜,남,18세,경상
2018102100100361,2018년 10월 21일 17시,일요일,부산광역시 남구 대연동,경상사고,0,0,2,0,차대차 - 추돌,안전운전불이행,건조,맑음,교차로 - 교차로안,승용,남,61세,상해없음,승용,남,32세,경상
2018102100100362,2018년 10월 21일 17시,일요일,부산광역시 부산진구 부전동,중상사고,0,1,0,0,차대사람 - 기타,안전운전불이행,건조,맑음,단일로 - 기타,승용,여,26세,상해없음,보행자,남,43세,중상
2018102100100363,2018년 10월 21일 17시,일요일,부산광역시 사상구 감전동,경상사고,0,0,2,0,차대차 - 기타,안전운전불이행,건조,맑음,기타 - 기타,승합,남,54세,상해없음,승용,남,27세,경상
2018102100100392,2018년 10월 21일 18시,일요일,부산광역시 해운대구 재송동,중상사고,0,2,1,0,차대차 - 추돌,안전운전불이행,건조,맑음,교차로 - 교차로부근,승용,남,58세,상해없음,승용,남,49세,중상
2018102100100393,2018년 10월 21일 18시,일요일,부산광역시 부산진구 양정동,중상사고,0,1,0,0,차대차 - 측면충돌,신호위반,건조,맑음,교차로 - 교차로안,승용,여,60세,상해없음,이륜,남,27세,중상
2018102100100394,2018년 10월 21일 18시,일요일,부산광역시 사상구 감전동,부상신고사고,0,0,0,1,차대차 - 추돌,안전거리미확보,건조,맑음,단일로 - 기타,승용,남,75세,상해없음,승용,남,27세,부상신고
2018102100100447,2018년 10월 21일 19시,일요일,부산광역시 남구 대연동,경상사고,0,0,1,0,차대차 - 기타,교차로운행방법위반,건조,맑음,단일로 - 기타,특수,남,47세,상해없음,승용,남,27세,상해없음
2018102100100448,2018년 10월 21일 19시,일요일,부산광역시 수영구 광안동,경상사고,0,0,1,0,차대차 - 측면충돌,교차로운행방법위반,건조,맑음,단일로 - 기타,승용,남,58세,상해없음,원동기,남,25세,경상
2018102100100481,2018년 10월 21일 20시,일요일,부산광역시 부산진구 당감동,중상사고,0,1,0,0,차대사람 - 차도통행중,안전운전불이행,건조,맑음,단일로 - 기타,승용,남,52세,상해없음,보행자,여,78세,중상
2018102100100539,2018년 10월 21일 22시,일요일,부산광역시 동구 초량동,중상사고,0,1,0,0,차대차 - 측면충돌,중앙선침범,건조,맑음,단일로 - 기타,기타불명,여,60세,중상,원동기,남,20세,상해없음
2018102100100540,2018년 10월 21일 22시,일요일,부산광역시 금정구 부곡동,경상사고,0,0,3,0,차대차 - 측면충돌,신호위반,건조,맑음,단일로 - 기타,이륜,남,18세,경상,승용,남,45세,경상
2018102100100541,2018년 10월 21일 22시,일요일,부산광역시 수영구 수영동,중상사고,0,1,0,0,차대차 - 측면충돌,안전운전불이행,건조,맑음,교차로 - 교차로안,승용,남,48세,상해없음,이륜,남,57세,중상
2018102100100557,2018년 10월 21일 23시,일요일,부산광역시 북구 구포동,중상사고,0,1,0,0,차대차 - 측면충돌,중앙선침범,건조,맑음,단일로 - 기타,승용,남,31세,상해없음,원동기,남,36세,중상
2018102100100558,2018년 10월 21일 23시,일요일,부산광역시 해운대구 반여동,경상사고,0,0,1,0,차대차 - 측면충돌,신호위반,건조,맑음,교차로 - 교차로안,승용,여,46세,상해없음,승용,남,65세,경상
2018102200100003,2018년 10월 22일 00시,월요일,부산광역시 부산진구 개금동,경상사고,0,0,1,0,차대사람 - 기타,안전운전불이행,건조,맑음,단일로 - 기타,이륜,남,22세,상해없음,보행자,남,20세,경상
2018102200100012,2018년 10월 22일 01시,월요일,부산광역시 부산진구 전포동,경상사고,0,0,1,0,차대차 - 정면충돌,중앙선침범,건조,맑음,단일로 - 기타,승용,남,57세,상해없음,이륜,남,28세,경상
2018102200100038,2018년 10월 22일 06시,월요일,부산광역시 서구 남부민동,경상사고,0,0,1,0,차대사람 - 횡단중,보행자보호의무위반,건조,맑음,교차로 - 교차로횡단보도내,승용,여,58세,상해없음,보행자,여,63세,경상
2018102200100114,2018년 10월 22일 09시,월요일,부산광역시 강서구 화전동,경상사고,0,0,2,0,차대차 - 추돌,교차로운행방법위반,건조,맑음,교차로 - 교차로안,승용,여,41세,경상,승용,남,38세,경상
2018102200100149,2018년 10월 22일 10시,월요일,부산광역시 북구 구포동,중상사고,0,1,0,0,차대차 - 측면충돌,신호위반,건조,맑음,교차로 - 교차로안,이륜,남,62세,중상,화물,남,54세,상해없음
2018102200100189,2018년 10월 22일 11시,월요일,부산광역시 수영구 남천동,부상신고사고,0,0,0,1,차대차 - 측면충돌,안전운전불이행,건조,맑음,교차로 - 교차로안,승용,여,56세,상해없음,자전거,여,60세,부상신고
2018102200100190,2018년 10월 22일 11시,월요일,부산광역시 해운대구 우동,경상사고,0,0,1,0,차대차 - 추돌,안전거리미확보,건조,맑음,단일로 - 기타,승용,여,81세,상해없음,승용,남,32세,경상
2018102200100219,2018년 10월 22일 12시,월요일,부산광역시 영도구 동삼동,중상사고,0,1,0,0,차대사람 - 횡단중,안전운전불이행,건조,맑음,단일로 - 기타,이륜,남,18세,상해없음,보행자,여,75세,중상
2018102200100221,2018년 10월 22일 12시,월요일,부산광역시 연제구 연산동,경상사고,0,0,1,0,차대차 - 측면충돌,신호위반,건조,맑음,교차로 - 교차로안,승용,남,51세,상해없음,승용,남,51세,경상
2018102200100250,2018년 10월 22일 13시,월요일,부산광역시 부산진구 양정동,경상사고,0,0,1,0,차대차 - 추돌,안전운전불이행,건조,맑음,교차로 - 교차로안,승용,여,52세,상해없음,승용,남,35세,경상
2018102200100251,2018년 10월 22일 13시,월요일,부산광역시 금정구 금사동,중상사고,0,1,0,0,차대차 - 기타,안전거리미확보,건조,맑음,단일로 - 기타,자전거,남,80세,중상,승용,남,66세,상해없음
2018102200100271,2018년 10월 22일 14시,월요일,부산광역시 서구 아미동2가,경상사고,0,0,1,0,차대차 - 측면충돌,안전운전불이행,건조,맑음,교차로 - 교차로안,승용,남,59세,상해없음,승용,남,60세,경상
2018102200100272,2018년 10월 22일 14시,월요일,부산광역시 사하구 괴정동,경상사고,0,0,1,0,차대차 - 기타,안전운전불이행,건조,맑음,기타 - 기타,승용,남,47세,상해없음,원동기,남,25세,경상
2018102200100302,2018년 10월 22일 15시,월요일,부산광역시 수영구 광안동,경상사고,0,0,2,0,차대차 - 측면충돌,안전거리미확보,건조,맑음,단일로 - 기타,승용,남,59세,상해없음,원동기,남,24세,경상
2018102200100303,2018년 10월 22일 15시,월요일,부산광역시 동래구 명륜동,경상사고,0,0,1,0,차대사람 - 기타,안전운전불이행,건조,맑음,교차로 - 교차로안,승용,남,66세,상해없음,보행자,여,70세,경상
2018102200100304,2018년 10월 22일 15시,월요일,부산광역시 금정구 부곡동,중상사고,0,1,0,1,차대차 - 기타,안전거리미확보,건조,맑음,단일로 - 기타,승용,여,36세,부상신고,승용,여,51세,중상
2018102200100414,2018년 10월 22일 18시,월요일,부산광역시 서구 동대신동1가,경상사고,0,0,2,0,차대차 - 측면충돌,직진우회전진행방해,건조,맑음,교차로 - 교차로안,승용,여,40세,경상,승용,여,50세,경상
2018102200100415,2018년 10월 22일 18시,월요일,부산광역시 동래구 명륜동,경상사고,0,0,2,0,차대차 - 측면충돌,안전운전불이행,건조,맑음,교차로 - 교차로안,승용,남,40세,상해없음,승용,남,29세,경상
2018102200100416,2018년 10월 22일 18시,월요일,부산광역시 동래구 명장동,경상사고,0,0,1,0,차대차 - 측면충돌,안전운전불이행,건조,맑음,단일로 - 기타,승용,남,54세,상해없음,승합,남,40세,상해없음
2018102200100417,2018년 10월 22일 18시,월요일,부산광역시 해운대구 재송동,중상사고,0,1,0,0,차대차 - 측면충돌,신호위반,건조,맑음,교차로 - 교차로안,승용,여,43세,상해없음,자전거,남,29세,중상
2018102200100418,2018년 10월 22일 18시,월요일,부산광역시 해운대구 좌동,중상사고,0,1,0,0,차대사람 - 횡단중,안전운전불이행,건조,맑음,교차로 - 교차로횡단보도내,승용,남,27세,상해없음,보행자,여,68세,중상
2018102200100419,2018년 10월 22일 18시,월요일,부산광역시 강서구 명지동,중상사고,0,1,0,0,차대차 - 측면충돌,신호위반,건조,맑음,교차로 - 교차로부근,승용,남,29세,상해없음,승용,여,56세,중상
2018102200100420,2018년 10월 22일 18시,월요일,부산광역시 기장군 정관읍,경상사고,0,0,2,0,차대차 - 기타,안전운전불이행,건조,맑음,단일로 - 기타,화물,남,65세,상해없음,승용,여,39세,경상
2018102200100489,2018년 10월 22일 19시,월요일,부산광역시 수영구 남천동,경상사고,0,0,1,0,차대차 - 추돌,직진우회전진행방해,건조,맑음,교차로 - 교차로안,승용,남,58세,상해없음,승용,남,47세,상해없음
2018102200100490,2018년 10월 22일 19시,월요일,부산광역시 부산진구 가야동,중상사고,0,1,0,0,차대사람 - 기타,보행자보호의무위반,건조,맑음,교차로 - 교차로안,화물,남,47세,상해없음,보행자,남,69세,중상
2018102200100491,2018년 10월 22일 19시,월요일,부산광역시 사상구 주례동,중상사고,0,1,0,0,차대사람 - 횡단중,안전운전불이행,건조,맑음,단일로 - 기타,승용,여,58세,상해없음,보행자,남,10세,중상
2018102200100547,2018년 10월 22일 21시,월요일,부산광역시 사하구 장림동,경상사고,0,0,1,0,차대사람 - 기타,안전운전불이행,건조,맑음,단일로 - 기타,승합,남,30세,상해없음,보행자,남,45세,경상
2018102200100571,2018년 10월 22일 22시,월요일,부산광역시 중구 대청동1가,중상사고,0,1,0,0,차대차 - 측면충돌,안전운전불이행,건조,맑음,단일로 - 기타,이륜,남,24세,중상,승용,남,49세,기타불명
2018102200100573,2018년 10월 22일 22시,월요일,부산광역시 수영구 광안동,경상사고,0,0,1,0,차대사람 - 보도통행중,기타,건조,맑음,단일로 - 기타,승용,남,30세,상해없음,보행자,여,30세,경상
2018102300100003,2018년 10월 23일 00시,화요일,부산광역시 북구 구포동,중상사고,0,1,0,0,차대차 - 기타,중앙선침범,건조,맑음,단일로 - 기타,승용,남,32세,상해없음,승용,남,54세,중상
2018102300100010,2018년 10월 23일 01시,화요일,부산광역시 동래구 온천동,경상사고,0,0,1,0,차대차 - 추돌,안전운전불이행,건조,맑음,단일로 - 기타,승용,남,58세,상해없음,승용,남,60세,경상
2018102300100029,2018년 10월 23일 03시,화요일,부산광역시 부산진구 부전동,중상사고,0,1,0,0,차대사람 - 기타,안전운전불이행,건조,맑음,교차로 - 교차로횡단보도내,승용,남,41세,상해없음,보행자,남,33세,중상
2018102300100094,2018년 10월 23일 08시,화요일,부산광역시 서구 서대신동1가,부상신고사고,0,0,0,1,차대차 - 측면충돌,안전운전불이행,건조,맑음,교차로 - 교차로안,이륜,남,61세,부상신고,승용,남,48세,상해없음
2018102300100095,2018년 10월 23일 08시,화요일,부산광역시 동래구 사직동,경상사고,0,0,1,0,차대차 - 측면충돌,안전운전불이행,건조,맑음,단일로 - 기타,화물,남,51세,상해없음,승용,여,49세,경상
2018102300100143,2018년 10월 23일 09시,화요일,부산광역시 수영구 광안동,경상사고,0,0,1,0,차대사람 - 횡단중,보행자보호의무위반,건조,맑음,단일로 - 기타,승용,남,72세,상해없음,보행자,여,58세,경상
2018102300100180,2018년 10월 23일 10시,화요일,부산광역시 남구 문현동,경상사고,0,0,1,0,차대차 - 측면충돌,신호위반,건조,맑음,교차로 - 교차로안,화물,남,62세,상해없음,승용,남,63세,경상
2018102300100181,2018년 10월 23일 10시,화요일,부산광역시 금정구 서동,경상사고,0,0,1,0,차대차 - 기타,안전운전불이행,건조,맑음,교차로 - 교차로안,화물,남,76세,상해없음,이륜,남,88세,경상
2018102300100211,2018년 10월 23일 11시,화요일,부산광역시 동구 범일동,중상사고,0,1,0,0,차대차 - 추돌,안전운전불이행,건조,맑음,단일로 - 기타,승용,남,57세,상해없음,승용,여,67세,중상
2018102300100212,2018년 10월 23일 11시,화요일,부산광역시 기장군 기장읍,중상사고,0,1,0,0,차대차 - 기타,직진우회전진행방해,건조,맑음,교차로 - 교차로안,기타불명,기타불명,미분류,기타불명,자전거,여,41세,중상
2018102300100268,2018년 10월 23일 13시,화요일,부산광역시 중구 남포동2가,경상사고,0,0,1,0,차대사람 - 기타,안전운전불이행,건조,맑음,단일로 - 기타,승합,남,58세,상해없음,보행자,여,61세,경상
2018102300100269,2018년 10월 23일 13시,화요일,부산광역시 해운대구 반여동,경상사고,0,0,1,0,차대사람 - 횡단중,안전운전불이행,건조,맑음,단일로 - 기타,승용,여,40세,상해없음,보행자,여,59세,경상
2018102300100290,2018년 10월 23일 14시,화요일,부산광역시 북구 덕천동,중상사고,0,1,0,0,차대사람 - 횡단중,신호위반,건조,맑음,단일로 - 기타,승용,여,63세,상해없음,보행자,여,40세,중상
2018102300100291,2018년 10월 23일 14시,화요일,부산광역시 북구 금곡동,경상사고,0,0,1,0,차대사람 - 횡단중,보행자보호의무위반,건조,맑음,기타 - 기타,승용,남,72세,상해없음,보행자,여,38세,경상
2018102300100354,2018년 10월 23일 16시,화요일,부산광역시 동래구 안락동,경상사고,0,0,2,0,차대사람 - 기타,보행자보호의무위반,건조,맑음,단일로 - 기타,승용,남,75세,상해없음,보행자,남,6세,경상
2018102300100379,2018년 10월 23일 17시,화요일,부산광역시 부산진구 가야동,중상사고,0,1,0,0,차대사람 - 기타,불법유턴,건조,맑음,단일로 - 기타,승용,남,63세,상해없음,보행자,여,79세,중상
2018102300100380,2018년 10월 23일 17시,화요일,부산광역시 강서구 송정동,경상사고,0,0,3,0,차대차 - 측면충돌,안전거리미확보,건조,맑음,교차로 - 교차로안,승용,남,35세,상해없음,승용,여,51세,경상
2018102300100381,2018년 10월 23일 17시,화요일,부산광역시 사상구 모라동,경상사고,0,0,1,0,차대차 - 측면충돌,차로위반,건조,맑음,단일로 - 기타,승용,남,52세,상해없음,이륜,남,38세,경상