사고번호,사고일시,요일,시군구,사고내용,사망자수,중상자수,경상자수,부상신고자수,사고유형,법규위반,노면상태,기상상태,도로형태,가해운전자 차종,가해운전자 성별,가해운전자 연령,가해운전자 상해정도,피해운전자 차종,피해운전자 성별,피해운전자 연령,피해운전자 상해정도
2018111300100547,2018년 11월 13일 20시,화요일,부산광역시 동래구 명륜동,경상사고,0,0,1,0,차대사람 - 차도통행중,안전운전불이행,건조,맑음,단일로 - 기타,승용,남,61세,상해없음,보행자,남,55세,경상
2018111300100577,2018년 11월 13일 21시,화요일,부산광역시 북구 만덕동,경상사고,0,0,1,0,차대사람 - 횡단중,안전운전불이행,건조,맑음,단일로 - 기타,승용,남,59세,상해없음,보행자,여,33세,경상
2018111300100578,2018년 11월 13일 21시,화요일,부산광역시 기장군 철마면,경상사고,0,0,2,0,차대차 - 추돌,안전거리미확보,건조,맑음,단일로 - 기타,승용,여,60세,상해없음,승용,남,49세,경상
2018111300100606,2018년 11월 13일 22시,화요일,부산광역시 부산진구 양정동,경상사고,0,0,1,0,차대차 - 측면충돌,안전운전불이행,건조,맑음,교차로 - 교차로안,승용,남,60세,기타불명,이륜,남,31세,경상
2018111400100012,2018년 11월 14일 01시,수요일,부산광역시 사상구 학장동,중상사고,0,1,0,0,차대차 - 기타,신호위반,건조,맑음,교차로 - 교차로안,승용,남,63세,기타불명,화물,남,49세,중상
2018111400100036,2018년 11월 14일 04시,수요일,부산광역시 동래구 안락동,중상사고,0,2,1,0,차대차 - 측면충돌,교차로운행방법위반,건조,맑음,교차로 - 교차로안,승용,여,47세,경상,원동기,남,17세,중상
2018111400100049,2018년 11월 14일 06시,수요일,부산광역시 금정구 남산동,중상사고,0,1,0,0,차대사람 - 횡단중,보행자보호의무위반,건조,맑음,교차로 - 교차로안,승용,여,59세,상해없음,보행자,여,61세,중상
2018111400100063,2018년 11월 14일 07시,수요일,부산광역시 사상구 주례동,중상사고,0,1,0,0,차대사람 - 횡단중,안전운전불이행,건조,맑음,교차로 - 교차로안,승용,남,46세,상해없음,보행자,여,60세,중상
2018111400100088,2018년 11월 14일 08시,수요일,부산광역시 부산진구 범천동,경상사고,0,0,1,0,차대차 - 측면충돌,교차로운행방법위반,건조,맑음,교차로 - 교차로안,승용,남,67세,상해없음,승용,남,75세,상해없음
2018111400100089,2018년 11월 14일 08시,수요일,부산광역시 금정구 부곡동,경상사고,0,0,1,0,차대사람 - 횡단중,안전운전불이행,건조,맑음,교차로 - 교차로부근,화물,남,65세,상해없음,보행자,여,55세,경상
2018111400100090,2018년 11월 14일 08시,수요일,부산광역시 사상구 감전동,중상사고,0,1,2,0,차대차 - 측면충돌,교차로운행방법위반,건조,맑음,교차로 - 교차로안,승용,여,29세,중상,승용,남,28세,경상
2018111400100140,2018년 11월 14일 09시,수요일,부산광역시 사상구 학장동,부상신고사고,0,0,0,1,차량단독 - 기타,기타,건조,맑음,단일로 - 기타,승합,남,58세,상해없음,,,,
2018111400100181,2018년 11월 14일 10시,수요일,부산광역시 해운대구 우동,경상사고,0,0,1,0,차대사람 - 길가장자리구역통행중,안전운전불이행,건조,맑음,단일로 - 기타,승용,남,79세,상해없음,보행자,여,19세,경상
2018111400100182,2018년 11월 14일 10시,수요일,부산광역시 부산진구 개금동,경상사고,0,0,1,0,차대차 - 기타,중앙선침범,건조,맑음,교차로 - 교차로부근,승용,남,61세,상해없음,승용,남,63세,경상
2018111400100183,2018년 11월 14일 10시,수요일,부산광역시 금정구 남산동,경상사고,0,0,2,1,차대차 - 측면충돌,차로위반,건조,맑음,단일로 - 기타,승용,남,71세,상해없음,승합,남,46세,부상신고
2018111400100184,2018년 11월 14일 10시,수요일,부산광역시 사하구 당리동,부상신고사고,0,0,0,1,차대차 - 기타,안전운전불이행,건조,맑음,기타 - 기타,원동기,남,62세,부상신고,승용,남,52세,상해없음
2018111400100220,2018년 11월 14일 11시,수요일,부산광역시 남구 대연동,경상사고,0,0,1,0,차대차 - 기타,안전운전불이행,건조,맑음,단일로 - 기타,승합,남,48세,상해없음,승용,남,66세,상해없음
2018111400100258,2018년 11월 14일 12시,수요일,부산광역시 서구 토성동1가,부상신고사고,0,0,0,1,차대차 - 측면충돌,신호위반,건조,맑음,교차로 - 교차로부근,이륜,남,25세,부상신고,건설기계,남,44세,상해없음
2018111400100259,2018년 11월 14일 12시,수요일,부산광역시 북구 만덕동,경상사고,0,0,1,0,차대차 - 기타,신호위반,건조,맑음,단일로 - 기타,승용,남,53세,상해없음,승용,남,42세,경상
2018111400100293,2018년 11월 14일 13시,수요일,부산광역시 사하구 신평동,경상사고,0,0,1,0,차대사람 - 차도통행중,안전운전불이행,건조,맑음,교차로 - 교차로안,승용,남,61세,상해없음,보행자,여,77세,경상
2018111400100320,2018년 11월 14일 14시,수요일,부산광역시 중구 보수동3가,경상사고,0,0,1,0,차대차 - 측면충돌,안전운전불이행,건조,맑음,단일로 - 기타,기타불명,기타불명,미분류,기타불명,기타불명,남,75세,경상
2018111400100321,2018년 11월 14일 14시,수요일,부산광역시 사상구 모라동,중상사고,0,1,0,0,차대사람 - 보도통행중,기타,건조,맑음,단일로 - 지하차도(도로)내,화물,남,32세,상해없음,보행자,여,76세,중상
2018111400100322,2018년 11월 14일 14시,수요일,부산광역시 사상구 괘법동,경상사고,0,0,1,0,차대차 - 측면충돌,교차로운행방법위반,건조,맑음,교차로 - 교차로안,화물,남,42세,상해없음,화물,남,49세,경상
2018111400100353,2018년 11월 14일 15시,수요일,부산광역시 사하구 당리동,경상사고,0,0,1,0,차대차 - 기타,교차로운행방법위반,건조,맑음,기타 - 기타,승용,남,73세,상해없음,승용,남,56세,경상
2018111400100429,2018년 11월 14일 17시,수요일,부산광역시 남구 대연동,중상사고,0,1,0,0,차대사람 - 차도통행중,안전운전불이행,건조,맑음,단일로 - 기타,승합,남,61세,상해없음,보행자,여,61세,중상
2018111400100430,2018년 11월 14일 17시,수요일,부산광역시 기장군 일광면,중상사고,0,2,1,0,차대차 - 추돌,안전운전불이행,건조,맑음,단일로 - 기타,승용,남,40세,상해없음,승용,남,61세,중상
2018111400100568,2018년 11월 14일 19시,수요일,부산광역시 금정구 금사동,경상사고,0,0,1,0,차대차 - 기타,안전운전불이행,건조,맑음,단일로 - 기타,승용,남,42세,상해없음,자전거,남,35세,경상
2018111400100569,2018년 11월 14일 19시,수요일,부산광역시 사하구 괴정동,경상사고,0,0,1,0,차대차 - 측면충돌,차로위반,건조,맑음,단일로 - 기타,이륜,남,67세,경상,승용,남,64세,상해없음
2018111400100616,2018년 11월 14일 20시,수요일,부산광역시 동구 범일동,중상사고,0,1,0,0,차대차 - 측면충돌,신호위반,건조,맑음,교차로 - 교차로부근,승용,남,62세,상해없음,원동기,남,38세,중상
2018111400100646,2018년 11월 14일 21시,수요일,부산광역시 수영구 망미동,경상사고,0,0,1,0,차대차 - 측면충돌,안전운전불이행,건조,맑음,단일로 - 기타,승용,남,41세,상해없음,자전거,남,35세,경상
2018111500100002,2018년 11월 15일 00시,목요일,부산광역시 서구 서대신동2가,경상사고,0,0,1,0,차대차 - 추돌,안전운전불이행,건조,맑음,단일로 - 기타,승용,남,63세,상해없음,이륜,남,19세,경상
2018111500100011,2018년 11월 15일 01시,목요일,부산광역시 기장군 일광면,경상사고,0,0,1,0,차대차 - 추돌,안전운전불이행,건조,맑음,단일로 - 기타,승용,남,55세,상해없음,승용,여,24세,경상
2018111500100025,2018년 11월 15일 02시,목요일,부산광역시 동래구 안락동,중상사고,0,1,0,0,차대사람 - 횡단중,안전운전불이행,건조,맑음,교차로 - 교차로안,승용,남,57세,상해없음,보행자,남,35세,중상
2018111500100057,2018년 11월 15일 06시,목요일,부산광역시 북구 만덕동,중상사고,0,1,0,0,차대사람 - 횡단중,안전운전불이행,건조,맑음,단일로 - 기타,승용,남,56세,상해없음,보행자,여,64세,중상
2018111500100058,2018년 11월 15일 06시,목요일,부산광역시 해운대구 우동,중상사고,0,1,0,0,차대차 - 측면충돌,안전운전불이행,건조,맑음,교차로 - 교차로안,승용,남,32세,상해없음,승용,남,57세,중상
2018111500100080,2018년 11월 15일 07시,목요일,부산광역시 영도구 청학동,중상사고,0,1,0,0,차대사람 - 횡단중,신호위반,건조,맑음,교차로 - 교차로안,화물,남,59세,상해없음,보행자,남,66세,중상
2018111500100104,2018년 11월 15일 08시,목요일,부산광역시 강서구 신호동,중상사고,0,1,0,0,차대차 - 추돌,안전운전불이행,건조,맑음,단일로 - 기타,화물,남,58세,상해없음,승용,여,31세,중상
2018111500100146,2018년 11월 15일 09시,목요일,부산광역시 금정구 구서동,중상사고,0,1,0,0,차대차 - 기타,안전운전불이행,건조,맑음,교차로 - 교차로안,승용,여,45세,상해없음,이륜,남,28세,중상
2018111500100176,2018년 11월 15일 10시,목요일,부산광역시 사상구 감전동,경상사고,0,0,1,0,차대차 - 추돌,안전거리미확보,건조,맑음,교차로 - 교차로안,승용,남,35세,상해없음,승용,남,37세,경상
2018111500100204,2018년 11월 15일 11시,목요일,부산광역시 사하구 괴정동,경상사고,0,0,1,1,차대차 - 측면충돌,기타,건조,맑음,교차로 - 교차로안,원동기,남,62세,부상신고,승용,남,61세,경상
2018111500100205,2018년 11월 15일 11시,목요일,부산광역시 사하구 하단동,경상사고,0,0,1,0,차대사람 - 기타,안전운전불이행,건조,맑음,단일로 - 기타,승용,남,60세,상해없음,보행자,남,21세,경상
2018111500100234,2018년 11월 15일 12시,목요일,부산광역시 동구 범일동,경상사고,0,0,1,0,차대차 - 기타,안전운전불이행,건조,맑음,단일로 - 기타,승용,여,47세,상해없음,승용,여,51세,경상
2018111500100235,2018년 11월 15일 12시,목요일,부산광역시 북구 구포동,경상사고,0,0,1,0,차대차 - 후진중충돌,안전운전불이행,건조,맑음,교차로 - 교차로부근,화물,남,56세,상해없음,승용,여,64세,경상
2018111500100236,2018년 11월 15일 12시,목요일,부산광역시 강서구 대저1동,경상사고,0,0,1,0,차대차 - 추돌,안전거리미확보,건조,맑음,교차로 - 교차로부근,승용,남,57세,상해없음,화물,남,59세,상해없음
2018111500100262,2018년 11월 15일 13시,목요일,부산광역시 수영구 광안동,부상신고사고,0,0,0,1,차대차 - 기타,안전운전불이행,건조,맑음,교차로 - 교차로안,자전거,남,30세,부상신고,승용,남,35세,상해없음
2018111500100263,2018년 11월 15일 13시,목요일,부산광역시 동래구 온천동,중상사고,0,1,0,0,차대차 - 측면충돌,기타,건조,맑음,단일로 - 기타,건설기계,남,51세,상해없음,승용,여,43세,중상
2018111500100298,2018년 11월 15일 14시,목요일,부산광역시 부산진구 부전동,중상사고,0,1,2,0,차대차 - 측면충돌,신호위반,건조,맑음,교차로 - 교차로안,승용,남,30세,상해없음,승용,남,38세,중상
2018111500100299,2018년 11월 15일 14시,목요일,부산광역시 사하구 괴정동,경상사고,0,0,3,0,차대차 - 기타,안전운전불이행,건조,맑음,기타 - 기타,건설기계,남,66세,상해없음,승용,남,69세,경상
2018111500100300,2018년 11월 15일 14시,목요일,부산광역시 연제구 거제동,중상사고,0,1,0,0,차대차 - 측면충돌,안전운전불이행,건조,맑음,단일로 - 기타,화물,남,43세,상해없음,자전거,남,64세,중상
2018111500100329,2018년 11월 15일 15시,목요일,부산광역시 동래구 명륜동,경상사고,0,0,1,0,차대사람 - 보도통행중,안전운전불이행,건조,맑음,단일로 - 기타,승용,남,39세,상해없음,보행자,여,61세,경상
2018111500100358,2018년 11월 15일 16시,목요일,부산광역시 사하구 감천동,경상사고,0,0,1,0,차대사람 - 기타,안전운전불이행,건조,맑음,기타 - 기타,승용,남,22세,상해없음,보행자,여,4세,경상
2018111500100359,2018년 11월 15일 16시,목요일,부산광역시 사하구 다대동,경상사고,0,0,1,0,차대차 - 기타,안전거리미확보,건조,맑음,기타 - 기타,화물,남,59세,상해없음,승용,남,75세,상해없음
2018111500100360,2018년 11월 15일 16시,목요일,부산광역시 기장군 장안읍,경상사고,0,0,2,1,차대차 - 측면충돌,교차로운행방법위반,건조,맑음,교차로 - 교차로안,화물,남,53세,부상신고,화물,남,64세,경상
2018111500100395,2018년 11월 15일 17시,목요일,부산광역시 연제구 연산동,경상사고,0,0,1,0,차대차 - 정면충돌,중앙선침범,건조,맑음,단일로 - 기타,이륜,남,18세,기타불명,화물,남,48세,경상
2018111500100396,2018년 11월 15일 17시,목요일,부산광역시 사상구 학장동,경상사고,0,0,1,0,차대사람 - 횡단중,보행자보호의무위반,건조,맑음,교차로 - 교차로안,승용,남,51세,상해없음,보행자,여,58세,경상
2018111500100397,2018년 11월 15일 17시,목요일,부산광역시 사상구 모라동,경상사고,0,0,1,0,차대차 - 추돌,안전운전불이행,건조,맑음,단일로 - 기타,승용,남,21세,상해없음,승용,남,46세,경상
2018111500100398,2018년 11월 15일 17시,목요일,부산광역시 사상구 감전동,경상사고,0,0,1,0,차대차 - 측면충돌,교차로운행방법위반,건조,맑음,교차로 - 교차로부근,승용,남,68세,상해없음,화물,남,28세,경상
2018111500100511,2018년 11월 15일 19시,목요일,부산광역시 동구 범일동,중상사고,0,1,0,1,차대차 - 측면충돌,신호위반,건조,맑음,교차로 - 교차로안,승용,남,26세,부상신고,승용,남,45세,중상
2018111500100512,2018년 11월 15일 19시,목요일,부산광역시 사하구 괴정동,중상사고,0,1,0,0,차대차 - 기타,기타,건조,맑음,단일로 - 기타,승용,남,48세,상해없음,이륜,남,20세,중상
2018111500100513,2018년 11월 15일 19시,목요일,부산광역시 강서구 대저1동,경상사고,0,0,2,0,차대차 - 측면충돌,과속,건조,맑음,단일로 - 기타,승용,남,37세,경상,화물,남,40세,경상
2018111500100556,2018년 11월 15일 20시,목요일,부산광역시 연제구 거제동,중상사고,0,1,0,1,차대차 - 측면충돌,안전운전불이행,건조,맑음,교차로 - 교차로부근,이륜,남,16세,중상,승용,여,47세,부상신고
2018111500100557,2018년 11월 15일 20시,목요일,부산광역시 연제구 연산동,경상사고,0,0,1,0,차대사람 - 보도통행중,기타,건조,맑음,단일로 - 기타,원동기,남,39세,상해없음,보행자,남,40세,경상
2018111500100558,2018년 11월 15일 20시,목요일,부산광역시 사상구 주례동,부상신고사고,0,0,0,1,차대차 - 측면충돌,교차로운행방법위반,건조,맑음,교차로 - 교차로안,이륜,남,22세,부상신고,승합,남,46세,상해없음
2018111500100581,2018년 11월 15일 21시,목요일,부산광역시 영도구 청학동,중상사고,0,1,0,0,차대차 - 기타,안전운전불이행,건조,맑음,단일로 - 기타,승용,남,60세,상해없음,이륜,남,30세,중상
2018111600100007,2018년 11월 16일 00시,금요일,부산광역시 사하구 하단동,중상사고,0,1,0,0,차대차 - 기타,직진우회전진행방해,건조,맑음,교차로 - 교차로안,이륜,남,26세,중상,승용,남,27세,상해없음
2018111600100008,2018년 11월 16일 00시,금요일,부산광역시 강서구 강동동,경상사고,0,0,1,0,차대차 - 측면충돌,신호위반,건조,맑음,교차로 - 교차로안,승용,남,51세,상해없음,승용,남,57세,경상
2018111600100018,2018년 11월 16일 01시,금요일,부산광역시 부산진구 부전동,경상사고,0,0,1,0,차대사람 - 차도통행중,안전운전불이행,건조,맑음,단일로 - 기타,승용,남,66세,상해없음,보행자,남,28세,경상
2018111600100032,2018년 11월 16일 02시,금요일,부산광역시 강서구 식만동,중상사고,0,1,0,0,차량단독 - 공작물충돌,안전운전불이행,건조,맑음,단일로 - 기타,승용,남,37세,상해없음,,,,
2018111600100063,2018년 11월 16일 06시,금요일,부산광역시 사하구 감천동,경상사고,0,0,1,0,차대차 - 측면충돌,신호위반,건조,흐림,교차로 - 교차로부근,승용,남,26세,상해없음,승용,남,50세,경상
2018111600100114,2018년 11월 16일 08시,금요일,부산광역시 서구 동대신동1가,경상사고,0,0,1,0,차대차 - 추돌,안전거리미확보,건조,맑음,단일로 - 기타,승용,남,25세,상해없음,승용,여,33세,경상
2018111600100153,2018년 11월 16일 09시,금요일,부산광역시 서구 서대신동2가,중상사고,0,1,0,0,차대사람 - 기타,신호위반,건조,맑음,교차로 - 교차로부근,승용,여,48세,상해없음,보행자,남,41세,중상
2018111600100209,2018년 11월 16일 11시,금요일,부산광역시 남구 용호동,중상사고,0,1,1,0,차대차 - 기타,교차로운행방법위반,건조,맑음,교차로 - 교차로부근,승용,남,27세,중상,승용,남,60세,경상
2018111600100236,2018년 11월 16일 12시,금요일,부산광역시 수영구 민락동,경상사고,0,0,1,0,차대차 - 기타,안전운전불이행,건조,맑음,단일로 - 기타,승용,남,62세,상해없음,승용,남,38세,경상
2018111600100270,2018년 11월 16일 13시,금요일,부산광역시 수영구 남천동,경상사고,0,0,2,0,차대차 - 추돌,안전운전불이행,건조,맑음,단일로 - 기타,화물,남,40세,상해없음,승용,여,49세,경상
2018111600100271,2018년 11월 16일 13시,금요일,부산광역시 사상구 감전동,사망사고,1,0,0,0,차대사람 - 기타,보행자보호의무위반,건조,맑음,단일로 - 기타,건설기계,남,33세,상해없음,보행자,남,75세,사망
2018111600100293,2018년 11월 16일 14시,금요일,부산광역시 동래구 명륜동,경상사고,0,0,1,0,차대차 - 측면충돌,안전거리미확보,건조,맑음,교차로 - 교차로부근,화물,남,62세,상해없음,승용,남,36세,경상
2018111600100333,2018년 11월 16일 15시,금요일,부산광역시 강서구 강동동,경상사고,0,0,1,0,차대차 - 추돌,안전거리미확보,건조,맑음,단일로 - 기타,승용,남,58세,상해없음,승용,남,36세,경상
2018111600100392,2018년 11월 16일 17시,금요일,부산광역시 북구 구포동,중상사고,0,1,0,0,차대차 - 측면충돌,안전운전불이행,건조,맑음,교차로 - 교차로안,이륜,남,23세,중상,승용,남,46세,상해없음
2018111600100393,2018년 11월 16일 17시,금요일,부산광역시 기장군 기장읍,중상사고,0,1,0,0,차대사람 - 횡단중,안전운전불이행,건조,맑음,교차로 - 교차로안,승용,여,46세,상해없음,보행자,남,40세,중상
2018111600100447,2018년 11월 16일 18시,금요일,부산광역시 동구 좌천동,경상사고,0,0,2,0,차대차 - 측면충돌,안전운전불이행,건조,맑음,교차로 - 교차로안,승합,남,61세,상해없음,승용,여,62세,경상
2018111600100448,2018년 11월 16일 18시,금요일,부산광역시 북구 덕천동,경상사고,0,0,1,0,차대차 - 기타,안전운전불이행,건조,맑음,단일로 - 기타,승용,남,65세,상해없음,승용,남,40세,경상
2018111600100450,2018년 11월 16일 18시,금요일,부산광역시 해운대구 재송동,경상사고,0,0,1,0,차대차 - 측면충돌,안전거리미확보,건조,맑음,단일로 - 기타,승용,여,39세,상해없음,승용,남,48세,경상
2018111600100515,2018년 11월 16일 19시,금요일,부산광역시 동구 초량동,중상사고,0,1,0,0,차대차 - 추돌,안전운전불이행,건조,맑음,단일로 - 기타,승용,남,30세,상해없음,승용,남,61세,중상
2018111600100516,2018년 11월 16일 19시,금요일,부산광역시 남구 대연동,경상사고,0,0,1,0,차대차 - 측면충돌,안전거리미확보,건조,맑음,교차로 - 교차로부근,화물,남,52세,상해없음,이륜,남,24세,경상
2018111600100517,2018년 11월 16일 19시,금요일,부산광역시 사상구 감전동,경상사고,0,0,1,0,차대사람 - 횡단중,안전운전불이행,건조,맑음,교차로 - 교차로안,승용,남,55세,상해없음,보행자,여,76세,경상
2018111600100562,2018년 11월 16일 20시,금요일,부산광역시 북구 화명동,중상사고,0,2,0,0,차대사람 - 기타,안전운전불이행,건조,맑음,단일로 - 기타,원동기,남,52세,중상,보행자,남,13세,중상
2018111600100597,2018년 11월 16일 21시,금요일,부산광역시 북구 만덕동,중상사고,0,1,0,1,차대차 - 기타,안전거리미확보,건조,맑음,교차로 - 교차로부근,이륜,남,22세,부상신고,이륜,남,49세,중상
2018111600100598,2018년 11월 16일 21시,금요일,부산광역시 금정구 구서동,경상사고,0,0,1,0,차대사람 - 차도통행중,안전운전불이행,건조,맑음,단일로 - 기타,이륜,남,25세,상해없음,보행자,여,38세,경상
2018111600100636,2018년 11월 16일 22시,금요일,부산광역시 사하구 장림동,중상사고,0,1,0,0,차대차 - 측면충돌,신호위반,건조,맑음,교차로 - 교차로안,승용,여,58세,상해없음,이륜,남,30세,중상
2018111700100028,2018년 11월 17일 01시,토요일,부산광역시 서구 암남동,경상사고,0,0,1,0,차대차 - 추돌,안전운전불이행,젖음/습기,흐림,단일로 - 기타,승용,남,24세,상해없음,승용,남,46세,경상
2018111700100081,2018년 11월 17일 05시,토요일,부산광역시 북구 덕천동,경상사고,0,0,1,0,차대사람 - 횡단중,보행자보호의무위반,건조,맑음,단일로 - 기타,승합,남,63세,상해없음,보행자,여,74세,경상
2018111700100108,2018년 11월 17일 07시,토요일,부산광역시 금정구 서동,중상사고,0,1,0,0,차대사람 - 길가장자리구역통행중,안전운전불이행,건조,맑음,교차로 - 교차로부근,승용,남,55세,상해없음,보행자,여,24세,중상
2018111700100147,2018년 11월 17일 09시,토요일,부산광역시 북구 구포동,경상사고,0,0,1,0,차량단독 - 기타,기타,건조,맑음,단일로 - 지하차도(도로)내,승합,남,60세,상해없음,,,,
2018111700100148,2018년 11월 17일 09시,토요일,부산광역시 부산진구 부암동,중상사고,0,1,0,0,차대차 - 기타,교차로운행방법위반,건조,맑음,교차로 - 교차로안,승용,남,73세,상해없음,승용,여,39세,중상
2018111700100179,2018년 11월 17일 10시,토요일,부산광역시 수영구 광안동,경상사고,0,0,4,0,차대차 - 기타,신호위반,건조,맑음,교차로 - 교차로안,승용,여,39세,상해없음,승용,남,26세,경상
2018111700100180,2018년 11월 17일 10시,토요일,부산광역시 영도구 동삼동,경상사고,0,0,1,0,차대차 - 기타,안전운전불이행,건조,맑음,교차로 - 교차로안,이륜,남,69세,경상,승용,남,67세,상해없음
2018111700100181,2018년 11월 17일 10시,토요일,부산광역시 사하구 괴정동,경상사고,0,0,1,0,차대사람 - 기타,안전운전불이행,건조,맑음,단일로 - 기타,승용,남,37세,상해없음,보행자,여,81세,경상
2018111700100182,2018년 11월 17일 10시,토요일,부산광역시 연제구 거제동,경상사고,0,0,1,0,차대차 - 기타,차로위반,건조,맑음,단일로 - 기타,화물,남,67세,상해없음,승용,남,38세,경상
2018111700100222,2018년 11월 17일 11시,토요일,부산광역시 남구 용호동,부상신고사고,0,0,0,1,차대차 - 측면충돌,안전운전불이행,건조,맑음,교차로 - 교차로안,이륜,남,54세,상해없음,이륜,남,60세,상해없음
2018111700100223,2018년 11월 17일 11시,토요일,부산광역시 영도구 영선동2가,중상사고,0,2,1,0,차대차 - 측면충돌,교차로운행방법위반,건조,맑음,교차로 - 교차로안,승용,여,46세,경상,이륜,남,27세,중상
2018111700100224,2018년 11월 17일 11시,토요일,부산광역시 부산진구 양정동,중상사고,0,1,0,0,차대사람 - 횡단중,안전운전불이행,건조,맑음,교차로 - 교차로안,화물,남,71세,상해없음,보행자,여,53세,중상
2018111700100225,2018년 11월 17일 11시,토요일,부산광역시 부산진구 범천동,경상사고,0,0,1,0,차대차 - 측면충돌,안전운전불이행,건조,맑음,단일로 - 기타,승용,남,29세,상해없음,이륜,남,22세,경상
2018111700100226,2018년 11월 17일 11시,토요일,부산광역시 사상구 괘법동,경상사고,0,0,1,0,차대차 - 기타,안전운전불이행,건조,맑음,교차로 - 교차로안,승용,남,82세,상해없음,승용,남,31세,경상
2018111700100261,2018년 11월 17일 12시,토요일,부산광역시 수영구 민락동,중상사고,0,1,0,0,차대사람 - 횡단중,신호위반,건조,맑음,교차로 - 교차로안,화물,남,52세,상해없음,보행자,여,71세,중상
2018111700100262,2018년 11월 17일 12시,토요일,부산광역시 남구 용호동,경상사고,0,0,1,0,차대차 - 측면충돌,안전운전불이행,건조,맑음,단일로 - 기타,승용,남,37세,상해없음,승용,남,58세,경상
2018111700100371,2018년 11월 17일 15시,토요일,부산광역시 금정구 노포동,경상사고,0,0,1,1,차대사람 - 차도통행중,안전운전불이행,건조,맑음,단일로 - 기타,승용,여,62세,상해없음,보행자,남,71세,경상
2018111700100372,2018년 11월 17일 15시,토요일,부산광역시 강서구 대저1동,경상사고,0,0,2,0,차대차 - 측면충돌,기타,건조,맑음,교차로 - 교차로안,화물,남,51세,경상,승용,여,49세,경상
2018111700100444,2018년 11월 17일 17시,토요일,부산광역시 사상구 괘법동,경상사고,0,0,1,0,차량단독 - 기타,안전거리미확보,건조,맑음,단일로 - 기타,승용,남,66세,상해없음,,,,
2018111700100491,2018년 11월 17일 18시,토요일,부산광역시 중구 남포동5가,중상사고,0,1,0,0,차대사람 - 차도통행중,안전운전불이행,건조,맑음,단일로 - 기타,이륜,남,49세,상해없음,보행자,남,73세,중상
2018111700100492,2018년 11월 17일 18시,토요일,부산광역시 금정구 부곡동,중상사고,0,1,0,0,차대사람 - 기타,보행자보호의무위반,건조,맑음,단일로 - 기타,승용,남,32세,상해없음,보행자,여,67세,중상
2018111700100542,2018년 11월 17일 19시,토요일,부산광역시 해운대구 반송동,경상사고,0,0,3,0,차대차 - 정면충돌,중앙선침범,건조,맑음,단일로 - 기타,이륜,남,44세,경상,승용,남,44세,상해없음
2018111700100543,2018년 11월 17일 19시,토요일,부산광역시 수영구 광안동,중상사고,0,1,0,0,차대차 - 측면충돌,안전거리미확보,건조,맑음,단일로 - 기타,특수,남,50세,상해없음,승용,남,27세,중상
2018111700100585,2018년 11월 17일 20시,토요일,부산광역시 연제구 연산동,중상사고,0,1,0,0,차대차 - 추돌,안전운전불이행,건조,맑음,교차로 - 교차로부근,승용,남,57세,상해없음,이륜,남,50세,중상
2018111700100586,2018년 11월 17일 20시,토요일,부산광역시 사상구 괘법동,경상사고,0,0,2,1,차대차 - 측면충돌,교차로운행방법위반,건조,맑음,단일로 - 기타,승용,남,67세,부상신고,승용,남,29세,경상
2018111700100610,2018년 11월 17일 21시,토요일,부산광역시 동래구 명륜동,부상신고사고,0,0,0,1,차대사람 - 차도통행중,안전운전불이행,건조,맑음,단일로 - 기타,승용,남,25세,상해없음,보행자,남,20세,부상신고
2018111700100637,2018년 11월 17일 22시,토요일,부산광역시 남구 대연동,경상사고,0,0,1,0,차대차 - 기타,안전운전불이행,건조,맑음,단일로 - 기타,승용,남,46세,상해없음,이륜,남,32세,경상
2018111700100662,2018년 11월 17일 23시,토요일,부산광역시 해운대구 우동,경상사고,0,0,3,0,차대차 - 추돌,안전거리미확보,건조,맑음,단일로 - 기타,승용,남,45세,상해없음,승용,남,31세,경상
2018111700100663,2018년 11월 17일 23시,토요일,부산광역시 부산진구 가야동,중상사고,0,1,0,0,차대차 - 측면충돌,안전운전불이행,건조,맑음,단일로 - 기타,이륜,남,29세,상해없음,이륜,남,22세,중상
2018111700100664,2018년 11월 17일 23시,토요일,부산광역시 금정구 부곡동,경상사고,0,0,3,0,차대차 - 측면충돌,직진우회전진행방해,건조,맑음,교차로 - 교차로안,승용,남,59세,상해없음,승용,여,56세,경상
2018111800100036,2018년 11월 18일 03시,일요일,부산광역시 부산진구 가야동,경상사고,0,0,1,0,차대차 - 측면충돌,신호위반,건조,맑음,교차로 - 교차로안,승용,남,48세,상해없음,승용,남,52세,상해없음
2018111800100051,2018년 11월 18일 05시,일요일,부산광역시 동래구 온천동,중상사고,0,1,0,0,차대차 - 추돌,안전운전불이행,건조,맑음,단일로 - 기타,기타불명,기타불명,미분류,기타불명,이륜,남,77세,중상
2018111800100117,2018년 11월 18일 11시,일요일,부산광역시 해운대구 우동,경상사고,0,0,3,0,차대차 - 측면충돌,안전운전불이행,건조,맑음,교차로 - 교차로안,승용,남,66세,상해없음,승합,남,42세,경상
2018111800100118,2018년 11월 18일 11시,일요일,부산광역시 수영구 수영동,중상사고,0,1,0,0,차대차 - 기타,중앙선침범,건조,맑음,교차로 - 교차로부근,화물,남,71세,상해없음,이륜,남,29세,중상