사고번호,사고일시,요일,시군구,사고내용,사망자수,중상자수,경상자수,부상신고자수,사고유형,법규위반,노면상태,기상상태,도로형태,가해운전자 차종,가해운전자 성별,가해운전자 연령,가해운전자 상해정도,피해운전자 차종,피해운전자 성별,피해운전자 연령,피해운전자 상해정도
2018112500100061,2018년 11월 25일 06시,일요일,부산광역시 부산진구 당감동,중상사고,0,1,0,0,차대사람 - 횡단중,안전운전불이행,건조,맑음,교차로 - 교차로안,화물,여,64세,상해없음,보행자,여,71세,중상
2018112500100073,2018년 11월 25일 07시,일요일,부산광역시 강서구 구랑동,경상사고,0,0,1,0,차대차 - 측면충돌,안전운전불이행,건조,맑음,교차로 - 교차로안,승용,남,42세,상해없음,승용,남,34세,경상
2018112500100084,2018년 11월 25일 08시,일요일,부산광역시 동래구 온천동,중상사고,0,1,0,0,차대차 - 추돌,안전운전불이행,건조,맑음,단일로 - 기타,승용,남,33세,상해없음,승용,남,65세,중상
2018112500100099,2018년 11월 25일 09시,일요일,부산광역시 연제구 거제동,경상사고,0,0,2,0,차대차 - 추돌,안전운전불이행,건조,맑음,교차로 - 교차로부근,승용,남,43세,상해없음,화물,남,55세,경상
2018112500100130,2018년 11월 25일 11시,일요일,부산광역시 남구 용당동,경상사고,0,0,2,0,차대차 - 측면충돌,안전운전불이행,건조,맑음,교차로 - 교차로부근,승용,남,63세,상해없음,승용,남,40세,경상
2018112500100131,2018년 11월 25일 11시,일요일,부산광역시 수영구 남천동,경상사고,0,0,1,0,차대차 - 기타,안전운전불이행,건조,맑음,단일로 - 기타,승용,여,52세,상해없음,승용,남,57세,경상
2018112500100147,2018년 11월 25일 12시,일요일,부산광역시 남구 대연동,경상사고,0,0,2,0,차대차 - 측면충돌,안전운전불이행,건조,맑음,단일로 - 기타,승용,남,77세,상해없음,화물,남,31세,경상
2018112500100148,2018년 11월 25일 12시,일요일,부산광역시 동래구 안락동,경상사고,0,0,1,0,차대차 - 기타,안전운전불이행,건조,맑음,단일로 - 기타,이륜,남,33세,경상,승용,남,43세,상해없음
2018112500100176,2018년 11월 25일 13시,일요일,부산광역시 남구 용호동,경상사고,0,0,1,0,차대차 - 기타,안전운전불이행,건조,맑음,교차로 - 교차로부근,승용,여,36세,상해없음,승합,남,46세,상해없음
2018112500100222,2018년 11월 25일 15시,일요일,부산광역시 서구 동대신동1가,경상사고,0,0,1,0,차대차 - 추돌,신호위반,건조,맑음,교차로 - 교차로부근,승용,남,64세,상해없음,승용,남,23세,상해없음
2018112500100224,2018년 11월 25일 15시,일요일,부산광역시 사상구 괘법동,중상사고,0,1,0,0,차대사람 - 횡단중,안전운전불이행,건조,맑음,단일로 - 기타,승용,여,48세,상해없음,보행자,남,16세,중상
2018112500100254,2018년 11월 25일 16시,일요일,부산광역시 동구 초량동,중상사고,0,1,0,0,차대차 - 측면충돌,안전운전불이행,건조,흐림,교차로 - 교차로부근,승용,남,50세,상해없음,승용,남,52세,상해없음
2018112500100255,2018년 11월 25일 16시,일요일,부산광역시 북구 덕천동,경상사고,0,0,1,0,차대차 - 기타,안전운전불이행,건조,맑음,교차로 - 교차로안,승용,여,59세,상해없음,승용,여,39세,경상
2018112500100256,2018년 11월 25일 16시,일요일,부산광역시 해운대구 재송동,중상사고,0,1,0,0,차대사람 - 기타,안전운전불이행,건조,맑음,단일로 - 기타,승합,남,69세,상해없음,보행자,여,82세,중상
2018112500100257,2018년 11월 25일 16시,일요일,부산광역시 금정구 청룡동,경상사고,0,0,1,0,차대차 - 측면충돌,안전거리미확보,건조,맑음,단일로 - 기타,승합,남,62세,상해없음,승용,여,33세,경상
2018112500100279,2018년 11월 25일 17시,일요일,부산광역시 수영구 광안동,경상사고,0,0,1,0,차대차 - 측면충돌,안전운전불이행,건조,맑음,교차로 - 교차로안,승용,남,66세,상해없음,승용,여,22세,경상
2018112500100280,2018년 11월 25일 17시,일요일,부산광역시 수영구 광안동,중상사고,0,1,0,0,차대사람 - 기타,안전운전불이행,건조,맑음,교차로 - 교차로부근,승용,남,58세,상해없음,보행자,남,80세,중상
2018112500100281,2018년 11월 25일 17시,일요일,부산광역시 부산진구 가야동,부상신고사고,0,0,0,1,차대차 - 추돌,안전거리미확보,건조,맑음,단일로 - 기타,이륜,남,31세,부상신고,승용,남,66세,상해없음
2018112500100282,2018년 11월 25일 17시,일요일,부산광역시 금정구 장전동,경상사고,0,0,1,0,차대차 - 측면충돌,안전거리미확보,건조,맑음,단일로 - 기타,승합,남,40세,상해없음,승용,여,57세,경상
2018112500100313,2018년 11월 25일 18시,일요일,부산광역시 북구 화명동,경상사고,0,0,1,0,차대사람 - 횡단중,보행자보호의무위반,건조,맑음,교차로 - 교차로부근,승용,남,52세,상해없음,보행자,남,34세,경상
2018112500100314,2018년 11월 25일 18시,일요일,부산광역시 해운대구 중동,중상사고,0,1,1,0,차대차 - 측면충돌,신호위반,건조,맑음,교차로 - 교차로안,승용,남,21세,상해없음,승용,남,61세,경상
2018112500100315,2018년 11월 25일 18시,일요일,부산광역시 금정구 부곡동,중상사고,0,1,0,1,차대사람 - 기타,안전운전불이행,건조,맑음,단일로 - 기타,이륜,남,22세,부상신고,보행자,남,25세,중상
2018112500100344,2018년 11월 25일 19시,일요일,부산광역시 부산진구 부전동,경상사고,0,0,1,0,차대차 - 측면충돌,안전거리미확보,건조,맑음,단일로 - 기타,승용,남,61세,상해없음,승용,남,42세,상해없음
2018112500100385,2018년 11월 25일 20시,일요일,부산광역시 사하구 신평동,경상사고,0,0,1,0,차대차 - 기타,안전운전불이행,건조,맑음,단일로 - 기타,승용,남,42세,상해없음,원동기,남,20세,경상
2018112500100419,2018년 11월 25일 22시,일요일,부산광역시 동래구 온천동,중상사고,0,2,0,0,차대차 - 측면충돌,신호위반,건조,맑음,교차로 - 교차로안,승용,남,30세,상해없음,승용,남,39세,중상
2018112500100420,2018년 11월 25일 22시,일요일,부산광역시 해운대구 반여동,경상사고,0,0,1,0,차대차 - 추돌,안전운전불이행,건조,맑음,교차로 - 교차로안,승용,남,51세,상해없음,이륜,남,19세,경상
2018112500100421,2018년 11월 25일 22시,일요일,부산광역시 부산진구 전포동,경상사고,0,0,2,0,차대차 - 정면충돌,안전운전불이행,건조,맑음,단일로 - 기타,이륜,남,46세,상해없음,승용,여,31세,경상
2018112500100442,2018년 11월 25일 23시,일요일,부산광역시 강서구 성북동,중상사고,0,1,0,0,차대차 - 기타,과속,건조,맑음,단일로 - 기타,승용,남,32세,상해없음,승용,남,34세,중상
2018112600100002,2018년 11월 26일 00시,월요일,부산광역시 동구 수정동,경상사고,0,0,2,0,차대차 - 기타,안전운전불이행,건조,맑음,교차로 - 교차로안,승용,여,48세,경상,승용,남,59세,경상
2018112600100003,2018년 11월 26일 00시,월요일,부산광역시 부산진구 개금동,경상사고,0,0,2,0,차대차 - 측면충돌,신호위반,건조,맑음,교차로 - 교차로안,이륜,남,19세,상해없음,승용,남,53세,상해없음
2018112600100018,2018년 11월 26일 01시,월요일,부산광역시 사하구 장림동,경상사고,0,0,2,0,차대차 - 측면충돌,안전운전불이행,건조,기타,교차로 - 교차로부근,승용,남,77세,상해없음,승합,남,61세,상해없음
2018112600100032,2018년 11월 26일 03시,월요일,부산광역시 강서구 대저1동,중상사고,0,1,0,2,차량단독 - 공작물충돌,안전운전불이행,건조,맑음,단일로 - 기타,승합,여,64세,상해없음,,,,
2018112600100047,2018년 11월 26일 05시,월요일,부산광역시 부산진구 가야동,중상사고,0,1,0,0,차대차 - 추돌,안전운전불이행,건조,맑음,단일로 - 기타,이륜,남,24세,기타불명,건설기계,남,52세,상해없음
2018112600100062,2018년 11월 26일 06시,월요일,부산광역시 북구 덕천동,경상사고,0,0,1,0,차대차 - 기타,안전운전불이행,건조,맑음,단일로 - 기타,기타불명,기타불명,미분류,기타불명,원동기,남,84세,경상
2018112600100078,2018년 11월 26일 07시,월요일,부산광역시 사하구 감천동,경상사고,0,0,3,0,차대차 - 기타,안전운전불이행,건조,맑음,단일로 - 기타,이륜,남,30세,경상,승용,여,61세,경상
2018112600100107,2018년 11월 26일 08시,월요일,부산광역시 동래구 온천동,경상사고,0,0,1,0,차대사람 - 길가장자리구역통행중,기타,건조,맑음,단일로 - 기타,승용,남,69세,상해없음,보행자,남,10세,경상
2018112600100162,2018년 11월 26일 09시,월요일,부산광역시 남구 문현동,경상사고,0,0,2,0,차대차 - 기타,안전운전불이행,건조,맑음,기타 - 기타,승용,여,56세,경상,승용,남,30세,경상
2018112600100163,2018년 11월 26일 09시,월요일,부산광역시 영도구 봉래동1가,경상사고,0,0,1,0,차대차 - 측면충돌,안전운전불이행,건조,맑음,단일로 - 기타,화물,남,68세,상해없음,승용,남,36세,경상
2018112600100190,2018년 11월 26일 10시,월요일,부산광역시 북구 구포동,중상사고,0,2,0,0,차대차 - 기타,기타,건조,맑음,교차로 - 교차로안,특수,남,29세,상해없음,승용,남,60세,중상
2018112600100191,2018년 11월 26일 10시,월요일,부산광역시 강서구 명지동,경상사고,0,0,1,0,차대차 - 측면충돌,안전거리미확보,건조,맑음,단일로 - 기타,승용,남,27세,상해없음,화물,남,34세,상해없음
2018112600100246,2018년 11월 26일 12시,월요일,부산광역시 연제구 연산동,중상사고,0,1,1,0,차대차 - 측면충돌,안전운전불이행,건조,맑음,단일로 - 기타,원동기,남,31세,경상,원동기,남,25세,중상
2018112600100287,2018년 11월 26일 13시,월요일,부산광역시 부산진구 양정동,중상사고,0,1,0,0,차대차 - 측면충돌,안전운전불이행,건조,맑음,단일로 - 기타,이륜,남,19세,중상,승용,남,62세,상해없음
2018112600100354,2018년 11월 26일 15시,월요일,부산광역시 해운대구 반송동,중상사고,0,1,0,0,차대사람 - 보도통행중,기타,건조,맑음,단일로 - 기타,승용,남,49세,상해없음,보행자,여,77세,중상
2018112600100355,2018년 11월 26일 15시,월요일,부산광역시 부산진구 부전동,중상사고,0,1,0,0,차대사람 - 기타,안전운전불이행,건조,맑음,단일로 - 기타,승용,남,64세,상해없음,보행자,여,77세,중상
2018112600100356,2018년 11월 26일 15시,월요일,부산광역시 부산진구 개금동,경상사고,0,0,1,0,차대사람 - 기타,안전운전불이행,건조,맑음,단일로 - 기타,승용,남,28세,상해없음,보행자,남,49세,경상
2018112600100357,2018년 11월 26일 15시,월요일,부산광역시 부산진구 전포동,경상사고,0,0,1,0,차대차 - 측면충돌,안전거리미확보,건조,맑음,교차로 - 교차로부근,승용,여,57세,상해없음,승용,남,44세,경상
2018112600100358,2018년 11월 26일 15시,월요일,부산광역시 금정구 부곡동,중상사고,0,1,0,0,차대사람 - 횡단중,안전운전불이행,건조,맑음,단일로 - 기타,승용,여,67세,상해없음,보행자,남,62세,중상
2018112600100400,2018년 11월 26일 16시,월요일,부산광역시 동구 초량동,중상사고,0,1,1,0,차대차 - 측면충돌,안전운전불이행,건조,맑음,교차로 - 교차로안,승용,남,44세,상해없음,이륜,남,55세,중상
2018112600100401,2018년 11월 26일 16시,월요일,부산광역시 서구 암남동,중상사고,0,1,1,0,차대차 - 추돌,안전운전불이행,건조,맑음,단일로 - 기타,승용,남,63세,상해없음,승용,여,63세,경상
2018112600100402,2018년 11월 26일 16시,월요일,부산광역시 북구 화명동,중상사고,0,1,0,0,차대차 - 기타,안전운전불이행,건조,맑음,교차로 - 교차로부근,승용,여,28세,상해없음,승용,남,56세,중상
2018112600100403,2018년 11월 26일 16시,월요일,부산광역시 사상구 모라동,부상신고사고,0,0,0,1,차량단독 - 기타,안전운전불이행,건조,맑음,단일로 - 기타,승합,남,56세,상해없음,,,,
2018112600100443,2018년 11월 26일 17시,월요일,부산광역시 금정구 금사동,중상사고,0,1,0,0,차대사람 - 횡단중,보행자보호의무위반,건조,맑음,교차로 - 교차로안,화물,남,45세,상해없음,보행자,여,63세,중상
2018112600100444,2018년 11월 26일 17시,월요일,부산광역시 사하구 감천동,중상사고,0,2,1,0,차대차 - 기타,안전운전불이행,건조,맑음,기타 - 기타,승용,남,42세,경상,화물,남,37세,중상
2018112600100488,2018년 11월 26일 18시,월요일,부산광역시 동래구 명륜동,경상사고,0,0,1,0,차대차 - 측면충돌,안전운전불이행,건조,맑음,단일로 - 기타,승합,남,70세,상해없음,승용,남,23세,경상
2018112600100489,2018년 11월 26일 18시,월요일,부산광역시 사상구 괘법동,중상사고,0,1,0,0,차대사람 - 횡단중,안전운전불이행,건조,맑음,단일로 - 지하차도(도로)내,승용,남,53세,상해없음,보행자,남,64세,중상
2018112600100544,2018년 11월 26일 19시,월요일,부산광역시 금정구 청룡동,경상사고,0,0,1,0,차대차 - 측면충돌,안전운전불이행,건조,맑음,단일로 - 기타,승용,여,41세,상해없음,이륜,남,39세,경상
2018112600100579,2018년 11월 26일 20시,월요일,부산광역시 동구 범일동,중상사고,0,1,0,0,차대차 - 기타,중앙선침범,건조,맑음,교차로 - 교차로부근,승용,남,65세,상해없음,이륜,남,36세,중상
2018112600100580,2018년 11월 26일 20시,월요일,부산광역시 연제구 거제동,중상사고,0,1,0,0,차대차 - 측면충돌,신호위반,건조,맑음,교차로 - 교차로안,승용,남,61세,상해없음,자전거,남,57세,중상
2018112600100602,2018년 11월 26일 21시,월요일,부산광역시 북구 덕천동,경상사고,0,0,1,0,차대차 - 측면충돌,안전운전불이행,건조,맑음,단일로 - 기타,승용,남,28세,기타불명,이륜,남,45세,경상
2018112600100631,2018년 11월 26일 22시,월요일,부산광역시 수영구 광안동,부상신고사고,0,0,0,1,차대차 - 기타,안전거리미확보,건조,맑음,단일로 - 기타,이륜,남,17세,부상신고,승용,남,26세,상해없음
2018112600100632,2018년 11월 26일 22시,월요일,부산광역시 부산진구 연지동,경상사고,0,0,2,0,차대차 - 추돌,안전거리미확보,건조,맑음,단일로 - 고가도로위,특수,남,35세,상해없음,승용,남,53세,경상
2018112600100633,2018년 11월 26일 22시,월요일,부산광역시 부산진구 부전동,경상사고,0,0,5,1,차대차 - 측면충돌,신호위반,건조,맑음,교차로 - 교차로안,승용,남,67세,부상신고,승용,남,25세,경상
2018112600100647,2018년 11월 26일 23시,월요일,부산광역시 수영구 광안동,경상사고,0,0,1,0,차대차 - 추돌,안전운전불이행,건조,맑음,교차로 - 교차로부근,승용,남,47세,상해없음,승용,여,32세,경상
2018112700100031,2018년 11월 27일 04시,화요일,부산광역시 북구 구포동,경상사고,0,0,1,0,차대차 - 기타,교차로운행방법위반,건조,맑음,교차로 - 교차로안,건설기계,남,56세,상해없음,승용,남,45세,경상
2018112700100038,2018년 11월 27일 05시,화요일,부산광역시 해운대구 우동,경상사고,0,0,1,1,차대차 - 측면충돌,기타,건조,맑음,교차로 - 교차로안,화물,남,39세,부상신고,승합,남,28세,상해없음
2018112700100071,2018년 11월 27일 07시,화요일,부산광역시 수영구 광안동,경상사고,0,0,2,0,차대차 - 추돌,안전거리미확보,건조,맑음,단일로 - 터널,승용,남,37세,상해없음,승용,남,56세,경상
2018112700100102,2018년 11월 27일 08시,화요일,부산광역시 북구 구포동,경상사고,0,0,1,0,차대사람 - 기타,안전운전불이행,건조,맑음,단일로 - 기타,승용,남,26세,상해없음,보행자,남,23세,경상
2018112700100148,2018년 11월 27일 09시,화요일,부산광역시 수영구 광안동,경상사고,0,0,4,0,차대차 - 추돌,안전운전불이행,건조,맑음,단일로 - 터널,승용,남,59세,상해없음,승용,여,45세,경상
2018112700100149,2018년 11월 27일 09시,화요일,부산광역시 수영구 민락동,경상사고,0,0,1,0,차대사람 - 기타,안전운전불이행,건조,맑음,단일로 - 기타,승합,남,61세,상해없음,보행자,여,64세,경상
2018112700100150,2018년 11월 27일 09시,화요일,부산광역시 북구 금곡동,중상사고,0,1,0,0,차대차 - 기타,안전운전불이행,건조,맑음,단일로 - 기타,승용,여,63세,상해없음,자전거,남,65세,중상
2018112700100151,2018년 11월 27일 09시,화요일,부산광역시 강서구 송정동,중상사고,0,1,0,0,차대차 - 측면충돌,교차로운행방법위반,건조,맑음,교차로 - 교차로안,승용,여,30세,상해없음,승용,남,43세,중상
2018112700100199,2018년 11월 27일 11시,화요일,부산광역시 남구 용호동,경상사고,0,0,1,0,차대사람 - 길가장자리구역통행중,안전운전불이행,건조,맑음,교차로 - 교차로안,화물,남,69세,상해없음,보행자,여,79세,경상
2018112700100200,2018년 11월 27일 11시,화요일,부산광역시 북구 금곡동,중상사고,0,2,0,0,차대사람 - 기타,안전운전불이행,건조,맑음,교차로 - 교차로횡단보도내,승용,여,52세,상해없음,보행자,여,63세,중상
2018112700100226,2018년 11월 27일 12시,화요일,부산광역시 북구 금곡동,부상신고사고,0,0,0,1,차대차 - 기타,교차로운행방법위반,건조,맑음,교차로 - 교차로안,이륜,남,19세,부상신고,화물,남,49세,상해없음
2018112700100227,2018년 11월 27일 12시,화요일,부산광역시 해운대구 우동,경상사고,0,0,2,0,차대차 - 측면충돌,안전거리미확보,젖음/습기,맑음,교차로 - 교차로안,승용,남,29세,상해없음,승용,여,45세,경상
2018112700100228,2018년 11월 27일 12시,화요일,부산광역시 부산진구 범천동,경상사고,0,0,2,0,차대차 - 측면충돌,교차로운행방법위반,건조,맑음,교차로 - 교차로안,승용,여,37세,상해없음,승용,남,32세,경상
2018112700100252,2018년 11월 27일 13시,화요일,부산광역시 동구 초량동,경상사고,0,0,1,0,차대차 - 기타,안전운전불이행,건조,맑음,단일로 - 기타,화물,남,43세,상해없음,승용,남,59세,상해없음
2018112700100253,2018년 11월 27일 13시,화요일,부산광역시 사상구 감전동,경상사고,0,0,3,0,차대차 - 기타,교차로운행방법위반,건조,맑음,교차로 - 교차로안,승용,남,44세,상해없음,승용,남,53세,경상
2018112700100284,2018년 11월 27일 14시,화요일,부산광역시 서구 동대신동2가,경상사고,0,0,3,0,차대차 - 측면충돌,교차로운행방법위반,건조,맑음,교차로 - 교차로안,승용,여,61세,경상,승용,남,71세,경상
2018112700100308,2018년 11월 27일 15시,화요일,부산광역시 해운대구 송정동,경상사고,0,0,1,0,차대차 - 측면충돌,안전운전불이행,건조,맑음,단일로 - 기타,승용,남,70세,상해없음,승용,여,27세,경상
2018112700100309,2018년 11월 27일 15시,화요일,부산광역시 부산진구 부전동,경상사고,0,0,2,1,차대차 - 기타,신호위반,건조,맑음,교차로 - 교차로부근,승용,남,66세,부상신고,승용,남,24세,경상
2018112700100310,2018년 11월 27일 15시,화요일,부산광역시 연제구 연산동,경상사고,0,0,2,0,차대차 - 측면충돌,기타,건조,맑음,교차로 - 교차로안,이륜,남,29세,경상,승용,여,56세,경상
2018112700100342,2018년 11월 27일 16시,화요일,부산광역시 금정구 부곡동,중상사고,0,1,0,0,차대차 - 측면충돌,안전운전불이행,건조,맑음,단일로 - 기타,승합,남,56세,상해없음,자전거,남,76세,중상
2018112700100343,2018년 11월 27일 16시,화요일,부산광역시 강서구 명지동,중상사고,0,1,0,0,차대차 - 측면충돌,교차로운행방법위반,건조,맑음,교차로 - 교차로부근,화물,남,48세,상해없음,승용,여,39세,중상
2018112700100375,2018년 11월 27일 17시,화요일,부산광역시 금정구 부곡동,경상사고,0,0,2,0,차대차 - 추돌,안전운전불이행,건조,맑음,교차로 - 교차로부근,승용,남,58세,상해없음,승용,남,41세,경상
2018112700100376,2018년 11월 27일 17시,화요일,부산광역시 강서구 대저2동,경상사고,0,0,1,0,차대차 - 기타,차로위반,건조,맑음,단일로 - 기타,승합,여,61세,상해없음,승용,남,27세,경상
2018112700100426,2018년 11월 27일 18시,화요일,부산광역시 남구 용호동,경상사고,0,0,2,0,차대사람 - 횡단중,보행자보호의무위반,건조,맑음,교차로 - 교차로안,승합,남,34세,상해없음,보행자,여,52세,경상
2018112700100427,2018년 11월 27일 18시,화요일,부산광역시 동래구 온천동,중상사고,0,1,0,0,차대차 - 추돌,교차로운행방법위반,건조,맑음,교차로 - 교차로안,승용,남,69세,상해없음,이륜,남,57세,중상
2018112700100485,2018년 11월 27일 19시,화요일,부산광역시 남구 대연동,부상신고사고,0,0,0,1,차대차 - 측면충돌,차로위반,건조,맑음,단일로 - 기타,이륜,남,26세,부상신고,승용,남,64세,상해없음
2018112700100486,2018년 11월 27일 19시,화요일,부산광역시 동래구 명장동,경상사고,0,0,1,0,차대차 - 추돌,안전거리미확보,건조,맑음,단일로 - 기타,승용,남,75세,상해없음,이륜,여,22세,경상
2018112700100487,2018년 11월 27일 19시,화요일,부산광역시 해운대구 재송동,중상사고,0,3,1,0,차대차 - 측면충돌,안전운전불이행,건조,맑음,단일로 - 교량,승용,남,28세,상해없음,승용,여,55세,중상
2018112700100488,2018년 11월 27일 19시,화요일,부산광역시 사하구 하단동,경상사고,0,0,1,0,차대차 - 기타,안전거리미확보,건조,맑음,기타 - 기타,승용,여,48세,상해없음,승용,남,64세,경상
2018112700100489,2018년 11월 27일 19시,화요일,부산광역시 연제구 연산동,중상사고,0,1,0,0,차대사람 - 횡단중,안전운전불이행,건조,맑음,교차로 - 교차로안,승용,여,56세,상해없음,보행자,여,19세,중상
2018112700100490,2018년 11월 27일 19시,화요일,부산광역시 기장군 정관읍,중상사고,0,1,0,1,차대차 - 기타,직진우회전진행방해,건조,맑음,교차로 - 교차로안,승용,여,39세,부상신고,원동기,남,48세,중상
2018112700100520,2018년 11월 27일 20시,화요일,부산광역시 부산진구 범천동,중상사고,0,1,0,0,차대사람 - 차도통행중,안전운전불이행,건조,맑음,단일로 - 기타,기타불명,기타불명,미분류,기타불명,보행자,여,60세,중상
2018112700100521,2018년 11월 27일 20시,화요일,부산광역시 강서구 화전동,중상사고,0,1,0,0,차대차 - 측면충돌,직진우회전진행방해,건조,맑음,교차로 - 교차로부근,승용,남,61세,상해없음,승용,남,57세,중상
2018112700100573,2018년 11월 27일 22시,화요일,부산광역시 북구 덕천동,경상사고,0,0,1,0,차대사람 - 길가장자리구역통행중,안전운전불이행,건조,맑음,교차로 - 교차로안,승용,여,21세,상해없음,보행자,남,23세,경상
2018112800100006,2018년 11월 28일 00시,수요일,부산광역시 부산진구 양정동,중상사고,0,1,1,0,차대차 - 측면충돌,교차로운행방법위반,건조,맑음,교차로 - 교차로안,승용,남,64세,상해없음,이륜,남,43세,중상
2018112800100029,2018년 11월 28일 02시,수요일,부산광역시 부산진구 부전동,부상신고사고,0,0,0,1,차대차 - 기타,신호위반,건조,맑음,교차로 - 교차로부근,이륜,남,40세,부상신고,승용,남,45세,상해없음
2018112800100035,2018년 11월 28일 03시,수요일,부산광역시 수영구 망미동,경상사고,0,0,2,0,차대차 - 측면충돌,신호위반,건조,맑음,교차로 - 교차로안,승용,남,51세,상해없음,승용,남,55세,경상
2018112800100050,2018년 11월 28일 06시,수요일,부산광역시 부산진구 전포동,경상사고,0,0,1,0,차대차 - 추돌,안전운전불이행,건조,맑음,단일로 - 기타,화물,남,48세,상해없음,승용,남,37세,경상
2018112800100051,2018년 11월 28일 06시,수요일,부산광역시 사하구 구평동,경상사고,0,0,1,0,차대차 - 기타,불법유턴,건조,맑음,교차로 - 교차로안,승합,남,24세,상해없음,승용,남,56세,경상
2018112800100052,2018년 11월 28일 06시,수요일,부산광역시 연제구 연산동,경상사고,0,0,1,0,차대사람 - 기타,안전운전불이행,건조,맑음,단일로 - 기타,승용,남,60세,상해없음,보행자,남,66세,경상
2018112800100093,2018년 11월 28일 08시,수요일,부산광역시 동래구 명륜동,경상사고,0,0,1,0,차대차 - 측면충돌,안전거리미확보,건조,맑음,단일로 - 기타,승용,남,36세,상해없음,원동기,남,61세,경상
2018112800100094,2018년 11월 28일 08시,수요일,부산광역시 강서구 대저2동,중상사고,0,1,0,0,차대차 - 측면충돌,신호위반,건조,맑음,교차로 - 교차로안,화물,여,48세,상해없음,승용,남,52세,중상
2018112800100095,2018년 11월 28일 08시,수요일,부산광역시 사상구 모라동,경상사고,0,0,1,0,차대차 - 기타,안전운전불이행,건조,맑음,단일로 - 기타,화물,남,74세,상해없음,승용,남,25세,경상
2018112800100145,2018년 11월 28일 09시,수요일,부산광역시 남구 대연동,중상사고,0,1,3,0,차대차 - 추돌,안전운전불이행,건조,맑음,단일로 - 기타,화물,남,70세,상해없음,승용,여,47세,중상
2018112800100146,2018년 11월 28일 09시,수요일,부산광역시 수영구 민락동,중상사고,0,1,0,0,차대차 - 기타,안전거리미확보,건조,맑음,단일로 - 기타,화물,남,61세,상해없음,자전거,남,78세,중상
2018112800100147,2018년 11월 28일 09시,수요일,부산광역시 강서구 명지동,부상신고사고,0,0,0,2,차대차 - 측면충돌,차로위반,건조,맑음,단일로 - 기타,승합,남,61세,상해없음,승용,여,34세,부상신고
2018112800100175,2018년 11월 28일 10시,수요일,부산광역시 부산진구 부전동,중상사고,0,1,0,0,차대차 - 기타,기타,건조,맑음,단일로 - 기타,화물,남,63세,상해없음,이륜,남,53세,중상
2018112800100176,2018년 11월 28일 10시,수요일,부산광역시 강서구 대저1동,중상사고,0,1,0,0,차대차 - 추돌,안전운전불이행,건조,맑음,단일로 - 기타,승용,남,58세,상해없음,특수,남,50세,상해없음
2018112800100177,2018년 11월 28일 10시,수요일,부산광역시 강서구 명지동,경상사고,0,0,1,0,차대차 - 기타,안전거리미확보,건조,맑음,단일로 - 기타,승용,남,64세,상해없음,화물,남,24세,경상
2018112800100214,2018년 11월 28일 11시,수요일,부산광역시 부산진구 당감동,중상사고,0,1,0,0,차대사람 - 횡단중,안전운전불이행,건조,맑음,교차로 - 교차로안,화물,남,42세,상해없음,보행자,여,71세,중상
2018112800100215,2018년 11월 28일 11시,수요일,부산광역시 사하구 다대동,중상사고,0,2,1,0,차대차 - 기타,안전운전불이행,건조,맑음,교차로 - 교차로부근,이륜,남,60세,경상,승용,남,28세,중상
2018112800100216,2018년 11월 28일 11시,수요일,부산광역시 기장군 장안읍,중상사고,0,1,2,0,차대차 - 측면충돌,과속,건조,맑음,단일로 - 기타,승용,남,25세,중상,승용,남,70세,경상
2018112800100248,2018년 11월 28일 12시,수요일,부산광역시 연제구 연산동,경상사고,0,0,1,0,차대사람 - 차도통행중,안전운전불이행,건조,맑음,단일로 - 기타,이륜,남,27세,상해없음,보행자,여,16세,경상
2018112800100280,2018년 11월 28일 13시,수요일,부산광역시 중구 대청동1가,경상사고,0,0,1,0,차대차 - 측면충돌,안전운전불이행,건조,맑음,단일로 - 기타,승합,남,61세,상해없음,자전거,남,62세,경상
2018112800100281,2018년 11월 28일 13시,수요일,부산광역시 연제구 연산동,경상사고,0,0,1,0,차대차 - 추돌,안전거리미확보,건조,맑음,단일로 - 기타,승용,남,45세,상해없음,이륜,남,60세,경상
2018112800100310,2018년 11월 28일 14시,수요일,부산광역시 동구 범일동,경상사고,0,0,1,0,차대차 - 추돌,안전운전불이행,건조,맑음,단일로 - 기타,승용,남,62세,상해없음,승용,여,68세,경상
2018112800100311,2018년 11월 28일 14시,수요일,부산광역시 부산진구 부전동,중상사고,0,1,0,0,차대차 - 측면충돌,신호위반,건조,맑음,교차로 - 교차로안,승용,남,48세,상해없음,이륜,남,65세,중상
2018112800100312,2018년 11월 28일 14시,수요일,부산광역시 사상구 모라동,중상사고,0,1,0,0,차대사람 - 횡단중,신호위반,건조,맑음,단일로 - 기타,승용,여,62세,상해없음,보행자,여,59세,중상
2018112800100341,2018년 11월 28일 15시,수요일,부산광역시 기장군 철마면,경상사고,0,0,1,0,차대차 - 추돌,안전운전불이행,건조,맑음,단일로 - 기타,화물,남,34세,상해없음,승용,남,33세,경상
2018112800100373,2018년 11월 28일 16시,수요일,부산광역시 부산진구 가야동,중상사고,0,1,0,0,차대사람 - 횡단중,안전운전불이행,건조,맑음,교차로 - 교차로횡단보도내,승합,남,58세,상해없음,보행자,여,75세,중상