사고번호,사고일시,요일,시군구,사고내용,사망자수,중상자수,경상자수,부상신고자수,사고유형,법규위반,노면상태,기상상태,도로형태,가해운전자 차종,가해운전자 성별,가해운전자 연령,가해운전자 상해정도,피해운전자 차종,피해운전자 성별,피해운전자 연령,피해운전자 상해정도
2018112800100374,2018년 11월 28일 16시,수요일,부산광역시 사하구 감천동,경상사고,0,0,1,0,차대차 - 기타,중앙선침범,건조,맑음,단일로 - 기타,승용,남,42세,상해없음,원동기,남,35세,경상
2018112800100414,2018년 11월 28일 17시,수요일,부산광역시 연제구 거제동,경상사고,0,0,1,0,차대차 - 측면충돌,교차로운행방법위반,건조,맑음,교차로 - 교차로안,승용,여,34세,상해없음,이륜,남,31세,경상
2018112800100415,2018년 11월 28일 17시,수요일,부산광역시 사상구 엄궁동,경상사고,0,0,1,0,차대차 - 측면충돌,안전운전불이행,건조,맑음,교차로 - 교차로안,화물,남,54세,상해없음,화물,남,31세,경상
2018112800100453,2018년 11월 28일 18시,수요일,부산광역시 남구 대연동,중상사고,0,1,0,0,차대차 - 측면충돌,안전운전불이행,건조,맑음,교차로 - 교차로안,승용,남,66세,상해없음,이륜,남,40세,중상
2018112800100454,2018년 11월 28일 18시,수요일,부산광역시 수영구 남천동,경상사고,0,0,4,0,차대차 - 측면충돌,안전운전불이행,건조,맑음,단일로 - 교량,승용,남,65세,상해없음,승용,남,45세,경상
2018112800100455,2018년 11월 28일 18시,수요일,부산광역시 연제구 연산동,중상사고,0,1,0,0,차대차 - 측면충돌,안전거리미확보,건조,맑음,단일로 - 기타,승용,여,61세,상해없음,이륜,남,24세,중상
2018112800100456,2018년 11월 28일 18시,수요일,부산광역시 연제구 연산동,중상사고,0,1,0,0,차대사람 - 차도통행중,안전운전불이행,건조,맑음,단일로 - 기타,승용,여,47세,상해없음,보행자,남,56세,중상
2018112800100457,2018년 11월 28일 18시,수요일,부산광역시 기장군 정관읍,경상사고,0,0,1,0,차대차 - 기타,교차로운행방법위반,건조,맑음,교차로 - 교차로안,승용,남,35세,상해없음,승용,여,50세,경상
2018112800100512,2018년 11월 28일 19시,수요일,부산광역시 해운대구 중동,경상사고,0,0,2,0,차대차 - 기타,안전운전불이행,건조,맑음,단일로 - 기타,이륜,남,33세,경상,승용,남,38세,경상
2018112800100513,2018년 11월 28일 19시,수요일,부산광역시 사하구 당리동,경상사고,0,0,1,0,차대차 - 측면충돌,차로위반,건조,맑음,단일로 - 기타,승용,남,69세,상해없음,이륜,남,21세,경상
2018112800100514,2018년 11월 28일 19시,수요일,부산광역시 사상구 주례동,경상사고,0,0,1,0,차대사람 - 횡단중,보행자보호의무위반,건조,맑음,교차로 - 교차로횡단보도내,승합,남,40세,상해없음,보행자,남,45세,경상
2018112800100542,2018년 11월 28일 20시,수요일,부산광역시 수영구 망미동,경상사고,0,0,1,0,차대사람 - 기타,보행자보호의무위반,건조,맑음,교차로 - 교차로안,승용,여,51세,상해없음,보행자,남,34세,경상
2018112800100579,2018년 11월 28일 21시,수요일,부산광역시 영도구 동삼동,경상사고,0,0,1,0,차대차 - 측면충돌,신호위반,건조,맑음,교차로 - 교차로안,승용,남,66세,상해없음,승용,남,57세,경상
2018112800100609,2018년 11월 28일 22시,수요일,부산광역시 남구 문현동,경상사고,0,0,1,0,차대차 - 기타,차로위반,건조,맑음,단일로 - 기타,이륜,남,53세,상해없음,이륜,남,17세,경상
2018112800100610,2018년 11월 28일 22시,수요일,부산광역시 연제구 연산동,경상사고,0,0,3,0,차대차 - 추돌,안전거리미확보,건조,맑음,단일로 - 기타,승용,남,24세,상해없음,승용,남,67세,경상
2018112900100017,2018년 11월 29일 01시,목요일,부산광역시 영도구 봉래동3가,경상사고,0,0,2,0,차량단독 - 기타,안전운전불이행,건조,맑음,교차로 - 교차로안,승용,남,58세,상해없음,,,,
2018112900100039,2018년 11월 29일 04시,목요일,부산광역시 강서구 구랑동,경상사고,0,0,1,0,차대차 - 추돌,안전운전불이행,건조,맑음,교차로 - 교차로부근,승용,남,29세,상해없음,승용,남,39세,경상
2018112900100058,2018년 11월 29일 06시,목요일,부산광역시 서구 암남동,경상사고,0,0,1,0,차대사람 - 기타,안전운전불이행,건조,맑음,단일로 - 기타,승합,남,44세,상해없음,보행자,남,52세,경상
2018112900100059,2018년 11월 29일 06시,목요일,부산광역시 사하구 다대동,중상사고,0,1,0,0,차대사람 - 횡단중,보행자보호의무위반,건조,맑음,교차로 - 교차로안,승용,남,38세,상해없음,보행자,남,89세,중상
2018112900100060,2018년 11월 29일 06시,목요일,부산광역시 사상구 주례동,부상신고사고,0,0,0,1,차대차 - 측면충돌,안전운전불이행,건조,맑음,단일로 - 기타,이륜,남,24세,부상신고,승용,남,54세,상해없음
2018112900100075,2018년 11월 29일 07시,목요일,부산광역시 금정구 구서동,경상사고,0,0,1,0,차대차 - 측면충돌,안전운전불이행,건조,맑음,교차로 - 교차로안,승용,남,19세,상해없음,승용,남,56세,경상
2018112900100076,2018년 11월 29일 07시,목요일,부산광역시 사하구 하단동,경상사고,0,0,1,0,차대차 - 추돌,안전운전불이행,건조,맑음,기타 - 기타,승용,남,39세,상해없음,승용,여,29세,경상
2018112900100097,2018년 11월 29일 08시,목요일,부산광역시 서구 남부민동,경상사고,0,0,1,0,차대사람 - 기타,안전운전불이행,건조,맑음,단일로 - 기타,화물,남,32세,상해없음,보행자,여,49세,경상
2018112900100099,2018년 11월 29일 08시,목요일,부산광역시 해운대구 중동,경상사고,0,0,1,0,차대차 - 측면충돌,안전운전불이행,건조,맑음,단일로 - 기타,승용,여,26세,상해없음,승용,남,46세,경상
2018112900100100,2018년 11월 29일 08시,목요일,부산광역시 사상구 주례동,경상사고,0,0,1,0,차대사람 - 횡단중,안전운전불이행,건조,맑음,기타 - 기타,승용,남,66세,상해없음,보행자,여,11세,경상
2018112900100128,2018년 11월 29일 09시,목요일,부산광역시 해운대구 우동,부상신고사고,0,0,0,1,차대차 - 기타,신호위반,기타,맑음,교차로 - 교차로안,개인형이동수단(PM),남,35세,부상신고,승용,남,48세,상해없음
2018112900100233,2018년 11월 29일 13시,목요일,부산광역시 금정구 구서동,경상사고,0,0,1,0,차대차 - 기타,안전운전불이행,건조,맑음,기타 - 기타,승용,여,41세,상해없음,자전거,남,48세,경상
2018112900100260,2018년 11월 29일 14시,목요일,부산광역시 사하구 신평동,중상사고,0,1,0,0,차대사람 - 횡단중,신호위반,건조,맑음,교차로 - 교차로안,승용,남,69세,상해없음,보행자,남,73세,중상
2018112900100261,2018년 11월 29일 14시,목요일,부산광역시 연제구 연산동,경상사고,0,0,1,0,차대사람 - 기타,안전거리미확보,건조,맑음,단일로 - 기타,승용,여,50세,상해없음,보행자,여,68세,경상
2018112900100282,2018년 11월 29일 15시,목요일,부산광역시 동구 수정동,중상사고,0,1,0,0,차대사람 - 기타,기타,건조,맑음,단일로 - 기타,승합,남,43세,상해없음,보행자,여,65세,중상
2018112900100283,2018년 11월 29일 15시,목요일,부산광역시 부산진구 부암동,경상사고,0,0,1,0,차대사람 - 횡단중,안전운전불이행,건조,맑음,교차로 - 교차로횡단보도내,승용,여,66세,상해없음,보행자,여,56세,경상
2018112900100284,2018년 11월 29일 15시,목요일,부산광역시 금정구 부곡동,경상사고,0,0,1,0,차대사람 - 횡단중,보행자보호의무위반,건조,맑음,교차로 - 교차로부근,승용,남,59세,상해없음,보행자,여,68세,경상
2018112900100319,2018년 11월 29일 16시,목요일,부산광역시 동구 좌천동,경상사고,0,0,1,0,차대차 - 추돌,안전거리미확보,건조,맑음,교차로 - 교차로부근,이륜,남,27세,상해없음,승용,여,46세,경상
2018112900100320,2018년 11월 29일 16시,목요일,부산광역시 해운대구 재송동,경상사고,0,0,1,0,차대차 - 측면충돌,안전거리미확보,건조,맑음,단일로 - 기타,승용,여,49세,상해없음,승용,남,42세,경상
2018112900100321,2018년 11월 29일 16시,목요일,부산광역시 강서구 송정동,중상사고,0,1,1,0,차대차 - 측면충돌,안전거리미확보,건조,맑음,기타 - 기타,화물,남,28세,상해없음,승용,남,63세,중상
2018112900100322,2018년 11월 29일 16시,목요일,부산광역시 사상구 모라동,중상사고,0,1,0,0,차대사람 - 기타,안전운전불이행,건조,맑음,주차장 - 주차장,승용,여,36세,상해없음,보행자,남,66세,중상
2018112900100360,2018년 11월 29일 17시,목요일,부산광역시 남구 용호동,경상사고,0,0,1,0,차대차 - 후진중충돌,안전운전불이행,건조,맑음,단일로 - 기타,승용,남,60세,상해없음,승용,남,36세,경상
2018112900100361,2018년 11월 29일 17시,목요일,부산광역시 금정구 구서동,중상사고,0,1,0,0,차대사람 - 차도통행중,안전운전불이행,건조,맑음,교차로 - 교차로부근,화물,남,44세,상해없음,보행자,여,59세,중상
2018112900100403,2018년 11월 29일 18시,목요일,부산광역시 해운대구 반송동,경상사고,0,0,1,0,차대사람 - 차도통행중,안전운전불이행,건조,맑음,단일로 - 기타,승용,남,60세,상해없음,보행자,남,62세,경상
2018112900100459,2018년 11월 29일 19시,목요일,부산광역시 남구 대연동,경상사고,0,0,1,0,차대사람 - 횡단중,보행자보호의무위반,건조,맑음,단일로 - 기타,승용,남,75세,상해없음,보행자,남,48세,경상
2018112900100460,2018년 11월 29일 19시,목요일,부산광역시 사하구 장림동,경상사고,0,0,1,0,차대차 - 정면충돌,신호위반,건조,기타,교차로 - 교차로안,이륜,남,33세,경상,승용,남,38세,상해없음
2018112900100514,2018년 11월 29일 21시,목요일,부산광역시 중구 남포동5가,경상사고,0,0,2,0,차대차 - 측면충돌,신호위반,건조,맑음,교차로 - 교차로안,승용,남,28세,상해없음,승용,남,31세,경상
2018112900100515,2018년 11월 29일 21시,목요일,부산광역시 남구 문현동,경상사고,0,0,2,0,차대차 - 추돌,안전거리미확보,건조,맑음,단일로 - 기타,승용,남,61세,경상,원동기,남,18세,상해없음
2018112900100540,2018년 11월 29일 22시,목요일,부산광역시 동래구 낙민동,경상사고,0,0,1,0,차대차 - 기타,안전운전불이행,건조,맑음,단일로 - 기타,승용,남,54세,상해없음,자전거,남,18세,경상
2018112900100541,2018년 11월 29일 22시,목요일,부산광역시 부산진구 부전동,경상사고,0,0,1,0,차대사람 - 차도통행중,안전운전불이행,건조,맑음,단일로 - 기타,승용,남,59세,상해없음,보행자,남,40세,경상
2018112900100562,2018년 11월 29일 23시,목요일,부산광역시 서구 암남동,중상사고,0,1,1,0,차대차 - 측면충돌,안전운전불이행,건조,맑음,단일로 - 기타,승용,남,56세,상해없음,승용,남,71세,중상
2018113000100010,2018년 11월 30일 00시,금요일,부산광역시 부산진구 범천동,중상사고,0,1,1,0,차대차 - 측면충돌,중앙선침범,건조,맑음,단일로 - 기타,화물,남,49세,상해없음,승용,기타불명,기타불명,기타불명
2018113000100011,2018년 11월 30일 00시,금요일,부산광역시 수영구 수영동,중상사고,0,1,0,0,차대사람 - 차도통행중,안전운전불이행,건조,맑음,단일로 - 기타,승용,여,24세,상해없음,보행자,여,49세,중상
2018113000100012,2018년 11월 30일 00시,금요일,부산광역시 사상구 삼락동,경상사고,0,0,1,1,차량단독 - 기타,안전운전불이행,건조,맑음,단일로 - 기타,이륜,남,22세,부상신고,,,,
2018113000100050,2018년 11월 30일 04시,금요일,부산광역시 동래구 안락동,경상사고,0,0,1,0,차대차 - 측면충돌,신호위반,건조,맑음,교차로 - 교차로안,승용,남,53세,상해없음,승용,남,21세,경상
2018113000100051,2018년 11월 30일 04시,금요일,부산광역시 사하구 하단동,경상사고,0,0,1,0,차대차 - 기타,안전운전불이행,건조,맑음,단일로 - 기타,승용,남,25세,상해없음,승용,남,54세,경상
2018113000100089,2018년 11월 30일 07시,금요일,부산광역시 부산진구 양정동,중상사고,0,1,1,0,차대차 - 기타,직진우회전진행방해,건조,맑음,교차로 - 교차로안,승용,남,56세,상해없음,승용,남,61세,경상
2018113000100117,2018년 11월 30일 08시,금요일,부산광역시 중구 영주동,경상사고,0,0,1,0,차대차 - 측면충돌,안전거리미확보,건조,맑음,단일로 - 기타,건설기계,남,56세,상해없음,승용,여,66세,경상
2018113000100118,2018년 11월 30일 08시,금요일,부산광역시 수영구 망미동,경상사고,0,0,1,0,차대차 - 측면충돌,교차로운행방법위반,건조,맑음,교차로 - 교차로안,승용,여,54세,상해없음,승용,남,58세,경상
2018113000100119,2018년 11월 30일 08시,금요일,부산광역시 사상구 주례동,부상신고사고,0,0,0,2,차대차 - 측면충돌,안전운전불이행,건조,맑음,교차로 - 교차로안,승용,남,62세,부상신고,승용,남,31세,부상신고
2018113000100182,2018년 11월 30일 10시,금요일,부산광역시 북구 구포동,경상사고,0,0,1,0,차대차 - 측면충돌,안전거리미확보,건조,맑음,단일로 - 지하차도(도로)내,승합,남,73세,상해없음,승용,남,56세,경상
2018113000100183,2018년 11월 30일 10시,금요일,부산광역시 사상구 감전동,중상사고,0,1,2,0,차대차 - 측면충돌,차로위반,건조,맑음,단일로 - 기타,화물,남,45세,상해없음,화물,남,51세,경상
2018113000100217,2018년 11월 30일 11시,금요일,부산광역시 사상구 학장동,경상사고,0,0,2,1,차대차 - 추돌,안전운전불이행,건조,맑음,교차로 - 교차로안,화물,남,60세,상해없음,승용,여,37세,경상
2018113000100251,2018년 11월 30일 12시,금요일,부산광역시 부산진구 부전동,중상사고,0,1,0,0,차대사람 - 기타,안전운전불이행,건조,맑음,단일로 - 기타,승용,남,37세,상해없음,보행자,남,49세,중상
2018113000100282,2018년 11월 30일 13시,금요일,부산광역시 영도구 청학동,중상사고,0,1,0,0,차대차 - 측면충돌,안전운전불이행,건조,맑음,단일로 - 기타,이륜,남,45세,중상,승용,여,59세,상해없음
2018113000100310,2018년 11월 30일 14시,금요일,부산광역시 남구 용호동,중상사고,0,1,1,1,차대차 - 기타,안전거리미확보,건조,맑음,단일로 - 기타,승용,남,28세,부상신고,승용,남,33세,중상
2018113000100311,2018년 11월 30일 14시,금요일,부산광역시 영도구 청학동,중상사고,0,1,0,0,차대차 - 기타,안전운전불이행,건조,맑음,단일로 - 기타,이륜,남,36세,중상,화물,남,64세,상해없음
2018113000100312,2018년 11월 30일 14시,금요일,부산광역시 금정구 구서동,경상사고,0,0,1,0,차대차 - 추돌,안전운전불이행,건조,맑음,교차로 - 교차로부근,승용,남,29세,상해없음,승용,남,35세,경상
2018113000100351,2018년 11월 30일 15시,금요일,부산광역시 영도구 청학동,중상사고,0,1,0,0,차대차 - 측면충돌,안전거리미확보,건조,맑음,단일로 - 기타,화물,남,53세,상해없음,승용,남,57세,중상
2018113000100352,2018년 11월 30일 15시,금요일,부산광역시 해운대구 재송동,경상사고,0,0,1,0,차대사람 - 차도통행중,기타,건조,맑음,교차로 - 교차로부근,승용,남,61세,상해없음,보행자,남,8세,경상
2018113000100387,2018년 11월 30일 16시,금요일,부산광역시 사하구 괴정동,경상사고,0,0,1,0,차대차 - 기타,안전운전불이행,건조,맑음,단일로 - 기타,승용,여,30세,상해없음,이륜,남,37세,상해없음
2018113000100423,2018년 11월 30일 17시,금요일,부산광역시 서구 서대신동2가,경상사고,0,0,1,0,차대사람 - 차도통행중,안전운전불이행,건조,맑음,단일로 - 기타,승용,남,33세,상해없음,보행자,남,61세,경상
2018113000100424,2018년 11월 30일 17시,금요일,부산광역시 남구 용호동,경상사고,0,0,1,0,차대차 - 추돌,안전운전불이행,건조,흐림,단일로 - 기타,승용,남,60세,상해없음,승용,남,66세,경상
2018113000100425,2018년 11월 30일 17시,금요일,부산광역시 해운대구 반여동,중상사고,0,1,1,0,차대차 - 추돌,안전거리미확보,건조,맑음,단일로 - 기타,화물,남,69세,상해없음,승용,남,25세,중상
2018113000100426,2018년 11월 30일 17시,금요일,부산광역시 금정구 남산동,중상사고,0,1,0,0,차대차 - 측면충돌,중앙선침범,건조,맑음,교차로 - 교차로부근,이륜,여,58세,중상,승용,남,22세,상해없음
2018113000100427,2018년 11월 30일 17시,금요일,부산광역시 금정구 부곡동,중상사고,0,1,0,0,차대사람 - 횡단중,안전운전불이행,건조,맑음,단일로 - 기타,이륜,남,31세,상해없음,보행자,여,61세,중상
2018113000100428,2018년 11월 30일 17시,금요일,부산광역시 사하구 하단동,중상사고,0,1,0,0,차대차 - 기타,안전거리미확보,건조,맑음,교차로 - 교차로부근,승용,여,31세,기타불명,승용,여,56세,중상
2018113000100490,2018년 11월 30일 18시,금요일,부산광역시 중구 대창동1가,경상사고,0,0,1,0,차대차 - 측면충돌,안전거리미확보,건조,맑음,교차로 - 교차로안,승용,여,38세,상해없음,승용,남,57세,경상
2018113000100491,2018년 11월 30일 18시,금요일,부산광역시 북구 구포동,경상사고,0,0,1,0,차대차 - 측면충돌,안전거리미확보,건조,맑음,단일로 - 지하차도(도로)내,승용,남,67세,상해없음,이륜,남,42세,경상
2018113000100492,2018년 11월 30일 18시,금요일,부산광역시 해운대구 우동,경상사고,0,0,1,0,차대차 - 측면충돌,신호위반,건조,맑음,교차로 - 교차로안,승용,남,47세,상해없음,이륜,남,27세,경상
2018113000100566,2018년 11월 30일 19시,금요일,부산광역시 중구 보수동1가,경상사고,0,0,1,0,차대차 - 기타,안전운전불이행,건조,맑음,단일로 - 기타,승용,남,52세,상해없음,이륜,남,35세,경상
2018113000100635,2018년 11월 30일 21시,금요일,부산광역시 수영구 광안동,경상사고,0,0,1,0,차대차 - 측면충돌,교차로운행방법위반,건조,맑음,교차로 - 교차로안,승용,남,29세,상해없음,승용,여,32세,경상
2018113000100636,2018년 11월 30일 21시,금요일,부산광역시 북구 화명동,경상사고,0,0,1,0,차대차 - 기타,교차로운행방법위반,건조,맑음,교차로 - 교차로안,승용,남,44세,상해없음,화물,남,43세,경상
2018113000100637,2018년 11월 30일 21시,금요일,부산광역시 영도구 동삼동,경상사고,0,0,2,0,차대차 - 정면충돌,교차로운행방법위반,건조,맑음,교차로 - 교차로안,이륜,남,51세,경상,이륜,남,22세,경상
2018113000100638,2018년 11월 30일 21시,금요일,부산광역시 부산진구 양정동,중상사고,0,1,0,0,차대사람 - 길가장자리구역통행중,안전운전불이행,건조,맑음,단일로 - 기타,승합,남,67세,상해없음,보행자,여,26세,중상
2018113000100679,2018년 11월 30일 22시,금요일,부산광역시 강서구 신호동,경상사고,0,0,3,0,차대차 - 추돌,안전운전불이행,건조,맑음,단일로 - 기타,승용,남,48세,상해없음,승용,남,43세,경상
2018120100100006,2018년 12월 1일 00시,토요일,부산광역시 사상구 괘법동,경상사고,0,0,2,0,차대차 - 측면충돌,안전운전불이행,건조,맑음,단일로 - 기타,승용,남,63세,상해없음,승용,여,26세,경상
2018120100100042,2018년 12월 1일 02시,토요일,부산광역시 수영구 광안동,경상사고,0,0,1,0,차대차 - 측면충돌,신호위반,건조,맑음,단일로 - 기타,승합,남,44세,상해없음,승용,남,58세,경상
2018120100100043,2018년 12월 1일 02시,토요일,부산광역시 부산진구 전포동,경상사고,0,0,2,0,차대차 - 측면충돌,신호위반,건조,맑음,단일로 - 기타,승용,남,31세,상해없음,승용,남,59세,경상
2018120100100091,2018년 12월 1일 06시,토요일,부산광역시 사상구 감전동,중상사고,0,1,1,1,차대차 - 측면충돌,안전운전불이행,건조,맑음,교차로 - 교차로안,승용,여,61세,부상신고,승용,남,29세,경상
2018120100100114,2018년 12월 1일 07시,토요일,부산광역시 북구 구포동,경상사고,0,0,2,0,차대사람 - 기타,안전운전불이행,건조,맑음,단일로 - 기타,승용,남,61세,상해없음,보행자,여,77세,경상
2018120100100148,2018년 12월 1일 09시,토요일,부산광역시 남구 대연동,경상사고,0,0,2,0,차대차 - 추돌,교차로운행방법위반,건조,맑음,교차로 - 교차로안,승용,남,56세,경상,승용,여,40세,경상
2018120100100149,2018년 12월 1일 09시,토요일,부산광역시 해운대구 반여동,경상사고,0,0,1,0,차대차 - 측면충돌,안전운전불이행,건조,맑음,단일로 - 기타,승용,남,57세,상해없음,화물,남,34세,경상
2018120100100171,2018년 12월 1일 10시,토요일,부산광역시 수영구 남천동,경상사고,0,0,1,0,차대사람 - 기타,안전운전불이행,건조,맑음,단일로 - 기타,승용,남,74세,상해없음,보행자,여,58세,경상
2018120100100194,2018년 12월 1일 11시,토요일,부산광역시 부산진구 당감동,경상사고,0,0,1,0,차량단독 - 기타,기타,건조,맑음,단일로 - 기타,승합,남,55세,상해없음,,,,
2018120100100220,2018년 12월 1일 12시,토요일,부산광역시 동래구 온천동,경상사고,0,0,1,0,차대차 - 기타,안전거리미확보,건조,맑음,단일로 - 기타,승용,남,47세,상해없음,승합,남,58세,상해없음
2018120100100221,2018년 12월 1일 12시,토요일,부산광역시 기장군 기장읍,경상사고,0,0,1,0,차대차 - 측면충돌,안전운전불이행,건조,맑음,단일로 - 기타,승용,남,32세,상해없음,승용,여,52세,경상
2018120100100262,2018년 12월 1일 13시,토요일,부산광역시 중구 중앙동2가,중상사고,0,1,0,0,차대차 - 측면충돌,신호위반,건조,맑음,교차로 - 교차로부근,승용,여,44세,상해없음,이륜,남,33세,중상
2018120100100263,2018년 12월 1일 13시,토요일,부산광역시 금정구 장전동,경상사고,0,0,1,0,차대차 - 기타,안전운전불이행,건조,맑음,기타 - 기타,승용,남,52세,상해없음,이륜,남,23세,경상
2018120100100264,2018년 12월 1일 13시,토요일,부산광역시 사하구 괴정동,부상신고사고,0,0,0,1,차대차 - 측면충돌,중앙선침범,건조,맑음,단일로 - 지하차도(도로)내,이륜,남,34세,부상신고,승용,여,52세,상해없음
2018120100100265,2018년 12월 1일 13시,토요일,부산광역시 기장군 정관읍,경상사고,0,0,1,0,차대사람 - 기타,안전운전불이행,건조,맑음,단일로 - 기타,승합,남,60세,상해없음,보행자,남,60세,경상
2018120100100298,2018년 12월 1일 14시,토요일,부산광역시 연제구 연산동,경상사고,0,0,1,0,차대차 - 측면충돌,신호위반,건조,맑음,교차로 - 교차로안,승용,남,50세,상해없음,승용,남,22세,경상
2018120100100299,2018년 12월 1일 14시,토요일,부산광역시 기장군 일광면,경상사고,0,0,4,0,차대차 - 측면충돌,교차로운행방법위반,건조,맑음,교차로 - 교차로안,승용,남,56세,상해없음,승용,남,57세,경상
2018120100100340,2018년 12월 1일 15시,토요일,부산광역시 남구 대연동,중상사고,0,1,0,0,차대차 - 측면충돌,신호위반,건조,맑음,단일로 - 기타,승용,여,32세,상해없음,자전거,남,26세,중상
2018120100100341,2018년 12월 1일 15시,토요일,부산광역시 부산진구 부암동,사망사고,1,0,0,0,차대사람 - 횡단중,과속,건조,맑음,교차로 - 교차로안,승용,남,65세,상해없음,보행자,여,67세,사망
2018120100100342,2018년 12월 1일 15시,토요일,부산광역시 부산진구 전포동,중상사고,0,1,0,0,차대사람 - 기타,안전운전불이행,건조,맑음,단일로 - 기타,승용,여,67세,상해없음,보행자,여,85세,중상
2018120100100343,2018년 12월 1일 15시,토요일,부산광역시 사상구 주례동,경상사고,0,0,1,0,차대사람 - 횡단중,보행자보호의무위반,건조,맑음,교차로 - 교차로횡단보도내,승용,여,59세,상해없음,보행자,남,10세,경상
2018120100100384,2018년 12월 1일 16시,토요일,부산광역시 북구 화명동,중상사고,0,1,2,0,차대차 - 측면충돌,신호위반,건조,맑음,교차로 - 교차로안,이륜,남,17세,중상,승용,남,71세,경상
2018120100100385,2018년 12월 1일 16시,토요일,부산광역시 북구 덕천동,중상사고,0,1,0,0,차대차 - 기타,안전거리미확보,건조,맑음,단일로 - 기타,승용,남,61세,상해없음,이륜,남,25세,중상
2018120100100412,2018년 12월 1일 17시,토요일,부산광역시 중구 보수동1가,경상사고,0,0,1,0,차량단독 - 기타,기타,건조,맑음,단일로 - 기타,승합,남,34세,상해없음,,,,
2018120100100413,2018년 12월 1일 17시,토요일,부산광역시 북구 만덕동,중상사고,0,1,1,0,차대차 - 측면충돌,안전거리미확보,건조,맑음,단일로 - 지하차도(도로)내,건설기계,남,48세,상해없음,승용,남,37세,경상
2018120100100414,2018년 12월 1일 17시,토요일,부산광역시 부산진구 범전동,중상사고,0,1,0,0,차대차 - 추돌,안전운전불이행,건조,맑음,단일로 - 기타,승용,남,51세,상해없음,이륜,남,65세,중상
2018120100100415,2018년 12월 1일 17시,토요일,부산광역시 금정구 남산동,중상사고,0,1,0,0,차대사람 - 횡단중,기타,건조,맑음,단일로 - 기타,자전거,남,70세,상해없음,보행자,여,68세,중상
2018120100100416,2018년 12월 1일 17시,토요일,부산광역시 기장군 정관읍,경상사고,0,0,3,0,차대차 - 추돌,안전거리미확보,건조,맑음,단일로 - 기타,승용,남,54세,경상,승용,남,35세,경상
2018120100100454,2018년 12월 1일 18시,토요일,부산광역시 부산진구 부전동,경상사고,0,0,1,0,차대차 - 기타,안전운전불이행,건조,맑음,단일로 - 기타,승용,남,33세,상해없음,승용,여,42세,기타불명
2018120100100455,2018년 12월 1일 18시,토요일,부산광역시 사하구 당리동,중상사고,0,1,0,0,차대사람 - 횡단중,보행자보호의무위반,건조,맑음,교차로 - 교차로부근,화물,남,47세,상해없음,보행자,여,52세,중상
2018120100100496,2018년 12월 1일 19시,토요일,부산광역시 북구 덕천동,중상사고,0,1,2,0,차대차 - 추돌,안전운전불이행,건조,맑음,단일로 - 지하차도(도로)내,승용,남,32세,상해없음,승합,남,59세,중상
2018120100100497,2018년 12월 1일 19시,토요일,부산광역시 북구 구포동,경상사고,0,0,1,0,차대차 - 기타,차로위반,건조,맑음,교차로 - 교차로안,승용,남,60세,상해없음,승용,남,47세,경상
2018120100100498,2018년 12월 1일 19시,토요일,부산광역시 수영구 망미동,경상사고,0,0,1,0,차대차 - 측면충돌,직진우회전진행방해,건조,맑음,교차로 - 교차로안,승용,남,40세,상해없음,이륜,남,22세,경상
2018120100100499,2018년 12월 1일 19시,토요일,부산광역시 강서구 송정동,중상사고,0,1,0,0,차대차 - 측면충돌,안전운전불이행,건조,맑음,교차로 - 교차로부근,승용,여,52세,상해없음,승용,남,47세,중상
2018120100100536,2018년 12월 1일 20시,토요일,부산광역시 부산진구 전포동,경상사고,0,0,1,0,차대차 - 기타,기타,건조,맑음,단일로 - 기타,승용,남,63세,상해없음,이륜,여,21세,경상
2018120100100556,2018년 12월 1일 21시,토요일,부산광역시 해운대구 좌동,중상사고,0,1,0,0,차대사람 - 횡단중,신호위반,건조,맑음,교차로 - 교차로부근,승용,남,75세,상해없음,보행자,남,59세,중상
2018120100100557,2018년 12월 1일 21시,토요일,부산광역시 연제구 연산동,경상사고,0,0,1,0,차대사람 - 길가장자리구역통행중,안전운전불이행,건조,맑음,단일로 - 기타,승용,여,45세,상해없음,보행자,남,54세,경상
2018120100100584,2018년 12월 1일 22시,토요일,부산광역시 중구 부평동1가,경상사고,0,0,1,0,차대사람 - 기타,안전운전불이행,건조,맑음,단일로 - 기타,승용,남,38세,상해없음,보행자,남,30세,경상
2018120100100600,2018년 12월 1일 23시,토요일,부산광역시 사하구 장림동,부상신고사고,0,0,0,1,차대차 - 측면충돌,신호위반,건조,맑음,교차로 - 교차로안,화물,남,50세,부상신고,승용,남,24세,상해없음
2018120100100601,2018년 12월 1일 23시,토요일,부산광역시 기장군 정관읍,부상신고사고,0,0,0,1,차대차 - 측면충돌,안전운전불이행,건조,맑음,교차로 - 교차로부근,승용,남,70세,상해없음,이륜,남,33세,부상신고
2018120200100016,2018년 12월 2일 01시,일요일,부산광역시 사상구 주례동,경상사고,0,0,1,1,차대차 - 측면충돌,신호위반,건조,맑음,단일로 - 기타,승용,남,65세,부상신고,승용,남,29세,경상
2018120200100047,2018년 12월 2일 03시,일요일,부산광역시 부산진구 부전동,부상신고사고,0,0,0,1,차대차 - 측면충돌,안전운전불이행,건조,맑음,단일로 - 기타,이륜,남,22세,부상신고,승용,남,69세,상해없음