사고번호,사고일시,요일,시군구,사고내용,사망자수,중상자수,경상자수,부상신고자수,사고유형,법규위반,노면상태,기상상태,도로형태,가해운전자 차종,가해운전자 성별,가해운전자 연령,가해운전자 상해정도,피해운전자 차종,피해운전자 성별,피해운전자 연령,피해운전자 상해정도
2018120900100199,2018년 12월 9일 15시,일요일,부산광역시 사상구 엄궁동,중상사고,0,1,0,0,차대사람 - 기타,안전운전불이행,건조,맑음,교차로 - 교차로부근,화물,남,64세,상해없음,보행자,여,77세,중상
2018120900100224,2018년 12월 9일 16시,일요일,부산광역시 동래구 온천동,경상사고,0,0,4,0,차대차 - 측면충돌,안전거리미확보,건조,맑음,단일로 - 기타,승용,남,65세,상해없음,승용,남,26세,경상
2018120900100243,2018년 12월 9일 17시,일요일,부산광역시 강서구 대저2동,중상사고,0,1,0,1,차대차 - 기타,과속,건조,맑음,단일로 - 기타,승용,남,72세,상해없음,승용,여,30세,중상
2018120900100270,2018년 12월 9일 18시,일요일,부산광역시 남구 문현동,경상사고,0,0,1,0,차량단독 - 기타,기타,건조,맑음,교차로 - 교차로부근,승합,남,66세,기타불명,,,,
2018120900100271,2018년 12월 9일 18시,일요일,부산광역시 북구 만덕동,경상사고,0,0,1,0,차대차 - 측면충돌,안전운전불이행,건조,맑음,단일로 - 기타,이륜,남,42세,경상,승용,남,68세,상해없음
2018120900100309,2018년 12월 9일 19시,일요일,부산광역시 북구 만덕동,경상사고,0,0,1,0,차대차 - 기타,안전거리미확보,건조,맑음,단일로 - 기타,승합,남,46세,상해없음,승용,여,44세,경상
2018120900100310,2018년 12월 9일 19시,일요일,부산광역시 북구 만덕동,경상사고,0,0,1,0,차대차 - 추돌,신호위반,건조,맑음,단일로 - 기타,이륜,남,20세,상해없음,승용,남,40세,경상
2018120900100341,2018년 12월 9일 20시,일요일,부산광역시 동구 초량동,경상사고,0,0,2,0,차대차 - 기타,안전운전불이행,건조,맑음,단일로 - 기타,승용,남,78세,상해없음,승용,남,36세,경상
2018120900100342,2018년 12월 9일 20시,일요일,부산광역시 부산진구 당감동,경상사고,0,0,2,0,차대차 - 기타,차로위반,건조,맑음,단일로 - 기타,승용,남,66세,상해없음,승용,남,64세,경상
2018120900100362,2018년 12월 9일 21시,일요일,부산광역시 사하구 하단동,경상사고,0,0,1,0,차대차 - 기타,안전운전불이행,건조,맑음,단일로 - 기타,승용,남,40세,상해없음,이륜,남,28세,경상
2018120900100381,2018년 12월 9일 22시,일요일,부산광역시 동구 좌천동,경상사고,0,0,1,0,차대차 - 기타,안전거리미확보,건조,맑음,단일로 - 기타,화물,남,53세,상해없음,승용,여,37세,경상
2018120900100382,2018년 12월 9일 22시,일요일,부산광역시 남구 대연동,경상사고,0,0,2,0,차대차 - 측면충돌,안전운전불이행,건조,맑음,교차로 - 교차로안,이륜,남,19세,상해없음,승용,남,51세,상해없음
2018120900100383,2018년 12월 9일 22시,일요일,부산광역시 사하구 다대동,경상사고,0,0,1,0,차대차 - 기타,안전운전불이행,건조,맑음,단일로 - 기타,승용,남,25세,상해없음,승용,남,40세,경상
2018120900100384,2018년 12월 9일 22시,일요일,부산광역시 사하구 하단동,중상사고,0,1,0,0,차대차 - 기타,신호위반,건조,맑음,교차로 - 교차로안,이륜,남,22세,중상,승용,남,56세,상해없음
2018120900100400,2018년 12월 9일 23시,일요일,부산광역시 동구 초량동,경상사고,0,0,1,0,차대사람 - 기타,안전운전불이행,건조,맑음,교차로 - 교차로안,승용,여,37세,상해없음,보행자,여,67세,경상
2018121000100007,2018년 12월 10일 00시,월요일,부산광역시 부산진구 부전동,사망사고,1,0,0,0,차대차 - 측면충돌,신호위반,건조,맑음,교차로 - 교차로안,승용,여,25세,상해없음,이륜,남,21세,사망
2018121000100022,2018년 12월 10일 05시,월요일,부산광역시 남구 문현동,경상사고,0,0,1,0,차대사람 - 길가장자리구역통행중,안전운전불이행,건조,맑음,교차로 - 교차로안,승용,남,38세,상해없음,보행자,여,80세,경상
2018121000100030,2018년 12월 10일 06시,월요일,부산광역시 해운대구 우동,경상사고,0,0,2,0,차대차 - 기타,안전운전불이행,건조,맑음,단일로 - 기타,승용,남,37세,상해없음,승용,남,54세,경상
2018121000100075,2018년 12월 10일 08시,월요일,부산광역시 동래구 명장동,경상사고,0,0,1,0,차대차 - 기타,안전운전불이행,건조,맑음,기타 - 기타,건설기계,남,69세,상해없음,승용,남,61세,경상
2018121000100109,2018년 12월 10일 09시,월요일,부산광역시 수영구 광안동,경상사고,0,0,1,0,차대차 - 측면충돌,안전거리미확보,건조,맑음,단일로 - 기타,건설기계,남,38세,상해없음,승용,여,39세,경상
2018121000100110,2018년 12월 10일 09시,월요일,부산광역시 사하구 장림동,경상사고,0,0,1,0,차대차 - 기타,신호위반,건조,맑음,교차로 - 교차로안,승용,남,61세,상해없음,승용,남,37세,경상
2018121000100142,2018년 12월 10일 10시,월요일,부산광역시 서구 암남동,경상사고,0,0,2,0,차대차 - 측면충돌,차로위반,건조,맑음,단일로 - 기타,화물,남,58세,상해없음,화물,남,29세,상해없음
2018121000100143,2018년 12월 10일 10시,월요일,부산광역시 사하구 하단동,중상사고,0,1,0,0,차대차 - 기타,신호위반,건조,맑음,교차로 - 교차로안,승용,남,64세,상해없음,이륜,남,31세,중상
2018121000100186,2018년 12월 10일 11시,월요일,부산광역시 중구 중앙동4가,중상사고,0,1,0,0,차대사람 - 길가장자리구역통행중,안전운전불이행,건조,맑음,교차로 - 교차로부근,화물,남,67세,상해없음,보행자,여,27세,중상
2018121000100247,2018년 12월 10일 13시,월요일,부산광역시 부산진구 양정동,경상사고,0,0,1,0,차대사람 - 기타,안전운전불이행,건조,맑음,교차로 - 교차로안,승용,여,43세,상해없음,보행자,남,78세,경상
2018121000100248,2018년 12월 10일 13시,월요일,부산광역시 사하구 신평동,중상사고,0,1,2,0,차대차 - 기타,중앙선침범,건조,맑음,교차로 - 교차로안,승용,여,39세,경상,원동기,남,53세,중상
2018121000100283,2018년 12월 10일 14시,월요일,부산광역시 남구 용호동,부상신고사고,0,0,0,1,차대차 - 측면충돌,안전운전불이행,건조,맑음,교차로 - 교차로부근,승용,남,50세,상해없음,승용,남,67세,상해없음
2018121000100284,2018년 12월 10일 14시,월요일,부산광역시 사하구 신평동,경상사고,0,0,1,0,차대차 - 측면충돌,안전운전불이행,건조,맑음,교차로 - 교차로안,화물,남,32세,상해없음,승합,남,42세,경상
2018121000100319,2018년 12월 10일 15시,월요일,부산광역시 동구 초량동,중상사고,0,1,0,0,차대차 - 기타,교차로운행방법위반,건조,맑음,교차로 - 교차로안,이륜,남,68세,중상,승용,남,66세,상해없음
2018121000100434,2018년 12월 10일 18시,월요일,부산광역시 수영구 광안동,경상사고,0,0,1,0,차대사람 - 보도통행중,기타,건조,맑음,단일로 - 기타,승용,남,35세,상해없음,보행자,여,35세,경상
2018121000100435,2018년 12월 10일 18시,월요일,부산광역시 강서구 대저1동,경상사고,0,0,2,0,차대차 - 추돌,안전거리미확보,건조,맑음,교차로 - 교차로부근,화물,남,52세,상해없음,승용,남,26세,경상
2018121000100499,2018년 12월 10일 19시,월요일,부산광역시 북구 만덕동,중상사고,0,1,0,0,차대차 - 기타,신호위반,건조,맑음,교차로 - 교차로안,승용,여,57세,상해없음,이륜,남,32세,중상
2018121000100500,2018년 12월 10일 19시,월요일,부산광역시 기장군 정관읍,경상사고,0,0,1,0,차대차 - 정면충돌,중앙선침범,건조,맑음,단일로 - 기타,승용,여,38세,상해없음,이륜,남,43세,경상
2018121000100535,2018년 12월 10일 20시,월요일,부산광역시 해운대구 송정동,경상사고,0,0,1,0,차량단독 - 기타,안전운전불이행,건조,맑음,단일로 - 기타,승용,여,18세,상해없음,,,,
2018121000100608,2018년 12월 10일 23시,월요일,부산광역시 수영구 광안동,경상사고,0,0,2,0,차대차 - 추돌,교차로운행방법위반,건조,맑음,교차로 - 교차로안,승용,여,26세,경상,승용,남,63세,경상
2018121000100610,2018년 12월 10일 23시,월요일,부산광역시 영도구 남항동1가,중상사고,0,1,0,0,차대차 - 측면충돌,안전운전불이행,건조,맑음,단일로 - 기타,승용,남,66세,상해없음,승용,남,39세,중상
2018121100100018,2018년 12월 11일 02시,화요일,부산광역시 중구 중앙동4가,중상사고,0,1,1,0,차대차 - 추돌,안전운전불이행,건조,맑음,단일로 - 기타,승용,남,63세,중상,건설기계,남,53세,경상
2018121100100019,2018년 12월 11일 02시,화요일,부산광역시 사하구 하단동,부상신고사고,0,0,0,1,차량단독 - 공작물충돌,안전운전불이행,건조,맑음,단일로 - 기타,화물,남,48세,부상신고,,,,
2018121100100049,2018년 12월 11일 06시,화요일,부산광역시 사상구 모라동,경상사고,0,0,1,1,차대차 - 측면충돌,신호위반,건조,맑음,교차로 - 교차로안,이륜,남,48세,부상신고,승용,남,64세,경상
2018121100100066,2018년 12월 11일 07시,화요일,부산광역시 동구 범일동,경상사고,0,0,1,0,차대차 - 측면충돌,신호위반,건조,맑음,교차로 - 교차로안,승용,남,68세,상해없음,승용,남,37세,경상
2018121100100067,2018년 12월 11일 07시,화요일,부산광역시 수영구 광안동,사망사고,1,0,0,0,차대사람 - 횡단중,보행자보호의무위반,젖음/습기,맑음,단일로 - 기타,승용,남,48세,상해없음,보행자,여,73세,사망
2018121100100068,2018년 12월 11일 07시,화요일,부산광역시 사상구 학장동,중상사고,0,1,0,0,차대사람 - 기타,안전운전불이행,건조,맑음,단일로 - 기타,승용,남,59세,상해없음,보행자,남,52세,중상
2018121100100099,2018년 12월 11일 08시,화요일,부산광역시 남구 용호동,중상사고,0,1,0,0,차대사람 - 기타,안전운전불이행,젖음/습기,흐림,단일로 - 기타,승용,남,45세,상해없음,보행자,여,55세,중상
2018121100100100,2018년 12월 11일 08시,화요일,부산광역시 금정구 남산동,경상사고,0,0,1,0,차대차 - 측면충돌,안전운전불이행,젖음/습기,비,교차로 - 교차로안,승용,남,60세,경상,승용,남,66세,상해없음
2018121100100101,2018년 12월 11일 08시,화요일,부산광역시 강서구 강동동,경상사고,0,0,1,0,차대차 - 측면충돌,차로위반,건조,맑음,단일로 - 기타,승용,여,24세,상해없음,승용,여,45세,경상
2018121100100136,2018년 12월 11일 09시,화요일,부산광역시 남구 대연동,경상사고,0,0,1,0,차대사람 - 차도통행중,안전운전불이행,건조,맑음,단일로 - 기타,화물,남,57세,상해없음,보행자,여,25세,경상
2018121100100138,2018년 12월 11일 09시,화요일,부산광역시 부산진구 전포동,중상사고,0,1,0,0,차대차 - 추돌,안전거리미확보,젖음/습기,비,단일로 - 기타,승용,여,58세,상해없음,승용,남,51세,중상
2018121100100165,2018년 12월 11일 10시,화요일,부산광역시 동구 초량동,경상사고,0,0,2,0,차대차 - 기타,안전운전불이행,건조,맑음,단일로 - 기타,승용,여,51세,상해없음,승합,남,60세,경상
2018121100100166,2018년 12월 11일 10시,화요일,부산광역시 부산진구 양정동,경상사고,0,0,1,0,차대사람 - 기타,안전운전불이행,젖음/습기,비,단일로 - 기타,승용,여,58세,상해없음,보행자,남,41세,경상
2018121100100167,2018년 12월 11일 10시,화요일,부산광역시 강서구 명지동,경상사고,0,0,1,0,차대차 - 측면충돌,안전운전불이행,건조,맑음,교차로 - 교차로안,승용,여,53세,상해없음,승합,남,21세,경상
2018121100100223,2018년 12월 11일 12시,화요일,부산광역시 중구 광복동1가,경상사고,0,0,1,0,차대차 - 측면충돌,안전운전불이행,젖음/습기,비,단일로 - 기타,승용,남,69세,상해없음,이륜,남,56세,경상
2018121100100224,2018년 12월 11일 12시,화요일,부산광역시 동구 초량동,경상사고,0,0,1,0,차대차 - 기타,안전거리미확보,젖음/습기,흐림,단일로 - 기타,승용,여,58세,상해없음,원동기,남,24세,경상
2018121100100225,2018년 12월 11일 12시,화요일,부산광역시 동래구 안락동,중상사고,0,1,2,0,차대차 - 추돌,안전운전불이행,젖음/습기,흐림,단일로 - 기타,승용,남,56세,상해없음,화물,남,61세,경상
2018121100100226,2018년 12월 11일 12시,화요일,부산광역시 해운대구 반여동,경상사고,0,0,1,0,차대사람 - 횡단중,보행자보호의무위반,젖음/습기,비,단일로 - 기타,화물,남,58세,상해없음,보행자,남,43세,경상
2018121100100257,2018년 12월 11일 13시,화요일,부산광역시 동래구 온천동,경상사고,0,0,3,0,차대차 - 추돌,안전운전불이행,건조,맑음,교차로 - 교차로부근,승용,여,30세,상해없음,승용,여,59세,경상
2018121100100258,2018년 12월 11일 13시,화요일,부산광역시 사상구 감전동,중상사고,0,1,0,0,차대차 - 기타,교차로운행방법위반,건조,맑음,교차로 - 교차로안,화물,남,47세,상해없음,이륜,남,45세,중상
2018121100100259,2018년 12월 11일 13시,화요일,부산광역시 사상구 괘법동,경상사고,0,0,1,1,차대차 - 측면충돌,안전운전불이행,건조,맑음,교차로 - 교차로안,승용,남,27세,상해없음,승용,남,37세,경상
2018121100100280,2018년 12월 11일 14시,화요일,부산광역시 강서구 대저2동,경상사고,0,0,2,0,차대차 - 측면충돌,안전운전불이행,건조,맑음,교차로 - 교차로안,승용,남,67세,경상,승용,남,44세,경상
2018121100100316,2018년 12월 11일 15시,화요일,부산광역시 동래구 명장동,중상사고,0,1,1,0,차대차 - 측면충돌,직진우회전진행방해,건조,맑음,교차로 - 교차로안,승용,여,25세,중상,이륜,남,17세,경상
2018121100100317,2018년 12월 11일 15시,화요일,부산광역시 영도구 동삼동,경상사고,0,0,3,0,차대차 - 측면충돌,직진우회전진행방해,건조,맑음,교차로 - 교차로안,승용,여,51세,경상,승용,남,57세,경상
2018121100100318,2018년 12월 11일 15시,화요일,부산광역시 사하구 하단동,경상사고,0,0,1,0,차대차 - 추돌,안전거리미확보,건조,맑음,단일로 - 기타,화물,남,60세,상해없음,화물,남,52세,경상
2018121100100354,2018년 12월 11일 16시,화요일,부산광역시 서구 동대신동3가,경상사고,0,0,3,0,차량단독 - 기타,안전운전불이행,건조,맑음,교차로 - 교차로부근,승용,남,70세,상해없음,,,,
2018121100100355,2018년 12월 11일 16시,화요일,부산광역시 동래구 안락동,중상사고,0,1,0,0,차대차 - 후진중충돌,안전운전불이행,건조,맑음,단일로 - 기타,승용,남,57세,상해없음,이륜,남,27세,중상
2018121100100356,2018년 12월 11일 16시,화요일,부산광역시 사하구 괴정동,중상사고,0,2,0,0,차대사람 - 기타,안전운전불이행,건조,맑음,교차로 - 교차로부근,승용,여,43세,상해없음,보행자,남,71세,중상
2018121100100357,2018년 12월 11일 16시,화요일,부산광역시 사상구 삼락동,경상사고,0,0,1,0,차대차 - 기타,신호위반,젖음/습기,맑음,교차로 - 교차로안,승용,남,58세,상해없음,원동기,남,25세,경상
2018121100100384,2018년 12월 11일 17시,화요일,부산광역시 수영구 광안동,경상사고,0,0,1,0,차대차 - 기타,차로위반,건조,맑음,교차로 - 교차로부근,승용,여,58세,상해없음,승용,남,69세,경상
2018121100100385,2018년 12월 11일 17시,화요일,부산광역시 해운대구 우동,경상사고,0,0,1,0,차대사람 - 보도통행중,보행자보호의무위반,건조,맑음,단일로 - 기타,기타불명,기타불명,미분류,기타불명,보행자,여,53세,경상
2018121100100386,2018년 12월 11일 17시,화요일,부산광역시 금정구 구서동,중상사고,0,1,0,0,차대차 - 측면충돌,안전운전불이행,젖음/습기,흐림,교차로 - 교차로안,승합,여,62세,상해없음,자전거,여,59세,중상
2018121100100387,2018년 12월 11일 17시,화요일,부산광역시 강서구 대저1동,경상사고,0,0,1,4,차대차 - 측면충돌,안전운전불이행,건조,맑음,교차로 - 교차로부근,승용,남,64세,상해없음,승합,남,69세,상해없음
2018121100100442,2018년 12월 11일 18시,화요일,부산광역시 동구 초량동,경상사고,0,0,1,0,차대사람 - 차도통행중,안전운전불이행,건조,맑음,교차로 - 교차로안,승용,남,30세,상해없음,보행자,여,26세,경상
2018121100100443,2018년 12월 11일 18시,화요일,부산광역시 사하구 신평동,경상사고,0,0,2,0,차대차 - 측면충돌,안전운전불이행,건조,기타,교차로 - 교차로안,승용,남,55세,상해없음,승용,여,42세,경상
2018121100100444,2018년 12월 11일 18시,화요일,부산광역시 사하구 하단동,중상사고,0,1,0,0,차대사람 - 기타,안전운전불이행,건조,맑음,교차로 - 교차로부근,화물,남,59세,상해없음,보행자,여,77세,중상
2018121100100445,2018년 12월 11일 18시,화요일,부산광역시 기장군 기장읍,경상사고,0,0,1,0,차대차 - 측면충돌,신호위반,건조,맑음,교차로 - 교차로안,승용,남,82세,상해없음,승용,여,41세,경상
2018121100100496,2018년 12월 11일 19시,화요일,부산광역시 사하구 신평동,경상사고,0,0,1,0,차대차 - 측면충돌,교차로운행방법위반,젖음/습기,비,교차로 - 교차로안,화물,남,47세,상해없음,이륜,남,41세,경상
2018121100100497,2018년 12월 11일 19시,화요일,부산광역시 강서구 명지동,중상사고,0,1,0,0,차대차 - 측면충돌,안전운전불이행,건조,맑음,교차로 - 교차로안,승용,남,31세,상해없음,승용,여,50세,중상
2018121100100536,2018년 12월 11일 20시,화요일,부산광역시 강서구 신호동,경상사고,0,0,1,0,차대차 - 측면충돌,안전운전불이행,건조,맑음,교차로 - 교차로부근,승용,여,36세,상해없음,승합,남,59세,상해없음
2018121100100568,2018년 12월 11일 21시,화요일,부산광역시 남구 용당동,중상사고,0,1,1,0,차대차 - 측면충돌,중앙선침범,젖음/습기,흐림,단일로 - 기타,승용,남,34세,중상,승용,남,44세,경상
2018121100100569,2018년 12월 11일 21시,화요일,부산광역시 남구 대연동,부상신고사고,0,0,0,1,차대사람 - 기타,안전운전불이행,젖음/습기,비,단일로 - 기타,승용,남,59세,상해없음,보행자,남,49세,부상신고
2018121100100602,2018년 12월 11일 22시,화요일,부산광역시 해운대구 반송동,중상사고,0,1,0,0,차대차 - 기타,안전운전불이행,건조,맑음,교차로 - 교차로안,승용,여,56세,상해없음,이륜,남,50세,중상
2018121100100603,2018년 12월 11일 22시,화요일,부산광역시 사하구 다대동,경상사고,0,0,1,0,차대사람 - 횡단중,보행자보호의무위반,젖음/습기,흐림,교차로 - 교차로안,승용,여,51세,상해없음,보행자,여,45세,경상
2018121200100002,2018년 12월 12일 00시,수요일,부산광역시 동래구 명륜동,경상사고,0,0,1,0,차대차 - 정면충돌,중앙선침범,젖음/습기,흐림,단일로 - 기타,승용,여,32세,상해없음,승용,남,67세,경상
2018121200100020,2018년 12월 12일 01시,수요일,부산광역시 부산진구 전포동,중상사고,0,1,0,0,차대사람 - 차도통행중,안전운전불이행,건조,맑음,단일로 - 기타,승용,남,62세,상해없음,보행자,남,46세,중상
2018121200100030,2018년 12월 12일 02시,수요일,부산광역시 부산진구 전포동,중상사고,0,1,1,0,차대차 - 추돌,안전운전불이행,건조,맑음,단일로 - 터널,승용,남,25세,상해없음,승용,남,37세,중상
2018121200100055,2018년 12월 12일 05시,수요일,부산광역시 중구 영주동,경상사고,0,0,1,0,차대차 - 기타,안전운전불이행,건조,맑음,단일로 - 기타,승용,여,51세,기타불명,승용,남,57세,경상
2018121200100062,2018년 12월 12일 06시,수요일,부산광역시 남구 용호동,경상사고,0,0,1,0,차대차 - 기타,안전운전불이행,건조,맑음,교차로 - 교차로안,승용,남,49세,상해없음,승용,남,48세,경상
2018121200100063,2018년 12월 12일 06시,수요일,부산광역시 동래구 명장동,중상사고,0,1,0,0,차대사람 - 횡단중,안전운전불이행,젖음/습기,맑음,단일로 - 기타,승용,남,48세,상해없음,보행자,남,80세,중상
2018121200100064,2018년 12월 12일 06시,수요일,부산광역시 연제구 거제동,중상사고,0,1,0,0,차대차 - 측면충돌,신호위반,건조,맑음,교차로 - 교차로안,승용,남,71세,상해없음,승용,여,80세,중상
2018121200100080,2018년 12월 12일 07시,수요일,부산광역시 강서구 성북동,경상사고,0,0,1,0,차대차 - 측면충돌,교차로운행방법위반,건조,맑음,교차로 - 교차로안,승용,여,77세,상해없음,특수,남,38세,경상
2018121200100081,2018년 12월 12일 07시,수요일,부산광역시 사상구 학장동,중상사고,0,1,0,0,차대차 - 측면충돌,신호위반,건조,맑음,교차로 - 교차로안,승용,여,32세,상해없음,승용,여,54세,중상
2018121200100150,2018년 12월 12일 09시,수요일,부산광역시 동래구 온천동,경상사고,0,0,1,1,차대차 - 추돌,신호위반,건조,맑음,교차로 - 교차로안,승합,남,58세,상해없음,승용,남,40세,부상신고
2018121200100151,2018년 12월 12일 09시,수요일,부산광역시 동래구 온천동,경상사고,0,0,1,0,차대사람 - 길가장자리구역통행중,안전운전불이행,건조,맑음,단일로 - 기타,승용,남,57세,상해없음,보행자,여,85세,경상
2018121200100152,2018년 12월 12일 09시,수요일,부산광역시 해운대구 우동,경상사고,0,0,1,0,차대차 - 측면충돌,안전운전불이행,건조,맑음,교차로 - 교차로부근,승용,남,61세,상해없음,자전거,남,14세,경상
2018121200100153,2018년 12월 12일 09시,수요일,부산광역시 부산진구 당감동,부상신고사고,0,0,0,1,차대차 - 추돌,안전운전불이행,건조,맑음,단일로 - 기타,이륜,남,18세,부상신고,승용,남,25세,상해없음
2018121200100180,2018년 12월 12일 10시,수요일,부산광역시 동래구 사직동,경상사고,0,0,1,0,차대차 - 측면충돌,안전운전불이행,건조,맑음,단일로 - 기타,승용,여,29세,상해없음,화물,남,33세,경상
2018121200100181,2018년 12월 12일 10시,수요일,부산광역시 해운대구 좌동,경상사고,0,0,1,0,차대차 - 측면충돌,안전거리미확보,건조,맑음,단일로 - 기타,건설기계,남,42세,상해없음,승용,남,28세,경상
2018121200100214,2018년 12월 12일 11시,수요일,부산광역시 서구 남부민동,중상사고,0,1,0,0,차대차 - 측면충돌,안전운전불이행,건조,맑음,교차로 - 교차로안,승용,남,61세,상해없음,이륜,남,60세,중상
2018121200100215,2018년 12월 12일 11시,수요일,부산광역시 동래구 온천동,중상사고,0,1,1,0,차대차 - 추돌,안전운전불이행,건조,맑음,단일로 - 기타,이륜,남,57세,중상,승용,남,53세,경상
2018121200100216,2018년 12월 12일 11시,수요일,부산광역시 사상구 학장동,중상사고,0,1,2,0,차대차 - 측면충돌,안전거리미확보,건조,맑음,교차로 - 교차로안,이륜,남,38세,중상,승용,여,43세,경상
2018121200100247,2018년 12월 12일 12시,수요일,부산광역시 사하구 하단동,경상사고,0,0,1,0,차대차 - 기타,안전운전불이행,건조,맑음,단일로 - 기타,이륜,남,77세,경상,화물,남,60세,상해없음
2018121200100248,2018년 12월 12일 12시,수요일,부산광역시 사상구 덕포동,경상사고,0,0,1,1,차대차 - 측면충돌,안전운전불이행,건조,맑음,단일로 - 기타,승용,여,31세,상해없음,기타불명,기타불명,미분류,기타불명
2018121200100303,2018년 12월 12일 14시,수요일,부산광역시 사상구 모라동,중상사고,0,1,0,0,차대사람 - 횡단중,안전운전불이행,건조,맑음,단일로 - 기타,승합,남,36세,상해없음,보행자,여,27세,중상
2018121200100330,2018년 12월 12일 15시,수요일,부산광역시 남구 용호동,중상사고,0,1,0,0,차대사람 - 기타,안전운전불이행,건조,맑음,기타 - 기타,승용,남,30세,상해없음,보행자,남,69세,중상
2018121200100331,2018년 12월 12일 15시,수요일,부산광역시 북구 화명동,경상사고,0,0,2,0,차대차 - 추돌,안전운전불이행,건조,맑음,단일로 - 기타,승용,여,29세,상해없음,승용,남,46세,경상
2018121200100332,2018년 12월 12일 15시,수요일,부산광역시 해운대구 재송동,중상사고,0,1,0,0,차대사람 - 기타,안전운전불이행,건조,맑음,교차로 - 교차로안,승용,남,60세,상해없음,보행자,여,79세,중상
2018121200100333,2018년 12월 12일 15시,수요일,부산광역시 사상구 감전동,경상사고,0,0,1,0,차대차 - 후진중충돌,안전운전불이행,건조,맑음,단일로 - 기타,화물,남,27세,상해없음,승용,남,60세,경상
2018121200100382,2018년 12월 12일 16시,수요일,부산광역시 강서구 대저1동,경상사고,0,0,2,0,차대차 - 기타,교차로운행방법위반,건조,맑음,교차로 - 교차로안,승용,남,52세,상해없음,승용,여,33세,경상
2018121200100415,2018년 12월 12일 17시,수요일,부산광역시 금정구 선동,중상사고,0,1,0,0,차대차 - 측면충돌,안전거리미확보,건조,맑음,단일로 - 기타,승용,남,61세,상해없음,이륜,남,70세,중상
2018121200100451,2018년 12월 12일 18시,수요일,부산광역시 중구 중앙동4가,경상사고,0,0,3,0,차대차 - 기타,교차로운행방법위반,건조,맑음,교차로 - 교차로부근,승용,여,50세,경상,화물,남,41세,경상
2018121200100452,2018년 12월 12일 18시,수요일,부산광역시 서구 동대신동2가,경상사고,0,0,1,0,차대차 - 측면충돌,교차로운행방법위반,건조,맑음,교차로 - 교차로부근,이륜,남,23세,경상,승용,남,21세,상해없음
2018121200100453,2018년 12월 12일 18시,수요일,부산광역시 서구 서대신동3가,중상사고,0,1,0,0,차대사람 - 보도통행중,신호위반,건조,맑음,단일로 - 기타,승용,남,29세,상해없음,보행자,남,58세,중상
2018121200100454,2018년 12월 12일 18시,수요일,부산광역시 수영구 광안동,중상사고,0,1,0,0,차대사람 - 차도통행중,안전운전불이행,건조,맑음,단일로 - 기타,승용,여,31세,상해없음,보행자,남,46세,중상
2018121200100510,2018년 12월 12일 19시,수요일,부산광역시 사상구 엄궁동,중상사고,0,1,1,0,차대차 - 추돌,안전운전불이행,건조,맑음,단일로 - 기타,승용,남,29세,상해없음,승용,여,56세,중상
2018121200100583,2018년 12월 12일 21시,수요일,부산광역시 기장군 장안읍,경상사고,0,0,1,0,차대차 - 추돌,안전운전불이행,건조,맑음,교차로 - 교차로안,승용,남,39세,상해없음,승용,남,27세,경상
2018121200100604,2018년 12월 12일 22시,수요일,부산광역시 수영구 광안동,부상신고사고,0,0,0,1,차대차 - 추돌,안전운전불이행,건조,맑음,단일로 - 기타,이륜,남,28세,부상신고,승용,여,21세,상해없음
2018121200100605,2018년 12월 12일 22시,수요일,부산광역시 동래구 수안동,경상사고,0,0,1,0,차대차 - 추돌,안전운전불이행,건조,맑음,단일로 - 기타,승용,여,46세,상해없음,승용,남,47세,경상
2018121200100627,2018년 12월 12일 23시,수요일,부산광역시 연제구 연산동,중상사고,0,1,0,0,차대사람 - 횡단중,안전운전불이행,건조,맑음,단일로 - 기타,승용,남,51세,상해없음,보행자,남,61세,중상
2018121300100041,2018년 12월 13일 05시,목요일,부산광역시 사하구 다대동,중상사고,0,1,0,0,차대사람 - 횡단중,안전운전불이행,건조,맑음,교차로 - 교차로부근,승용,남,77세,상해없음,보행자,남,73세,중상
2018121300100053,2018년 12월 13일 06시,목요일,부산광역시 사하구 괴정동,경상사고,0,0,1,0,차대차 - 기타,안전운전불이행,건조,맑음,단일로 - 기타,승용,남,37세,상해없음,승용,남,63세,경상
2018121300100054,2018년 12월 13일 06시,목요일,부산광역시 강서구 신호동,경상사고,0,0,1,0,차대차 - 추돌,안전거리미확보,건조,맑음,단일로 - 기타,승용,남,37세,상해없음,승합,여,46세,경상
2018121300100074,2018년 12월 13일 07시,목요일,부산광역시 중구 영주동,경상사고,0,0,1,0,차대차 - 기타,중앙선침범,건조,맑음,단일로 - 기타,승용,남,60세,상해없음,승합,남,59세,상해없음
2018121300100100,2018년 12월 13일 08시,목요일,부산광역시 수영구 광안동,중상사고,0,1,0,0,차대차 - 측면충돌,안전운전불이행,건조,맑음,교차로 - 교차로안,승용,남,31세,상해없음,자전거,남,34세,중상
2018121300100211,2018년 12월 13일 10시,목요일,부산광역시 남구 대연동,경상사고,0,0,1,0,차대차 - 기타,안전운전불이행,건조,맑음,단일로 - 기타,화물,남,49세,상해없음,자전거,남,48세,경상
2018121300100212,2018년 12월 13일 10시,목요일,부산광역시 기장군 장안읍,경상사고,0,0,1,0,차대차 - 측면충돌,안전운전불이행,건조,맑음,교차로 - 교차로안,승용,여,49세,상해없음,승용,남,64세,경상