사고번호,사고일시,요일,시군구,사고내용,사망자수,중상자수,경상자수,부상신고자수,사고유형,법규위반,노면상태,기상상태,도로형태,가해운전자 차종,가해운전자 성별,가해운전자 연령,가해운전자 상해정도,피해운전자 차종,피해운전자 성별,피해운전자 연령,피해운전자 상해정도
2018121300100249,2018년 12월 13일 11시,목요일,부산광역시 동래구 명장동,중상사고,0,1,0,0,차대사람 - 기타,안전운전불이행,건조,맑음,교차로 - 교차로횡단보도내,승용,여,33세,상해없음,보행자,남,74세,중상
2018121300100250,2018년 12월 13일 11시,목요일,부산광역시 강서구 범방동,경상사고,0,0,2,0,차대차 - 추돌,안전운전불이행,건조,맑음,단일로 - 기타,화물,남,62세,상해없음,승용,남,30세,경상
2018121300100251,2018년 12월 13일 11시,목요일,부산광역시 사상구 엄궁동,중상사고,0,1,1,1,차대차 - 측면충돌,안전운전불이행,건조,맑음,교차로 - 교차로안,화물,남,45세,부상신고,승용,남,62세,중상
2018121300100281,2018년 12월 13일 12시,목요일,부산광역시 동래구 낙민동,경상사고,0,0,3,0,차대차 - 기타,신호위반,건조,맑음,교차로 - 교차로안,이륜,남,23세,상해없음,승합,남,59세,상해없음
2018121300100282,2018년 12월 13일 12시,목요일,부산광역시 해운대구 좌동,경상사고,0,0,3,0,차대차 - 추돌,안전운전불이행,건조,맑음,단일로 - 기타,승용,여,58세,상해없음,승용,남,60세,경상
2018121300100283,2018년 12월 13일 12시,목요일,부산광역시 사하구 구평동,중상사고,0,1,0,0,차대사람 - 기타,안전운전불이행,건조,맑음,단일로 - 기타,화물,남,58세,상해없음,보행자,남,70세,중상
2018121300100306,2018년 12월 13일 13시,목요일,부산광역시 동래구 온천동,경상사고,0,0,1,0,차대차 - 측면충돌,신호위반,건조,맑음,교차로 - 교차로안,승용,남,64세,상해없음,승용,남,67세,경상
2018121300100307,2018년 12월 13일 13시,목요일,부산광역시 강서구 대저1동,중상사고,0,1,1,0,차대차 - 측면충돌,안전운전불이행,건조,맑음,교차로 - 교차로안,승용,여,41세,상해없음,승용,남,71세,경상
2018121300100338,2018년 12월 13일 14시,목요일,부산광역시 수영구 광안동,부상신고사고,0,0,0,1,차대차 - 측면충돌,교차로운행방법위반,건조,맑음,교차로 - 교차로안,이륜,남,22세,부상신고,승용,남,40세,상해없음
2018121300100339,2018년 12월 13일 14시,목요일,부산광역시 부산진구 부전동,경상사고,0,0,1,0,차대차 - 추돌,안전운전불이행,건조,맑음,교차로 - 교차로안,승용,여,56세,상해없음,승용,남,30세,경상
2018121300100366,2018년 12월 13일 15시,목요일,부산광역시 동구 초량동,경상사고,0,0,1,0,차대차 - 후진중충돌,안전운전불이행,건조,맑음,단일로 - 기타,승용,남,59세,상해없음,승합,남,39세,경상
2018121300100367,2018년 12월 13일 15시,목요일,부산광역시 동래구 명륜동,경상사고,0,0,1,0,차대차 - 측면충돌,신호위반,건조,맑음,교차로 - 교차로안,이륜,남,26세,상해없음,승합,남,60세,상해없음
2018121300100399,2018년 12월 13일 16시,목요일,부산광역시 동구 수정동,경상사고,0,0,1,0,차대사람 - 기타,안전운전불이행,건조,맑음,교차로 - 교차로부근,화물,남,69세,상해없음,보행자,여,79세,경상
2018121300100400,2018년 12월 13일 16시,목요일,부산광역시 영도구 영선동4가,경상사고,0,0,1,0,차대사람 - 기타,신호위반,건조,맑음,교차로 - 교차로횡단보도내,승용,남,50세,상해없음,보행자,남,18세,경상
2018121300100401,2018년 12월 13일 16시,목요일,부산광역시 영도구 대교동1가,경상사고,0,0,1,0,차대차 - 추돌,안전운전불이행,건조,맑음,단일로 - 기타,승용,남,67세,상해없음,자전거,남,68세,경상
2018121300100402,2018년 12월 13일 16시,목요일,부산광역시 기장군 장안읍,중상사고,0,1,0,0,차대차 - 추돌,안전거리미확보,건조,맑음,교차로 - 교차로안,화물,남,47세,상해없음,승용,남,54세,중상
2018121300100434,2018년 12월 13일 17시,목요일,부산광역시 남구 대연동,경상사고,0,0,3,0,차대차 - 추돌,안전운전불이행,건조,맑음,단일로 - 기타,승합,남,60세,상해없음,이륜,남,49세,경상
2018121300100435,2018년 12월 13일 17시,목요일,부산광역시 부산진구 부전동,중상사고,0,1,0,0,차대차 - 기타,안전운전불이행,건조,맑음,단일로 - 기타,승용,남,75세,상해없음,원동기,남,27세,중상
2018121300100436,2018년 12월 13일 17시,목요일,부산광역시 사상구 학장동,중상사고,0,2,0,0,차대차 - 측면충돌,직진우회전진행방해,건조,맑음,교차로 - 교차로안,승용,남,49세,상해없음,승용,여,65세,중상
2018121300100480,2018년 12월 13일 18시,목요일,부산광역시 중구 보수동1가,경상사고,0,0,3,0,차대차 - 측면충돌,안전거리미확보,건조,맑음,단일로 - 기타,승용,남,57세,상해없음,승용,여,45세,경상
2018121300100481,2018년 12월 13일 18시,목요일,부산광역시 서구 서대신동2가,중상사고,0,1,0,0,차대차 - 측면충돌,신호위반,건조,맑음,단일로 - 기타,이륜,남,23세,상해없음,이륜,남,46세,중상
2018121300100482,2018년 12월 13일 18시,목요일,부산광역시 수영구 남천동,부상신고사고,0,0,0,1,차대차 - 기타,안전운전불이행,건조,맑음,단일로 - 기타,이륜,남,40세,상해없음,승용,남,33세,부상신고
2018121300100483,2018년 12월 13일 18시,목요일,부산광역시 사하구 괴정동,중상사고,0,1,0,0,차대사람 - 기타,안전거리미확보,건조,맑음,교차로 - 교차로안,승합,남,34세,상해없음,보행자,남,70세,중상
2018121300100533,2018년 12월 13일 19시,목요일,부산광역시 영도구 봉래동3가,경상사고,0,0,3,0,차대차 - 측면충돌,신호위반,건조,맑음,교차로 - 교차로안,승용,남,69세,상해없음,승용,남,56세,경상
2018121300100534,2018년 12월 13일 19시,목요일,부산광역시 금정구 남산동,중상사고,0,1,0,0,차대사람 - 기타,안전운전불이행,건조,맑음,단일로 - 기타,승용,남,48세,상해없음,보행자,여,67세,중상
2018121300100569,2018년 12월 13일 20시,목요일,부산광역시 해운대구 우동,부상신고사고,0,0,0,2,차대차 - 추돌,안전운전불이행,건조,맑음,단일로 - 기타,기타불명,기타불명,미분류,기타불명,이륜,남,62세,부상신고
2018121300100570,2018년 12월 13일 20시,목요일,부산광역시 사상구 감전동,중상사고,0,1,0,0,차대사람 - 횡단중,안전운전불이행,건조,맑음,교차로 - 교차로횡단보도내,화물,남,54세,상해없음,보행자,여,57세,중상
2018121300100589,2018년 12월 13일 21시,목요일,부산광역시 중구 부평동2가,중상사고,0,1,1,0,차대사람 - 기타,안전운전불이행,건조,맑음,단일로 - 기타,승용,남,20세,상해없음,보행자,남,42세,중상
2018121300100590,2018년 12월 13일 21시,목요일,부산광역시 서구 토성동5가,경상사고,0,0,1,0,차대차 - 측면충돌,직진우회전진행방해,건조,맑음,교차로 - 교차로안,승용,남,32세,상해없음,승용,남,60세,상해없음
2018121300100591,2018년 12월 13일 21시,목요일,부산광역시 기장군 정관읍,경상사고,0,0,1,0,차대사람 - 횡단중,안전운전불이행,건조,맑음,교차로 - 교차로부근,승용,여,48세,상해없음,보행자,남,17세,경상
2018121300100632,2018년 12월 13일 23시,목요일,부산광역시 사상구 모라동,경상사고,0,0,2,0,차대차 - 측면충돌,안전운전불이행,건조,맑음,교차로 - 교차로안,승용,남,25세,상해없음,승용,남,59세,경상
2018121400100004,2018년 12월 14일 00시,금요일,부산광역시 남구 용호동,경상사고,0,0,1,0,차대사람 - 길가장자리구역통행중,안전운전불이행,건조,맑음,단일로 - 기타,기타불명,기타불명,미분류,기타불명,보행자,여,81세,경상
2018121400100019,2018년 12월 14일 01시,금요일,부산광역시 금정구 청룡동,중상사고,0,1,0,0,차대사람 - 기타,안전운전불이행,건조,맑음,단일로 - 기타,승용,남,21세,상해없음,보행자,남,36세,중상
2018121400100055,2018년 12월 14일 06시,금요일,부산광역시 남구 감만동,경상사고,0,0,1,0,차대차 - 측면충돌,교차로운행방법위반,건조,맑음,교차로 - 교차로안,승용,남,47세,상해없음,승용,남,41세,경상
2018121400100068,2018년 12월 14일 07시,금요일,부산광역시 사하구 하단동,중상사고,0,1,0,0,차대사람 - 기타,안전운전불이행,건조,맑음,단일로 - 기타,승용,여,40세,상해없음,보행자,남,34세,중상
2018121400100090,2018년 12월 14일 08시,금요일,부산광역시 남구 문현동,경상사고,0,0,1,0,차대차 - 측면충돌,신호위반,건조,맑음,교차로 - 교차로안,승용,여,50세,상해없음,승용,남,64세,경상
2018121400100091,2018년 12월 14일 08시,금요일,부산광역시 금정구 남산동,부상신고사고,0,0,0,1,차대차 - 측면충돌,안전운전불이행,건조,맑음,교차로 - 교차로안,승용,여,24세,상해없음,자전거,남,58세,부상신고
2018121400100129,2018년 12월 14일 09시,금요일,부산광역시 중구 중앙동5가,중상사고,0,1,0,0,차대차 - 기타,신호위반,건조,맑음,교차로 - 교차로안,승용,여,54세,상해없음,이륜,남,68세,중상
2018121400100130,2018년 12월 14일 09시,금요일,부산광역시 동구 초량동,중상사고,0,1,2,2,차대차 - 추돌,차로위반,건조,맑음,단일로 - 기타,승용,남,64세,경상,승용,여,54세,부상신고
2018121400100131,2018년 12월 14일 09시,금요일,부산광역시 영도구 영선동2가,경상사고,0,0,1,0,차대사람 - 횡단중,보행자보호의무위반,건조,맑음,교차로 - 교차로횡단보도내,승용,여,58세,상해없음,보행자,남,75세,경상
2018121400100162,2018년 12월 14일 10시,금요일,부산광역시 북구 구포동,부상신고사고,0,0,0,1,차대사람 - 보도통행중,안전운전불이행,건조,맑음,교차로 - 교차로안,기타불명,기타불명,미분류,기타불명,보행자,남,61세,부상신고
2018121400100163,2018년 12월 14일 10시,금요일,부산광역시 사상구 모라동,중상사고,0,2,4,0,차대차 - 추돌,안전운전불이행,건조,맑음,교차로 - 교차로안,승합,남,42세,상해없음,승용,남,33세,경상
2018121400100198,2018년 12월 14일 11시,금요일,부산광역시 해운대구 재송동,경상사고,0,0,1,0,차대차 - 측면충돌,안전운전불이행,건조,맑음,단일로 - 기타,승용,남,23세,상해없음,이륜,남,54세,경상
2018121400100199,2018년 12월 14일 11시,금요일,부산광역시 금정구 노포동,중상사고,0,1,0,0,차대사람 - 기타,기타,건조,맑음,단일로 - 기타,기타불명,기타불명,미분류,기타불명,보행자,여,57세,중상
2018121400100200,2018년 12월 14일 11시,금요일,부산광역시 연제구 거제동,경상사고,0,0,1,0,차대차 - 측면충돌,신호위반,건조,맑음,교차로 - 교차로부근,이륜,남,20세,상해없음,승용,여,66세,경상
2018121400100227,2018년 12월 14일 12시,금요일,부산광역시 중구 중앙동4가,경상사고,0,0,1,0,차대차 - 측면충돌,안전운전불이행,건조,맑음,단일로 - 기타,승용,여,53세,상해없음,이륜,남,30세,경상
2018121400100228,2018년 12월 14일 12시,금요일,부산광역시 사하구 괴정동,중상사고,0,1,0,0,차대사람 - 기타,안전운전불이행,건조,맑음,단일로 - 기타,승용,여,48세,상해없음,보행자,남,81세,중상
2018121400100260,2018년 12월 14일 13시,금요일,부산광역시 사하구 괴정동,중상사고,0,1,0,0,차대사람 - 횡단중,신호위반,건조,맑음,교차로 - 교차로안,화물,남,58세,상해없음,보행자,여,26세,중상
2018121400100302,2018년 12월 14일 14시,금요일,부산광역시 사하구 신평동,경상사고,0,0,1,0,차대차 - 기타,안전운전불이행,건조,맑음,교차로 - 교차로부근,승용,남,39세,상해없음,승용,남,63세,경상
2018121400100303,2018년 12월 14일 14시,금요일,부산광역시 사상구 주례동,경상사고,0,0,1,0,차대차 - 측면충돌,안전운전불이행,건조,맑음,단일로 - 지하차도(도로)내,화물,남,27세,상해없음,승용,남,48세,경상
2018121400100348,2018년 12월 14일 15시,금요일,부산광역시 중구 보수동1가,경상사고,0,0,1,0,차대사람 - 횡단중,신호위반,건조,맑음,단일로 - 기타,승합,남,38세,상해없음,보행자,남,9세,경상
2018121400100349,2018년 12월 14일 15시,금요일,부산광역시 동구 수정동,중상사고,0,1,0,0,차대차 - 기타,기타,건조,맑음,교차로 - 교차로안,승용,남,56세,상해없음,이륜,남,75세,중상
2018121400100350,2018년 12월 14일 15시,금요일,부산광역시 수영구 민락동,경상사고,0,0,1,0,차대차 - 측면충돌,신호위반,건조,맑음,교차로 - 교차로안,승용,여,38세,경상,승합,남,52세,상해없음
2018121400100351,2018년 12월 14일 15시,금요일,부산광역시 영도구 영선동2가,경상사고,0,0,1,0,차대차 - 측면충돌,안전운전불이행,건조,맑음,단일로 - 기타,이륜,남,82세,경상,승용,남,60세,상해없음
2018121400100352,2018년 12월 14일 15시,금요일,부산광역시 금정구 금사동,경상사고,0,0,1,0,차대사람 - 차도통행중,안전운전불이행,건조,맑음,단일로 - 기타,승용,남,59세,상해없음,보행자,남,70세,경상
2018121400100393,2018년 12월 14일 16시,금요일,부산광역시 북구 구포동,경상사고,0,0,1,0,차대차 - 추돌,안전운전불이행,건조,맑음,교차로 - 교차로부근,화물,남,53세,상해없음,이륜,남,45세,경상
2018121400100394,2018년 12월 14일 16시,금요일,부산광역시 해운대구 우동,경상사고,0,0,1,0,차대차 - 추돌,안전운전불이행,건조,맑음,교차로 - 교차로안,승용,남,58세,상해없음,승용,여,44세,경상
2018121400100395,2018년 12월 14일 16시,금요일,부산광역시 연제구 거제동,경상사고,0,0,1,0,차대사람 - 횡단중,안전운전불이행,건조,맑음,교차로 - 교차로횡단보도내,승용,여,51세,상해없음,보행자,여,59세,경상
2018121400100396,2018년 12월 14일 16시,금요일,부산광역시 사상구 주례동,중상사고,0,1,0,0,차대차 - 측면충돌,신호위반,건조,맑음,교차로 - 교차로안,승용,남,72세,상해없음,승용,여,49세,중상
2018121400100437,2018년 12월 14일 17시,금요일,부산광역시 해운대구 우동,경상사고,0,0,1,0,차대차 - 측면충돌,중앙선침범,건조,맑음,단일로 - 기타,승용,여,24세,상해없음,승용,여,38세,경상
2018121400100438,2018년 12월 14일 17시,금요일,부산광역시 사하구 신평동,경상사고,0,0,1,0,차대사람 - 횡단중,신호위반,건조,기타,교차로 - 교차로안,승용,남,49세,상해없음,보행자,여,11세,경상
2018121400100439,2018년 12월 14일 17시,금요일,부산광역시 사하구 신평동,중상사고,0,1,0,0,차대차 - 측면충돌,기타,건조,맑음,교차로 - 교차로안,승용,남,60세,상해없음,이륜,남,46세,중상
2018121400100440,2018년 12월 14일 17시,금요일,부산광역시 사하구 하단동,경상사고,0,0,1,0,차대차 - 기타,신호위반,건조,맑음,교차로 - 교차로안,승용,남,71세,상해없음,이륜,남,19세,경상
2018121400100441,2018년 12월 14일 17시,금요일,부산광역시 기장군 정관읍,중상사고,0,1,0,0,차대차 - 측면충돌,안전운전불이행,건조,맑음,단일로 - 기타,승용,남,40세,상해없음,이륜,남,17세,중상
2018121400100501,2018년 12월 14일 18시,금요일,부산광역시 남구 대연동,경상사고,0,0,3,0,차대차 - 기타,안전운전불이행,건조,맑음,단일로 - 기타,승합,남,66세,상해없음,승용,남,25세,경상
2018121400100502,2018년 12월 14일 18시,금요일,부산광역시 사하구 괴정동,경상사고,0,0,3,0,차대차 - 추돌,안전운전불이행,건조,맑음,기타 - 기타,승용,남,28세,상해없음,승용,남,25세,경상
2018121400100564,2018년 12월 14일 19시,금요일,부산광역시 동구 좌천동,경상사고,0,0,1,0,차대사람 - 보도통행중,보행자보호의무위반,건조,맑음,단일로 - 기타,승용,여,30세,상해없음,보행자,남,75세,경상
2018121400100565,2018년 12월 14일 19시,금요일,부산광역시 남구 문현동,경상사고,0,0,1,0,차대차 - 측면충돌,신호위반,건조,맑음,교차로 - 교차로부근,승용,남,26세,상해없음,승용,남,42세,경상
2018121400100607,2018년 12월 14일 20시,금요일,부산광역시 부산진구 가야동,경상사고,0,0,1,0,차대차 - 측면충돌,안전거리미확보,건조,맑음,단일로 - 기타,승용,남,47세,상해없음,승용,남,33세,경상
2018121400100608,2018년 12월 14일 20시,금요일,부산광역시 금정구 구서동,경상사고,0,0,1,0,차대차 - 측면충돌,중앙선침범,건조,맑음,교차로 - 교차로부근,승용,남,50세,상해없음,이륜,남,22세,경상
2018121400100688,2018년 12월 14일 22시,금요일,부산광역시 서구 동대신동3가,중상사고,0,1,3,0,차대사람 - 횡단중,안전운전불이행,건조,맑음,단일로 - 기타,승합,남,51세,상해없음,보행자,여,17세,중상
2018121400100689,2018년 12월 14일 22시,금요일,부산광역시 해운대구 재송동,중상사고,0,1,0,0,차대사람 - 차도통행중,교차로운행방법위반,건조,맑음,교차로 - 교차로안,승용,남,59세,상해없음,보행자,남,30세,중상
2018121400100715,2018년 12월 14일 23시,금요일,부산광역시 북구 덕천동,경상사고,0,0,1,0,차대사람 - 기타,안전운전불이행,건조,맑음,단일로 - 기타,승용,남,66세,상해없음,보행자,남,37세,경상
2018121400100716,2018년 12월 14일 23시,금요일,부산광역시 해운대구 우동,경상사고,0,0,2,0,차대차 - 기타,신호위반,기타,맑음,교차로 - 교차로안,승용,남,36세,상해없음,승용,남,31세,경상
2018121400100717,2018년 12월 14일 23시,금요일,부산광역시 사하구 당리동,중상사고,0,1,0,0,차대사람 - 횡단중,보행자보호의무위반,건조,맑음,교차로 - 교차로안,이륜,여,52세,상해없음,보행자,남,49세,중상
2018121500100006,2018년 12월 15일 00시,토요일,부산광역시 금정구 장전동,중상사고,0,1,0,0,차대사람 - 기타,안전운전불이행,건조,맑음,단일로 - 기타,승용,남,52세,상해없음,보행자,남,46세,중상
2018121500100007,2018년 12월 15일 00시,토요일,부산광역시 사상구 학장동,경상사고,0,0,2,0,차대차 - 기타,차로위반,건조,맑음,단일로 - 기타,승용,남,61세,상해없음,승용,남,22세,경상
2018121500100033,2018년 12월 15일 01시,토요일,부산광역시 남구 용호동,경상사고,0,0,1,0,차대차 - 추돌,안전운전불이행,건조,맑음,단일로 - 기타,승용,여,37세,상해없음,승용,여,41세,경상
2018121500100034,2018년 12월 15일 01시,토요일,부산광역시 부산진구 개금동,부상신고사고,0,0,0,1,차대사람 - 기타,안전운전불이행,건조,맑음,단일로 - 기타,승용,남,65세,상해없음,보행자,남,43세,부상신고
2018121500100058,2018년 12월 15일 02시,토요일,부산광역시 영도구 영선동1가,경상사고,0,0,1,0,차대차 - 측면충돌,교차로운행방법위반,건조,맑음,교차로 - 교차로안,승합,남,34세,상해없음,이륜,남,21세,경상
2018121500100080,2018년 12월 15일 04시,토요일,부산광역시 사상구 학장동,경상사고,0,0,1,0,차대차 - 추돌,안전거리미확보,건조,맑음,교차로 - 교차로부근,이륜,여,28세,경상,승용,여,61세,상해없음
2018121500100094,2018년 12월 15일 05시,토요일,부산광역시 북구 구포동,중상사고,0,1,0,0,차대차 - 측면충돌,안전운전불이행,건조,맑음,단일로 - 기타,승용,남,70세,상해없음,건설기계,남,40세,상해없음
2018121500100173,2018년 12월 15일 09시,토요일,부산광역시 금정구 구서동,경상사고,0,0,1,0,차대사람 - 기타,안전운전불이행,건조,맑음,교차로 - 교차로부근,기타불명,기타불명,미분류,기타불명,보행자,여,57세,경상
2018121500100174,2018년 12월 15일 09시,토요일,부산광역시 강서구 봉림동,경상사고,0,0,1,0,차대차 - 정면충돌,중앙선침범,건조,맑음,단일로 - 기타,승용,남,72세,상해없음,승용,남,50세,경상
2018121500100175,2018년 12월 15일 09시,토요일,부산광역시 기장군 기장읍,부상신고사고,0,0,0,1,차대차 - 기타,안전거리미확보,건조,맑음,교차로 - 교차로부근,승용,남,63세,상해없음,승용,남,64세,상해없음
2018121500100203,2018년 12월 15일 10시,토요일,부산광역시 동구 수정동,중상사고,0,1,0,0,차대사람 - 횡단중,보행자보호의무위반,건조,맑음,단일로 - 기타,승용,여,63세,상해없음,보행자,여,78세,중상
2018121500100204,2018년 12월 15일 10시,토요일,부산광역시 수영구 민락동,경상사고,0,0,2,1,차대차 - 측면충돌,안전거리미확보,건조,맑음,단일로 - 기타,이륜,남,63세,부상신고,승용,남,50세,경상
2018121500100235,2018년 12월 15일 11시,토요일,부산광역시 남구 우암동,경상사고,0,0,1,0,차대차 - 추돌,안전운전불이행,건조,맑음,교차로 - 교차로부근,이륜,남,24세,경상,승용,남,38세,상해없음
2018121500100236,2018년 12월 15일 11시,토요일,부산광역시 해운대구 석대동,중상사고,0,1,3,1,차대차 - 정면충돌,중앙선침범,건조,맑음,단일로 - 기타,화물,남,27세,상해없음,승용,남,69세,경상
2018121500100237,2018년 12월 15일 11시,토요일,부산광역시 금정구 금성동,경상사고,0,0,1,0,차대차 - 기타,안전운전불이행,건조,맑음,단일로 - 기타,기타불명,기타불명,미분류,기타불명,승용,여,51세,상해없음
2018121500100238,2018년 12월 15일 11시,토요일,부산광역시 사하구 장림동,경상사고,0,0,1,0,차대차 - 기타,안전운전불이행,건조,맑음,단일로 - 기타,승용,남,29세,상해없음,승용,남,37세,경상
2018121500100277,2018년 12월 15일 12시,토요일,부산광역시 수영구 광안동,중상사고,0,1,0,0,차대차 - 측면충돌,안전운전불이행,건조,맑음,단일로 - 기타,승용,남,50세,상해없음,이륜,남,31세,중상
2018121500100278,2018년 12월 15일 12시,토요일,부산광역시 금정구 회동동,경상사고,0,0,1,0,차대차 - 측면충돌,안전거리미확보,건조,맑음,단일로 - 기타,승용,여,29세,상해없음,승용,여,56세,경상
2018121500100314,2018년 12월 15일 13시,토요일,부산광역시 동래구 온천동,중상사고,0,1,0,0,차대차 - 측면충돌,기타,건조,맑음,단일로 - 기타,건설기계,남,39세,상해없음,승용,남,37세,중상
2018121500100315,2018년 12월 15일 13시,토요일,부산광역시 영도구 청학동,경상사고,0,0,1,0,차대차 - 측면충돌,안전운전불이행,건조,맑음,교차로 - 교차로안,승용,남,36세,상해없음,이륜,남,62세,경상
2018121500100316,2018년 12월 15일 13시,토요일,부산광역시 금정구 장전동,경상사고,0,0,2,0,차대차 - 측면충돌,직진우회전진행방해,건조,맑음,교차로 - 교차로안,이륜,남,52세,경상,승용,남,32세,상해없음
2018121500100317,2018년 12월 15일 13시,토요일,부산광역시 금정구 부곡동,부상신고사고,0,0,0,1,차대차 - 추돌,안전운전불이행,건조,맑음,단일로 - 터널,이륜,남,30세,부상신고,승용,남,44세,상해없음
2018121500100403,2018년 12월 15일 15시,토요일,부산광역시 사상구 주례동,중상사고,0,1,0,0,차대차 - 측면충돌,안전운전불이행,건조,맑음,단일로 - 기타,이륜,남,63세,중상,승용,남,61세,상해없음
2018121500100436,2018년 12월 15일 16시,토요일,부산광역시 영도구 동삼동,경상사고,0,0,1,0,차대차 - 측면충돌,안전운전불이행,건조,맑음,기타 - 기타,승용,남,55세,상해없음,승용,여,61세,경상
2018121500100437,2018년 12월 15일 16시,토요일,부산광역시 해운대구 송정동,경상사고,0,0,3,0,차대차 - 측면충돌,교차로운행방법위반,건조,맑음,교차로 - 교차로안,승용,남,77세,상해없음,승용,남,56세,경상
2018121500100515,2018년 12월 15일 18시,토요일,부산광역시 영도구 영선동2가,경상사고,0,0,1,0,차대사람 - 길가장자리구역통행중,안전운전불이행,건조,맑음,기타 - 기타,승용,남,69세,상해없음,보행자,남,62세,경상
2018121500100516,2018년 12월 15일 18시,토요일,부산광역시 부산진구 개금동,경상사고,0,0,2,1,차대차 - 기타,안전운전불이행,건조,맑음,단일로 - 기타,이륜,남,21세,부상신고,승용,남,63세,경상
2018121500100517,2018년 12월 15일 18시,토요일,부산광역시 사하구 다대동,경상사고,0,0,1,0,차대차 - 측면충돌,안전운전불이행,건조,기타,교차로 - 교차로부근,승용,여,27세,상해없음,이륜,남,50세,경상
2018121500100567,2018년 12월 15일 19시,토요일,부산광역시 동래구 안락동,경상사고,0,0,1,0,차대사람 - 횡단중,보행자보호의무위반,건조,맑음,교차로 - 교차로횡단보도내,승용,남,61세,상해없음,보행자,여,65세,경상
2018121500100568,2018년 12월 15일 19시,토요일,부산광역시 부산진구 양정동,경상사고,0,0,1,0,차대차 - 기타,직진우회전진행방해,건조,맑음,교차로 - 교차로안,승용,남,27세,상해없음,이륜,남,36세,경상
2018121500100594,2018년 12월 15일 20시,토요일,부산광역시 연제구 연산동,중상사고,0,1,0,0,차대사람 - 기타,안전운전불이행,건조,맑음,단일로 - 기타,원동기,남,27세,상해없음,보행자,남,62세,중상
2018121500100595,2018년 12월 15일 20시,토요일,부산광역시 사상구 학장동,중상사고,0,1,0,0,차대차 - 측면충돌,중앙선침범,건조,맑음,교차로 - 교차로부근,승용,남,51세,상해없음,이륜,남,18세,중상
2018121500100628,2018년 12월 15일 21시,토요일,부산광역시 남구 문현동,경상사고,0,0,1,0,차대차 - 추돌,안전운전불이행,건조,맑음,단일로 - 기타,승용,남,60세,상해없음,자전거,남,28세,경상
2018121500100629,2018년 12월 15일 21시,토요일,부산광역시 북구 구포동,중상사고,0,1,0,0,차대사람 - 횡단중,안전운전불이행,건조,맑음,단일로 - 기타,승용,남,64세,상해없음,보행자,여,72세,중상
2018121500100681,2018년 12월 15일 23시,토요일,부산광역시 북구 만덕동,경상사고,0,0,1,0,차대차 - 측면충돌,안전운전불이행,건조,맑음,단일로 - 기타,승용,남,56세,상해없음,승용,남,60세,경상
2018121600100023,2018년 12월 16일 01시,일요일,부산광역시 금정구 장전동,중상사고,0,1,0,0,차대사람 - 횡단중,보행자보호의무위반,건조,맑음,교차로 - 교차로안,이륜,남,22세,상해없음,보행자,여,24세,중상
2018121600100024,2018년 12월 16일 01시,일요일,부산광역시 사하구 하단동,경상사고,0,0,1,0,차대차 - 추돌,안전운전불이행,건조,맑음,단일로 - 기타,승용,남,25세,상해없음,승용,남,62세,경상
2018121600100040,2018년 12월 16일 02시,일요일,부산광역시 수영구 남천동,경상사고,0,0,2,0,차대차 - 기타,신호위반,건조,맑음,교차로 - 교차로안,승용,남,56세,상해없음,승용,남,56세,경상
2018121600100076,2018년 12월 16일 05시,일요일,부산광역시 부산진구 전포동,경상사고,0,0,1,0,차대차 - 추돌,안전운전불이행,건조,맑음,교차로 - 교차로부근,승용,남,59세,상해없음,승용,남,42세,경상
2018121600100091,2018년 12월 16일 07시,일요일,부산광역시 강서구 대저2동,중상사고,0,1,0,0,차량단독 - 기타,안전운전불이행,건조,맑음,단일로 - 기타,승용,남,25세,상해없음,,,,
2018121600100107,2018년 12월 16일 09시,일요일,부산광역시 수영구 남천동,중상사고,0,1,0,0,차대차 - 측면충돌,신호위반,건조,맑음,교차로 - 교차로안,승용,남,69세,상해없음,이륜,남,71세,중상
2018121600100134,2018년 12월 16일 11시,일요일,부산광역시 사상구 모라동,경상사고,0,0,3,0,차대차 - 측면충돌,안전운전불이행,젖음/습기,비,교차로 - 교차로안,승용,남,51세,경상,승용,남,67세,경상
2018121600100156,2018년 12월 16일 12시,일요일,부산광역시 사상구 덕포동,부상신고사고,0,0,0,1,차대차 - 기타,안전운전불이행,건조,맑음,단일로 - 기타,승용,남,46세,상해없음,원동기,남,61세,상해없음
2018121600100180,2018년 12월 16일 13시,일요일,부산광역시 서구 동대신동1가,경상사고,0,0,2,0,차대차 - 측면충돌,신호위반,젖음/습기,비,교차로 - 교차로안,승용,여,47세,경상,승용,남,46세,경상
2018121600100181,2018년 12월 16일 13시,일요일,부산광역시 동래구 명장동,경상사고,0,0,1,0,차대차 - 측면충돌,중앙선침범,젖음/습기,맑음,단일로 - 기타,승용,남,45세,상해없음,이륜,남,23세,경상
2018121600100217,2018년 12월 16일 15시,일요일,부산광역시 동구 좌천동,경상사고,0,0,4,0,차대차 - 측면충돌,안전운전불이행,젖음/습기,비,단일로 - 기타,승합,남,40세,상해없음,승용,여,52세,경상
2018121600100218,2018년 12월 16일 15시,일요일,부산광역시 북구 화명동,경상사고,0,0,1,0,차대차 - 측면충돌,안전거리미확보,젖음/습기,비,단일로 - 지하차도(도로)내,승용,남,71세,상해없음,이륜,남,18세,경상