사고번호,사고일시,요일,시군구,사고내용,사망자수,중상자수,경상자수,부상신고자수,사고유형,법규위반,노면상태,기상상태,도로형태,가해운전자 차종,가해운전자 성별,가해운전자 연령,가해운전자 상해정도,피해운전자 차종,피해운전자 성별,피해운전자 연령,피해운전자 상해정도
2018121600100219,2018년 12월 16일 15시,일요일,부산광역시 사하구 당리동,중상사고,0,1,0,0,차대차 - 기타,안전거리미확보,젖음/습기,흐림,교차로 - 교차로부근,승용,남,73세,상해없음,승용,여,50세,중상
2018121600100220,2018년 12월 16일 15시,일요일,부산광역시 연제구 거제동,중상사고,0,1,1,1,차대차 - 정면충돌,중앙선침범,건조,맑음,교차로 - 교차로부근,승용,남,26세,상해없음,승용,여,56세,중상
2018121600100239,2018년 12월 16일 16시,일요일,부산광역시 부산진구 당감동,경상사고,0,0,1,0,차대차 - 추돌,안전운전불이행,건조,맑음,교차로 - 교차로부근,화물,남,56세,상해없음,승용,여,45세,경상
2018121600100265,2018년 12월 16일 17시,일요일,부산광역시 연제구 거제동,중상사고,0,1,1,0,차대차 - 측면충돌,차로위반,건조,맑음,단일로 - 기타,승용,여,61세,상해없음,승용,남,29세,경상
2018121600100294,2018년 12월 16일 18시,일요일,부산광역시 영도구 동삼동,중상사고,0,1,0,0,차대차 - 추돌,안전운전불이행,젖음/습기,비,단일로 - 기타,승용,남,40세,상해없음,이륜,남,51세,중상
2018121600100295,2018년 12월 16일 18시,일요일,부산광역시 부산진구 부전동,부상신고사고,0,0,0,1,차대차 - 기타,안전운전불이행,건조,맑음,단일로 - 기타,이륜,여,26세,부상신고,승용,남,56세,상해없음
2018121600100328,2018년 12월 16일 19시,일요일,부산광역시 남구 대연동,경상사고,0,0,1,0,차대차 - 측면충돌,안전운전불이행,젖음/습기,흐림,교차로 - 교차로안,승용,여,55세,상해없음,이륜,남,44세,경상
2018121600100329,2018년 12월 16일 19시,일요일,부산광역시 부산진구 부전동,경상사고,0,0,1,0,차대차 - 기타,안전운전불이행,건조,맑음,단일로 - 기타,이륜,남,23세,상해없음,승합,남,43세,상해없음
2018121600100330,2018년 12월 16일 19시,일요일,부산광역시 부산진구 부암동,중상사고,0,1,0,0,차대사람 - 횡단중,안전운전불이행,건조,맑음,단일로 - 기타,화물,남,29세,상해없음,보행자,여,70세,중상
2018121600100359,2018년 12월 16일 20시,일요일,부산광역시 금정구 금사동,경상사고,0,0,1,0,차대차 - 측면충돌,직진우회전진행방해,건조,맑음,교차로 - 교차로안,승용,남,66세,상해없음,승용,남,46세,상해없음
2018121600100360,2018년 12월 16일 20시,일요일,부산광역시 강서구 명지동,경상사고,0,0,1,0,차대차 - 기타,안전운전불이행,건조,맑음,기타 - 기타,승용,여,39세,상해없음,이륜,남,35세,경상
2018121600100386,2018년 12월 16일 21시,일요일,부산광역시 서구 서대신동1가,경상사고,0,0,2,0,차대차 - 측면충돌,안전거리미확보,건조,맑음,단일로 - 기타,승용,남,60세,경상,승용,남,29세,경상
2018121600100387,2018년 12월 16일 21시,일요일,부산광역시 수영구 광안동,중상사고,0,1,0,0,차대차 - 측면충돌,교차로운행방법위반,젖음/습기,흐림,교차로 - 교차로횡단보도내,승용,여,43세,상해없음,이륜,남,33세,중상
2018121600100388,2018년 12월 16일 21시,일요일,부산광역시 해운대구 송정동,경상사고,0,0,1,0,차대차 - 기타,안전운전불이행,기타,맑음,단일로 - 기타,승용,남,23세,상해없음,승용,여,27세,경상
2018121600100438,2018년 12월 16일 23시,일요일,부산광역시 동래구 온천동,중상사고,0,1,0,0,차대차 - 측면충돌,안전운전불이행,건조,맑음,단일로 - 기타,승용,남,30세,상해없음,이륜,남,19세,중상
2018121700100024,2018년 12월 17일 02시,월요일,부산광역시 동래구 사직동,부상신고사고,0,0,0,1,차량단독 - 전도전복 - 전도,안전운전불이행,젖음/습기,흐림,단일로 - 기타,이륜,남,23세,부상신고,미분류,미분류,미분류,미분류
2018121700100046,2018년 12월 17일 05시,월요일,부산광역시 남구 감만동,경상사고,0,0,1,0,차대사람 - 기타,안전운전불이행,건조,맑음,교차로 - 교차로안,승용,남,66세,상해없음,보행자,남,50세,경상
2018121700100063,2018년 12월 17일 06시,월요일,부산광역시 금정구 부곡동,중상사고,0,1,0,0,차대사람 - 횡단중,보행자보호의무위반,건조,맑음,교차로 - 교차로안,승용,남,70세,상해없음,보행자,여,46세,중상
2018121700100064,2018년 12월 17일 06시,월요일,부산광역시 금정구 두구동,중상사고,0,1,1,0,차대차 - 측면충돌,안전운전불이행,젖음/습기,맑음,단일로 - 기타,승용,남,58세,중상,화물,남,46세,경상
2018121700100065,2018년 12월 17일 06시,월요일,부산광역시 강서구 천성동,경상사고,0,0,1,0,차량단독 - 공작물충돌,안전운전불이행,서리/결빙,맑음,단일로 - 기타,화물,남,57세,경상,,,,
2018121700100066,2018년 12월 17일 06시,월요일,부산광역시 기장군 정관읍,경상사고,0,0,1,0,차대차 - 측면충돌,직진우회전진행방해,건조,흐림,교차로 - 교차로안,승용,남,66세,상해없음,승용,남,32세,경상
2018121700100103,2018년 12월 17일 07시,월요일,부산광역시 사하구 신평동,경상사고,0,0,1,0,차대차 - 추돌,안전운전불이행,건조,맑음,단일로 - 교량,승용,남,61세,상해없음,승용,남,29세,경상
2018121700100104,2018년 12월 17일 07시,월요일,부산광역시 강서구 범방동,중상사고,0,1,0,0,차대차 - 정면충돌,중앙선침범,젖음/습기,흐림,교차로 - 교차로안,승용,남,58세,상해없음,승용,남,31세,중상
2018121700100105,2018년 12월 17일 07시,월요일,부산광역시 사상구 삼락동,부상신고사고,0,0,0,1,차대차 - 측면충돌,신호위반,건조,맑음,교차로 - 교차로안,자전거,남,55세,부상신고,화물,남,57세,상해없음
2018121700100164,2018년 12월 17일 08시,월요일,부산광역시 부산진구 양정동,경상사고,0,0,2,1,차대차 - 측면충돌,직진우회전진행방해,건조,맑음,교차로 - 교차로안,승용,남,29세,경상,승용,남,29세,부상신고
2018121700100165,2018년 12월 17일 08시,월요일,부산광역시 금정구 남산동,경상사고,0,0,1,0,차대차 - 기타,안전거리미확보,건조,맑음,단일로 - 기타,승용,남,31세,상해없음,승용,남,26세,경상
2018121700100166,2018년 12월 17일 08시,월요일,부산광역시 사상구 덕포동,경상사고,0,0,1,0,차대차 - 측면충돌,안전운전불이행,건조,맑음,교차로 - 교차로안,화물,남,44세,상해없음,승용,여,28세,경상
2018121700100167,2018년 12월 17일 08시,월요일,부산광역시 기장군 정관읍,부상신고사고,0,0,0,1,차대차 - 측면충돌,안전운전불이행,건조,맑음,교차로 - 교차로안,승용,남,55세,상해없음,승용,남,36세,부상신고
2018121700100242,2018년 12월 17일 09시,월요일,부산광역시 서구 토성동3가,중상사고,0,2,0,0,차대차 - 측면충돌,중앙선침범,건조,맑음,교차로 - 교차로부근,이륜,남,18세,중상,화물,남,29세,중상
2018121700100272,2018년 12월 17일 10시,월요일,부산광역시 강서구 범방동,중상사고,0,1,0,0,차량단독 - 기타,안전운전불이행,건조,맑음,단일로 - 기타,승합,남,58세,상해없음,,,,
2018121700100291,2018년 12월 17일 11시,월요일,부산광역시 해운대구 반송동,경상사고,0,0,2,0,차대차 - 추돌,안전운전불이행,건조,맑음,교차로 - 교차로부근,화물,남,27세,상해없음,승용,남,70세,경상
2018121700100292,2018년 12월 17일 11시,월요일,부산광역시 기장군 정관읍,경상사고,0,0,1,0,차대차 - 추돌,안전거리미확보,건조,맑음,단일로 - 기타,건설기계,남,48세,상해없음,건설기계,남,39세,경상
2018121700100322,2018년 12월 17일 12시,월요일,부산광역시 기장군 기장읍,경상사고,0,0,1,0,차대차 - 정면충돌,교차로운행방법위반,건조,맑음,교차로 - 교차로안,승용,여,32세,상해없음,승용,여,54세,경상
2018121700100355,2018년 12월 17일 13시,월요일,부산광역시 동래구 온천동,경상사고,0,0,1,0,차대사람 - 차도통행중,안전운전불이행,건조,맑음,단일로 - 기타,원동기,남,64세,상해없음,보행자,남,53세,경상
2018121700100356,2018년 12월 17일 13시,월요일,부산광역시 부산진구 부전동,부상신고사고,0,0,0,1,차대차 - 측면충돌,교차로운행방법위반,건조,맑음,교차로 - 교차로안,이륜,남,27세,부상신고,승용,남,38세,상해없음
2018121700100388,2018년 12월 17일 14시,월요일,부산광역시 해운대구 반여동,경상사고,0,0,1,0,차대사람 - 기타,안전운전불이행,건조,맑음,교차로 - 교차로부근,승용,여,65세,상해없음,보행자,남,18세,경상
2018121700100389,2018년 12월 17일 14시,월요일,부산광역시 해운대구 반여동,부상신고사고,0,0,0,1,차대차 - 측면충돌,안전운전불이행,건조,맑음,교차로 - 교차로부근,승용,여,33세,상해없음,이륜,남,45세,부상신고
2018121700100390,2018년 12월 17일 14시,월요일,부산광역시 연제구 연산동,경상사고,0,0,2,0,차대차 - 측면충돌,교차로운행방법위반,건조,맑음,교차로 - 교차로안,이륜,남,64세,경상,승용,남,30세,경상
2018121700100424,2018년 12월 17일 15시,월요일,부산광역시 부산진구 범전동,경상사고,0,0,1,1,차대차 - 기타,중앙선침범,건조,맑음,단일로 - 기타,이륜,남,80세,부상신고,이륜,남,52세,경상
2018121700100425,2018년 12월 17일 15시,월요일,부산광역시 강서구 대저2동,경상사고,0,0,3,1,차대차 - 추돌,안전운전불이행,건조,맑음,교차로 - 교차로부근,승용,남,73세,상해없음,승용,남,39세,경상
2018121700100460,2018년 12월 17일 16시,월요일,부산광역시 사하구 괴정동,경상사고,0,0,1,0,차대차 - 측면충돌,안전거리미확보,건조,맑음,단일로 - 기타,승용,남,57세,상해없음,이륜,남,23세,경상
2018121700100461,2018년 12월 17일 16시,월요일,부산광역시 사하구 신평동,경상사고,0,0,2,0,차대차 - 기타,안전운전불이행,건조,맑음,교차로 - 교차로안,화물,남,50세,경상,화물,남,51세,경상
2018121700100497,2018년 12월 17일 17시,월요일,부산광역시 영도구 봉래동3가,경상사고,0,0,1,0,차대차 - 정면충돌,직진우회전진행방해,건조,맑음,교차로 - 교차로안,이륜,남,20세,상해없음,원동기,남,23세,경상
2018121700100498,2018년 12월 17일 17시,월요일,부산광역시 부산진구 부전동,경상사고,0,0,1,0,차대차 - 추돌,안전거리미확보,건조,맑음,단일로 - 기타,승용,남,23세,상해없음,이륜,남,40세,경상
2018121700100499,2018년 12월 17일 17시,월요일,부산광역시 금정구 청룡동,경상사고,0,0,1,0,차대사람 - 기타,안전운전불이행,건조,맑음,단일로 - 기타,화물,남,63세,상해없음,보행자,여,6세,경상
2018121700100546,2018년 12월 17일 18시,월요일,부산광역시 부산진구 양정동,경상사고,0,0,1,0,차대차 - 기타,차로위반,건조,맑음,교차로 - 교차로안,승용,여,45세,상해없음,승용,여,43세,경상
2018121700100547,2018년 12월 17일 18시,월요일,부산광역시 금정구 서동,중상사고,0,1,1,0,차대차 - 기타,신호위반,건조,맑음,교차로 - 교차로안,승합,남,60세,상해없음,승합,남,41세,상해없음
2018121700100548,2018년 12월 17일 18시,월요일,부산광역시 사하구 장림동,경상사고,0,0,3,0,차대차 - 측면충돌,차로위반,건조,맑음,단일로 - 기타,화물,남,56세,상해없음,화물,남,62세,경상
2018121700100549,2018년 12월 17일 18시,월요일,부산광역시 사하구 하단동,중상사고,0,2,1,0,차대차 - 추돌,안전운전불이행,건조,맑음,단일로 - 기타,화물,남,58세,상해없음,승용,남,69세,중상
2018121700100612,2018년 12월 17일 19시,월요일,부산광역시 남구 대연동,중상사고,0,1,1,0,차대차 - 기타,안전거리미확보,건조,맑음,기타 - 기타,승용,남,51세,상해없음,화물,남,38세,중상
2018121700100613,2018년 12월 17일 19시,월요일,부산광역시 동래구 온천동,중상사고,0,1,0,0,차대사람 - 기타,안전운전불이행,건조,맑음,교차로 - 교차로안,이륜,여,39세,상해없음,보행자,여,57세,중상
2018121700100648,2018년 12월 17일 20시,월요일,부산광역시 북구 금곡동,경상사고,0,0,1,0,차대차 - 정면충돌,중앙선침범,건조,맑음,단일로 - 지하차도(도로)내,승용,여,44세,상해없음,승용,남,59세,경상
2018121700100649,2018년 12월 17일 20시,월요일,부산광역시 동래구 사직동,중상사고,0,1,0,0,차대차 - 정면충돌,신호위반,건조,맑음,교차로 - 교차로안,승합,남,59세,상해없음,이륜,남,39세,중상
2018121700100678,2018년 12월 17일 21시,월요일,부산광역시 해운대구 재송동,중상사고,0,1,4,0,차대차 - 추돌,안전운전불이행,건조,맑음,단일로 - 교량,승용,남,36세,상해없음,승용,남,62세,중상
2018121700100679,2018년 12월 17일 21시,월요일,부산광역시 부산진구 전포동,경상사고,0,0,2,0,차대차 - 측면충돌,교차로운행방법위반,건조,맑음,교차로 - 교차로안,승용,남,77세,상해없음,승용,남,48세,경상
2018121700100711,2018년 12월 17일 22시,월요일,부산광역시 사상구 감전동,경상사고,0,0,1,0,차대사람 - 길가장자리구역통행중,안전운전불이행,건조,맑음,단일로 - 기타,승용,남,48세,상해없음,보행자,남,54세,경상
2018121700100735,2018년 12월 17일 23시,월요일,부산광역시 연제구 연산동,중상사고,0,1,0,0,차대사람 - 횡단중,안전운전불이행,건조,맑음,단일로 - 기타,승용,남,65세,상해없음,보행자,남,43세,중상
2018121800100067,2018년 12월 18일 06시,화요일,부산광역시 북구 화명동,중상사고,0,1,0,0,차대차 - 측면충돌,안전운전불이행,건조,맑음,단일로 - 지하차도(도로)내,승용,남,55세,상해없음,이륜,남,47세,중상
2018121800100068,2018년 12월 18일 06시,화요일,부산광역시 연제구 거제동,경상사고,0,0,1,0,차대사람 - 기타,기타,건조,맑음,단일로 - 기타,승합,남,60세,상해없음,보행자,남,66세,경상
2018121800100093,2018년 12월 18일 07시,화요일,부산광역시 해운대구 재송동,경상사고,0,0,1,0,차대사람 - 기타,보행자보호의무위반,건조,맑음,교차로 - 교차로횡단보도내,승용,남,64세,상해없음,보행자,여,64세,경상
2018121800100133,2018년 12월 18일 08시,화요일,부산광역시 동래구 온천동,경상사고,0,0,1,0,차대차 - 추돌,안전운전불이행,건조,맑음,단일로 - 기타,승용,남,46세,상해없음,승용,여,31세,경상
2018121800100134,2018년 12월 18일 08시,화요일,부산광역시 수영구 수영동,중상사고,0,1,0,0,차대사람 - 차도통행중,안전운전불이행,건조,맑음,단일로 - 기타,승용,여,46세,상해없음,보행자,남,73세,중상
2018121800100135,2018년 12월 18일 08시,화요일,부산광역시 강서구 녹산동,중상사고,0,1,0,0,차대차 - 측면충돌,신호위반,건조,맑음,단일로 - 기타,승용,여,26세,상해없음,승용,여,45세,중상
2018121800100136,2018년 12월 18일 08시,화요일,부산광역시 사상구 엄궁동,경상사고,0,0,1,0,차대차 - 측면충돌,교차로운행방법위반,건조,맑음,교차로 - 교차로안,승용,남,59세,상해없음,승용,여,43세,경상
2018121800100189,2018년 12월 18일 09시,화요일,부산광역시 중구 영주동,경상사고,0,0,1,0,차대차 - 추돌,안전운전불이행,건조,맑음,교차로 - 교차로부근,승용,남,66세,상해없음,승용,남,56세,경상
2018121800100252,2018년 12월 18일 11시,화요일,부산광역시 동구 범일동,경상사고,0,0,1,0,차대차 - 측면충돌,안전운전불이행,건조,맑음,단일로 - 기타,이륜,남,59세,상해없음,승용,남,22세,경상
2018121800100275,2018년 12월 18일 12시,화요일,부산광역시 동구 좌천동,중상사고,0,1,0,0,차대차 - 기타,안전운전불이행,건조,맑음,단일로 - 기타,자전거,남,67세,중상,화물,남,38세,상해없음
2018121800100276,2018년 12월 18일 12시,화요일,부산광역시 동구 초량동,중상사고,0,1,0,0,차량단독 - 기타,안전운전불이행,건조,맑음,단일로 - 기타,승합,남,57세,상해없음,,,,
2018121800100277,2018년 12월 18일 12시,화요일,부산광역시 수영구 광안동,부상신고사고,0,0,0,1,차대차 - 측면충돌,교차로운행방법위반,건조,맑음,교차로 - 교차로안,이륜,남,51세,부상신고,승용,남,29세,상해없음
2018121800100334,2018년 12월 18일 14시,화요일,부산광역시 영도구 남항동1가,경상사고,0,0,1,0,차대사람 - 길가장자리구역통행중,안전운전불이행,건조,맑음,단일로 - 기타,승용,남,30세,기타불명,보행자,남,58세,경상
2018121800100335,2018년 12월 18일 14시,화요일,부산광역시 연제구 연산동,중상사고,0,1,1,0,차대차 - 측면충돌,신호위반,건조,맑음,교차로 - 교차로안,승용,여,53세,상해없음,승용,남,60세,경상
2018121800100363,2018년 12월 18일 15시,화요일,부산광역시 부산진구 부전동,중상사고,0,1,0,0,차대사람 - 횡단중,안전운전불이행,건조,맑음,교차로 - 교차로안,승용,남,52세,상해없음,보행자,여,81세,중상
2018121800100397,2018년 12월 18일 16시,화요일,부산광역시 강서구 대저1동,경상사고,0,0,1,0,차대차 - 기타,안전운전불이행,건조,맑음,단일로 - 기타,이륜,남,33세,경상,화물,남,66세,상해없음
2018121800100398,2018년 12월 18일 16시,화요일,부산광역시 사상구 모라동,경상사고,0,0,1,0,차대차 - 기타,안전거리미확보,건조,맑음,교차로 - 교차로안,이륜,남,71세,경상,승용,남,51세,상해없음
2018121800100437,2018년 12월 18일 17시,화요일,부산광역시 중구 부평동3가,경상사고,0,0,1,0,차대차 - 측면충돌,안전거리미확보,건조,맑음,단일로 - 기타,승용,남,61세,상해없음,승용,남,57세,경상
2018121800100438,2018년 12월 18일 17시,화요일,부산광역시 북구 구포동,경상사고,0,0,1,0,차대사람 - 기타,안전운전불이행,건조,맑음,단일로 - 기타,기타불명,기타불명,미분류,기타불명,보행자,여,37세,경상
2018121800100439,2018년 12월 18일 17시,화요일,부산광역시 부산진구 가야동,중상사고,0,1,0,0,차대사람 - 횡단중,신호위반,건조,맑음,단일로 - 기타,화물,남,54세,상해없음,보행자,여,61세,중상
2018121800100481,2018년 12월 18일 18시,화요일,부산광역시 사하구 다대동,경상사고,0,0,1,0,차대차 - 기타,안전운전불이행,건조,맑음,단일로 - 기타,승용,남,60세,상해없음,승용,여,40세,경상
2018121800100482,2018년 12월 18일 18시,화요일,부산광역시 수영구 망미동,경상사고,0,0,1,0,차대차 - 측면충돌,안전거리미확보,건조,맑음,단일로 - 기타,이륜,남,26세,상해없음,이륜,남,20세,경상
2018121800100483,2018년 12월 18일 18시,화요일,부산광역시 연제구 연산동,경상사고,0,0,1,0,차대사람 - 횡단중,안전운전불이행,건조,맑음,교차로 - 교차로횡단보도내,승용,여,37세,상해없음,보행자,여,62세,경상
2018121800100545,2018년 12월 18일 19시,화요일,부산광역시 남구 용호동,중상사고,0,1,0,0,차대사람 - 횡단중,보행자보호의무위반,건조,맑음,교차로 - 교차로횡단보도내,승용,여,59세,상해없음,보행자,여,50세,중상
2018121800100580,2018년 12월 18일 20시,화요일,부산광역시 북구 화명동,경상사고,0,0,1,0,차대차 - 정면충돌,신호위반,건조,맑음,교차로 - 교차로부근,승용,남,59세,상해없음,원동기,남,23세,경상
2018121800100581,2018년 12월 18일 20시,화요일,부산광역시 금정구 부곡동,중상사고,0,1,0,0,차대차 - 정면충돌,중앙선침범,건조,맑음,단일로 - 기타,승용,남,33세,상해없음,승합,남,53세,중상
2018121800100582,2018년 12월 18일 20시,화요일,부산광역시 금정구 부곡동,중상사고,0,1,0,0,차대사람 - 기타,안전운전불이행,건조,맑음,미분류 - 미분류,승용,여,40세,상해없음,보행자,남,71세,중상
2018121800100583,2018년 12월 18일 20시,화요일,부산광역시 연제구 연산동,경상사고,0,0,1,0,차대차 - 측면충돌,안전운전불이행,건조,맑음,교차로 - 교차로부근,승용,남,29세,기타불명,화물,남,49세,경상
2018121800100584,2018년 12월 18일 20시,화요일,부산광역시 사상구 주례동,경상사고,0,0,1,0,차대차 - 기타,안전거리미확보,건조,맑음,단일로 - 기타,승용,여,39세,상해없음,이륜,남,20세,경상
2018121800100608,2018년 12월 18일 21시,화요일,부산광역시 해운대구 우동,경상사고,0,0,1,0,차대차 - 기타,안전거리미확보,건조,맑음,단일로 - 기타,승용,여,43세,상해없음,승용,여,62세,경상
2018121800100609,2018년 12월 18일 21시,화요일,부산광역시 연제구 연산동,경상사고,0,0,2,0,차대사람 - 기타,보행자보호의무위반,건조,맑음,교차로 - 교차로안,승용,여,52세,기타불명,보행자,여,23세,경상
2018121800100663,2018년 12월 18일 23시,화요일,부산광역시 연제구 거제동,경상사고,0,0,1,0,차대차 - 측면충돌,직진우회전진행방해,건조,맑음,교차로 - 교차로안,승용,남,32세,기타불명,승용,남,66세,경상
2018121800100664,2018년 12월 18일 23시,화요일,부산광역시 강서구 죽동동,중상사고,0,1,0,0,차대차 - 기타,안전운전불이행,건조,맑음,교차로 - 교차로부근,화물,남,56세,상해없음,승용,남,60세,중상
2018121800100665,2018년 12월 18일 23시,화요일,부산광역시 기장군 정관읍,경상사고,0,0,1,0,차대차 - 추돌,안전운전불이행,건조,맑음,단일로 - 기타,승용,여,50세,상해없음,승용,남,30세,경상
2018121900100008,2018년 12월 19일 00시,수요일,부산광역시 남구 대연동,경상사고,0,0,5,0,차대차 - 추돌,안전운전불이행,건조,맑음,단일로 - 기타,승용,남,28세,상해없음,승용,남,26세,상해없음
2018121900100023,2018년 12월 19일 01시,수요일,부산광역시 해운대구 재송동,중상사고,0,1,0,0,차대차 - 정면충돌,신호위반,건조,맑음,교차로 - 교차로안,승합,남,68세,상해없음,이륜,남,32세,중상
2018121900100024,2018년 12월 19일 01시,수요일,부산광역시 해운대구 우동,경상사고,0,0,1,0,차대차 - 기타,안전거리미확보,건조,맑음,교차로 - 교차로안,승합,남,26세,기타불명,승용,남,68세,경상
2018121900100032,2018년 12월 19일 03시,수요일,부산광역시 부산진구 당감동,경상사고,0,0,2,0,차대차 - 추돌,안전운전불이행,건조,맑음,단일로 - 기타,승용,남,28세,상해없음,승용,남,54세,경상
2018121900100090,2018년 12월 19일 07시,수요일,부산광역시 강서구 미음동,경상사고,0,0,1,0,차대차 - 추돌,안전운전불이행,건조,맑음,단일로 - 기타,승용,남,64세,상해없음,승용,남,30세,경상
2018121900100128,2018년 12월 19일 08시,수요일,부산광역시 부산진구 양정동,중상사고,0,1,0,0,차대사람 - 기타,신호위반,건조,맑음,단일로 - 기타,승용,남,45세,상해없음,보행자,남,7세,중상
2018121900100168,2018년 12월 19일 09시,수요일,부산광역시 금정구 부곡동,경상사고,0,0,1,0,차대차 - 측면충돌,기타,건조,맑음,교차로 - 교차로안,승용,남,28세,상해없음,승용,여,59세,경상
2018121900100169,2018년 12월 19일 09시,수요일,부산광역시 강서구 봉림동,경상사고,0,0,2,0,차대차 - 측면충돌,안전거리미확보,건조,맑음,단일로 - 기타,승용,여,21세,상해없음,승용,여,37세,경상
2018121900100219,2018년 12월 19일 11시,수요일,부산광역시 부산진구 가야동,경상사고,0,0,1,0,차대사람 - 차도통행중,안전운전불이행,건조,맑음,교차로 - 교차로안,승용,여,36세,상해없음,보행자,여,56세,경상
2018121900100245,2018년 12월 19일 12시,수요일,부산광역시 서구 남부민동,경상사고,0,0,1,0,차대차 - 정면충돌,안전운전불이행,건조,맑음,단일로 - 기타,화물,남,38세,상해없음,자전거,남,69세,경상
2018121900100278,2018년 12월 19일 13시,수요일,부산광역시 금정구 금사동,경상사고,0,0,1,0,차대사람 - 차도통행중,안전운전불이행,건조,맑음,단일로 - 기타,승용,여,36세,상해없음,보행자,남,65세,경상
2018121900100317,2018년 12월 19일 14시,수요일,부산광역시 남구 대연동,경상사고,0,0,1,0,차대차 - 추돌,안전운전불이행,건조,맑음,단일로 - 기타,이륜,남,28세,경상,승용,남,47세,상해없음
2018121900100345,2018년 12월 19일 15시,수요일,부산광역시 부산진구 양정동,경상사고,0,0,1,0,차대차 - 기타,안전운전불이행,건조,맑음,교차로 - 교차로안,승용,남,64세,상해없음,이륜,남,57세,경상
2018121900100373,2018년 12월 19일 16시,수요일,부산광역시 동래구 명장동,중상사고,0,1,2,0,차대차 - 정면충돌,안전운전불이행,건조,맑음,교차로 - 교차로안,승합,남,64세,상해없음,화물,남,58세,경상
2018121900100374,2018년 12월 19일 16시,수요일,부산광역시 해운대구 우동,경상사고,0,0,2,0,차대차 - 기타,기타,기타,맑음,단일로 - 기타,이륜,남,53세,경상,승용,여,63세,경상
2018121900100413,2018년 12월 19일 17시,수요일,부산광역시 해운대구 우동,중상사고,0,1,0,0,차대사람 - 길가장자리구역통행중,안전운전불이행,건조,맑음,단일로 - 기타,화물,남,61세,상해없음,보행자,여,72세,중상
2018121900100414,2018년 12월 19일 17시,수요일,부산광역시 금정구 구서동,경상사고,0,0,1,0,차대차 - 측면충돌,안전거리미확보,건조,맑음,단일로 - 기타,승용,여,23세,상해없음,이륜,남,62세,경상
2018121900100415,2018년 12월 19일 17시,수요일,부산광역시 기장군 기장읍,경상사고,0,0,1,0,차대차 - 기타,교차로운행방법위반,건조,맑음,교차로 - 교차로안,승합,남,58세,상해없음,승용,여,27세,경상
2018121900100470,2018년 12월 19일 18시,수요일,부산광역시 중구 중앙동2가,부상신고사고,0,0,0,1,차대차 - 측면충돌,안전거리미확보,건조,맑음,단일로 - 기타,승용,여,61세,상해없음,승용,남,61세,부상신고
2018121900100471,2018년 12월 19일 18시,수요일,부산광역시 남구 용호동,중상사고,0,1,0,0,차대차 - 측면충돌,교차로운행방법위반,건조,맑음,교차로 - 교차로안,승용,남,45세,상해없음,승용,여,56세,중상
2018121900100472,2018년 12월 19일 18시,수요일,부산광역시 해운대구 우동,경상사고,0,0,5,0,차대차 - 기타,신호위반,건조,맑음,교차로 - 교차로안,승용,남,20세,상해없음,승합,남,57세,경상
2018121900100473,2018년 12월 19일 18시,수요일,부산광역시 부산진구 양정동,경상사고,0,0,1,0,차대차 - 측면충돌,안전운전불이행,건조,맑음,교차로 - 교차로안,화물,남,52세,상해없음,이륜,남,22세,경상
2018121900100474,2018년 12월 19일 18시,수요일,부산광역시 사하구 감천동,경상사고,0,0,1,0,차대차 - 기타,안전거리미확보,건조,맑음,단일로 - 기타,화물,남,59세,상해없음,화물,남,46세,상해없음
2018121900100559,2018년 12월 19일 20시,수요일,부산광역시 해운대구 우동,부상신고사고,0,0,0,1,차대차 - 측면충돌,신호위반,건조,맑음,교차로 - 교차로안,승용,남,20세,상해없음,이륜,남,29세,부상신고
2018121900100560,2018년 12월 19일 20시,수요일,부산광역시 금정구 남산동,중상사고,0,1,0,0,차대차 - 측면충돌,중앙선침범,건조,맑음,단일로 - 기타,승용,남,59세,상해없음,이륜,남,33세,중상
2018121900100582,2018년 12월 19일 21시,수요일,부산광역시 해운대구 반송동,중상사고,0,1,0,0,차대사람 - 횡단중,보행자보호의무위반,건조,맑음,교차로 - 교차로횡단보도내,승용,남,26세,상해없음,보행자,남,71세,중상
2018121900100583,2018년 12월 19일 21시,수요일,부산광역시 부산진구 연지동,경상사고,0,0,1,0,차대차 - 추돌,안전운전불이행,건조,맑음,단일로 - 기타,승용,남,55세,상해없음,승용,남,36세,경상
2018121900100584,2018년 12월 19일 21시,수요일,부산광역시 부산진구 전포동,경상사고,0,0,1,0,차대차 - 기타,안전운전불이행,건조,맑음,단일로 - 기타,승용,남,56세,상해없음,이륜,남,23세,경상
2018121900100615,2018년 12월 19일 22시,수요일,부산광역시 서구 부민동1가,경상사고,0,0,1,0,차대사람 - 횡단중,신호위반,건조,맑음,교차로 - 교차로횡단보도내,기타불명,기타불명,미분류,기타불명,보행자,남,34세,경상
2018121900100637,2018년 12월 19일 23시,수요일,부산광역시 남구 대연동,경상사고,0,0,1,0,차대사람 - 횡단중,보행자보호의무위반,건조,맑음,교차로 - 교차로안,승용,남,40세,상해없음,보행자,남,66세,경상
2018122000100054,2018년 12월 20일 05시,목요일,부산광역시 부산진구 전포동,중상사고,0,1,0,0,차대차 - 정면충돌,중앙선침범,건조,맑음,단일로 - 고가도로위,승용,남,58세,상해없음,특수,남,62세,중상