사고번호,사고일시,요일,시군구,사고내용,사망자수,중상자수,경상자수,부상신고자수,사고유형,법규위반,노면상태,기상상태,도로형태,가해운전자 차종,가해운전자 성별,가해운전자 연령,가해운전자 상해정도,피해운전자 차종,피해운전자 성별,피해운전자 연령,피해운전자 상해정도
2018122300100189,2018년 12월 23일 13시,일요일,부산광역시 금정구 부곡동,경상사고,0,0,1,0,차대차 - 기타,안전운전불이행,건조,맑음,교차로 - 교차로안,승용,남,49세,상해없음,이륜,남,31세,경상
2018122300100215,2018년 12월 23일 14시,일요일,부산광역시 해운대구 중동,경상사고,0,0,1,0,차대사람 - 횡단중,안전운전불이행,건조,맑음,단일로 - 기타,승용,여,57세,상해없음,보행자,여,7세,경상
2018122300100216,2018년 12월 23일 14시,일요일,부산광역시 연제구 연산동,경상사고,0,0,1,0,차대차 - 기타,신호위반,건조,맑음,단일로 - 기타,이륜,남,24세,상해없음,자전거,여,66세,경상
2018122300100242,2018년 12월 23일 15시,일요일,부산광역시 연제구 거제동,경상사고,0,0,1,0,차대차 - 기타,기타,건조,맑음,단일로 - 기타,화물,남,58세,상해없음,자전거,남,53세,경상
2018122300100243,2018년 12월 23일 15시,일요일,부산광역시 사상구 괘법동,경상사고,0,0,1,0,차대차 - 측면충돌,안전운전불이행,건조,맑음,단일로 - 지하차도(도로)내,승용,남,64세,상해없음,승용,남,25세,경상
2018122300100275,2018년 12월 23일 16시,일요일,부산광역시 수영구 광안동,중상사고,0,1,0,0,차대차 - 측면충돌,중앙선침범,건조,맑음,단일로 - 기타,자전거,남,82세,중상,승용,남,63세,상해없음
2018122300100295,2018년 12월 23일 17시,일요일,부산광역시 동래구 사직동,경상사고,0,0,1,0,차대차 - 측면충돌,안전운전불이행,건조,맑음,교차로 - 교차로횡단보도내,자전거,남,12세,경상,승용,여,66세,상해없음
2018122300100296,2018년 12월 23일 17시,일요일,부산광역시 금정구 부곡동,경상사고,0,0,2,0,차대차 - 추돌,안전운전불이행,건조,맑음,단일로 - 기타,승용,남,55세,상해없음,승용,남,73세,상해없음
2018122300100323,2018년 12월 23일 18시,일요일,부산광역시 북구 덕천동,중상사고,0,1,0,0,차대차 - 추돌,안전운전불이행,건조,맑음,단일로 - 기타,승용,남,72세,상해없음,승용,여,44세,중상
2018122300100379,2018년 12월 23일 20시,일요일,부산광역시 금정구 장전동,부상신고사고,0,0,0,1,차대차 - 측면충돌,신호위반,건조,맑음,교차로 - 교차로안,원동기,남,19세,부상신고,승용,여,34세,상해없음
2018122300100400,2018년 12월 23일 21시,일요일,부산광역시 수영구 광안동,경상사고,0,0,1,0,차대차 - 기타,차로위반,건조,맑음,단일로 - 기타,화물,여,57세,상해없음,이륜,남,34세,경상
2018122300100401,2018년 12월 23일 21시,일요일,부산광역시 북구 덕천동,중상사고,0,1,0,0,차대차 - 기타,신호위반,건조,맑음,교차로 - 교차로안,화물,남,48세,상해없음,승용,남,67세,중상
2018122300100434,2018년 12월 23일 23시,일요일,부산광역시 부산진구 부전동,경상사고,0,0,1,0,차대사람 - 기타,안전운전불이행,건조,맑음,단일로 - 기타,승용,남,56세,상해없음,보행자,남,25세,경상
2018122300100435,2018년 12월 23일 23시,일요일,부산광역시 부산진구 개금동,경상사고,0,0,1,0,차대차 - 측면충돌,신호위반,건조,맑음,교차로 - 교차로안,승용,여,20세,상해없음,승용,여,49세,경상
2018122400100024,2018년 12월 24일 03시,월요일,부산광역시 연제구 연산동,사망사고,1,0,0,0,차대사람 - 차도통행중,과속,건조,맑음,단일로 - 기타,승용,남,50세,상해없음,보행자,남,59세,사망
2018122400100048,2018년 12월 24일 06시,월요일,부산광역시 강서구 신호동,경상사고,0,0,3,0,차대차 - 측면충돌,신호위반,건조,맑음,교차로 - 교차로안,승용,남,52세,상해없음,승용,남,47세,경상
2018122400100072,2018년 12월 24일 07시,월요일,부산광역시 북구 금곡동,경상사고,0,0,2,0,차대차 - 측면충돌,안전거리미확보,건조,맑음,단일로 - 지하차도(도로)내,승합,남,42세,상해없음,승용,남,33세,경상
2018122400100073,2018년 12월 24일 07시,월요일,부산광역시 강서구 명지동,경상사고,0,0,1,0,차대차 - 측면충돌,차로위반,건조,맑음,단일로 - 교량,승용,남,66세,상해없음,승용,남,20세,경상
2018122400100074,2018년 12월 24일 07시,월요일,부산광역시 사상구 감전동,중상사고,0,1,2,0,차대차 - 측면충돌,안전거리미확보,건조,맑음,단일로 - 기타,특수,남,55세,상해없음,승용,여,56세,경상
2018122400100134,2018년 12월 24일 09시,월요일,부산광역시 서구 아미동2가,경상사고,0,0,1,0,차대차 - 측면충돌,안전운전불이행,건조,맑음,단일로 - 기타,승용,남,59세,상해없음,자전거,여,62세,경상
2018122400100135,2018년 12월 24일 09시,월요일,부산광역시 사하구 다대동,경상사고,0,0,2,0,차대차 - 기타,안전운전불이행,건조,맑음,기타 - 기타,승용,여,66세,상해없음,승용,남,42세,경상
2018122400100163,2018년 12월 24일 10시,월요일,부산광역시 금정구 서동,중상사고,0,1,0,0,차대사람 - 기타,안전운전불이행,건조,맑음,교차로 - 교차로부근,승용,여,36세,상해없음,보행자,여,65세,중상
2018122400100199,2018년 12월 24일 11시,월요일,부산광역시 동래구 온천동,경상사고,0,0,2,0,차대차 - 추돌,안전운전불이행,건조,맑음,교차로 - 교차로안,건설기계,남,68세,상해없음,승용,남,40세,경상
2018122400100200,2018년 12월 24일 11시,월요일,부산광역시 영도구 영선동2가,경상사고,0,0,1,0,차대차 - 측면충돌,안전운전불이행,건조,맑음,단일로 - 기타,승용,여,44세,상해없음,원동기,남,19세,경상
2018122400100230,2018년 12월 24일 12시,월요일,부산광역시 사하구 하단동,경상사고,0,0,1,0,차대차 - 기타,안전거리미확보,건조,맑음,단일로 - 기타,화물,남,54세,상해없음,승용,남,48세,경상
2018122400100269,2018년 12월 24일 13시,월요일,부산광역시 수영구 광안동,경상사고,0,0,1,0,차대차 - 추돌,안전운전불이행,건조,맑음,단일로 - 기타,승용,여,44세,상해없음,승용,남,51세,경상
2018122400100270,2018년 12월 24일 13시,월요일,부산광역시 영도구 청학동,경상사고,0,0,1,0,차대차 - 측면충돌,교차로운행방법위반,건조,맑음,교차로 - 교차로부근,승용,여,50세,상해없음,이륜,남,64세,경상
2018122400100271,2018년 12월 24일 13시,월요일,부산광역시 금정구 부곡동,중상사고,0,1,0,0,차대차 - 측면충돌,중앙선침범,건조,맑음,단일로 - 기타,승합,남,58세,상해없음,이륜,남,47세,중상
2018122400100272,2018년 12월 24일 13시,월요일,부산광역시 사상구 모라동,중상사고,0,1,0,0,차대차 - 측면충돌,안전거리미확보,건조,맑음,교차로 - 교차로안,화물,남,35세,상해없음,승용,여,41세,중상
2018122400100303,2018년 12월 24일 14시,월요일,부산광역시 수영구 광안동,경상사고,0,0,1,0,차대차 - 기타,안전운전불이행,건조,맑음,단일로 - 기타,승용,남,71세,상해없음,승용,남,34세,경상
2018122400100304,2018년 12월 24일 14시,월요일,부산광역시 사하구 감천동,경상사고,0,0,2,0,차대차 - 측면충돌,안전거리미확보,건조,맑음,단일로 - 기타,승합,남,53세,상해없음,승용,남,54세,경상
2018122400100342,2018년 12월 24일 15시,월요일,부산광역시 사하구 괴정동,경상사고,0,0,5,0,차대차 - 기타,교차로운행방법위반,건조,맑음,교차로 - 교차로안,특수,남,30세,상해없음,승용,남,70세,경상
2018122400100373,2018년 12월 24일 16시,월요일,부산광역시 남구 대연동,경상사고,0,0,1,0,차대차 - 측면충돌,안전거리미확보,건조,맑음,단일로 - 기타,승용,남,42세,상해없음,이륜,남,47세,경상
2018122400100374,2018년 12월 24일 16시,월요일,부산광역시 해운대구 우동,경상사고,0,0,4,0,차대차 - 측면충돌,안전거리미확보,건조,맑음,단일로 - 교량,승용,남,59세,상해없음,승용,남,28세,경상
2018122400100408,2018년 12월 24일 17시,월요일,부산광역시 동래구 사직동,중상사고,0,1,0,0,차대사람 - 기타,안전운전불이행,건조,맑음,단일로 - 기타,승용,남,60세,상해없음,보행자,남,46세,중상
2018122400100449,2018년 12월 24일 18시,월요일,부산광역시 남구 대연동,중상사고,0,1,0,0,차대차 - 기타,안전운전불이행,건조,맑음,교차로 - 교차로안,승용,여,60세,상해없음,승용,남,24세,중상
2018122400100450,2018년 12월 24일 18시,월요일,부산광역시 사하구 감천동,경상사고,0,0,1,0,차대사람 - 기타,보행자보호의무위반,건조,맑음,교차로 - 교차로부근,승용,남,78세,상해없음,보행자,여,38세,경상
2018122400100451,2018년 12월 24일 18시,월요일,부산광역시 기장군 기장읍,경상사고,0,0,1,0,차대차 - 측면충돌,직진우회전진행방해,건조,맑음,교차로 - 교차로안,승용,남,37세,상해없음,이륜,남,33세,경상
2018122400100567,2018년 12월 24일 20시,월요일,부산광역시 동래구 수안동,경상사고,0,0,1,0,차대차 - 측면충돌,교차로운행방법위반,건조,맑음,교차로 - 교차로안,이륜,남,19세,경상,승용,남,29세,상해없음
2018122400100568,2018년 12월 24일 20시,월요일,부산광역시 해운대구 반여동,경상사고,0,0,1,0,차대차 - 측면충돌,안전운전불이행,건조,맑음,단일로 - 기타,승용,남,26세,상해없음,승용,남,44세,상해없음
2018122400100569,2018년 12월 24일 20시,월요일,부산광역시 연제구 연산동,경상사고,0,0,1,0,차대사람 - 길가장자리구역통행중,안전운전불이행,건조,맑음,단일로 - 기타,이륜,남,38세,상해없음,보행자,남,42세,경상
2018122400100620,2018년 12월 24일 22시,월요일,부산광역시 수영구 남천동,경상사고,0,0,1,0,차대차 - 측면충돌,교차로운행방법위반,건조,맑음,교차로 - 교차로안,이륜,남,18세,경상,승용,여,42세,상해없음
2018122500100020,2018년 12월 25일 01시,화요일,부산광역시 해운대구 재송동,중상사고,0,1,0,0,차대차 - 측면충돌,기타,건조,맑음,교차로 - 교차로안,승용,남,29세,상해없음,이륜,남,48세,중상
2018122500100021,2018년 12월 25일 01시,화요일,부산광역시 부산진구 부전동,경상사고,0,0,1,0,차대사람 - 기타,안전운전불이행,건조,맑음,단일로 - 기타,승용,남,23세,상해없음,보행자,남,38세,경상
2018122500100036,2018년 12월 25일 02시,화요일,부산광역시 부산진구 범천동,중상사고,0,2,0,0,차대차 - 기타,신호위반,건조,맑음,교차로 - 교차로안,이륜,남,37세,상해없음,승용,남,47세,중상
2018122500100037,2018년 12월 25일 02시,화요일,부산광역시 부산진구 당감동,중상사고,0,1,1,0,차대차 - 추돌,안전운전불이행,건조,맑음,교차로 - 교차로부근,화물,남,53세,상해없음,승용,남,62세,경상
2018122500100050,2018년 12월 25일 03시,화요일,부산광역시 서구 동대신동2가,경상사고,0,0,1,0,차대사람 - 횡단중,신호위반,건조,맑음,교차로 - 교차로횡단보도내,승용,남,28세,상해없음,보행자,남,27세,경상
2018122500100051,2018년 12월 25일 03시,화요일,부산광역시 부산진구 부전동,경상사고,0,0,1,0,차대사람 - 차도통행중,안전운전불이행,건조,맑음,단일로 - 기타,승용,남,23세,상해없음,보행자,남,23세,경상
2018122500100059,2018년 12월 25일 04시,화요일,부산광역시 금정구 장전동,경상사고,0,0,1,0,차대차 - 측면충돌,신호위반,건조,맑음,교차로 - 교차로안,승용,남,31세,상해없음,승용,남,41세,경상
2018122500100087,2018년 12월 25일 07시,화요일,부산광역시 부산진구 부암동,중상사고,0,1,0,0,차대사람 - 횡단중,보행자보호의무위반,건조,맑음,교차로 - 교차로횡단보도내,승용,남,68세,상해없음,보행자,남,72세,중상
2018122500100113,2018년 12월 25일 10시,화요일,부산광역시 해운대구 좌동,부상신고사고,0,0,0,1,차대사람 - 횡단중,안전운전불이행,건조,맑음,단일로 - 기타,기타불명,기타불명,미분류,기타불명,보행자,남,81세,부상신고
2018122500100114,2018년 12월 25일 10시,화요일,부산광역시 연제구 연산동,경상사고,0,0,1,0,차대사람 - 차도통행중,안전운전불이행,건조,맑음,교차로 - 교차로부근,승용,남,37세,상해없음,보행자,남,57세,경상
2018122500100126,2018년 12월 25일 11시,화요일,부산광역시 동구 초량동,중상사고,0,1,0,0,차대차 - 측면충돌,신호위반,건조,맑음,교차로 - 교차로부근,승용,남,71세,상해없음,원동기,남,34세,중상
2018122500100127,2018년 12월 25일 11시,화요일,부산광역시 기장군 장안읍,중상사고,0,2,2,0,차대차 - 측면충돌,안전운전불이행,건조,맑음,단일로 - 기타,화물,남,53세,상해없음,승용,남,48세,중상
2018122500100142,2018년 12월 25일 12시,화요일,부산광역시 부산진구 개금동,중상사고,0,1,0,0,차대사람 - 횡단중,안전운전불이행,건조,맑음,단일로 - 기타,화물,남,62세,상해없음,보행자,여,80세,중상
2018122500100178,2018년 12월 25일 14시,화요일,부산광역시 사상구 괘법동,부상신고사고,0,0,0,1,차대차 - 측면충돌,안전운전불이행,건조,맑음,교차로 - 교차로안,화물,남,49세,상해없음,자전거,남,55세,부상신고
2018122500100223,2018년 12월 25일 16시,화요일,부산광역시 부산진구 전포동,부상신고사고,0,0,0,2,차대차 - 기타,안전운전불이행,건조,맑음,단일로 - 기타,이륜,남,65세,부상신고,이륜,남,44세,부상신고
2018122500100224,2018년 12월 25일 16시,화요일,부산광역시 사상구 모라동,경상사고,0,0,1,0,차대차 - 측면충돌,차로위반,건조,맑음,단일로 - 지하차도(도로)내,이륜,남,72세,경상,승용,남,56세,상해없음
2018122500100243,2018년 12월 25일 17시,화요일,부산광역시 기장군 일광면,중상사고,0,2,0,0,차대차 - 측면충돌,교차로운행방법위반,건조,맑음,교차로 - 교차로안,승용,남,34세,상해없음,승용,여,41세,중상
2018122500100279,2018년 12월 25일 18시,화요일,부산광역시 동래구 온천동,중상사고,0,1,0,0,차대차 - 기타,안전운전불이행,건조,맑음,단일로 - 기타,이륜,남,21세,상해없음,이륜,남,37세,중상
2018122500100280,2018년 12월 25일 18시,화요일,부산광역시 해운대구 우동,중상사고,0,1,0,0,차대사람 - 기타,안전운전불이행,건조,맑음,단일로 - 기타,승합,남,65세,상해없음,보행자,남,84세,중상
2018122500100281,2018년 12월 25일 18시,화요일,부산광역시 해운대구 좌동,경상사고,0,0,1,0,차대차 - 기타,차로위반,건조,맑음,교차로 - 교차로부근,승용,남,56세,상해없음,승용,남,27세,경상
2018122500100282,2018년 12월 25일 18시,화요일,부산광역시 부산진구 당감동,경상사고,0,0,1,0,차대차 - 기타,안전거리미확보,건조,맑음,교차로 - 교차로안,승용,남,35세,상해없음,승용,여,50세,경상
2018122500100283,2018년 12월 25일 18시,화요일,부산광역시 부산진구 전포동,경상사고,0,0,1,0,차대차 - 측면충돌,안전운전불이행,건조,맑음,단일로 - 고가도로위,승용,남,70세,상해없음,특수,남,44세,경상
2018122500100345,2018년 12월 25일 20시,화요일,부산광역시 북구 화명동,부상신고사고,0,0,0,1,차대차 - 기타,안전운전불이행,건조,맑음,교차로 - 교차로안,이륜,남,52세,부상신고,승용,여,30세,상해없음
2018122500100346,2018년 12월 25일 20시,화요일,부산광역시 동래구 온천동,경상사고,0,0,1,0,차대사람 - 횡단중,안전운전불이행,건조,맑음,단일로 - 기타,이륜,남,19세,상해없음,보행자,여,51세,경상
2018122500100347,2018년 12월 25일 20시,화요일,부산광역시 기장군 기장읍,경상사고,0,0,2,0,차대차 - 기타,신호위반,건조,맑음,교차로 - 교차로안,승용,남,24세,상해없음,승용,남,71세,경상
2018122500100371,2018년 12월 25일 21시,화요일,부산광역시 부산진구 범전동,중상사고,0,1,1,0,차대차 - 추돌,안전운전불이행,건조,맑음,단일로 - 기타,승용,남,32세,상해없음,승용,남,30세,중상
2018122500100396,2018년 12월 25일 22시,화요일,부산광역시 동래구 온천동,중상사고,0,1,1,0,차대차 - 측면충돌,안전운전불이행,건조,맑음,단일로 - 기타,이륜,남,17세,상해없음,승용,여,57세,경상
2018122500100397,2018년 12월 25일 22시,화요일,부산광역시 부산진구 개금동,부상신고사고,0,0,0,1,차대차 - 측면충돌,안전운전불이행,건조,맑음,단일로 - 기타,승용,남,24세,상해없음,이륜,남,18세,부상신고
2018122600100005,2018년 12월 26일 00시,수요일,부산광역시 남구 용호동,경상사고,0,0,1,0,차대차 - 추돌,안전운전불이행,건조,맑음,교차로 - 교차로부근,이륜,남,27세,상해없음,승용,남,63세,경상
2018122600100057,2018년 12월 26일 06시,수요일,부산광역시 사하구 감천동,경상사고,0,0,1,0,차대차 - 기타,안전운전불이행,건조,맑음,교차로 - 교차로안,건설기계,남,58세,상해없음,승용,남,54세,경상
2018122600100090,2018년 12월 26일 08시,수요일,부산광역시 중구 대청동4가,경상사고,0,0,1,0,차대사람 - 횡단중,안전운전불이행,건조,맑음,단일로 - 기타,이륜,남,42세,상해없음,보행자,남,9세,경상
2018122600100091,2018년 12월 26일 08시,수요일,부산광역시 동래구 안락동,경상사고,0,0,1,0,차대차 - 측면충돌,교차로운행방법위반,건조,맑음,교차로 - 교차로안,원동기,남,77세,경상,승용,남,38세,상해없음
2018122600100123,2018년 12월 26일 09시,수요일,부산광역시 금정구 장전동,경상사고,0,0,1,0,차대사람 - 기타,보행자보호의무위반,건조,맑음,교차로 - 교차로횡단보도내,승용,남,70세,상해없음,보행자,남,17세,경상
2018122600100144,2018년 12월 26일 10시,수요일,부산광역시 금정구 부곡동,중상사고,0,1,0,0,차대사람 - 기타,기타,건조,맑음,단일로 - 기타,특수,남,61세,상해없음,보행자,남,60세,중상
2018122600100172,2018년 12월 26일 11시,수요일,부산광역시 중구 남포동6가,중상사고,0,1,0,0,차대차 - 추돌,안전거리미확보,건조,맑음,교차로 - 교차로부근,승용,남,58세,상해없음,건설기계,남,64세,상해없음
2018122600100173,2018년 12월 26일 11시,수요일,부산광역시 중구 신창동4가,중상사고,0,1,0,0,차대사람 - 차도통행중,안전운전불이행,건조,맑음,기타 - 기타,화물,남,47세,상해없음,보행자,여,59세,중상
2018122600100174,2018년 12월 26일 11시,수요일,부산광역시 북구 만덕동,경상사고,0,0,2,0,차대차 - 기타,안전거리미확보,건조,맑음,단일로 - 기타,건설기계,남,59세,상해없음,승용,여,39세,경상
2018122600100211,2018년 12월 26일 12시,수요일,부산광역시 부산진구 범천동,경상사고,0,0,1,0,차대사람 - 보도통행중,보행자보호의무위반,건조,맑음,단일로 - 기타,승용,남,54세,상해없음,보행자,남,62세,경상
2018122600100278,2018년 12월 26일 14시,수요일,부산광역시 남구 대연동,부상신고사고,0,0,0,1,차대사람 - 길가장자리구역통행중,안전운전불이행,건조,맑음,단일로 - 기타,승용,남,72세,상해없음,보행자,남,68세,부상신고
2018122600100279,2018년 12월 26일 14시,수요일,부산광역시 금정구 부곡동,경상사고,0,0,1,0,차대사람 - 길가장자리구역통행중,안전운전불이행,건조,맑음,교차로 - 교차로안,건설기계,남,46세,상해없음,보행자,여,65세,경상
2018122600100280,2018년 12월 26일 14시,수요일,부산광역시 연제구 연산동,중상사고,0,1,0,0,차대차 - 측면충돌,기타,건조,맑음,단일로 - 기타,승용,남,65세,상해없음,이륜,남,28세,상해없음
2018122600100281,2018년 12월 26일 14시,수요일,부산광역시 사상구 모라동,경상사고,0,0,1,0,차대사람 - 기타,보행자보호의무위반,건조,맑음,단일로 - 기타,승용,여,54세,상해없음,보행자,여,11세,경상
2018122600100282,2018년 12월 26일 14시,수요일,부산광역시 기장군 철마면,경상사고,0,0,3,0,차대차 - 측면충돌,교차로운행방법위반,건조,맑음,교차로 - 교차로안,승용,여,44세,경상,화물,남,62세,경상
2018122600100317,2018년 12월 26일 15시,수요일,부산광역시 금정구 장전동,중상사고,0,1,0,0,차대차 - 측면충돌,안전운전불이행,건조,맑음,교차로 - 교차로안,화물,남,49세,상해없음,승용,남,39세,중상
2018122600100349,2018년 12월 26일 16시,수요일,부산광역시 중구 대청동1가,중상사고,0,1,0,0,차대차 - 측면충돌,안전운전불이행,건조,맑음,기타 - 기타,승용,여,38세,상해없음,이륜,남,25세,중상
2018122600100350,2018년 12월 26일 16시,수요일,부산광역시 남구 문현동,부상신고사고,0,0,0,1,차대차 - 추돌,안전운전불이행,건조,맑음,단일로 - 기타,기타불명,기타불명,미분류,기타불명,승용,남,64세,부상신고
2018122600100385,2018년 12월 26일 17시,수요일,부산광역시 동구 수정동,경상사고,0,0,1,1,차대사람 - 횡단중,안전운전불이행,건조,맑음,단일로 - 기타,이륜,남,23세,부상신고,보행자,여,63세,경상
2018122600100386,2018년 12월 26일 17시,수요일,부산광역시 사하구 감천동,경상사고,0,0,1,0,차대사람 - 횡단중,보행자보호의무위반,건조,맑음,단일로 - 기타,승용,여,42세,상해없음,보행자,여,58세,경상
2018122600100422,2018년 12월 26일 18시,수요일,부산광역시 남구 대연동,경상사고,0,0,1,0,차대차 - 측면충돌,교차로운행방법위반,건조,맑음,교차로 - 교차로안,승합,남,73세,상해없음,이륜,남,23세,경상
2018122600100423,2018년 12월 26일 18시,수요일,부산광역시 사하구 신평동,경상사고,0,0,1,0,차대차 - 측면충돌,신호위반,건조,맑음,교차로 - 교차로안,승용,여,39세,상해없음,승용,여,57세,경상
2018122600100424,2018년 12월 26일 18시,수요일,부산광역시 강서구 대저1동,경상사고,0,0,1,0,차대차 - 측면충돌,안전거리미확보,건조,맑음,단일로 - 기타,승용,남,40세,상해없음,승용,남,50세,경상
2018122600100469,2018년 12월 26일 19시,수요일,부산광역시 수영구 민락동,경상사고,0,0,1,0,차대차 - 기타,기타,건조,맑음,단일로 - 기타,승용,여,34세,상해없음,자전거,남,14세,경상
2018122600100534,2018년 12월 26일 21시,수요일,부산광역시 서구 남부민동,중상사고,0,1,0,0,차대차 - 측면충돌,안전운전불이행,건조,맑음,단일로 - 기타,승용,여,33세,상해없음,이륜,남,24세,중상
2018122600100535,2018년 12월 26일 21시,수요일,부산광역시 수영구 광안동,부상신고사고,0,0,0,1,차대차 - 측면충돌,안전거리미확보,건조,맑음,교차로 - 교차로부근,승용,남,20세,상해없음,승합,남,57세,부상신고
2018122600100536,2018년 12월 26일 21시,수요일,부산광역시 수영구 남천동,중상사고,0,2,1,0,차대차 - 추돌,차로위반,건조,맑음,단일로 - 기타,승용,남,33세,중상,승용,남,57세,경상
2018122600100584,2018년 12월 26일 23시,수요일,부산광역시 중구 중앙동4가,부상신고사고,0,0,0,1,차량단독 - 공작물충돌,안전운전불이행,건조,맑음,교차로 - 교차로안,승용,남,34세,부상신고,,,,
2018122600100585,2018년 12월 26일 23시,수요일,부산광역시 강서구 명지동,경상사고,0,0,3,0,차대차 - 추돌,안전운전불이행,건조,맑음,단일로 - 기타,승용,남,66세,상해없음,승용,남,57세,상해없음
2018122700100006,2018년 12월 27일 00시,목요일,부산광역시 사하구 감천동,부상신고사고,0,0,0,1,차대차 - 측면충돌,신호위반,건조,맑음,교차로 - 교차로안,이륜,남,16세,부상신고,승용,남,48세,상해없음
2018122700100080,2018년 12월 27일 06시,목요일,부산광역시 서구 충무동1가,중상사고,0,1,0,0,차대차 - 측면충돌,안전운전불이행,건조,맑음,단일로 - 기타,화물,남,52세,상해없음,이륜,남,75세,중상
2018122700100081,2018년 12월 27일 06시,목요일,부산광역시 동래구 명장동,경상사고,0,0,1,0,차대사람 - 기타,안전운전불이행,건조,맑음,교차로 - 교차로안,승용,남,33세,상해없음,보행자,남,25세,경상
2018122700100116,2018년 12월 27일 08시,목요일,부산광역시 남구 용호동,중상사고,0,1,2,0,차대차 - 정면충돌,중앙선침범,건조,맑음,단일로 - 교량,승용,남,54세,경상,승용,남,62세,중상
2018122700100117,2018년 12월 27일 08시,목요일,부산광역시 동래구 안락동,경상사고,0,0,1,0,차대차 - 측면충돌,교차로운행방법위반,건조,맑음,단일로 - 기타,승용,여,44세,상해없음,화물,남,66세,경상
2018122700100143,2018년 12월 27일 09시,목요일,부산광역시 서구 동대신동3가,경상사고,0,0,1,0,차량단독 - 기타,기타,건조,맑음,교차로 - 교차로안,승용,남,58세,상해없음,,,,
2018122700100178,2018년 12월 27일 10시,목요일,부산광역시 서구 부민동2가,경상사고,0,0,2,0,차대차 - 측면충돌,직진우회전진행방해,건조,맑음,교차로 - 교차로안,승용,여,61세,상해없음,승용,남,74세,경상
2018122700100179,2018년 12월 27일 10시,목요일,부산광역시 동래구 사직동,중상사고,0,1,0,0,차대사람 - 횡단중,안전운전불이행,건조,맑음,단일로 - 기타,승용,여,29세,상해없음,보행자,여,67세,중상
2018122700100180,2018년 12월 27일 10시,목요일,부산광역시 영도구 영선동2가,중상사고,0,1,0,0,차대사람 - 보도통행중,보행자보호의무위반,건조,맑음,교차로 - 교차로횡단보도내,승합,남,30세,상해없음,보행자,남,80세,중상
2018122700100224,2018년 12월 27일 12시,목요일,부산광역시 사상구 학장동,부상신고사고,0,0,0,1,차대사람 - 횡단중,안전운전불이행,건조,맑음,기타 - 기타,화물,남,50세,상해없음,보행자,여,79세,부상신고
2018122700100225,2018년 12월 27일 12시,목요일,부산광역시 사상구 감전동,경상사고,0,0,1,0,차대사람 - 횡단중,안전운전불이행,건조,맑음,단일로 - 기타,이륜,남,29세,상해없음,보행자,여,36세,경상
2018122700100226,2018년 12월 27일 12시,목요일,부산광역시 사상구 감전동,경상사고,0,0,2,0,차대차 - 측면충돌,교차로운행방법위반,건조,맑음,교차로 - 교차로안,화물,남,51세,상해없음,승용,남,51세,경상
2018122700100255,2018년 12월 27일 13시,목요일,부산광역시 사하구 괴정동,중상사고,0,1,0,0,차대사람 - 차도통행중,안전운전불이행,건조,맑음,단일로 - 기타,화물,남,40세,상해없음,보행자,여,80세,중상
2018122700100280,2018년 12월 27일 14시,목요일,부산광역시 영도구 청학동,중상사고,0,1,1,0,차대사람 - 보도통행중,보행자보호의무위반,건조,맑음,교차로 - 교차로횡단보도내,화물,남,50세,상해없음,보행자,남,55세,중상
2018122700100281,2018년 12월 27일 14시,목요일,부산광역시 해운대구 반여동,경상사고,0,0,2,0,차대차 - 측면충돌,신호위반,건조,맑음,교차로 - 교차로부근,화물,남,24세,상해없음,승용,남,59세,상해없음
2018122700100314,2018년 12월 27일 15시,목요일,부산광역시 남구 문현동,부상신고사고,0,0,0,1,차대사람 - 기타,보행자보호의무위반,건조,맑음,단일로 - 기타,화물,남,63세,상해없음,보행자,남,11세,부상신고
2018122700100340,2018년 12월 27일 16시,목요일,부산광역시 부산진구 당감동,경상사고,0,0,1,0,차대차 - 기타,안전거리미확보,건조,맑음,단일로 - 기타,특수,남,74세,상해없음,승용,여,31세,경상
2018122700100382,2018년 12월 27일 17시,목요일,부산광역시 남구 대연동,경상사고,0,0,1,0,차대사람 - 기타,안전운전불이행,건조,맑음,단일로 - 기타,승용,남,49세,상해없음,보행자,여,50세,경상
2018122700100383,2018년 12월 27일 17시,목요일,부산광역시 부산진구 당감동,경상사고,0,0,1,0,차대사람 - 기타,안전운전불이행,건조,맑음,단일로 - 기타,승용,남,44세,상해없음,보행자,남,70세,경상
2018122700100384,2018년 12월 27일 17시,목요일,부산광역시 금정구 구서동,중상사고,0,1,0,0,차대차 - 기타,신호위반,건조,맑음,교차로 - 교차로안,승용,남,38세,상해없음,자전거,남,65세,중상
2018122700100385,2018년 12월 27일 17시,목요일,부산광역시 강서구 대저1동,경상사고,0,0,3,1,차대차 - 기타,안전운전불이행,건조,맑음,단일로 - 기타,화물,남,49세,부상신고,승용,남,32세,경상
2018122700100427,2018년 12월 27일 18시,목요일,부산광역시 사하구 장림동,중상사고,0,1,2,0,차대차 - 기타,안전운전불이행,건조,기타,단일로 - 기타,승용,여,55세,상해없음,승용,남,58세,경상
2018122700100491,2018년 12월 27일 19시,목요일,부산광역시 남구 용호동,경상사고,0,0,1,0,차대사람 - 기타,안전운전불이행,건조,맑음,단일로 - 기타,승용,여,39세,상해없음,보행자,여,59세,경상